Revenda;CNPJ da Revenda;Bairro;Produto;Data da Coleta;Valor de Venda;Bandeira
AUTO POSTO MAR AZUL LTDA;04701795000116;SOLEDADE;DIESEL S10;03/09/2024;6,26;RAIZEN
AUTO POSTO MAR AZUL LTDA;04701795000116;SOLEDADE;DIESEL S10;06/08/2024;6,26;RAIZEN
AUTO POSTO MAR AZUL LTDA;04701795000116;SOLEDADE;DIESEL S10;07/10/2024;6,22;RAIZEN
AUTO POSTO MAR AZUL LTDA;04701795000116;SOLEDADE;DIESEL S10;09/07/2024;6,16;RAIZEN
AUTO POSTO MAR AZUL LTDA;04701795000116;SOLEDADE;DIESEL S10;09/09/2024;6,26;RAIZEN
AUTO POSTO MAR AZUL LTDA;04701795000116;SOLEDADE;DIESEL S10;12/08/2024;6,26;RAIZEN
AUTO POSTO MAR AZUL LTDA;04701795000116;SOLEDADE;DIESEL S10;15/10/2024;6,22;RAIZEN
AUTO POSTO MAR AZUL LTDA;04701795000116;SOLEDADE;DIESEL S10;16/07/2024;6,16;RAIZEN
AUTO POSTO MAR AZUL LTDA;04701795000116;SOLEDADE;DIESEL S10;17/09/2024;6,26;RAIZEN
AUTO POSTO MAR AZUL LTDA;04701795000116;SOLEDADE;DIESEL S10;19/08/2024;6,26;RAIZEN
AUTO POSTO MAR AZUL LTDA;04701795000116;SOLEDADE;DIESEL S10;21/10/2024;6,19;RAIZEN
AUTO POSTO MAR AZUL LTDA;04701795000116;SOLEDADE;DIESEL S10;22/07/2024;6,16;RAIZEN
AUTO POSTO MAR AZUL LTDA;04701795000116;SOLEDADE;DIESEL S10;24/09/2024;6,26;RAIZEN
AUTO POSTO MAR AZUL LTDA;04701795000116;SOLEDADE;DIESEL S10;26/08/2024;6,26;RAIZEN
AUTO POSTO MAR AZUL LTDA;04701795000116;SOLEDADE;DIESEL S10;28/10/2024;6,19;RAIZEN
AUTO POSTO MAR AZUL LTDA;04701795000116;SOLEDADE;DIESEL S10;29/07/2024;6,26;RAIZEN
AUTO POSTO MAR AZUL LTDA;04701795000116;SOLEDADE;DIESEL S10;30/09/2024;6,26;RAIZEN
AUTO POSTO MAR AZUL LTDA;04701795000116;SOLEDADE;ETANOL;03/09/2024;4,89;RAIZEN
AUTO POSTO MAR AZUL LTDA;04701795000116;SOLEDADE;ETANOL;06/08/2024;4,89;RAIZEN
AUTO POSTO MAR AZUL LTDA;04701795000116;SOLEDADE;ETANOL;07/10/2024;4,89;RAIZEN
AUTO POSTO MAR AZUL LTDA;04701795000116;SOLEDADE;ETANOL;09/07/2024;4,82;RAIZEN
AUTO POSTO MAR AZUL LTDA;04701795000116;SOLEDADE;ETANOL;09/09/2024;4,89;RAIZEN
AUTO POSTO MAR AZUL LTDA;04701795000116;SOLEDADE;ETANOL;12/08/2024;4,89;RAIZEN
AUTO POSTO MAR AZUL LTDA;04701795000116;SOLEDADE;ETANOL;15/10/2024;4,89;RAIZEN
AUTO POSTO MAR AZUL LTDA;04701795000116;SOLEDADE;ETANOL;16/07/2024;4,82;RAIZEN
AUTO POSTO MAR AZUL LTDA;04701795000116;SOLEDADE;ETANOL;17/09/2024;4,89;RAIZEN
AUTO POSTO MAR AZUL LTDA;04701795000116;SOLEDADE;ETANOL;19/08/2024;4,89;RAIZEN
AUTO POSTO MAR AZUL LTDA;04701795000116;SOLEDADE;ETANOL;21/10/2024;4,69;RAIZEN
AUTO POSTO MAR AZUL LTDA;04701795000116;SOLEDADE;ETANOL;22/07/2024;4,82;RAIZEN
AUTO POSTO MAR AZUL LTDA;04701795000116;SOLEDADE;ETANOL;24/09/2024;4,89;RAIZEN
AUTO POSTO MAR AZUL LTDA;04701795000116;SOLEDADE;ETANOL;26/08/2024;4,89;RAIZEN
AUTO POSTO MAR AZUL LTDA;04701795000116;SOLEDADE;ETANOL;28/10/2024;4,59;RAIZEN
AUTO POSTO MAR AZUL LTDA;04701795000116;SOLEDADE;ETANOL;29/07/2024;4,89;RAIZEN
AUTO POSTO MAR AZUL LTDA;04701795000116;SOLEDADE;ETANOL;30/09/2024;4,89;RAIZEN
AUTO POSTO MAR AZUL LTDA;04701795000116;SOLEDADE;GASOLINA;03/09/2024;6,44;RAIZEN
AUTO POSTO MAR AZUL LTDA;04701795000116;SOLEDADE;GASOLINA;06/08/2024;6,50;RAIZEN
AUTO POSTO MAR AZUL LTDA;04701795000116;SOLEDADE;GASOLINA;07/10/2024;6,22;RAIZEN
AUTO POSTO MAR AZUL LTDA;04701795000116;SOLEDADE;GASOLINA;09/07/2024;6,32;RAIZEN
AUTO POSTO MAR AZUL LTDA;04701795000116;SOLEDADE;GASOLINA;09/09/2024;6,44;RAIZEN
AUTO POSTO MAR AZUL LTDA;04701795000116;SOLEDADE;GASOLINA;12/08/2024;6,44;RAIZEN
AUTO POSTO MAR AZUL LTDA;04701795000116;SOLEDADE;GASOLINA;15/10/2024;6,22;RAIZEN
AUTO POSTO MAR AZUL LTDA;04701795000116;SOLEDADE;GASOLINA;16/07/2024;6,32;RAIZEN
AUTO POSTO MAR AZUL LTDA;04701795000116;SOLEDADE;GASOLINA;17/09/2024;6,25;RAIZEN
AUTO POSTO MAR AZUL LTDA;04701795000116;SOLEDADE;GASOLINA;19/08/2024;6,44;RAIZEN
AUTO POSTO MAR AZUL LTDA;04701795000116;SOLEDADE;GASOLINA;21/10/2024;5,95;RAIZEN
AUTO POSTO MAR AZUL LTDA;04701795000116;SOLEDADE;GASOLINA;22/07/2024;6,32;RAIZEN
AUTO POSTO MAR AZUL LTDA;04701795000116;SOLEDADE;GASOLINA;24/09/2024;6,24;RAIZEN
AUTO POSTO MAR AZUL LTDA;04701795000116;SOLEDADE;GASOLINA;26/08/2024;6,44;RAIZEN
AUTO POSTO MAR AZUL LTDA;04701795000116;SOLEDADE;GASOLINA;28/10/2024;5,92;RAIZEN
AUTO POSTO MAR AZUL LTDA;04701795000116;SOLEDADE;GASOLINA;29/07/2024;6,50;RAIZEN
AUTO POSTO MAR AZUL LTDA;04701795000116;SOLEDADE;GASOLINA;30/09/2024;6,24;RAIZEN
AUTO POSTO MAR AZUL LTDA;04701795000116;SOLEDADE;GASOLINA ADITIVADA;03/09/2024;6,61;RAIZEN
AUTO POSTO MAR AZUL LTDA;04701795000116;SOLEDADE;GASOLINA ADITIVADA;06/08/2024;6,67;RAIZEN
AUTO POSTO MAR AZUL LTDA;04701795000116;SOLEDADE;GASOLINA ADITIVADA;07/10/2024;6,39;RAIZEN
AUTO POSTO MAR AZUL LTDA;04701795000116;SOLEDADE;GASOLINA ADITIVADA;09/07/2024;6,49;RAIZEN
AUTO POSTO MAR AZUL LTDA;04701795000116;SOLEDADE;GASOLINA ADITIVADA;09/09/2024;6,61;RAIZEN
AUTO POSTO MAR AZUL LTDA;04701795000116;SOLEDADE;GASOLINA ADITIVADA;12/08/2024;6,61;RAIZEN
AUTO POSTO MAR AZUL LTDA;04701795000116;SOLEDADE;GASOLINA ADITIVADA;15/10/2024;6,39;RAIZEN
AUTO POSTO MAR AZUL LTDA;04701795000116;SOLEDADE;GASOLINA ADITIVADA;16/07/2024;6,49;RAIZEN
AUTO POSTO MAR AZUL LTDA;04701795000116;SOLEDADE;GASOLINA ADITIVADA;17/09/2024;6,43;RAIZEN
AUTO POSTO MAR AZUL LTDA;04701795000116;SOLEDADE;GASOLINA ADITIVADA;19/08/2024;6,61;RAIZEN
AUTO POSTO MAR AZUL LTDA;04701795000116;SOLEDADE;GASOLINA ADITIVADA;21/10/2024;6,13;RAIZEN
AUTO POSTO MAR AZUL LTDA;04701795000116;SOLEDADE;GASOLINA ADITIVADA;22/07/2024;6,49;RAIZEN
AUTO POSTO MAR AZUL LTDA;04701795000116;SOLEDADE;GASOLINA ADITIVADA;24/09/2024;6,42;RAIZEN
AUTO POSTO MAR AZUL LTDA;04701795000116;SOLEDADE;GASOLINA ADITIVADA;26/08/2024;6,61;RAIZEN
AUTO POSTO MAR AZUL LTDA;04701795000116;SOLEDADE;GASOLINA ADITIVADA;28/10/2024;6,10;RAIZEN
AUTO POSTO MAR AZUL LTDA;04701795000116;SOLEDADE;GASOLINA ADITIVADA;29/07/2024;6,67;RAIZEN
AUTO POSTO MAR AZUL LTDA;04701795000116;SOLEDADE;GASOLINA ADITIVADA;30/09/2024;6,42;RAIZEN
VASPETRO COMBUSTIVEL LTDA;04979182000145;CENTRO;DIESEL S10;09/03/2026;6,59;BRANCA
VASPETRO COMBUSTIVEL LTDA;04979182000145;CENTRO;ETANOL;02/06/2026;5,50;BRANCA
VASPETRO COMBUSTIVEL LTDA;04979182000145;CENTRO;ETANOL;03/02/2025;4,79;BRANCA
VASPETRO COMBUSTIVEL LTDA;04979182000145;CENTRO;ETANOL;03/03/2025;4,89;BRANCA
VASPETRO COMBUSTIVEL LTDA;04979182000145;CENTRO;ETANOL;03/06/2025;4,99;BRANCA
VASPETRO COMBUSTIVEL LTDA;04979182000145;CENTRO;ETANOL;03/09/2024;4,99;VIBRA
VASPETRO COMBUSTIVEL LTDA;04979182000145;CENTRO;ETANOL;03/12/2024;4,59;VIBRA
VASPETRO COMBUSTIVEL LTDA;04979182000145;CENTRO;ETANOL;04/05/2026;5,60;BRANCA
VASPETRO COMBUSTIVEL LTDA;04979182000145;CENTRO;ETANOL;04/11/2024;4,49;VIBRA
VASPETRO COMBUSTIVEL LTDA;04979182000145;CENTRO;ETANOL;05/05/2025;4,99;BRANCA
VASPETRO COMBUSTIVEL LTDA;04979182000145;CENTRO;ETANOL;06/01/2025;4,29;BRANCA
VASPETRO COMBUSTIVEL LTDA;04979182000145;CENTRO;ETANOL;06/08/2024;4,99;VIBRA
VASPETRO COMBUSTIVEL LTDA;04979182000145;CENTRO;ETANOL;07/04/2026;5,09;BRANCA
VASPETRO COMBUSTIVEL LTDA;04979182000145;CENTRO;ETANOL;07/10/2024;4,79;VIBRA
VASPETRO COMBUSTIVEL LTDA;04979182000145;CENTRO;ETANOL;08/04/2025;4,89;BRANCA
VASPETRO COMBUSTIVEL LTDA;04979182000145;CENTRO;ETANOL;09/02/2026;4,80;BRANCA
VASPETRO COMBUSTIVEL LTDA;04979182000145;CENTRO;ETANOL;09/03/2026;4,80;BRANCA
VASPETRO COMBUSTIVEL LTDA;04979182000145;CENTRO;ETANOL;09/06/2025;4,99;BRANCA
VASPETRO COMBUSTIVEL LTDA;04979182000145;CENTRO;ETANOL;09/06/2026;5,50;BRANCA
VASPETRO COMBUSTIVEL LTDA;04979182000145;CENTRO;ETANOL;09/07/2024;4,80;VIBRA
VASPETRO COMBUSTIVEL LTDA;04979182000145;CENTRO;ETANOL;09/09/2024;4,99;VIBRA
VASPETRO COMBUSTIVEL LTDA;04979182000145;CENTRO;ETANOL;09/12/2024;4,59;BRANCA
VASPETRO COMBUSTIVEL LTDA;04979182000145;CENTRO;ETANOL;11/02/2025;4,89;BRANCA
VASPETRO COMBUSTIVEL LTDA;04979182000145;CENTRO;ETANOL;11/03/2025;4,89;BRANCA
VASPETRO COMBUSTIVEL LTDA;04979182000145;CENTRO;ETANOL;11/11/2024;4,49;VIBRA
VASPETRO COMBUSTIVEL LTDA;04979182000145;CENTRO;ETANOL;12/05/2025;4,99;BRANCA
VASPETRO COMBUSTIVEL LTDA;04979182000145;CENTRO;ETANOL;12/05/2026;5,60;BRANCA
VASPETRO COMBUSTIVEL LTDA;04979182000145;CENTRO;ETANOL;12/08/2024;4,99;VIBRA
VASPETRO COMBUSTIVEL LTDA;04979182000145;CENTRO;ETANOL;13/01/2025;4,49;BRANCA
VASPETRO COMBUSTIVEL LTDA;04979182000145;CENTRO;ETANOL;15/04/2025;4,89;BRANCA
VASPETRO COMBUSTIVEL LTDA;04979182000145;CENTRO;ETANOL;15/10/2024;4,49;VIBRA
VASPETRO COMBUSTIVEL LTDA;04979182000145;CENTRO;ETANOL;16/06/2025;4,99;BRANCA
VASPETRO COMBUSTIVEL LTDA;04979182000145;CENTRO;ETANOL;16/06/2026;5,50;BRANCA
VASPETRO COMBUSTIVEL LTDA;04979182000145;CENTRO;ETANOL;16/07/2024;4,80;VIBRA
VASPETRO COMBUSTIVEL LTDA;04979182000145;CENTRO;ETANOL;16/12/2024;4,29;BRANCA
VASPETRO COMBUSTIVEL LTDA;04979182000145;CENTRO;ETANOL;18/02/2025;4,89;BRANCA
VASPETRO COMBUSTIVEL LTDA;04979182000145;CENTRO;ETANOL;18/03/2025;4,89;BRANCA
VASPETRO COMBUSTIVEL LTDA;04979182000145;CENTRO;ETANOL;18/05/2026;5,60;BRANCA
VASPETRO COMBUSTIVEL LTDA;04979182000145;CENTRO;ETANOL;18/11/2024;4,59;VIBRA
VASPETRO COMBUSTIVEL LTDA;04979182000145;CENTRO;ETANOL;19/08/2024;4,99;VIBRA
VASPETRO COMBUSTIVEL LTDA;04979182000145;CENTRO;ETANOL;20/01/2025;4,69;BRANCA
VASPETRO COMBUSTIVEL LTDA;04979182000145;CENTRO;ETANOL;20/03/2026;4,95;BRANCA
VASPETRO COMBUSTIVEL LTDA;04979182000145;CENTRO;ETANOL;21/10/2024;4,49;VIBRA
VASPETRO COMBUSTIVEL LTDA;04979182000145;CENTRO;ETANOL;22/04/2025;4,89;BRANCA
VASPETRO COMBUSTIVEL LTDA;04979182000145;CENTRO;ETANOL;22/07/2024;4,80;VIBRA
VASPETRO COMBUSTIVEL LTDA;04979182000145;CENTRO;ETANOL;23/06/2026;5,50;BRANCA
VASPETRO COMBUSTIVEL LTDA;04979182000145;CENTRO;ETANOL;23/12/2024;4,29;BRANCA
VASPETRO COMBUSTIVEL LTDA;04979182000145;CENTRO;ETANOL;24/04/2026;5,60;BRANCA
VASPETRO COMBUSTIVEL LTDA;04979182000145;CENTRO;ETANOL;24/06/2025;4,99;BRANCA
VASPETRO COMBUSTIVEL LTDA;04979182000145;CENTRO;ETANOL;24/09/2024;4,99;VIBRA
VASPETRO COMBUSTIVEL LTDA;04979182000145;CENTRO;ETANOL;25/02/2025;4,89;BRANCA
VASPETRO COMBUSTIVEL LTDA;04979182000145;CENTRO;ETANOL;25/03/2025;4,89;BRANCA
VASPETRO COMBUSTIVEL LTDA;04979182000145;CENTRO;ETANOL;25/11/2024;4,59;VIBRA
VASPETRO COMBUSTIVEL LTDA;04979182000145;CENTRO;ETANOL;26/05/2026;5,60;BRANCA
VASPETRO COMBUSTIVEL LTDA;04979182000145;CENTRO;ETANOL;26/08/2024;4,99;VIBRA
VASPETRO COMBUSTIVEL LTDA;04979182000145;CENTRO;ETANOL;27/04/2026;5,60;BRANCA
VASPETRO COMBUSTIVEL LTDA;04979182000145;CENTRO;ETANOL;27/05/2025;4,99;BRANCA
VASPETRO COMBUSTIVEL LTDA;04979182000145;CENTRO;ETANOL;28/01/2025;4,79;BRANCA
VASPETRO COMBUSTIVEL LTDA;04979182000145;CENTRO;ETANOL;28/10/2024;4,49;VIBRA
VASPETRO COMBUSTIVEL LTDA;04979182000145;CENTRO;ETANOL;29/04/2025;4,89;BRANCA
VASPETRO COMBUSTIVEL LTDA;04979182000145;CENTRO;ETANOL;29/07/2024;4,99;VIBRA
VASPETRO COMBUSTIVEL LTDA;04979182000145;CENTRO;ETANOL;30/03/2026;5,09;BRANCA
VASPETRO COMBUSTIVEL LTDA;04979182000145;CENTRO;ETANOL;30/06/2025;4,99;BRANCA
VASPETRO COMBUSTIVEL LTDA;04979182000145;CENTRO;ETANOL;30/06/2026;5,50;BRANCA
VASPETRO COMBUSTIVEL LTDA;04979182000145;CENTRO;ETANOL;30/09/2024;4,99;VIBRA
VASPETRO COMBUSTIVEL LTDA;04979182000145;CENTRO;ETANOL;30/12/2024;4,29;BRANCA
VASPETRO COMBUSTIVEL LTDA;04979182000145;CENTRO;ETANOL;31/03/2025;4,89;BRANCA
VASPETRO COMBUSTIVEL LTDA;04979182000145;CENTRO;GASOLINA;02/06/2026;7,12;BRANCA
VASPETRO COMBUSTIVEL LTDA;04979182000145;CENTRO;GASOLINA;03/02/2025;6,42;BRANCA
VASPETRO COMBUSTIVEL LTDA;04979182000145;CENTRO;GASOLINA;03/03/2025;6,62;BRANCA
VASPETRO COMBUSTIVEL LTDA;04979182000145;CENTRO;GASOLINA;03/06/2025;6,62;BRANCA
VASPETRO COMBUSTIVEL LTDA;04979182000145;CENTRO;GASOLINA;03/09/2024;6,40;VIBRA
VASPETRO COMBUSTIVEL LTDA;04979182000145;CENTRO;GASOLINA;03/12/2024;6,30;VIBRA
VASPETRO COMBUSTIVEL LTDA;04979182000145;CENTRO;GASOLINA;04/05/2026;7,22;BRANCA
VASPETRO COMBUSTIVEL LTDA;04979182000145;CENTRO;GASOLINA;04/11/2024;5,90;VIBRA
VASPETRO COMBUSTIVEL LTDA;04979182000145;CENTRO;GASOLINA;05/05/2025;6,62;BRANCA
VASPETRO COMBUSTIVEL LTDA;04979182000145;CENTRO;GASOLINA;06/01/2025;6,30;BRANCA
VASPETRO COMBUSTIVEL LTDA;04979182000145;CENTRO;GASOLINA;06/08/2024;6,45;VIBRA
VASPETRO COMBUSTIVEL LTDA;04979182000145;CENTRO;GASOLINA;07/04/2026;7,22;BRANCA
VASPETRO COMBUSTIVEL LTDA;04979182000145;CENTRO;GASOLINA;07/10/2024;6,20;VIBRA
VASPETRO COMBUSTIVEL LTDA;04979182000145;CENTRO;GASOLINA;08/04/2025;6,62;BRANCA
VASPETRO COMBUSTIVEL LTDA;04979182000145;CENTRO;GASOLINA;09/02/2026;6,52;BRANCA
VASPETRO COMBUSTIVEL LTDA;04979182000145;CENTRO;GASOLINA;09/03/2026;6,82;BRANCA
VASPETRO COMBUSTIVEL LTDA;04979182000145;CENTRO;GASOLINA;09/06/2025;6,62;BRANCA
VASPETRO COMBUSTIVEL LTDA;04979182000145;CENTRO;GASOLINA;09/06/2026;7,12;BRANCA
VASPETRO COMBUSTIVEL LTDA;04979182000145;CENTRO;GASOLINA;09/07/2024;6,30;VIBRA
VASPETRO COMBUSTIVEL LTDA;04979182000145;CENTRO;GASOLINA;09/09/2024;6,40;VIBRA
VASPETRO COMBUSTIVEL LTDA;04979182000145;CENTRO;GASOLINA;09/12/2024;6,30;BRANCA
VASPETRO COMBUSTIVEL LTDA;04979182000145;CENTRO;GASOLINA;11/02/2025;6,62;BRANCA
VASPETRO COMBUSTIVEL LTDA;04979182000145;CENTRO;GASOLINA;11/03/2025;6,62;BRANCA
VASPETRO COMBUSTIVEL LTDA;04979182000145;CENTRO;GASOLINA;11/11/2024;5,90;VIBRA
VASPETRO COMBUSTIVEL LTDA;04979182000145;CENTRO;GASOLINA;12/05/2025;6,62;BRANCA
VASPETRO COMBUSTIVEL LTDA;04979182000145;CENTRO;GASOLINA;12/05/2026;7,52;BRANCA
VASPETRO COMBUSTIVEL LTDA;04979182000145;CENTRO;GASOLINA;12/08/2024;6,40;VIBRA
VASPETRO COMBUSTIVEL LTDA;04979182000145;CENTRO;GASOLINA;13/01/2025;6,42;BRANCA
VASPETRO COMBUSTIVEL LTDA;04979182000145;CENTRO;GASOLINA;14/04/2026;7,22;BRANCA
VASPETRO COMBUSTIVEL LTDA;04979182000145;CENTRO;GASOLINA;15/04/2025;6,52;BRANCA
VASPETRO COMBUSTIVEL LTDA;04979182000145;CENTRO;GASOLINA;15/10/2024;6,20;VIBRA
VASPETRO COMBUSTIVEL LTDA;04979182000145;CENTRO;GASOLINA;16/06/2025;6,62;BRANCA
VASPETRO COMBUSTIVEL LTDA;04979182000145;CENTRO;GASOLINA;16/06/2026;7,12;BRANCA
VASPETRO COMBUSTIVEL LTDA;04979182000145;CENTRO;GASOLINA;16/07/2024;6,30;VIBRA
VASPETRO COMBUSTIVEL LTDA;04979182000145;CENTRO;GASOLINA;16/12/2024;6,30;BRANCA
VASPETRO COMBUSTIVEL LTDA;04979182000145;CENTRO;GASOLINA;17/09/2024;6,20;VIBRA
VASPETRO COMBUSTIVEL LTDA;04979182000145;CENTRO;GASOLINA;18/02/2025;6,62;BRANCA
VASPETRO COMBUSTIVEL LTDA;04979182000145;CENTRO;GASOLINA;18/03/2025;6,62;BRANCA
VASPETRO COMBUSTIVEL LTDA;04979182000145;CENTRO;GASOLINA;18/05/2026;7,52;BRANCA
VASPETRO COMBUSTIVEL LTDA;04979182000145;CENTRO;GASOLINA;18/11/2024;6,30;VIBRA
VASPETRO COMBUSTIVEL LTDA;04979182000145;CENTRO;GASOLINA;19/08/2024;6,40;VIBRA
VASPETRO COMBUSTIVEL LTDA;04979182000145;CENTRO;GASOLINA;20/01/2025;6,42;BRANCA
VASPETRO COMBUSTIVEL LTDA;04979182000145;CENTRO;GASOLINA;20/03/2026;7,62;BRANCA
VASPETRO COMBUSTIVEL LTDA;04979182000145;CENTRO;GASOLINA;21/10/2024;5,90;VIBRA
VASPETRO COMBUSTIVEL LTDA;04979182000145;CENTRO;GASOLINA;22/04/2025;6,52;BRANCA
VASPETRO COMBUSTIVEL LTDA;04979182000145;CENTRO;GASOLINA;22/07/2024;6,30;VIBRA
VASPETRO COMBUSTIVEL LTDA;04979182000145;CENTRO;GASOLINA;23/06/2026;7,12;BRANCA
VASPETRO COMBUSTIVEL LTDA;04979182000145;CENTRO;GASOLINA;23/12/2024;6,30;BRANCA
VASPETRO COMBUSTIVEL LTDA;04979182000145;CENTRO;GASOLINA;24/03/2026;7,22;BRANCA
VASPETRO COMBUSTIVEL LTDA;04979182000145;CENTRO;GASOLINA;24/04/2026;7,22;BRANCA
VASPETRO COMBUSTIVEL LTDA;04979182000145;CENTRO;GASOLINA;24/06/2025;6,62;BRANCA
VASPETRO COMBUSTIVEL LTDA;04979182000145;CENTRO;GASOLINA;24/09/2024;6,20;VIBRA
VASPETRO COMBUSTIVEL LTDA;04979182000145;CENTRO;GASOLINA;25/02/2025;6,62;BRANCA
VASPETRO COMBUSTIVEL LTDA;04979182000145;CENTRO;GASOLINA;25/03/2025;6,62;BRANCA
VASPETRO COMBUSTIVEL LTDA;04979182000145;CENTRO;GASOLINA;25/11/2024;6,30;VIBRA
VASPETRO COMBUSTIVEL LTDA;04979182000145;CENTRO;GASOLINA;26/05/2026;7,12;BRANCA
VASPETRO COMBUSTIVEL LTDA;04979182000145;CENTRO;GASOLINA;26/08/2024;6,40;VIBRA
VASPETRO COMBUSTIVEL LTDA;04979182000145;CENTRO;GASOLINA;27/04/2026;7,22;BRANCA
VASPETRO COMBUSTIVEL LTDA;04979182000145;CENTRO;GASOLINA;27/05/2025;6,62;BRANCA
VASPETRO COMBUSTIVEL LTDA;04979182000145;CENTRO;GASOLINA;28/01/2025;6,42;BRANCA
VASPETRO COMBUSTIVEL LTDA;04979182000145;CENTRO;GASOLINA;28/10/2024;5,90;VIBRA
VASPETRO COMBUSTIVEL LTDA;04979182000145;CENTRO;GASOLINA;29/04/2025;6,52;BRANCA
VASPETRO COMBUSTIVEL LTDA;04979182000145;CENTRO;GASOLINA;29/07/2024;6,48;VIBRA
VASPETRO COMBUSTIVEL LTDA;04979182000145;CENTRO;GASOLINA;30/03/2026;7,22;BRANCA
VASPETRO COMBUSTIVEL LTDA;04979182000145;CENTRO;GASOLINA;30/06/2025;6,62;BRANCA
VASPETRO COMBUSTIVEL LTDA;04979182000145;CENTRO;GASOLINA;30/06/2026;7,12;BRANCA
VASPETRO COMBUSTIVEL LTDA;04979182000145;CENTRO;GASOLINA;30/09/2024;6,20;VIBRA
VASPETRO COMBUSTIVEL LTDA;04979182000145;CENTRO;GASOLINA;30/12/2024;6,30;BRANCA
VASPETRO COMBUSTIVEL LTDA;04979182000145;CENTRO;GASOLINA;31/03/2025;6,62;BRANCA
VASPETRO COMBUSTIVEL LTDA;04979182000145;CENTRO;GASOLINA ADITIVADA;02/06/2026;7,15;BRANCA
VASPETRO COMBUSTIVEL LTDA;04979182000145;CENTRO;GASOLINA ADITIVADA;03/02/2025;6,42;BRANCA
VASPETRO COMBUSTIVEL LTDA;04979182000145;CENTRO;GASOLINA ADITIVADA;03/03/2025;6,62;BRANCA
VASPETRO COMBUSTIVEL LTDA;04979182000145;CENTRO;GASOLINA ADITIVADA;03/06/2025;6,62;BRANCA
VASPETRO COMBUSTIVEL LTDA;04979182000145;CENTRO;GASOLINA ADITIVADA;03/09/2024;6,40;VIBRA
VASPETRO COMBUSTIVEL LTDA;04979182000145;CENTRO;GASOLINA ADITIVADA;03/12/2024;6,30;VIBRA
VASPETRO COMBUSTIVEL LTDA;04979182000145;CENTRO;GASOLINA ADITIVADA;04/05/2026;7,22;BRANCA
VASPETRO COMBUSTIVEL LTDA;04979182000145;CENTRO;GASOLINA ADITIVADA;04/11/2024;5,90;VIBRA
VASPETRO COMBUSTIVEL LTDA;04979182000145;CENTRO;GASOLINA ADITIVADA;05/05/2025;6,62;BRANCA
VASPETRO COMBUSTIVEL LTDA;04979182000145;CENTRO;GASOLINA ADITIVADA;06/01/2025;6,30;BRANCA
VASPETRO COMBUSTIVEL LTDA;04979182000145;CENTRO;GASOLINA ADITIVADA;06/08/2024;6,45;VIBRA
VASPETRO COMBUSTIVEL LTDA;04979182000145;CENTRO;GASOLINA ADITIVADA;07/04/2026;7,22;BRANCA
VASPETRO COMBUSTIVEL LTDA;04979182000145;CENTRO;GASOLINA ADITIVADA;07/10/2024;6,20;VIBRA
VASPETRO COMBUSTIVEL LTDA;04979182000145;CENTRO;GASOLINA ADITIVADA;08/04/2025;6,62;BRANCA
VASPETRO COMBUSTIVEL LTDA;04979182000145;CENTRO;GASOLINA ADITIVADA;09/02/2026;6,52;BRANCA
VASPETRO COMBUSTIVEL LTDA;04979182000145;CENTRO;GASOLINA ADITIVADA;09/03/2026;6,82;BRANCA
VASPETRO COMBUSTIVEL LTDA;04979182000145;CENTRO;GASOLINA ADITIVADA;09/06/2025;6,62;BRANCA
VASPETRO COMBUSTIVEL LTDA;04979182000145;CENTRO;GASOLINA ADITIVADA;09/06/2026;7,12;BRANCA
VASPETRO COMBUSTIVEL LTDA;04979182000145;CENTRO;GASOLINA ADITIVADA;09/07/2024;6,30;VIBRA
VASPETRO COMBUSTIVEL LTDA;04979182000145;CENTRO;GASOLINA ADITIVADA;09/09/2024;6,40;VIBRA
VASPETRO COMBUSTIVEL LTDA;04979182000145;CENTRO;GASOLINA ADITIVADA;09/12/2024;6,30;BRANCA
VASPETRO COMBUSTIVEL LTDA;04979182000145;CENTRO;GASOLINA ADITIVADA;11/02/2025;6,62;BRANCA
VASPETRO COMBUSTIVEL LTDA;04979182000145;CENTRO;GASOLINA ADITIVADA;11/03/2025;6,62;BRANCA
VASPETRO COMBUSTIVEL LTDA;04979182000145;CENTRO;GASOLINA ADITIVADA;11/11/2024;5,99;VIBRA
VASPETRO COMBUSTIVEL LTDA;04979182000145;CENTRO;GASOLINA ADITIVADA;12/05/2025;6,62;BRANCA
VASPETRO COMBUSTIVEL LTDA;04979182000145;CENTRO;GASOLINA ADITIVADA;12/05/2026;7,52;BRANCA
VASPETRO COMBUSTIVEL LTDA;04979182000145;CENTRO;GASOLINA ADITIVADA;12/08/2024;6,40;VIBRA
VASPETRO COMBUSTIVEL LTDA;04979182000145;CENTRO;GASOLINA ADITIVADA;13/01/2025;6,42;BRANCA
VASPETRO COMBUSTIVEL LTDA;04979182000145;CENTRO;GASOLINA ADITIVADA;14/04/2026;7,22;BRANCA
VASPETRO COMBUSTIVEL LTDA;04979182000145;CENTRO;GASOLINA ADITIVADA;15/04/2025;6,52;BRANCA
VASPETRO COMBUSTIVEL LTDA;04979182000145;CENTRO;GASOLINA ADITIVADA;15/10/2024;6,20;VIBRA
VASPETRO COMBUSTIVEL LTDA;04979182000145;CENTRO;GASOLINA ADITIVADA;16/06/2025;6,62;BRANCA
VASPETRO COMBUSTIVEL LTDA;04979182000145;CENTRO;GASOLINA ADITIVADA;16/06/2026;7,12;BRANCA
VASPETRO COMBUSTIVEL LTDA;04979182000145;CENTRO;GASOLINA ADITIVADA;16/07/2024;6,30;VIBRA
VASPETRO COMBUSTIVEL LTDA;04979182000145;CENTRO;GASOLINA ADITIVADA;16/12/2024;6,30;BRANCA
VASPETRO COMBUSTIVEL LTDA;04979182000145;CENTRO;GASOLINA ADITIVADA;17/09/2024;6,20;VIBRA
VASPETRO COMBUSTIVEL LTDA;04979182000145;CENTRO;GASOLINA ADITIVADA;18/02/2025;6,62;BRANCA
VASPETRO COMBUSTIVEL LTDA;04979182000145;CENTRO;GASOLINA ADITIVADA;18/03/2025;6,62;BRANCA
VASPETRO COMBUSTIVEL LTDA;04979182000145;CENTRO;GASOLINA ADITIVADA;18/05/2026;7,52;BRANCA
VASPETRO COMBUSTIVEL LTDA;04979182000145;CENTRO;GASOLINA ADITIVADA;18/11/2024;6,30;VIBRA
VASPETRO COMBUSTIVEL LTDA;04979182000145;CENTRO;GASOLINA ADITIVADA;19/08/2024;6,40;VIBRA
VASPETRO COMBUSTIVEL LTDA;04979182000145;CENTRO;GASOLINA ADITIVADA;20/01/2025;6,42;BRANCA
VASPETRO COMBUSTIVEL LTDA;04979182000145;CENTRO;GASOLINA ADITIVADA;20/03/2026;7,62;BRANCA
VASPETRO COMBUSTIVEL LTDA;04979182000145;CENTRO;GASOLINA ADITIVADA;21/10/2024;5,90;VIBRA
VASPETRO COMBUSTIVEL LTDA;04979182000145;CENTRO;GASOLINA ADITIVADA;22/04/2025;6,52;BRANCA
VASPETRO COMBUSTIVEL LTDA;04979182000145;CENTRO;GASOLINA ADITIVADA;22/07/2024;6,30;VIBRA
VASPETRO COMBUSTIVEL LTDA;04979182000145;CENTRO;GASOLINA ADITIVADA;23/06/2026;7,12;BRANCA
VASPETRO COMBUSTIVEL LTDA;04979182000145;CENTRO;GASOLINA ADITIVADA;23/12/2024;6,30;BRANCA
VASPETRO COMBUSTIVEL LTDA;04979182000145;CENTRO;GASOLINA ADITIVADA;24/03/2026;7,22;BRANCA
VASPETRO COMBUSTIVEL LTDA;04979182000145;CENTRO;GASOLINA ADITIVADA;24/04/2026;7,22;BRANCA
VASPETRO COMBUSTIVEL LTDA;04979182000145;CENTRO;GASOLINA ADITIVADA;24/06/2025;6,62;BRANCA
VASPETRO COMBUSTIVEL LTDA;04979182000145;CENTRO;GASOLINA ADITIVADA;24/09/2024;6,20;VIBRA
VASPETRO COMBUSTIVEL LTDA;04979182000145;CENTRO;GASOLINA ADITIVADA;25/02/2025;6,62;BRANCA
VASPETRO COMBUSTIVEL LTDA;04979182000145;CENTRO;GASOLINA ADITIVADA;25/03/2025;6,62;BRANCA
VASPETRO COMBUSTIVEL LTDA;04979182000145;CENTRO;GASOLINA ADITIVADA;25/11/2024;6,30;VIBRA
VASPETRO COMBUSTIVEL LTDA;04979182000145;CENTRO;GASOLINA ADITIVADA;26/05/2026;7,12;BRANCA
VASPETRO COMBUSTIVEL LTDA;04979182000145;CENTRO;GASOLINA ADITIVADA;26/08/2024;6,40;VIBRA
VASPETRO COMBUSTIVEL LTDA;04979182000145;CENTRO;GASOLINA ADITIVADA;27/04/2026;7,22;BRANCA
VASPETRO COMBUSTIVEL LTDA;04979182000145;CENTRO;GASOLINA ADITIVADA;27/05/2025;6,62;BRANCA
VASPETRO COMBUSTIVEL LTDA;04979182000145;CENTRO;GASOLINA ADITIVADA;28/01/2025;6,42;BRANCA
VASPETRO COMBUSTIVEL LTDA;04979182000145;CENTRO;GASOLINA ADITIVADA;28/10/2024;5,90;VIBRA
VASPETRO COMBUSTIVEL LTDA;04979182000145;CENTRO;GASOLINA ADITIVADA;29/04/2025;6,52;BRANCA
VASPETRO COMBUSTIVEL LTDA;04979182000145;CENTRO;GASOLINA ADITIVADA;29/07/2024;6,48;VIBRA
VASPETRO COMBUSTIVEL LTDA;04979182000145;CENTRO;GASOLINA ADITIVADA;30/03/2026;7,22;BRANCA
VASPETRO COMBUSTIVEL LTDA;04979182000145;CENTRO;GASOLINA ADITIVADA;30/06/2025;6,62;BRANCA
VASPETRO COMBUSTIVEL LTDA;04979182000145;CENTRO;GASOLINA ADITIVADA;30/06/2026;7,12;BRANCA
VASPETRO COMBUSTIVEL LTDA;04979182000145;CENTRO;GASOLINA ADITIVADA;30/09/2024;6,20;VIBRA
VASPETRO COMBUSTIVEL LTDA;04979182000145;CENTRO;GASOLINA ADITIVADA;30/12/2024;6,30;BRANCA
VASPETRO COMBUSTIVEL LTDA;04979182000145;CENTRO;GASOLINA ADITIVADA;31/03/2025;6,62;BRANCA
PETROX COMERCIAL LTDA;05297480001009;CENTRO;DIESEL S10;03/09/2024;6,29;PETROX DISTRIBUIDORA
PETROX COMERCIAL LTDA;05297480001009;CENTRO;DIESEL S10;06/08/2024;6,29;PETROX DISTRIBUIDORA
PETROX COMERCIAL LTDA;05297480001009;CENTRO;DIESEL S10;07/10/2024;6,08;PETROX DISTRIBUIDORA
PETROX COMERCIAL LTDA;05297480001009;CENTRO;DIESEL S10;09/07/2024;6,19;PETROX DISTRIBUIDORA
PETROX COMERCIAL LTDA;05297480001009;CENTRO;DIESEL S10;09/09/2024;6,29;PETROX DISTRIBUIDORA
PETROX COMERCIAL LTDA;05297480001009;CENTRO;DIESEL S10;12/08/2024;6,29;PETROX DISTRIBUIDORA
PETROX COMERCIAL LTDA;05297480001009;CENTRO;DIESEL S10;15/10/2024;6,08;PETROX DISTRIBUIDORA
PETROX COMERCIAL LTDA;05297480001009;CENTRO;DIESEL S10;16/07/2024;6,19;PETROX DISTRIBUIDORA
PETROX COMERCIAL LTDA;05297480001009;CENTRO;DIESEL S10;17/09/2024;6,08;PETROX DISTRIBUIDORA
PETROX COMERCIAL LTDA;05297480001009;CENTRO;DIESEL S10;19/08/2024;6,29;PETROX DISTRIBUIDORA
PETROX COMERCIAL LTDA;05297480001009;CENTRO;DIESEL S10;21/10/2024;5,99;PETROX DISTRIBUIDORA
PETROX COMERCIAL LTDA;05297480001009;CENTRO;DIESEL S10;22/07/2024;6,19;PETROX DISTRIBUIDORA
PETROX COMERCIAL LTDA;05297480001009;CENTRO;DIESEL S10;24/09/2024;6,08;PETROX DISTRIBUIDORA
PETROX COMERCIAL LTDA;05297480001009;CENTRO;DIESEL S10;26/08/2024;6,29;PETROX DISTRIBUIDORA
PETROX COMERCIAL LTDA;05297480001009;CENTRO;DIESEL S10;28/10/2024;5,95;PETROX DISTRIBUIDORA
PETROX COMERCIAL LTDA;05297480001009;CENTRO;DIESEL S10;29/07/2024;6,29;PETROX DISTRIBUIDORA
PETROX COMERCIAL LTDA;05297480001009;CENTRO;DIESEL S10;30/09/2024;6,08;PETROX DISTRIBUIDORA
PETROX COMERCIAL LTDA;05297480001009;CENTRO;ETANOL;03/09/2024;4,89;PETROX DISTRIBUIDORA
PETROX COMERCIAL LTDA;05297480001009;CENTRO;ETANOL;06/08/2024;4,89;PETROX DISTRIBUIDORA
PETROX COMERCIAL LTDA;05297480001009;CENTRO;ETANOL;07/10/2024;4,57;PETROX DISTRIBUIDORA
PETROX COMERCIAL LTDA;05297480001009;CENTRO;ETANOL;09/07/2024;4,89;PETROX DISTRIBUIDORA
PETROX COMERCIAL LTDA;05297480001009;CENTRO;ETANOL;09/09/2024;4,89;PETROX DISTRIBUIDORA
PETROX COMERCIAL LTDA;05297480001009;CENTRO;ETANOL;12/08/2024;4,89;PETROX DISTRIBUIDORA
PETROX COMERCIAL LTDA;05297480001009;CENTRO;ETANOL;15/10/2024;4,57;PETROX DISTRIBUIDORA
PETROX COMERCIAL LTDA;05297480001009;CENTRO;ETANOL;16/07/2024;4,89;PETROX DISTRIBUIDORA
PETROX COMERCIAL LTDA;05297480001009;CENTRO;ETANOL;17/09/2024;4,75;PETROX DISTRIBUIDORA
PETROX COMERCIAL LTDA;05297480001009;CENTRO;ETANOL;19/08/2024;4,89;PETROX DISTRIBUIDORA
PETROX COMERCIAL LTDA;05297480001009;CENTRO;ETANOL;21/10/2024;4,49;PETROX DISTRIBUIDORA
PETROX COMERCIAL LTDA;05297480001009;CENTRO;ETANOL;22/07/2024;4,89;PETROX DISTRIBUIDORA
PETROX COMERCIAL LTDA;05297480001009;CENTRO;ETANOL;24/09/2024;4,75;PETROX DISTRIBUIDORA
PETROX COMERCIAL LTDA;05297480001009;CENTRO;ETANOL;26/08/2024;4,89;PETROX DISTRIBUIDORA
PETROX COMERCIAL LTDA;05297480001009;CENTRO;ETANOL;28/10/2024;4,39;PETROX DISTRIBUIDORA
PETROX COMERCIAL LTDA;05297480001009;CENTRO;ETANOL;29/07/2024;4,89;PETROX DISTRIBUIDORA
PETROX COMERCIAL LTDA;05297480001009;CENTRO;ETANOL;30/09/2024;4,75;PETROX DISTRIBUIDORA
PETROX COMERCIAL LTDA;05297480001009;CENTRO;GASOLINA;03/09/2024;6,49;PETROX DISTRIBUIDORA
PETROX COMERCIAL LTDA;05297480001009;CENTRO;GASOLINA;06/08/2024;6,53;PETROX DISTRIBUIDORA
PETROX COMERCIAL LTDA;05297480001009;CENTRO;GASOLINA;07/10/2024;6,27;PETROX DISTRIBUIDORA
PETROX COMERCIAL LTDA;05297480001009;CENTRO;GASOLINA;09/07/2024;6,37;PETROX DISTRIBUIDORA
PETROX COMERCIAL LTDA;05297480001009;CENTRO;GASOLINA;09/09/2024;6,49;PETROX DISTRIBUIDORA
PETROX COMERCIAL LTDA;05297480001009;CENTRO;GASOLINA;12/08/2024;6,49;PETROX DISTRIBUIDORA
PETROX COMERCIAL LTDA;05297480001009;CENTRO;GASOLINA;15/10/2024;6,27;PETROX DISTRIBUIDORA
PETROX COMERCIAL LTDA;05297480001009;CENTRO;GASOLINA;16/07/2024;6,37;PETROX DISTRIBUIDORA
PETROX COMERCIAL LTDA;05297480001009;CENTRO;GASOLINA;17/09/2024;6,27;PETROX DISTRIBUIDORA
PETROX COMERCIAL LTDA;05297480001009;CENTRO;GASOLINA;19/08/2024;6,49;PETROX DISTRIBUIDORA
PETROX COMERCIAL LTDA;05297480001009;CENTRO;GASOLINA;21/10/2024;5,99;PETROX DISTRIBUIDORA
PETROX COMERCIAL LTDA;05297480001009;CENTRO;GASOLINA;22/07/2024;6,37;PETROX DISTRIBUIDORA
PETROX COMERCIAL LTDA;05297480001009;CENTRO;GASOLINA;24/09/2024;6,27;PETROX DISTRIBUIDORA
PETROX COMERCIAL LTDA;05297480001009;CENTRO;GASOLINA;26/08/2024;6,49;PETROX DISTRIBUIDORA
PETROX COMERCIAL LTDA;05297480001009;CENTRO;GASOLINA;28/10/2024;5,99;PETROX DISTRIBUIDORA
PETROX COMERCIAL LTDA;05297480001009;CENTRO;GASOLINA;29/07/2024;6,53;PETROX DISTRIBUIDORA
PETROX COMERCIAL LTDA;05297480001009;CENTRO;GASOLINA;30/09/2024;6,27;PETROX DISTRIBUIDORA
PETROX COMERCIAL LTDA;05297480001009;CENTRO;GASOLINA ADITIVADA;03/09/2024;6,49;PETROX DISTRIBUIDORA
PETROX COMERCIAL LTDA;05297480001009;CENTRO;GASOLINA ADITIVADA;06/08/2024;6,53;PETROX DISTRIBUIDORA
PETROX COMERCIAL LTDA;05297480001009;CENTRO;GASOLINA ADITIVADA;07/10/2024;6,27;PETROX DISTRIBUIDORA
PETROX COMERCIAL LTDA;05297480001009;CENTRO;GASOLINA ADITIVADA;09/07/2024;6,37;PETROX DISTRIBUIDORA
PETROX COMERCIAL LTDA;05297480001009;CENTRO;GASOLINA ADITIVADA;09/09/2024;6,49;PETROX DISTRIBUIDORA
PETROX COMERCIAL LTDA;05297480001009;CENTRO;GASOLINA ADITIVADA;12/08/2024;6,49;PETROX DISTRIBUIDORA
PETROX COMERCIAL LTDA;05297480001009;CENTRO;GASOLINA ADITIVADA;15/10/2024;6,27;PETROX DISTRIBUIDORA
PETROX COMERCIAL LTDA;05297480001009;CENTRO;GASOLINA ADITIVADA;16/07/2024;6,37;PETROX DISTRIBUIDORA
PETROX COMERCIAL LTDA;05297480001009;CENTRO;GASOLINA ADITIVADA;17/09/2024;6,27;PETROX DISTRIBUIDORA
PETROX COMERCIAL LTDA;05297480001009;CENTRO;GASOLINA ADITIVADA;19/08/2024;6,49;PETROX DISTRIBUIDORA
PETROX COMERCIAL LTDA;05297480001009;CENTRO;GASOLINA ADITIVADA;21/10/2024;5,99;PETROX DISTRIBUIDORA
PETROX COMERCIAL LTDA;05297480001009;CENTRO;GASOLINA ADITIVADA;22/07/2024;6,37;PETROX DISTRIBUIDORA
PETROX COMERCIAL LTDA;05297480001009;CENTRO;GASOLINA ADITIVADA;24/09/2024;6,27;PETROX DISTRIBUIDORA
PETROX COMERCIAL LTDA;05297480001009;CENTRO;GASOLINA ADITIVADA;26/08/2024;6,49;PETROX DISTRIBUIDORA
PETROX COMERCIAL LTDA;05297480001009;CENTRO;GASOLINA ADITIVADA;28/10/2024;5,99;PETROX DISTRIBUIDORA
PETROX COMERCIAL LTDA;05297480001009;CENTRO;GASOLINA ADITIVADA;29/07/2024;6,53;PETROX DISTRIBUIDORA
PETROX COMERCIAL LTDA;05297480001009;CENTRO;GASOLINA ADITIVADA;30/09/2024;6,27;PETROX DISTRIBUIDORA
PETROX COMERCIAL LTDA;05297480001190;PONTO NOVO;DIESEL S10;03/09/2024;6,29;PETROX DISTRIBUIDORA
PETROX COMERCIAL LTDA;05297480001190;PONTO NOVO;DIESEL S10;06/08/2024;6,29;PETROX DISTRIBUIDORA
PETROX COMERCIAL LTDA;05297480001190;PONTO NOVO;DIESEL S10;07/10/2024;6,08;PETROX DISTRIBUIDORA
PETROX COMERCIAL LTDA;05297480001190;PONTO NOVO;DIESEL S10;09/09/2024;6,29;PETROX DISTRIBUIDORA
PETROX COMERCIAL LTDA;05297480001190;PONTO NOVO;DIESEL S10;10/07/2024;5,99;PETROX DISTRIBUIDORA
PETROX COMERCIAL LTDA;05297480001190;PONTO NOVO;DIESEL S10;12/08/2024;6,29;PETROX DISTRIBUIDORA
PETROX COMERCIAL LTDA;05297480001190;PONTO NOVO;DIESEL S10;15/10/2024;6,08;PETROX DISTRIBUIDORA
PETROX COMERCIAL LTDA;05297480001190;PONTO NOVO;DIESEL S10;17/07/2024;5,99;PETROX DISTRIBUIDORA
PETROX COMERCIAL LTDA;05297480001190;PONTO NOVO;DIESEL S10;17/09/2024;6,08;PETROX DISTRIBUIDORA
PETROX COMERCIAL LTDA;05297480001190;PONTO NOVO;DIESEL S10;19/08/2024;6,29;PETROX DISTRIBUIDORA
PETROX COMERCIAL LTDA;05297480001190;PONTO NOVO;DIESEL S10;21/10/2024;5,95;PETROX DISTRIBUIDORA
PETROX COMERCIAL LTDA;05297480001190;PONTO NOVO;DIESEL S10;23/07/2024;5,99;PETROX DISTRIBUIDORA
PETROX COMERCIAL LTDA;05297480001190;PONTO NOVO;DIESEL S10;24/09/2024;6,08;PETROX DISTRIBUIDORA
PETROX COMERCIAL LTDA;05297480001190;PONTO NOVO;DIESEL S10;26/08/2024;6,29;PETROX DISTRIBUIDORA
PETROX COMERCIAL LTDA;05297480001190;PONTO NOVO;DIESEL S10;28/10/2024;5,95;PETROX DISTRIBUIDORA
PETROX COMERCIAL LTDA;05297480001190;PONTO NOVO;DIESEL S10;30/07/2024;6,29;PETROX DISTRIBUIDORA
PETROX COMERCIAL LTDA;05297480001190;PONTO NOVO;DIESEL S10;30/09/2024;6,08;PETROX DISTRIBUIDORA
PETROX COMERCIAL LTDA;05297480001190;PONTO NOVO;ETANOL;03/09/2024;4,89;PETROX DISTRIBUIDORA
PETROX COMERCIAL LTDA;05297480001190;PONTO NOVO;ETANOL;06/08/2024;4,89;PETROX DISTRIBUIDORA
PETROX COMERCIAL LTDA;05297480001190;PONTO NOVO;ETANOL;07/10/2024;4,57;PETROX DISTRIBUIDORA
PETROX COMERCIAL LTDA;05297480001190;PONTO NOVO;ETANOL;09/09/2024;4,89;PETROX DISTRIBUIDORA
PETROX COMERCIAL LTDA;05297480001190;PONTO NOVO;ETANOL;10/07/2024;4,89;PETROX DISTRIBUIDORA
PETROX COMERCIAL LTDA;05297480001190;PONTO NOVO;ETANOL;12/08/2024;4,89;PETROX DISTRIBUIDORA
PETROX COMERCIAL LTDA;05297480001190;PONTO NOVO;ETANOL;15/10/2024;4,57;PETROX DISTRIBUIDORA
PETROX COMERCIAL LTDA;05297480001190;PONTO NOVO;ETANOL;17/07/2024;4,89;PETROX DISTRIBUIDORA
PETROX COMERCIAL LTDA;05297480001190;PONTO NOVO;ETANOL;17/09/2024;4,75;PETROX DISTRIBUIDORA
PETROX COMERCIAL LTDA;05297480001190;PONTO NOVO;ETANOL;19/08/2024;4,89;PETROX DISTRIBUIDORA
PETROX COMERCIAL LTDA;05297480001190;PONTO NOVO;ETANOL;21/10/2024;4,49;PETROX DISTRIBUIDORA
PETROX COMERCIAL LTDA;05297480001190;PONTO NOVO;ETANOL;23/07/2024;4,99;PETROX DISTRIBUIDORA
PETROX COMERCIAL LTDA;05297480001190;PONTO NOVO;ETANOL;24/09/2024;4,75;PETROX DISTRIBUIDORA
PETROX COMERCIAL LTDA;05297480001190;PONTO NOVO;ETANOL;26/08/2024;4,89;PETROX DISTRIBUIDORA
PETROX COMERCIAL LTDA;05297480001190;PONTO NOVO;ETANOL;28/10/2024;4,39;PETROX DISTRIBUIDORA
PETROX COMERCIAL LTDA;05297480001190;PONTO NOVO;ETANOL;30/07/2024;4,89;PETROX DISTRIBUIDORA
PETROX COMERCIAL LTDA;05297480001190;PONTO NOVO;ETANOL;30/09/2024;4,75;PETROX DISTRIBUIDORA
PETROX COMERCIAL LTDA;05297480001190;PONTO NOVO;GASOLINA;03/09/2024;6,49;PETROX DISTRIBUIDORA
PETROX COMERCIAL LTDA;05297480001190;PONTO NOVO;GASOLINA;06/08/2024;6,53;PETROX DISTRIBUIDORA
PETROX COMERCIAL LTDA;05297480001190;PONTO NOVO;GASOLINA;07/10/2024;6,27;PETROX DISTRIBUIDORA
PETROX COMERCIAL LTDA;05297480001190;PONTO NOVO;GASOLINA;09/09/2024;6,49;PETROX DISTRIBUIDORA
PETROX COMERCIAL LTDA;05297480001190;PONTO NOVO;GASOLINA;10/07/2024;6,38;PETROX DISTRIBUIDORA
PETROX COMERCIAL LTDA;05297480001190;PONTO NOVO;GASOLINA;12/08/2024;6,49;PETROX DISTRIBUIDORA
PETROX COMERCIAL LTDA;05297480001190;PONTO NOVO;GASOLINA;15/10/2024;6,27;PETROX DISTRIBUIDORA
PETROX COMERCIAL LTDA;05297480001190;PONTO NOVO;GASOLINA;17/07/2024;6,38;PETROX DISTRIBUIDORA
PETROX COMERCIAL LTDA;05297480001190;PONTO NOVO;GASOLINA;17/09/2024;6,27;PETROX DISTRIBUIDORA
PETROX COMERCIAL LTDA;05297480001190;PONTO NOVO;GASOLINA;19/08/2024;6,49;PETROX DISTRIBUIDORA
PETROX COMERCIAL LTDA;05297480001190;PONTO NOVO;GASOLINA;21/10/2024;5,99;PETROX DISTRIBUIDORA
PETROX COMERCIAL LTDA;05297480001190;PONTO NOVO;GASOLINA;23/07/2024;6,58;PETROX DISTRIBUIDORA
PETROX COMERCIAL LTDA;05297480001190;PONTO NOVO;GASOLINA;24/09/2024;6,27;PETROX DISTRIBUIDORA
PETROX COMERCIAL LTDA;05297480001190;PONTO NOVO;GASOLINA;26/08/2024;6,49;PETROX DISTRIBUIDORA
PETROX COMERCIAL LTDA;05297480001190;PONTO NOVO;GASOLINA;28/10/2024;5,99;PETROX DISTRIBUIDORA
PETROX COMERCIAL LTDA;05297480001190;PONTO NOVO;GASOLINA;30/07/2024;6,53;PETROX DISTRIBUIDORA
PETROX COMERCIAL LTDA;05297480001190;PONTO NOVO;GASOLINA;30/09/2024;6,27;PETROX DISTRIBUIDORA
PETROX COMERCIAL LTDA;05297480001190;PONTO NOVO;GASOLINA ADITIVADA;03/09/2024;6,49;PETROX DISTRIBUIDORA
PETROX COMERCIAL LTDA;05297480001190;PONTO NOVO;GASOLINA ADITIVADA;06/08/2024;6,53;PETROX DISTRIBUIDORA
PETROX COMERCIAL LTDA;05297480001190;PONTO NOVO;GASOLINA ADITIVADA;07/10/2024;6,27;PETROX DISTRIBUIDORA
PETROX COMERCIAL LTDA;05297480001190;PONTO NOVO;GASOLINA ADITIVADA;09/09/2024;6,49;PETROX DISTRIBUIDORA
PETROX COMERCIAL LTDA;05297480001190;PONTO NOVO;GASOLINA ADITIVADA;10/07/2024;6,38;PETROX DISTRIBUIDORA
PETROX COMERCIAL LTDA;05297480001190;PONTO NOVO;GASOLINA ADITIVADA;12/08/2024;6,49;PETROX DISTRIBUIDORA
PETROX COMERCIAL LTDA;05297480001190;PONTO NOVO;GASOLINA ADITIVADA;15/10/2024;6,27;PETROX DISTRIBUIDORA
PETROX COMERCIAL LTDA;05297480001190;PONTO NOVO;GASOLINA ADITIVADA;17/07/2024;6,38;PETROX DISTRIBUIDORA
PETROX COMERCIAL LTDA;05297480001190;PONTO NOVO;GASOLINA ADITIVADA;17/09/2024;6,27;PETROX DISTRIBUIDORA
PETROX COMERCIAL LTDA;05297480001190;PONTO NOVO;GASOLINA ADITIVADA;19/08/2024;6,49;PETROX DISTRIBUIDORA
PETROX COMERCIAL LTDA;05297480001190;PONTO NOVO;GASOLINA ADITIVADA;21/10/2024;5,99;PETROX DISTRIBUIDORA
PETROX COMERCIAL LTDA;05297480001190;PONTO NOVO;GASOLINA ADITIVADA;23/07/2024;6,58;PETROX DISTRIBUIDORA
PETROX COMERCIAL LTDA;05297480001190;PONTO NOVO;GASOLINA ADITIVADA;24/09/2024;6,27;PETROX DISTRIBUIDORA
PETROX COMERCIAL LTDA;05297480001190;PONTO NOVO;GASOLINA ADITIVADA;26/08/2024;6,49;PETROX DISTRIBUIDORA
PETROX COMERCIAL LTDA;05297480001190;PONTO NOVO;GASOLINA ADITIVADA;28/10/2024;5,99;PETROX DISTRIBUIDORA
PETROX COMERCIAL LTDA;05297480001190;PONTO NOVO;GASOLINA ADITIVADA;30/07/2024;6,53;PETROX DISTRIBUIDORA
PETROX COMERCIAL LTDA;05297480001190;PONTO NOVO;GASOLINA ADITIVADA;30/09/2024;6,27;PETROX DISTRIBUIDORA
PETROX COMERCIAL LTDA;05297480002242;JABOTIANA;ETANOL;03/09/2024;4,89;PETROX DISTRIBUIDORA
PETROX COMERCIAL LTDA;05297480002242;JABOTIANA;ETANOL;06/08/2024;4,89;PETROX DISTRIBUIDORA
PETROX COMERCIAL LTDA;05297480002242;JABOTIANA;ETANOL;07/10/2024;4,57;PETROX DISTRIBUIDORA
PETROX COMERCIAL LTDA;05297480002242;JABOTIANA;ETANOL;09/09/2024;4,89;PETROX DISTRIBUIDORA
PETROX COMERCIAL LTDA;05297480002242;JABOTIANA;ETANOL;10/07/2024;4,89;PETROX DISTRIBUIDORA
PETROX COMERCIAL LTDA;05297480002242;JABOTIANA;ETANOL;12/08/2024;4,89;PETROX DISTRIBUIDORA
PETROX COMERCIAL LTDA;05297480002242;JABOTIANA;ETANOL;17/07/2024;4,89;PETROX DISTRIBUIDORA
PETROX COMERCIAL LTDA;05297480002242;JABOTIANA;ETANOL;17/09/2024;4,75;PETROX DISTRIBUIDORA
PETROX COMERCIAL LTDA;05297480002242;JABOTIANA;ETANOL;19/08/2024;4,89;PETROX DISTRIBUIDORA
PETROX COMERCIAL LTDA;05297480002242;JABOTIANA;ETANOL;23/07/2024;4,99;PETROX DISTRIBUIDORA
PETROX COMERCIAL LTDA;05297480002242;JABOTIANA;ETANOL;24/09/2024;4,75;PETROX DISTRIBUIDORA
PETROX COMERCIAL LTDA;05297480002242;JABOTIANA;ETANOL;26/08/2024;4,89;PETROX DISTRIBUIDORA
PETROX COMERCIAL LTDA;05297480002242;JABOTIANA;ETANOL;30/07/2024;4,89;PETROX DISTRIBUIDORA
PETROX COMERCIAL LTDA;05297480002242;JABOTIANA;ETANOL;30/09/2024;4,75;PETROX DISTRIBUIDORA
PETROX COMERCIAL LTDA;05297480002242;JABOTIANA;GASOLINA;03/09/2024;6,47;PETROX DISTRIBUIDORA
PETROX COMERCIAL LTDA;05297480002242;JABOTIANA;GASOLINA;06/08/2024;6,53;PETROX DISTRIBUIDORA
PETROX COMERCIAL LTDA;05297480002242;JABOTIANA;GASOLINA;07/10/2024;6,27;PETROX DISTRIBUIDORA
PETROX COMERCIAL LTDA;05297480002242;JABOTIANA;GASOLINA;09/09/2024;6,47;PETROX DISTRIBUIDORA
PETROX COMERCIAL LTDA;05297480002242;JABOTIANA;GASOLINA;10/07/2024;6,38;PETROX DISTRIBUIDORA
PETROX COMERCIAL LTDA;05297480002242;JABOTIANA;GASOLINA;12/08/2024;6,47;PETROX DISTRIBUIDORA
PETROX COMERCIAL LTDA;05297480002242;JABOTIANA;GASOLINA;17/07/2024;6,38;PETROX DISTRIBUIDORA
PETROX COMERCIAL LTDA;05297480002242;JABOTIANA;GASOLINA;17/09/2024;6,27;PETROX DISTRIBUIDORA
PETROX COMERCIAL LTDA;05297480002242;JABOTIANA;GASOLINA;19/08/2024;6,47;PETROX DISTRIBUIDORA
PETROX COMERCIAL LTDA;05297480002242;JABOTIANA;GASOLINA;23/07/2024;6,58;PETROX DISTRIBUIDORA
PETROX COMERCIAL LTDA;05297480002242;JABOTIANA;GASOLINA;24/09/2024;6,27;PETROX DISTRIBUIDORA
PETROX COMERCIAL LTDA;05297480002242;JABOTIANA;GASOLINA;26/08/2024;6,47;PETROX DISTRIBUIDORA
PETROX COMERCIAL LTDA;05297480002242;JABOTIANA;GASOLINA;30/07/2024;6,53;PETROX DISTRIBUIDORA
PETROX COMERCIAL LTDA;05297480002242;JABOTIANA;GASOLINA;30/09/2024;6,27;PETROX DISTRIBUIDORA
PETROX COMERCIAL LTDA;05297480002242;JABOTIANA;GASOLINA ADITIVADA;03/09/2024;6,47;PETROX DISTRIBUIDORA
PETROX COMERCIAL LTDA;05297480002242;JABOTIANA;GASOLINA ADITIVADA;06/08/2024;6,53;PETROX DISTRIBUIDORA
PETROX COMERCIAL LTDA;05297480002242;JABOTIANA;GASOLINA ADITIVADA;07/10/2024;6,27;PETROX DISTRIBUIDORA
PETROX COMERCIAL LTDA;05297480002242;JABOTIANA;GASOLINA ADITIVADA;09/09/2024;6,47;PETROX DISTRIBUIDORA
PETROX COMERCIAL LTDA;05297480002242;JABOTIANA;GASOLINA ADITIVADA;10/07/2024;6,38;PETROX DISTRIBUIDORA
PETROX COMERCIAL LTDA;05297480002242;JABOTIANA;GASOLINA ADITIVADA;12/08/2024;6,47;PETROX DISTRIBUIDORA
PETROX COMERCIAL LTDA;05297480002242;JABOTIANA;GASOLINA ADITIVADA;17/07/2024;6,38;PETROX DISTRIBUIDORA
PETROX COMERCIAL LTDA;05297480002242;JABOTIANA;GASOLINA ADITIVADA;17/09/2024;6,27;PETROX DISTRIBUIDORA
PETROX COMERCIAL LTDA;05297480002242;JABOTIANA;GASOLINA ADITIVADA;19/08/2024;6,47;PETROX DISTRIBUIDORA
PETROX COMERCIAL LTDA;05297480002242;JABOTIANA;GASOLINA ADITIVADA;23/07/2024;6,58;PETROX DISTRIBUIDORA
PETROX COMERCIAL LTDA;05297480002242;JABOTIANA;GASOLINA ADITIVADA;24/09/2024;6,27;PETROX DISTRIBUIDORA
PETROX COMERCIAL LTDA;05297480002242;JABOTIANA;GASOLINA ADITIVADA;26/08/2024;6,47;PETROX DISTRIBUIDORA
PETROX COMERCIAL LTDA;05297480002242;JABOTIANA;GASOLINA ADITIVADA;30/07/2024;6,53;PETROX DISTRIBUIDORA
PETROX COMERCIAL LTDA;05297480002242;JABOTIANA;GASOLINA ADITIVADA;30/09/2024;6,27;PETROX DISTRIBUIDORA
PETROX COMERCIAL LTDA;05297480002242;JABOTIANA;GNV;03/09/2024;4,99;PETROX DISTRIBUIDORA
PETROX COMERCIAL LTDA;05297480002242;JABOTIANA;GNV;06/08/2024;4,89;PETROX DISTRIBUIDORA
PETROX COMERCIAL LTDA;05297480002242;JABOTIANA;GNV;07/10/2024;4,99;PETROX DISTRIBUIDORA
PETROX COMERCIAL LTDA;05297480002242;JABOTIANA;GNV;09/09/2024;4,99;PETROX DISTRIBUIDORA
PETROX COMERCIAL LTDA;05297480002242;JABOTIANA;GNV;10/07/2024;4,89;PETROX DISTRIBUIDORA
PETROX COMERCIAL LTDA;05297480002242;JABOTIANA;GNV;12/08/2024;4,99;PETROX DISTRIBUIDORA
PETROX COMERCIAL LTDA;05297480002242;JABOTIANA;GNV;17/07/2024;4,89;PETROX DISTRIBUIDORA
PETROX COMERCIAL LTDA;05297480002242;JABOTIANA;GNV;17/09/2024;4,99;PETROX DISTRIBUIDORA
PETROX COMERCIAL LTDA;05297480002242;JABOTIANA;GNV;19/08/2024;4,99;PETROX DISTRIBUIDORA
PETROX COMERCIAL LTDA;05297480002242;JABOTIANA;GNV;23/07/2024;4,89;PETROX DISTRIBUIDORA
PETROX COMERCIAL LTDA;05297480002242;JABOTIANA;GNV;24/09/2024;4,99;PETROX DISTRIBUIDORA
PETROX COMERCIAL LTDA;05297480002242;JABOTIANA;GNV;26/08/2024;4,99;PETROX DISTRIBUIDORA
PETROX COMERCIAL LTDA;05297480002242;JABOTIANA;GNV;30/07/2024;4,89;PETROX DISTRIBUIDORA
PETROX COMERCIAL LTDA;05297480002242;JABOTIANA;GNV;30/09/2024;4,99;PETROX DISTRIBUIDORA
PETROX COMERCIAL LTDA;05297480002323;OLARIA;ETANOL;03/09/2024;4,89;VIBRA
PETROX COMERCIAL LTDA;05297480002323;OLARIA;ETANOL;06/08/2024;4,89;VIBRA
PETROX COMERCIAL LTDA;05297480002323;OLARIA;ETANOL;07/10/2024;4,57;VIBRA
PETROX COMERCIAL LTDA;05297480002323;OLARIA;ETANOL;09/09/2024;4,89;VIBRA
PETROX COMERCIAL LTDA;05297480002323;OLARIA;ETANOL;12/08/2024;4,89;VIBRA
PETROX COMERCIAL LTDA;05297480002323;OLARIA;ETANOL;16/07/2024;4,89;VIBRA
PETROX COMERCIAL LTDA;05297480002323;OLARIA;ETANOL;17/09/2024;4,75;VIBRA
PETROX COMERCIAL LTDA;05297480002323;OLARIA;ETANOL;19/08/2024;4,89;VIBRA
PETROX COMERCIAL LTDA;05297480002323;OLARIA;ETANOL;22/07/2024;4,89;VIBRA
PETROX COMERCIAL LTDA;05297480002323;OLARIA;ETANOL;24/09/2024;4,75;VIBRA
PETROX COMERCIAL LTDA;05297480002323;OLARIA;ETANOL;26/08/2024;4,89;VIBRA
PETROX COMERCIAL LTDA;05297480002323;OLARIA;ETANOL;29/07/2024;4,89;VIBRA
PETROX COMERCIAL LTDA;05297480002323;OLARIA;ETANOL;30/09/2024;4,75;VIBRA
PETROX COMERCIAL LTDA;05297480002323;OLARIA;GASOLINA;03/09/2024;6,49;VIBRA
PETROX COMERCIAL LTDA;05297480002323;OLARIA;GASOLINA;06/08/2024;6,53;VIBRA
PETROX COMERCIAL LTDA;05297480002323;OLARIA;GASOLINA;07/10/2024;6,27;VIBRA
PETROX COMERCIAL LTDA;05297480002323;OLARIA;GASOLINA;09/09/2024;6,49;VIBRA
PETROX COMERCIAL LTDA;05297480002323;OLARIA;GASOLINA;12/08/2024;6,49;VIBRA
PETROX COMERCIAL LTDA;05297480002323;OLARIA;GASOLINA;16/07/2024;6,37;VIBRA
PETROX COMERCIAL LTDA;05297480002323;OLARIA;GASOLINA;17/09/2024;6,27;VIBRA
PETROX COMERCIAL LTDA;05297480002323;OLARIA;GASOLINA;19/08/2024;6,49;VIBRA
PETROX COMERCIAL LTDA;05297480002323;OLARIA;GASOLINA;22/07/2024;6,37;VIBRA
PETROX COMERCIAL LTDA;05297480002323;OLARIA;GASOLINA;24/09/2024;6,27;VIBRA
PETROX COMERCIAL LTDA;05297480002323;OLARIA;GASOLINA;26/08/2024;6,49;VIBRA
PETROX COMERCIAL LTDA;05297480002323;OLARIA;GASOLINA;29/07/2024;6,53;VIBRA
PETROX COMERCIAL LTDA;05297480002323;OLARIA;GASOLINA;30/09/2024;6,27;VIBRA
PETROX COMERCIAL LTDA;05297480002323;OLARIA;GASOLINA ADITIVADA;03/09/2024;6,49;VIBRA
PETROX COMERCIAL LTDA;05297480002323;OLARIA;GASOLINA ADITIVADA;06/08/2024;6,53;VIBRA
PETROX COMERCIAL LTDA;05297480002323;OLARIA;GASOLINA ADITIVADA;07/10/2024;6,27;VIBRA
PETROX COMERCIAL LTDA;05297480002323;OLARIA;GASOLINA ADITIVADA;09/09/2024;6,49;VIBRA
PETROX COMERCIAL LTDA;05297480002323;OLARIA;GASOLINA ADITIVADA;12/08/2024;6,49;VIBRA
PETROX COMERCIAL LTDA;05297480002323;OLARIA;GASOLINA ADITIVADA;16/07/2024;6,37;VIBRA
PETROX COMERCIAL LTDA;05297480002323;OLARIA;GASOLINA ADITIVADA;17/09/2024;6,27;VIBRA
PETROX COMERCIAL LTDA;05297480002323;OLARIA;GASOLINA ADITIVADA;19/08/2024;6,49;VIBRA
PETROX COMERCIAL LTDA;05297480002323;OLARIA;GASOLINA ADITIVADA;22/07/2024;6,37;VIBRA
PETROX COMERCIAL LTDA;05297480002323;OLARIA;GASOLINA ADITIVADA;24/09/2024;6,27;VIBRA
PETROX COMERCIAL LTDA;05297480002323;OLARIA;GASOLINA ADITIVADA;26/08/2024;6,49;VIBRA
PETROX COMERCIAL LTDA;05297480002323;OLARIA;GASOLINA ADITIVADA;29/07/2024;6,53;VIBRA
PETROX COMERCIAL LTDA;05297480002323;OLARIA;GASOLINA ADITIVADA;30/09/2024;6,27;VIBRA
PETROX COMERCIAL LTDA;05297480002323;OLARIA;GNV;03/09/2024;4,99;VIBRA
PETROX COMERCIAL LTDA;05297480002323;OLARIA;GNV;06/08/2024;4,89;VIBRA
PETROX COMERCIAL LTDA;05297480002323;OLARIA;GNV;07/10/2024;4,80;VIBRA
PETROX COMERCIAL LTDA;05297480002323;OLARIA;GNV;09/09/2024;4,99;VIBRA
PETROX COMERCIAL LTDA;05297480002323;OLARIA;GNV;12/08/2024;4,99;VIBRA
PETROX COMERCIAL LTDA;05297480002323;OLARIA;GNV;16/07/2024;4,89;VIBRA
PETROX COMERCIAL LTDA;05297480002323;OLARIA;GNV;17/09/2024;4,99;VIBRA
PETROX COMERCIAL LTDA;05297480002323;OLARIA;GNV;19/08/2024;4,99;VIBRA
PETROX COMERCIAL LTDA;05297480002323;OLARIA;GNV;22/07/2024;4,89;VIBRA
PETROX COMERCIAL LTDA;05297480002323;OLARIA;GNV;24/09/2024;4,99;VIBRA
PETROX COMERCIAL LTDA;05297480002323;OLARIA;GNV;26/08/2024;4,99;VIBRA
PETROX COMERCIAL LTDA;05297480002323;OLARIA;GNV;29/07/2024;4,89;VIBRA
PETROX COMERCIAL LTDA;05297480002323;OLARIA;GNV;30/09/2024;4,80;VIBRA
RPB AUTO POSTO LTDA;07075892000643;JABOTIANA;GASOLINA;03/09/2024;6,48;VIBRA
RPB AUTO POSTO LTDA;07075892000643;JABOTIANA;GASOLINA;06/08/2024;6,49;VIBRA
RPB AUTO POSTO LTDA;07075892000643;JABOTIANA;GASOLINA;07/10/2024;6,25;VIBRA
RPB AUTO POSTO LTDA;07075892000643;JABOTIANA;GASOLINA;09/09/2024;6,48;VIBRA
RPB AUTO POSTO LTDA;07075892000643;JABOTIANA;GASOLINA;10/07/2024;6,37;VIBRA
RPB AUTO POSTO LTDA;07075892000643;JABOTIANA;GASOLINA;12/08/2024;6,48;VIBRA
RPB AUTO POSTO LTDA;07075892000643;JABOTIANA;GASOLINA;17/07/2024;6,37;VIBRA
RPB AUTO POSTO LTDA;07075892000643;JABOTIANA;GASOLINA;17/09/2024;6,27;VIBRA
RPB AUTO POSTO LTDA;07075892000643;JABOTIANA;GASOLINA;19/08/2024;6,48;VIBRA
RPB AUTO POSTO LTDA;07075892000643;JABOTIANA;GASOLINA;23/07/2024;6,56;VIBRA
RPB AUTO POSTO LTDA;07075892000643;JABOTIANA;GASOLINA;24/09/2024;6,25;VIBRA
RPB AUTO POSTO LTDA;07075892000643;JABOTIANA;GASOLINA;26/08/2024;6,48;VIBRA
RPB AUTO POSTO LTDA;07075892000643;JABOTIANA;GASOLINA;30/07/2024;6,49;VIBRA
RPB AUTO POSTO LTDA;07075892000643;JABOTIANA;GASOLINA;30/09/2024;6,25;VIBRA
RPB AUTO POSTO LTDA;07075892000643;JABOTIANA;GASOLINA ADITIVADA;03/09/2024;6,68;VIBRA
RPB AUTO POSTO LTDA;07075892000643;JABOTIANA;GASOLINA ADITIVADA;06/08/2024;6,69;VIBRA
RPB AUTO POSTO LTDA;07075892000643;JABOTIANA;GASOLINA ADITIVADA;07/10/2024;6,45;VIBRA
RPB AUTO POSTO LTDA;07075892000643;JABOTIANA;GASOLINA ADITIVADA;09/09/2024;6,68;VIBRA
RPB AUTO POSTO LTDA;07075892000643;JABOTIANA;GASOLINA ADITIVADA;10/07/2024;6,57;VIBRA
RPB AUTO POSTO LTDA;07075892000643;JABOTIANA;GASOLINA ADITIVADA;12/08/2024;6,68;VIBRA
RPB AUTO POSTO LTDA;07075892000643;JABOTIANA;GASOLINA ADITIVADA;17/07/2024;6,57;VIBRA
RPB AUTO POSTO LTDA;07075892000643;JABOTIANA;GASOLINA ADITIVADA;17/09/2024;6,47;VIBRA
RPB AUTO POSTO LTDA;07075892000643;JABOTIANA;GASOLINA ADITIVADA;19/08/2024;6,68;VIBRA
RPB AUTO POSTO LTDA;07075892000643;JABOTIANA;GASOLINA ADITIVADA;23/07/2024;6,76;VIBRA
RPB AUTO POSTO LTDA;07075892000643;JABOTIANA;GASOLINA ADITIVADA;24/09/2024;6,45;VIBRA
RPB AUTO POSTO LTDA;07075892000643;JABOTIANA;GASOLINA ADITIVADA;26/08/2024;6,68;VIBRA
RPB AUTO POSTO LTDA;07075892000643;JABOTIANA;GASOLINA ADITIVADA;30/07/2024;6,69;VIBRA
RPB AUTO POSTO LTDA;07075892000643;JABOTIANA;GASOLINA ADITIVADA;30/09/2024;6,45;VIBRA
RPB AUTO POSTO LTDA;07075892000643;JABOTIANA;GNV;03/09/2024;4,99;VIBRA
RPB AUTO POSTO LTDA;07075892000643;JABOTIANA;GNV;06/08/2024;4,89;VIBRA
RPB AUTO POSTO LTDA;07075892000643;JABOTIANA;GNV;07/10/2024;4,80;VIBRA
RPB AUTO POSTO LTDA;07075892000643;JABOTIANA;GNV;09/09/2024;4,99;VIBRA
RPB AUTO POSTO LTDA;07075892000643;JABOTIANA;GNV;10/07/2024;4,89;VIBRA
RPB AUTO POSTO LTDA;07075892000643;JABOTIANA;GNV;12/08/2024;4,99;VIBRA
RPB AUTO POSTO LTDA;07075892000643;JABOTIANA;GNV;17/07/2024;4,89;VIBRA
RPB AUTO POSTO LTDA;07075892000643;JABOTIANA;GNV;17/09/2024;4,80;VIBRA
RPB AUTO POSTO LTDA;07075892000643;JABOTIANA;GNV;19/08/2024;4,80;VIBRA
RPB AUTO POSTO LTDA;07075892000643;JABOTIANA;GNV;23/07/2024;4,89;VIBRA
RPB AUTO POSTO LTDA;07075892000643;JABOTIANA;GNV;24/09/2024;4,80;VIBRA
RPB AUTO POSTO LTDA;07075892000643;JABOTIANA;GNV;26/08/2024;4,99;VIBRA
RPB AUTO POSTO LTDA;07075892000643;JABOTIANA;GNV;30/07/2024;4,89;VIBRA
RPB AUTO POSTO LTDA;07075892000643;JABOTIANA;GNV;30/09/2024;4,80;VIBRA
RPB AUTO POSTO LTDA;07075892000805;GRAGERU;GASOLINA;03/09/2024;6,48;VIBRA
RPB AUTO POSTO LTDA;07075892000805;GRAGERU;GASOLINA;06/08/2024;6,49;VIBRA
RPB AUTO POSTO LTDA;07075892000805;GRAGERU;GASOLINA;07/10/2024;6,27;VIBRA
RPB AUTO POSTO LTDA;07075892000805;GRAGERU;GASOLINA;09/09/2024;6,48;VIBRA
RPB AUTO POSTO LTDA;07075892000805;GRAGERU;GASOLINA;10/07/2024;6,38;VIBRA
RPB AUTO POSTO LTDA;07075892000805;GRAGERU;GASOLINA;12/08/2024;6,48;VIBRA
RPB AUTO POSTO LTDA;07075892000805;GRAGERU;GASOLINA;17/07/2024;6,38;VIBRA
RPB AUTO POSTO LTDA;07075892000805;GRAGERU;GASOLINA;17/09/2024;6,28;VIBRA
RPB AUTO POSTO LTDA;07075892000805;GRAGERU;GASOLINA;19/08/2024;6,48;VIBRA
RPB AUTO POSTO LTDA;07075892000805;GRAGERU;GASOLINA;23/07/2024;6,57;VIBRA
RPB AUTO POSTO LTDA;07075892000805;GRAGERU;GASOLINA;24/09/2024;6,27;VIBRA
RPB AUTO POSTO LTDA;07075892000805;GRAGERU;GASOLINA;26/08/2024;6,48;VIBRA
RPB AUTO POSTO LTDA;07075892000805;GRAGERU;GASOLINA;30/07/2024;6,49;VIBRA
RPB AUTO POSTO LTDA;07075892000805;GRAGERU;GASOLINA;30/09/2024;6,27;VIBRA
RPB AUTO POSTO LTDA;07075892000805;GRAGERU;GASOLINA ADITIVADA;03/09/2024;6,68;VIBRA
RPB AUTO POSTO LTDA;07075892000805;GRAGERU;GASOLINA ADITIVADA;06/08/2024;6,69;VIBRA
RPB AUTO POSTO LTDA;07075892000805;GRAGERU;GASOLINA ADITIVADA;07/10/2024;6,47;VIBRA
RPB AUTO POSTO LTDA;07075892000805;GRAGERU;GASOLINA ADITIVADA;09/09/2024;6,68;VIBRA
RPB AUTO POSTO LTDA;07075892000805;GRAGERU;GASOLINA ADITIVADA;10/07/2024;6,58;VIBRA
RPB AUTO POSTO LTDA;07075892000805;GRAGERU;GASOLINA ADITIVADA;12/08/2024;6,68;VIBRA
RPB AUTO POSTO LTDA;07075892000805;GRAGERU;GASOLINA ADITIVADA;17/07/2024;6,58;VIBRA
RPB AUTO POSTO LTDA;07075892000805;GRAGERU;GASOLINA ADITIVADA;17/09/2024;6,48;VIBRA
RPB AUTO POSTO LTDA;07075892000805;GRAGERU;GASOLINA ADITIVADA;19/08/2024;6,68;VIBRA
RPB AUTO POSTO LTDA;07075892000805;GRAGERU;GASOLINA ADITIVADA;23/07/2024;6,77;VIBRA
RPB AUTO POSTO LTDA;07075892000805;GRAGERU;GASOLINA ADITIVADA;24/09/2024;6,47;VIBRA
RPB AUTO POSTO LTDA;07075892000805;GRAGERU;GASOLINA ADITIVADA;26/08/2024;6,68;VIBRA
RPB AUTO POSTO LTDA;07075892000805;GRAGERU;GASOLINA ADITIVADA;30/07/2024;6,69;VIBRA
RPB AUTO POSTO LTDA;07075892000805;GRAGERU;GASOLINA ADITIVADA;30/09/2024;6,47;VIBRA
RPB AUTO POSTO LTDA;07075892001100;SAO JOSE DOS NAUFRAGOS;GASOLINA;03/09/2024;6,47;VIBRA
RPB AUTO POSTO LTDA;07075892001100;SAO JOSE DOS NAUFRAGOS;GASOLINA;06/08/2024;6,49;VIBRA
RPB AUTO POSTO LTDA;07075892001100;SAO JOSE DOS NAUFRAGOS;GASOLINA;07/10/2024;6,27;VIBRA
RPB AUTO POSTO LTDA;07075892001100;SAO JOSE DOS NAUFRAGOS;GASOLINA;09/09/2024;6,47;VIBRA
RPB AUTO POSTO LTDA;07075892001100;SAO JOSE DOS NAUFRAGOS;GASOLINA;10/07/2024;6,39;VIBRA
RPB AUTO POSTO LTDA;07075892001100;SAO JOSE DOS NAUFRAGOS;GASOLINA;12/08/2024;6,47;VIBRA
RPB AUTO POSTO LTDA;07075892001100;SAO JOSE DOS NAUFRAGOS;GASOLINA;15/10/2024;6,27;VIBRA
RPB AUTO POSTO LTDA;07075892001100;SAO JOSE DOS NAUFRAGOS;GASOLINA;17/07/2024;6,39;VIBRA
RPB AUTO POSTO LTDA;07075892001100;SAO JOSE DOS NAUFRAGOS;GASOLINA;17/09/2024;6,27;VIBRA
RPB AUTO POSTO LTDA;07075892001100;SAO JOSE DOS NAUFRAGOS;GASOLINA;19/08/2024;6,47;VIBRA
RPB AUTO POSTO LTDA;07075892001100;SAO JOSE DOS NAUFRAGOS;GASOLINA;21/10/2024;5,99;VIBRA
RPB AUTO POSTO LTDA;07075892001100;SAO JOSE DOS NAUFRAGOS;GASOLINA;23/07/2024;6,58;VIBRA
RPB AUTO POSTO LTDA;07075892001100;SAO JOSE DOS NAUFRAGOS;GASOLINA;24/09/2024;6,27;VIBRA
RPB AUTO POSTO LTDA;07075892001100;SAO JOSE DOS NAUFRAGOS;GASOLINA;26/08/2024;6,47;VIBRA
RPB AUTO POSTO LTDA;07075892001100;SAO JOSE DOS NAUFRAGOS;GASOLINA;28/10/2024;5,99;VIBRA
RPB AUTO POSTO LTDA;07075892001100;SAO JOSE DOS NAUFRAGOS;GASOLINA;30/07/2024;6,50;VIBRA
RPB AUTO POSTO LTDA;07075892001100;SAO JOSE DOS NAUFRAGOS;GASOLINA;30/09/2024;6,27;VIBRA
RPB AUTO POSTO LTDA;07075892001100;SAO JOSE DOS NAUFRAGOS;GASOLINA ADITIVADA;03/09/2024;6,67;VIBRA
RPB AUTO POSTO LTDA;07075892001100;SAO JOSE DOS NAUFRAGOS;GASOLINA ADITIVADA;06/08/2024;6,69;VIBRA
RPB AUTO POSTO LTDA;07075892001100;SAO JOSE DOS NAUFRAGOS;GASOLINA ADITIVADA;07/10/2024;6,47;VIBRA
RPB AUTO POSTO LTDA;07075892001100;SAO JOSE DOS NAUFRAGOS;GASOLINA ADITIVADA;09/09/2024;6,67;VIBRA
RPB AUTO POSTO LTDA;07075892001100;SAO JOSE DOS NAUFRAGOS;GASOLINA ADITIVADA;10/07/2024;6,59;VIBRA
RPB AUTO POSTO LTDA;07075892001100;SAO JOSE DOS NAUFRAGOS;GASOLINA ADITIVADA;12/08/2024;6,67;VIBRA
RPB AUTO POSTO LTDA;07075892001100;SAO JOSE DOS NAUFRAGOS;GASOLINA ADITIVADA;15/10/2024;6,47;VIBRA
RPB AUTO POSTO LTDA;07075892001100;SAO JOSE DOS NAUFRAGOS;GASOLINA ADITIVADA;17/07/2024;6,59;VIBRA
RPB AUTO POSTO LTDA;07075892001100;SAO JOSE DOS NAUFRAGOS;GASOLINA ADITIVADA;17/09/2024;6,47;VIBRA
RPB AUTO POSTO LTDA;07075892001100;SAO JOSE DOS NAUFRAGOS;GASOLINA ADITIVADA;19/08/2024;6,67;VIBRA
RPB AUTO POSTO LTDA;07075892001100;SAO JOSE DOS NAUFRAGOS;GASOLINA ADITIVADA;21/10/2024;6,19;VIBRA
RPB AUTO POSTO LTDA;07075892001100;SAO JOSE DOS NAUFRAGOS;GASOLINA ADITIVADA;23/07/2024;6,78;VIBRA
RPB AUTO POSTO LTDA;07075892001100;SAO JOSE DOS NAUFRAGOS;GASOLINA ADITIVADA;24/09/2024;6,47;VIBRA
RPB AUTO POSTO LTDA;07075892001100;SAO JOSE DOS NAUFRAGOS;GASOLINA ADITIVADA;26/08/2024;6,67;VIBRA
RPB AUTO POSTO LTDA;07075892001100;SAO JOSE DOS NAUFRAGOS;GASOLINA ADITIVADA;28/10/2024;6,19;VIBRA
RPB AUTO POSTO LTDA;07075892001100;SAO JOSE DOS NAUFRAGOS;GASOLINA ADITIVADA;30/07/2024;6,70;VIBRA
RPB AUTO POSTO LTDA;07075892001100;SAO JOSE DOS NAUFRAGOS;GASOLINA ADITIVADA;30/09/2024;6,47;VIBRA
ALPHA COMERCIAL DE COMBUSTIVEIS LTDA;08297710000803;SALGADO FILHO;DIESEL S10;04/03/2026;6,19;VIBRA
ALPHA COMERCIAL DE COMBUSTIVEIS LTDA;08297710000803;SALGADO FILHO;DIESEL S10;09/03/2026;6,69;VIBRA
ALPHA COMERCIAL DE COMBUSTIVEIS LTDA;08297710000803;SALGADO FILHO;ETANOL;03/02/2025;4,99;VIBRA
ALPHA COMERCIAL DE COMBUSTIVEIS LTDA;08297710000803;SALGADO FILHO;ETANOL;03/03/2025;4,99;VIBRA
ALPHA COMERCIAL DE COMBUSTIVEIS LTDA;08297710000803;SALGADO FILHO;ETANOL;03/06/2025;4,99;VIBRA
ALPHA COMERCIAL DE COMBUSTIVEIS LTDA;08297710000803;SALGADO FILHO;ETANOL;03/09/2024;4,98;VIBRA
ALPHA COMERCIAL DE COMBUSTIVEIS LTDA;08297710000803;SALGADO FILHO;ETANOL;03/12/2024;4,59;VIBRA
ALPHA COMERCIAL DE COMBUSTIVEIS LTDA;08297710000803;SALGADO FILHO;ETANOL;04/11/2024;4,59;VIBRA
ALPHA COMERCIAL DE COMBUSTIVEIS LTDA;08297710000803;SALGADO FILHO;ETANOL;05/05/2025;4,89;VIBRA
ALPHA COMERCIAL DE COMBUSTIVEIS LTDA;08297710000803;SALGADO FILHO;ETANOL;06/01/2025;4,49;VIBRA
ALPHA COMERCIAL DE COMBUSTIVEIS LTDA;08297710000803;SALGADO FILHO;ETANOL;06/08/2024;4,98;VIBRA
ALPHA COMERCIAL DE COMBUSTIVEIS LTDA;08297710000803;SALGADO FILHO;ETANOL;07/10/2024;4,79;VIBRA
ALPHA COMERCIAL DE COMBUSTIVEIS LTDA;08297710000803;SALGADO FILHO;ETANOL;08/04/2025;4,99;VIBRA
ALPHA COMERCIAL DE COMBUSTIVEIS LTDA;08297710000803;SALGADO FILHO;ETANOL;09/06/2025;4,99;VIBRA
ALPHA COMERCIAL DE COMBUSTIVEIS LTDA;08297710000803;SALGADO FILHO;ETANOL;09/09/2024;4,98;VIBRA
ALPHA COMERCIAL DE COMBUSTIVEIS LTDA;08297710000803;SALGADO FILHO;ETANOL;09/12/2024;4,49;VIBRA
ALPHA COMERCIAL DE COMBUSTIVEIS LTDA;08297710000803;SALGADO FILHO;ETANOL;10/07/2024;4,98;VIBRA
ALPHA COMERCIAL DE COMBUSTIVEIS LTDA;08297710000803;SALGADO FILHO;ETANOL;11/02/2025;4,99;VIBRA
ALPHA COMERCIAL DE COMBUSTIVEIS LTDA;08297710000803;SALGADO FILHO;ETANOL;11/03/2025;4,99;VIBRA
ALPHA COMERCIAL DE COMBUSTIVEIS LTDA;08297710000803;SALGADO FILHO;ETANOL;11/11/2024;4,59;VIBRA
ALPHA COMERCIAL DE COMBUSTIVEIS LTDA;08297710000803;SALGADO FILHO;ETANOL;12/05/2025;4,89;VIBRA
ALPHA COMERCIAL DE COMBUSTIVEIS LTDA;08297710000803;SALGADO FILHO;ETANOL;12/08/2024;4,98;VIBRA
ALPHA COMERCIAL DE COMBUSTIVEIS LTDA;08297710000803;SALGADO FILHO;ETANOL;13/01/2025;4,69;VIBRA
ALPHA COMERCIAL DE COMBUSTIVEIS LTDA;08297710000803;SALGADO FILHO;ETANOL;15/04/2025;4,89;VIBRA
ALPHA COMERCIAL DE COMBUSTIVEIS LTDA;08297710000803;SALGADO FILHO;ETANOL;15/10/2024;4,79;VIBRA
ALPHA COMERCIAL DE COMBUSTIVEIS LTDA;08297710000803;SALGADO FILHO;ETANOL;16/06/2025;4,99;VIBRA
ALPHA COMERCIAL DE COMBUSTIVEIS LTDA;08297710000803;SALGADO FILHO;ETANOL;16/12/2024;4,39;VIBRA
ALPHA COMERCIAL DE COMBUSTIVEIS LTDA;08297710000803;SALGADO FILHO;ETANOL;17/07/2024;4,99;VIBRA
ALPHA COMERCIAL DE COMBUSTIVEIS LTDA;08297710000803;SALGADO FILHO;ETANOL;17/09/2024;4,98;VIBRA
ALPHA COMERCIAL DE COMBUSTIVEIS LTDA;08297710000803;SALGADO FILHO;ETANOL;18/02/2025;4,99;VIBRA
ALPHA COMERCIAL DE COMBUSTIVEIS LTDA;08297710000803;SALGADO FILHO;ETANOL;18/03/2025;4,99;VIBRA
ALPHA COMERCIAL DE COMBUSTIVEIS LTDA;08297710000803;SALGADO FILHO;ETANOL;18/11/2024;4,79;VIBRA
ALPHA COMERCIAL DE COMBUSTIVEIS LTDA;08297710000803;SALGADO FILHO;ETANOL;19/05/2025;4,99;VIBRA
ALPHA COMERCIAL DE COMBUSTIVEIS LTDA;08297710000803;SALGADO FILHO;ETANOL;19/08/2024;4,98;VIBRA
ALPHA COMERCIAL DE COMBUSTIVEIS LTDA;08297710000803;SALGADO FILHO;ETANOL;20/01/2025;4,79;VIBRA
ALPHA COMERCIAL DE COMBUSTIVEIS LTDA;08297710000803;SALGADO FILHO;ETANOL;21/10/2024;4,59;VIBRA
ALPHA COMERCIAL DE COMBUSTIVEIS LTDA;08297710000803;SALGADO FILHO;ETANOL;22/04/2025;4,89;VIBRA
ALPHA COMERCIAL DE COMBUSTIVEIS LTDA;08297710000803;SALGADO FILHO;ETANOL;23/07/2024;4,99;VIBRA
ALPHA COMERCIAL DE COMBUSTIVEIS LTDA;08297710000803;SALGADO FILHO;ETANOL;23/12/2024;4,39;VIBRA
ALPHA COMERCIAL DE COMBUSTIVEIS LTDA;08297710000803;SALGADO FILHO;ETANOL;24/06/2025;4,99;VIBRA
ALPHA COMERCIAL DE COMBUSTIVEIS LTDA;08297710000803;SALGADO FILHO;ETANOL;24/09/2024;4,89;VIBRA
ALPHA COMERCIAL DE COMBUSTIVEIS LTDA;08297710000803;SALGADO FILHO;ETANOL;25/02/2025;4,99;VIBRA
ALPHA COMERCIAL DE COMBUSTIVEIS LTDA;08297710000803;SALGADO FILHO;ETANOL;25/03/2025;4,99;VIBRA
ALPHA COMERCIAL DE COMBUSTIVEIS LTDA;08297710000803;SALGADO FILHO;ETANOL;25/11/2024;4,79;VIBRA
ALPHA COMERCIAL DE COMBUSTIVEIS LTDA;08297710000803;SALGADO FILHO;ETANOL;26/08/2024;4,98;VIBRA
ALPHA COMERCIAL DE COMBUSTIVEIS LTDA;08297710000803;SALGADO FILHO;ETANOL;27/05/2025;4,99;VIBRA
ALPHA COMERCIAL DE COMBUSTIVEIS LTDA;08297710000803;SALGADO FILHO;ETANOL;28/01/2025;4,79;VIBRA
ALPHA COMERCIAL DE COMBUSTIVEIS LTDA;08297710000803;SALGADO FILHO;ETANOL;28/10/2024;4,59;VIBRA
ALPHA COMERCIAL DE COMBUSTIVEIS LTDA;08297710000803;SALGADO FILHO;ETANOL;29/04/2025;4,89;VIBRA
ALPHA COMERCIAL DE COMBUSTIVEIS LTDA;08297710000803;SALGADO FILHO;ETANOL;30/06/2025;4,99;VIBRA
ALPHA COMERCIAL DE COMBUSTIVEIS LTDA;08297710000803;SALGADO FILHO;ETANOL;30/07/2024;4,98;VIBRA
ALPHA COMERCIAL DE COMBUSTIVEIS LTDA;08297710000803;SALGADO FILHO;ETANOL;30/09/2024;4,89;VIBRA
ALPHA COMERCIAL DE COMBUSTIVEIS LTDA;08297710000803;SALGADO FILHO;ETANOL;30/12/2024;4,39;VIBRA
ALPHA COMERCIAL DE COMBUSTIVEIS LTDA;08297710000803;SALGADO FILHO;ETANOL;31/03/2025;4,99;VIBRA
ALPHA COMERCIAL DE COMBUSTIVEIS LTDA;08297710000803;SALGADO FILHO;GASOLINA;02/06/2026;7,19;VIBRA
ALPHA COMERCIAL DE COMBUSTIVEIS LTDA;08297710000803;SALGADO FILHO;GASOLINA;03/02/2025;6,59;VIBRA
ALPHA COMERCIAL DE COMBUSTIVEIS LTDA;08297710000803;SALGADO FILHO;GASOLINA;03/03/2025;6,69;VIBRA
ALPHA COMERCIAL DE COMBUSTIVEIS LTDA;08297710000803;SALGADO FILHO;GASOLINA;03/06/2025;6,69;VIBRA
ALPHA COMERCIAL DE COMBUSTIVEIS LTDA;08297710000803;SALGADO FILHO;GASOLINA;03/09/2024;6,48;VIBRA
ALPHA COMERCIAL DE COMBUSTIVEIS LTDA;08297710000803;SALGADO FILHO;GASOLINA;03/12/2024;6,37;VIBRA
ALPHA COMERCIAL DE COMBUSTIVEIS LTDA;08297710000803;SALGADO FILHO;GASOLINA;04/03/2026;6,59;VIBRA
ALPHA COMERCIAL DE COMBUSTIVEIS LTDA;08297710000803;SALGADO FILHO;GASOLINA;04/05/2026;7,29;VIBRA
ALPHA COMERCIAL DE COMBUSTIVEIS LTDA;08297710000803;SALGADO FILHO;GASOLINA;04/11/2024;6,08;VIBRA
ALPHA COMERCIAL DE COMBUSTIVEIS LTDA;08297710000803;SALGADO FILHO;GASOLINA;05/05/2025;6,69;VIBRA
ALPHA COMERCIAL DE COMBUSTIVEIS LTDA;08297710000803;SALGADO FILHO;GASOLINA;06/01/2025;6,37;VIBRA
ALPHA COMERCIAL DE COMBUSTIVEIS LTDA;08297710000803;SALGADO FILHO;GASOLINA;06/08/2024;6,53;VIBRA
ALPHA COMERCIAL DE COMBUSTIVEIS LTDA;08297710000803;SALGADO FILHO;GASOLINA;07/04/2026;7,29;VIBRA
ALPHA COMERCIAL DE COMBUSTIVEIS LTDA;08297710000803;SALGADO FILHO;GASOLINA;07/10/2024;6,28;VIBRA
ALPHA COMERCIAL DE COMBUSTIVEIS LTDA;08297710000803;SALGADO FILHO;GASOLINA;08/04/2025;6,69;VIBRA
ALPHA COMERCIAL DE COMBUSTIVEIS LTDA;08297710000803;SALGADO FILHO;GASOLINA;08/06/2026;7,19;VIBRA
ALPHA COMERCIAL DE COMBUSTIVEIS LTDA;08297710000803;SALGADO FILHO;GASOLINA;09/03/2026;6,89;VIBRA
ALPHA COMERCIAL DE COMBUSTIVEIS LTDA;08297710000803;SALGADO FILHO;GASOLINA;09/06/2025;6,69;VIBRA
ALPHA COMERCIAL DE COMBUSTIVEIS LTDA;08297710000803;SALGADO FILHO;GASOLINA;09/09/2024;6,48;VIBRA
ALPHA COMERCIAL DE COMBUSTIVEIS LTDA;08297710000803;SALGADO FILHO;GASOLINA;09/12/2024;6,37;VIBRA
ALPHA COMERCIAL DE COMBUSTIVEIS LTDA;08297710000803;SALGADO FILHO;GASOLINA;10/02/2026;6,59;VIBRA
ALPHA COMERCIAL DE COMBUSTIVEIS LTDA;08297710000803;SALGADO FILHO;GASOLINA;10/07/2024;6,38;VIBRA
ALPHA COMERCIAL DE COMBUSTIVEIS LTDA;08297710000803;SALGADO FILHO;GASOLINA;11/02/2025;6,69;VIBRA
ALPHA COMERCIAL DE COMBUSTIVEIS LTDA;08297710000803;SALGADO FILHO;GASOLINA;11/03/2025;6,69;VIBRA
ALPHA COMERCIAL DE COMBUSTIVEIS LTDA;08297710000803;SALGADO FILHO;GASOLINA;11/11/2024;6,08;VIBRA
ALPHA COMERCIAL DE COMBUSTIVEIS LTDA;08297710000803;SALGADO FILHO;GASOLINA;12/05/2025;6,69;VIBRA
ALPHA COMERCIAL DE COMBUSTIVEIS LTDA;08297710000803;SALGADO FILHO;GASOLINA;12/05/2026;7,59;VIBRA
ALPHA COMERCIAL DE COMBUSTIVEIS LTDA;08297710000803;SALGADO FILHO;GASOLINA;12/08/2024;6,48;VIBRA
ALPHA COMERCIAL DE COMBUSTIVEIS LTDA;08297710000803;SALGADO FILHO;GASOLINA;13/01/2025;6,49;VIBRA
ALPHA COMERCIAL DE COMBUSTIVEIS LTDA;08297710000803;SALGADO FILHO;GASOLINA;13/01/2026;6,59;VIBRA
ALPHA COMERCIAL DE COMBUSTIVEIS LTDA;08297710000803;SALGADO FILHO;GASOLINA;14/04/2026;7,29;VIBRA
ALPHA COMERCIAL DE COMBUSTIVEIS LTDA;08297710000803;SALGADO FILHO;GASOLINA;15/04/2025;6,59;VIBRA
ALPHA COMERCIAL DE COMBUSTIVEIS LTDA;08297710000803;SALGADO FILHO;GASOLINA;15/10/2024;6,28;VIBRA
ALPHA COMERCIAL DE COMBUSTIVEIS LTDA;08297710000803;SALGADO FILHO;GASOLINA;16/06/2025;6,69;VIBRA
ALPHA COMERCIAL DE COMBUSTIVEIS LTDA;08297710000803;SALGADO FILHO;GASOLINA;16/06/2026;7,19;VIBRA
ALPHA COMERCIAL DE COMBUSTIVEIS LTDA;08297710000803;SALGADO FILHO;GASOLINA;16/12/2024;6,37;VIBRA
ALPHA COMERCIAL DE COMBUSTIVEIS LTDA;08297710000803;SALGADO FILHO;GASOLINA;17/07/2024;6,38;VIBRA
ALPHA COMERCIAL DE COMBUSTIVEIS LTDA;08297710000803;SALGADO FILHO;GASOLINA;17/09/2024;6,28;VIBRA
ALPHA COMERCIAL DE COMBUSTIVEIS LTDA;08297710000803;SALGADO FILHO;GASOLINA;18/02/2025;6,69;VIBRA
ALPHA COMERCIAL DE COMBUSTIVEIS LTDA;08297710000803;SALGADO FILHO;GASOLINA;18/03/2025;6,69;VIBRA
ALPHA COMERCIAL DE COMBUSTIVEIS LTDA;08297710000803;SALGADO FILHO;GASOLINA;18/05/2026;7,59;VIBRA
ALPHA COMERCIAL DE COMBUSTIVEIS LTDA;08297710000803;SALGADO FILHO;GASOLINA;18/11/2024;6,37;VIBRA
ALPHA COMERCIAL DE COMBUSTIVEIS LTDA;08297710000803;SALGADO FILHO;GASOLINA;19/05/2025;6,69;VIBRA
ALPHA COMERCIAL DE COMBUSTIVEIS LTDA;08297710000803;SALGADO FILHO;GASOLINA;19/08/2024;6,48;VIBRA
ALPHA COMERCIAL DE COMBUSTIVEIS LTDA;08297710000803;SALGADO FILHO;GASOLINA;20/01/2025;6,49;VIBRA
ALPHA COMERCIAL DE COMBUSTIVEIS LTDA;08297710000803;SALGADO FILHO;GASOLINA;21/10/2024;6,08;VIBRA
ALPHA COMERCIAL DE COMBUSTIVEIS LTDA;08297710000803;SALGADO FILHO;GASOLINA;22/01/2026;6,59;VIBRA
ALPHA COMERCIAL DE COMBUSTIVEIS LTDA;08297710000803;SALGADO FILHO;GASOLINA;22/04/2025;6,69;VIBRA
ALPHA COMERCIAL DE COMBUSTIVEIS LTDA;08297710000803;SALGADO FILHO;GASOLINA;23/06/2026;7,19;VIBRA
ALPHA COMERCIAL DE COMBUSTIVEIS LTDA;08297710000803;SALGADO FILHO;GASOLINA;23/07/2024;6,58;VIBRA
ALPHA COMERCIAL DE COMBUSTIVEIS LTDA;08297710000803;SALGADO FILHO;GASOLINA;23/12/2024;6,37;VIBRA
ALPHA COMERCIAL DE COMBUSTIVEIS LTDA;08297710000803;SALGADO FILHO;GASOLINA;24/02/2026;6,59;VIBRA
ALPHA COMERCIAL DE COMBUSTIVEIS LTDA;08297710000803;SALGADO FILHO;GASOLINA;24/03/2026;7,29;VIBRA
ALPHA COMERCIAL DE COMBUSTIVEIS LTDA;08297710000803;SALGADO FILHO;GASOLINA;24/04/2026;7,29;VIBRA
ALPHA COMERCIAL DE COMBUSTIVEIS LTDA;08297710000803;SALGADO FILHO;GASOLINA;24/06/2025;6,69;VIBRA
ALPHA COMERCIAL DE COMBUSTIVEIS LTDA;08297710000803;SALGADO FILHO;GASOLINA;24/09/2024;6,28;VIBRA
ALPHA COMERCIAL DE COMBUSTIVEIS LTDA;08297710000803;SALGADO FILHO;GASOLINA;25/02/2025;6,69;VIBRA
ALPHA COMERCIAL DE COMBUSTIVEIS LTDA;08297710000803;SALGADO FILHO;GASOLINA;25/03/2025;6,69;VIBRA
ALPHA COMERCIAL DE COMBUSTIVEIS LTDA;08297710000803;SALGADO FILHO;GASOLINA;25/11/2024;6,37;VIBRA
ALPHA COMERCIAL DE COMBUSTIVEIS LTDA;08297710000803;SALGADO FILHO;GASOLINA;26/05/2026;7,19;VIBRA
ALPHA COMERCIAL DE COMBUSTIVEIS LTDA;08297710000803;SALGADO FILHO;GASOLINA;26/08/2024;6,48;VIBRA
ALPHA COMERCIAL DE COMBUSTIVEIS LTDA;08297710000803;SALGADO FILHO;GASOLINA;27/01/2026;6,59;VIBRA
ALPHA COMERCIAL DE COMBUSTIVEIS LTDA;08297710000803;SALGADO FILHO;GASOLINA;27/04/2026;7,29;VIBRA
ALPHA COMERCIAL DE COMBUSTIVEIS LTDA;08297710000803;SALGADO FILHO;GASOLINA;27/05/2025;6,69;VIBRA
ALPHA COMERCIAL DE COMBUSTIVEIS LTDA;08297710000803;SALGADO FILHO;GASOLINA;28/01/2025;6,49;VIBRA
ALPHA COMERCIAL DE COMBUSTIVEIS LTDA;08297710000803;SALGADO FILHO;GASOLINA;28/10/2024;6,08;VIBRA
ALPHA COMERCIAL DE COMBUSTIVEIS LTDA;08297710000803;SALGADO FILHO;GASOLINA;29/04/2025;6,69;VIBRA
ALPHA COMERCIAL DE COMBUSTIVEIS LTDA;08297710000803;SALGADO FILHO;GASOLINA;29/06/2026;7,19;VIBRA
ALPHA COMERCIAL DE COMBUSTIVEIS LTDA;08297710000803;SALGADO FILHO;GASOLINA;30/03/2026;7,29;VIBRA
ALPHA COMERCIAL DE COMBUSTIVEIS LTDA;08297710000803;SALGADO FILHO;GASOLINA;30/06/2025;6,69;VIBRA
ALPHA COMERCIAL DE COMBUSTIVEIS LTDA;08297710000803;SALGADO FILHO;GASOLINA;30/07/2024;6,53;VIBRA
ALPHA COMERCIAL DE COMBUSTIVEIS LTDA;08297710000803;SALGADO FILHO;GASOLINA;30/09/2024;6,28;VIBRA
ALPHA COMERCIAL DE COMBUSTIVEIS LTDA;08297710000803;SALGADO FILHO;GASOLINA;30/12/2024;6,37;VIBRA
ALPHA COMERCIAL DE COMBUSTIVEIS LTDA;08297710000803;SALGADO FILHO;GASOLINA;31/03/2025;6,69;VIBRA
ALPHA COMERCIAL DE COMBUSTIVEIS LTDA;08297710000803;SALGADO FILHO;GASOLINA ADITIVADA;02/06/2026;7,59;VIBRA
ALPHA COMERCIAL DE COMBUSTIVEIS LTDA;08297710000803;SALGADO FILHO;GASOLINA ADITIVADA;03/02/2025;6,79;VIBRA
ALPHA COMERCIAL DE COMBUSTIVEIS LTDA;08297710000803;SALGADO FILHO;GASOLINA ADITIVADA;03/03/2025;6,89;VIBRA
ALPHA COMERCIAL DE COMBUSTIVEIS LTDA;08297710000803;SALGADO FILHO;GASOLINA ADITIVADA;03/06/2025;6,89;VIBRA
ALPHA COMERCIAL DE COMBUSTIVEIS LTDA;08297710000803;SALGADO FILHO;GASOLINA ADITIVADA;03/09/2024;6,49;VIBRA
ALPHA COMERCIAL DE COMBUSTIVEIS LTDA;08297710000803;SALGADO FILHO;GASOLINA ADITIVADA;03/12/2024;6,52;VIBRA
ALPHA COMERCIAL DE COMBUSTIVEIS LTDA;08297710000803;SALGADO FILHO;GASOLINA ADITIVADA;04/03/2026;6,79;VIBRA
ALPHA COMERCIAL DE COMBUSTIVEIS LTDA;08297710000803;SALGADO FILHO;GASOLINA ADITIVADA;04/05/2026;7,49;VIBRA
ALPHA COMERCIAL DE COMBUSTIVEIS LTDA;08297710000803;SALGADO FILHO;GASOLINA ADITIVADA;04/11/2024;6,18;VIBRA
ALPHA COMERCIAL DE COMBUSTIVEIS LTDA;08297710000803;SALGADO FILHO;GASOLINA ADITIVADA;05/05/2025;6,89;VIBRA
ALPHA COMERCIAL DE COMBUSTIVEIS LTDA;08297710000803;SALGADO FILHO;GASOLINA ADITIVADA;06/01/2025;6,52;VIBRA
ALPHA COMERCIAL DE COMBUSTIVEIS LTDA;08297710000803;SALGADO FILHO;GASOLINA ADITIVADA;06/08/2024;6,54;VIBRA
ALPHA COMERCIAL DE COMBUSTIVEIS LTDA;08297710000803;SALGADO FILHO;GASOLINA ADITIVADA;07/04/2026;7,49;VIBRA
ALPHA COMERCIAL DE COMBUSTIVEIS LTDA;08297710000803;SALGADO FILHO;GASOLINA ADITIVADA;07/10/2024;6,30;VIBRA
ALPHA COMERCIAL DE COMBUSTIVEIS LTDA;08297710000803;SALGADO FILHO;GASOLINA ADITIVADA;08/04/2025;6,89;VIBRA
ALPHA COMERCIAL DE COMBUSTIVEIS LTDA;08297710000803;SALGADO FILHO;GASOLINA ADITIVADA;08/06/2026;7,59;VIBRA
ALPHA COMERCIAL DE COMBUSTIVEIS LTDA;08297710000803;SALGADO FILHO;GASOLINA ADITIVADA;09/03/2026;7,09;VIBRA
ALPHA COMERCIAL DE COMBUSTIVEIS LTDA;08297710000803;SALGADO FILHO;GASOLINA ADITIVADA;09/06/2025;6,89;VIBRA
ALPHA COMERCIAL DE COMBUSTIVEIS LTDA;08297710000803;SALGADO FILHO;GASOLINA ADITIVADA;09/09/2024;6,49;VIBRA
ALPHA COMERCIAL DE COMBUSTIVEIS LTDA;08297710000803;SALGADO FILHO;GASOLINA ADITIVADA;09/12/2024;6,52;VIBRA
ALPHA COMERCIAL DE COMBUSTIVEIS LTDA;08297710000803;SALGADO FILHO;GASOLINA ADITIVADA;10/02/2026;6,79;VIBRA
ALPHA COMERCIAL DE COMBUSTIVEIS LTDA;08297710000803;SALGADO FILHO;GASOLINA ADITIVADA;10/07/2024;6,39;VIBRA
ALPHA COMERCIAL DE COMBUSTIVEIS LTDA;08297710000803;SALGADO FILHO;GASOLINA ADITIVADA;11/02/2025;6,89;VIBRA
ALPHA COMERCIAL DE COMBUSTIVEIS LTDA;08297710000803;SALGADO FILHO;GASOLINA ADITIVADA;11/03/2025;6,89;VIBRA
ALPHA COMERCIAL DE COMBUSTIVEIS LTDA;08297710000803;SALGADO FILHO;GASOLINA ADITIVADA;11/11/2024;6,18;VIBRA
ALPHA COMERCIAL DE COMBUSTIVEIS LTDA;08297710000803;SALGADO FILHO;GASOLINA ADITIVADA;12/05/2025;6,89;VIBRA
ALPHA COMERCIAL DE COMBUSTIVEIS LTDA;08297710000803;SALGADO FILHO;GASOLINA ADITIVADA;12/05/2026;7,79;VIBRA
ALPHA COMERCIAL DE COMBUSTIVEIS LTDA;08297710000803;SALGADO FILHO;GASOLINA ADITIVADA;12/08/2024;6,49;VIBRA
ALPHA COMERCIAL DE COMBUSTIVEIS LTDA;08297710000803;SALGADO FILHO;GASOLINA ADITIVADA;13/01/2025;6,69;VIBRA
ALPHA COMERCIAL DE COMBUSTIVEIS LTDA;08297710000803;SALGADO FILHO;GASOLINA ADITIVADA;13/01/2026;6,79;VIBRA
ALPHA COMERCIAL DE COMBUSTIVEIS LTDA;08297710000803;SALGADO FILHO;GASOLINA ADITIVADA;14/04/2026;7,49;VIBRA
ALPHA COMERCIAL DE COMBUSTIVEIS LTDA;08297710000803;SALGADO FILHO;GASOLINA ADITIVADA;15/04/2025;6,79;VIBRA
ALPHA COMERCIAL DE COMBUSTIVEIS LTDA;08297710000803;SALGADO FILHO;GASOLINA ADITIVADA;15/10/2024;6,30;VIBRA
ALPHA COMERCIAL DE COMBUSTIVEIS LTDA;08297710000803;SALGADO FILHO;GASOLINA ADITIVADA;16/06/2025;6,89;VIBRA
ALPHA COMERCIAL DE COMBUSTIVEIS LTDA;08297710000803;SALGADO FILHO;GASOLINA ADITIVADA;16/06/2026;7,59;VIBRA
ALPHA COMERCIAL DE COMBUSTIVEIS LTDA;08297710000803;SALGADO FILHO;GASOLINA ADITIVADA;16/12/2024;6,52;VIBRA
ALPHA COMERCIAL DE COMBUSTIVEIS LTDA;08297710000803;SALGADO FILHO;GASOLINA ADITIVADA;17/07/2024;6,39;VIBRA
ALPHA COMERCIAL DE COMBUSTIVEIS LTDA;08297710000803;SALGADO FILHO;GASOLINA ADITIVADA;17/09/2024;6,29;VIBRA
ALPHA COMERCIAL DE COMBUSTIVEIS LTDA;08297710000803;SALGADO FILHO;GASOLINA ADITIVADA;18/02/2025;6,89;VIBRA
ALPHA COMERCIAL DE COMBUSTIVEIS LTDA;08297710000803;SALGADO FILHO;GASOLINA ADITIVADA;18/03/2025;6,89;VIBRA
ALPHA COMERCIAL DE COMBUSTIVEIS LTDA;08297710000803;SALGADO FILHO;GASOLINA ADITIVADA;18/05/2026;7,79;VIBRA
ALPHA COMERCIAL DE COMBUSTIVEIS LTDA;08297710000803;SALGADO FILHO;GASOLINA ADITIVADA;18/11/2024;6,52;VIBRA
ALPHA COMERCIAL DE COMBUSTIVEIS LTDA;08297710000803;SALGADO FILHO;GASOLINA ADITIVADA;19/05/2025;6,89;VIBRA
ALPHA COMERCIAL DE COMBUSTIVEIS LTDA;08297710000803;SALGADO FILHO;GASOLINA ADITIVADA;19/08/2024;6,49;VIBRA
ALPHA COMERCIAL DE COMBUSTIVEIS LTDA;08297710000803;SALGADO FILHO;GASOLINA ADITIVADA;20/01/2025;6,69;VIBRA
ALPHA COMERCIAL DE COMBUSTIVEIS LTDA;08297710000803;SALGADO FILHO;GASOLINA ADITIVADA;21/10/2024;6,18;VIBRA
ALPHA COMERCIAL DE COMBUSTIVEIS LTDA;08297710000803;SALGADO FILHO;GASOLINA ADITIVADA;22/01/2026;6,79;VIBRA
ALPHA COMERCIAL DE COMBUSTIVEIS LTDA;08297710000803;SALGADO FILHO;GASOLINA ADITIVADA;22/04/2025;6,89;VIBRA
ALPHA COMERCIAL DE COMBUSTIVEIS LTDA;08297710000803;SALGADO FILHO;GASOLINA ADITIVADA;23/06/2026;7,39;VIBRA
ALPHA COMERCIAL DE COMBUSTIVEIS LTDA;08297710000803;SALGADO FILHO;GASOLINA ADITIVADA;23/07/2024;6,59;VIBRA
ALPHA COMERCIAL DE COMBUSTIVEIS LTDA;08297710000803;SALGADO FILHO;GASOLINA ADITIVADA;23/12/2024;6,52;VIBRA
ALPHA COMERCIAL DE COMBUSTIVEIS LTDA;08297710000803;SALGADO FILHO;GASOLINA ADITIVADA;24/02/2026;6,59;VIBRA
ALPHA COMERCIAL DE COMBUSTIVEIS LTDA;08297710000803;SALGADO FILHO;GASOLINA ADITIVADA;24/03/2026;7,49;VIBRA
ALPHA COMERCIAL DE COMBUSTIVEIS LTDA;08297710000803;SALGADO FILHO;GASOLINA ADITIVADA;24/04/2026;7,49;VIBRA
ALPHA COMERCIAL DE COMBUSTIVEIS LTDA;08297710000803;SALGADO FILHO;GASOLINA ADITIVADA;24/06/2025;6,89;VIBRA
ALPHA COMERCIAL DE COMBUSTIVEIS LTDA;08297710000803;SALGADO FILHO;GASOLINA ADITIVADA;24/09/2024;6,30;VIBRA
ALPHA COMERCIAL DE COMBUSTIVEIS LTDA;08297710000803;SALGADO FILHO;GASOLINA ADITIVADA;25/02/2025;6,89;VIBRA
ALPHA COMERCIAL DE COMBUSTIVEIS LTDA;08297710000803;SALGADO FILHO;GASOLINA ADITIVADA;25/03/2025;6,89;VIBRA
ALPHA COMERCIAL DE COMBUSTIVEIS LTDA;08297710000803;SALGADO FILHO;GASOLINA ADITIVADA;25/11/2024;6,52;VIBRA
ALPHA COMERCIAL DE COMBUSTIVEIS LTDA;08297710000803;SALGADO FILHO;GASOLINA ADITIVADA;26/05/2026;7,59;VIBRA
ALPHA COMERCIAL DE COMBUSTIVEIS LTDA;08297710000803;SALGADO FILHO;GASOLINA ADITIVADA;26/08/2024;6,49;VIBRA
ALPHA COMERCIAL DE COMBUSTIVEIS LTDA;08297710000803;SALGADO FILHO;GASOLINA ADITIVADA;27/01/2026;6,79;VIBRA
ALPHA COMERCIAL DE COMBUSTIVEIS LTDA;08297710000803;SALGADO FILHO;GASOLINA ADITIVADA;27/04/2026;7,49;VIBRA
ALPHA COMERCIAL DE COMBUSTIVEIS LTDA;08297710000803;SALGADO FILHO;GASOLINA ADITIVADA;27/05/2025;6,89;VIBRA
ALPHA COMERCIAL DE COMBUSTIVEIS LTDA;08297710000803;SALGADO FILHO;GASOLINA ADITIVADA;28/01/2025;6,69;VIBRA
ALPHA COMERCIAL DE COMBUSTIVEIS LTDA;08297710000803;SALGADO FILHO;GASOLINA ADITIVADA;28/10/2024;6,18;VIBRA
ALPHA COMERCIAL DE COMBUSTIVEIS LTDA;08297710000803;SALGADO FILHO;GASOLINA ADITIVADA;29/04/2025;6,89;VIBRA
ALPHA COMERCIAL DE COMBUSTIVEIS LTDA;08297710000803;SALGADO FILHO;GASOLINA ADITIVADA;29/06/2026;7,39;VIBRA
ALPHA COMERCIAL DE COMBUSTIVEIS LTDA;08297710000803;SALGADO FILHO;GASOLINA ADITIVADA;30/03/2026;7,49;VIBRA
ALPHA COMERCIAL DE COMBUSTIVEIS LTDA;08297710000803;SALGADO FILHO;GASOLINA ADITIVADA;30/06/2025;6,89;VIBRA
ALPHA COMERCIAL DE COMBUSTIVEIS LTDA;08297710000803;SALGADO FILHO;GASOLINA ADITIVADA;30/07/2024;6,54;VIBRA
ALPHA COMERCIAL DE COMBUSTIVEIS LTDA;08297710000803;SALGADO FILHO;GASOLINA ADITIVADA;30/09/2024;6,30;VIBRA
ALPHA COMERCIAL DE COMBUSTIVEIS LTDA;08297710000803;SALGADO FILHO;GASOLINA ADITIVADA;30/12/2024;6,52;VIBRA
ALPHA COMERCIAL DE COMBUSTIVEIS LTDA;08297710000803;SALGADO FILHO;GASOLINA ADITIVADA;31/03/2025;6,89;VIBRA
POSTO PIRANEMA LTDA;09258664000391;FAROLANDIA;DIESEL S10;04/03/2026;6,19;VIBRA
POSTO PIRANEMA LTDA;09258664000391;FAROLANDIA;DIESEL S10;25/02/2026;6,19;VIBRA
POSTO PIRANEMA LTDA;09258664000391;FAROLANDIA;ETANOL;03/02/2025;4,79;VIBRA
POSTO PIRANEMA LTDA;09258664000391;FAROLANDIA;ETANOL;03/03/2025;4,99;VIBRA
POSTO PIRANEMA LTDA;09258664000391;FAROLANDIA;ETANOL;03/09/2024;4,99;VIBRA
POSTO PIRANEMA LTDA;09258664000391;FAROLANDIA;ETANOL;03/12/2024;4,79;VIBRA
POSTO PIRANEMA LTDA;09258664000391;FAROLANDIA;ETANOL;04/03/2026;4,99;VIBRA
POSTO PIRANEMA LTDA;09258664000391;FAROLANDIA;ETANOL;04/11/2024;4,79;VIBRA
POSTO PIRANEMA LTDA;09258664000391;FAROLANDIA;ETANOL;05/05/2025;4,99;VIBRA
POSTO PIRANEMA LTDA;09258664000391;FAROLANDIA;ETANOL;06/01/2025;4,79;VIBRA
POSTO PIRANEMA LTDA;09258664000391;FAROLANDIA;ETANOL;06/08/2024;4,99;VIBRA
POSTO PIRANEMA LTDA;09258664000391;FAROLANDIA;ETANOL;07/10/2024;4,99;VIBRA
POSTO PIRANEMA LTDA;09258664000391;FAROLANDIA;ETANOL;08/04/2025;4,99;VIBRA
POSTO PIRANEMA LTDA;09258664000391;FAROLANDIA;ETANOL;09/09/2024;4,99;VIBRA
POSTO PIRANEMA LTDA;09258664000391;FAROLANDIA;ETANOL;09/12/2024;4,79;VIBRA
POSTO PIRANEMA LTDA;09258664000391;FAROLANDIA;ETANOL;10/07/2024;4,89;VIBRA
POSTO PIRANEMA LTDA;09258664000391;FAROLANDIA;ETANOL;11/02/2025;4,89;VIBRA
POSTO PIRANEMA LTDA;09258664000391;FAROLANDIA;ETANOL;11/03/2025;4,99;VIBRA
POSTO PIRANEMA LTDA;09258664000391;FAROLANDIA;ETANOL;11/11/2024;4,79;VIBRA
POSTO PIRANEMA LTDA;09258664000391;FAROLANDIA;ETANOL;12/05/2025;4,99;VIBRA
POSTO PIRANEMA LTDA;09258664000391;FAROLANDIA;ETANOL;12/08/2024;4,99;VIBRA
POSTO PIRANEMA LTDA;09258664000391;FAROLANDIA;ETANOL;13/01/2025;4,79;VIBRA
POSTO PIRANEMA LTDA;09258664000391;FAROLANDIA;ETANOL;15/04/2025;4,99;VIBRA
POSTO PIRANEMA LTDA;09258664000391;FAROLANDIA;ETANOL;15/10/2024;4,79;VIBRA
POSTO PIRANEMA LTDA;09258664000391;FAROLANDIA;ETANOL;16/12/2024;4,79;VIBRA
POSTO PIRANEMA LTDA;09258664000391;FAROLANDIA;ETANOL;17/07/2024;4,89;VIBRA
POSTO PIRANEMA LTDA;09258664000391;FAROLANDIA;ETANOL;17/09/2024;4,99;VIBRA
POSTO PIRANEMA LTDA;09258664000391;FAROLANDIA;ETANOL;18/02/2025;4,99;VIBRA
POSTO PIRANEMA LTDA;09258664000391;FAROLANDIA;ETANOL;18/03/2025;4,99;VIBRA
POSTO PIRANEMA LTDA;09258664000391;FAROLANDIA;ETANOL;18/11/2024;4,79;VIBRA
POSTO PIRANEMA LTDA;09258664000391;FAROLANDIA;ETANOL;19/05/2025;4,99;VIBRA
POSTO PIRANEMA LTDA;09258664000391;FAROLANDIA;ETANOL;19/08/2024;4,99;VIBRA
POSTO PIRANEMA LTDA;09258664000391;FAROLANDIA;ETANOL;20/01/2025;4,79;VIBRA
POSTO PIRANEMA LTDA;09258664000391;FAROLANDIA;ETANOL;21/10/2024;4,79;VIBRA
POSTO PIRANEMA LTDA;09258664000391;FAROLANDIA;ETANOL;22/04/2025;4,99;VIBRA
POSTO PIRANEMA LTDA;09258664000391;FAROLANDIA;ETANOL;23/07/2024;4,99;VIBRA
POSTO PIRANEMA LTDA;09258664000391;FAROLANDIA;ETANOL;23/12/2024;4,79;VIBRA
POSTO PIRANEMA LTDA;09258664000391;FAROLANDIA;ETANOL;24/09/2024;4,99;VIBRA
POSTO PIRANEMA LTDA;09258664000391;FAROLANDIA;ETANOL;25/02/2025;4,99;VIBRA
POSTO PIRANEMA LTDA;09258664000391;FAROLANDIA;ETANOL;25/02/2026;4,99;VIBRA
POSTO PIRANEMA LTDA;09258664000391;FAROLANDIA;ETANOL;25/03/2025;4,99;VIBRA
POSTO PIRANEMA LTDA;09258664000391;FAROLANDIA;ETANOL;25/11/2024;4,79;VIBRA
POSTO PIRANEMA LTDA;09258664000391;FAROLANDIA;ETANOL;26/08/2024;4,99;VIBRA
POSTO PIRANEMA LTDA;09258664000391;FAROLANDIA;ETANOL;27/05/2025;4,99;VIBRA
POSTO PIRANEMA LTDA;09258664000391;FAROLANDIA;ETANOL;28/01/2025;4,79;VIBRA
POSTO PIRANEMA LTDA;09258664000391;FAROLANDIA;ETANOL;28/10/2024;4,79;VIBRA
POSTO PIRANEMA LTDA;09258664000391;FAROLANDIA;ETANOL;29/04/2025;4,99;VIBRA
POSTO PIRANEMA LTDA;09258664000391;FAROLANDIA;ETANOL;30/07/2024;4,99;VIBRA
POSTO PIRANEMA LTDA;09258664000391;FAROLANDIA;ETANOL;30/09/2024;4,99;VIBRA
POSTO PIRANEMA LTDA;09258664000391;FAROLANDIA;ETANOL;30/12/2024;4,79;VIBRA
POSTO PIRANEMA LTDA;09258664000391;FAROLANDIA;ETANOL;31/03/2025;4,99;VIBRA
POSTO PIRANEMA LTDA;09258664000391;FAROLANDIA;GASOLINA;03/02/2025;6,49;VIBRA
POSTO PIRANEMA LTDA;09258664000391;FAROLANDIA;GASOLINA;03/03/2025;6,69;VIBRA
POSTO PIRANEMA LTDA;09258664000391;FAROLANDIA;GASOLINA;03/06/2025;6,69;VIBRA
POSTO PIRANEMA LTDA;09258664000391;FAROLANDIA;GASOLINA;03/09/2024;6,47;VIBRA
POSTO PIRANEMA LTDA;09258664000391;FAROLANDIA;GASOLINA;03/12/2024;6,37;VIBRA
POSTO PIRANEMA LTDA;09258664000391;FAROLANDIA;GASOLINA;04/03/2026;6,59;VIBRA
POSTO PIRANEMA LTDA;09258664000391;FAROLANDIA;GASOLINA;04/11/2024;5,99;VIBRA
POSTO PIRANEMA LTDA;09258664000391;FAROLANDIA;GASOLINA;05/05/2025;6,69;VIBRA
POSTO PIRANEMA LTDA;09258664000391;FAROLANDIA;GASOLINA;06/01/2025;6,37;VIBRA
POSTO PIRANEMA LTDA;09258664000391;FAROLANDIA;GASOLINA;06/08/2024;6,53;VIBRA
POSTO PIRANEMA LTDA;09258664000391;FAROLANDIA;GASOLINA;07/10/2024;6,27;VIBRA
POSTO PIRANEMA LTDA;09258664000391;FAROLANDIA;GASOLINA;08/04/2025;6,69;VIBRA
POSTO PIRANEMA LTDA;09258664000391;FAROLANDIA;GASOLINA;09/03/2026;6,89;VIBRA
POSTO PIRANEMA LTDA;09258664000391;FAROLANDIA;GASOLINA;09/06/2025;6,69;VIBRA
POSTO PIRANEMA LTDA;09258664000391;FAROLANDIA;GASOLINA;09/09/2024;6,47;VIBRA
POSTO PIRANEMA LTDA;09258664000391;FAROLANDIA;GASOLINA;09/12/2024;6,37;VIBRA
POSTO PIRANEMA LTDA;09258664000391;FAROLANDIA;GASOLINA;10/02/2026;6,59;VIBRA
POSTO PIRANEMA LTDA;09258664000391;FAROLANDIA;GASOLINA;10/07/2024;6,39;VIBRA
POSTO PIRANEMA LTDA;09258664000391;FAROLANDIA;GASOLINA;11/02/2025;6,69;VIBRA
POSTO PIRANEMA LTDA;09258664000391;FAROLANDIA;GASOLINA;11/03/2025;6,69;VIBRA
POSTO PIRANEMA LTDA;09258664000391;FAROLANDIA;GASOLINA;11/11/2024;5,99;VIBRA
POSTO PIRANEMA LTDA;09258664000391;FAROLANDIA;GASOLINA;12/05/2025;6,69;VIBRA
POSTO PIRANEMA LTDA;09258664000391;FAROLANDIA;GASOLINA;12/08/2024;6,47;VIBRA
POSTO PIRANEMA LTDA;09258664000391;FAROLANDIA;GASOLINA;13/01/2025;6,49;VIBRA
POSTO PIRANEMA LTDA;09258664000391;FAROLANDIA;GASOLINA;15/04/2025;6,59;VIBRA
POSTO PIRANEMA LTDA;09258664000391;FAROLANDIA;GASOLINA;15/10/2024;6,27;VIBRA
POSTO PIRANEMA LTDA;09258664000391;FAROLANDIA;GASOLINA;16/06/2025;6,69;VIBRA
POSTO PIRANEMA LTDA;09258664000391;FAROLANDIA;GASOLINA;16/12/2024;6,37;VIBRA
POSTO PIRANEMA LTDA;09258664000391;FAROLANDIA;GASOLINA;17/07/2024;6,39;VIBRA
POSTO PIRANEMA LTDA;09258664000391;FAROLANDIA;GASOLINA;17/09/2024;6,27;VIBRA
POSTO PIRANEMA LTDA;09258664000391;FAROLANDIA;GASOLINA;18/02/2025;6,69;VIBRA
POSTO PIRANEMA LTDA;09258664000391;FAROLANDIA;GASOLINA;18/03/2025;6,69;VIBRA
POSTO PIRANEMA LTDA;09258664000391;FAROLANDIA;GASOLINA;18/11/2024;6,37;VIBRA
POSTO PIRANEMA LTDA;09258664000391;FAROLANDIA;GASOLINA;19/05/2025;6,69;VIBRA
POSTO PIRANEMA LTDA;09258664000391;FAROLANDIA;GASOLINA;19/08/2024;6,47;VIBRA
POSTO PIRANEMA LTDA;09258664000391;FAROLANDIA;GASOLINA;20/01/2025;6,49;VIBRA
POSTO PIRANEMA LTDA;09258664000391;FAROLANDIA;GASOLINA;21/10/2024;5,99;VIBRA
POSTO PIRANEMA LTDA;09258664000391;FAROLANDIA;GASOLINA;22/04/2025;6,59;VIBRA
POSTO PIRANEMA LTDA;09258664000391;FAROLANDIA;GASOLINA;23/07/2024;6,59;VIBRA
POSTO PIRANEMA LTDA;09258664000391;FAROLANDIA;GASOLINA;23/12/2024;6,37;VIBRA
POSTO PIRANEMA LTDA;09258664000391;FAROLANDIA;GASOLINA;24/03/2026;7,29;VIBRA
POSTO PIRANEMA LTDA;09258664000391;FAROLANDIA;GASOLINA;24/06/2025;6,69;VIBRA
POSTO PIRANEMA LTDA;09258664000391;FAROLANDIA;GASOLINA;24/09/2024;6,27;VIBRA
POSTO PIRANEMA LTDA;09258664000391;FAROLANDIA;GASOLINA;25/02/2025;6,69;VIBRA
POSTO PIRANEMA LTDA;09258664000391;FAROLANDIA;GASOLINA;25/02/2026;6,59;VIBRA
POSTO PIRANEMA LTDA;09258664000391;FAROLANDIA;GASOLINA;25/03/2025;6,69;VIBRA
POSTO PIRANEMA LTDA;09258664000391;FAROLANDIA;GASOLINA;25/11/2024;6,37;VIBRA
POSTO PIRANEMA LTDA;09258664000391;FAROLANDIA;GASOLINA;26/08/2024;6,47;VIBRA
POSTO PIRANEMA LTDA;09258664000391;FAROLANDIA;GASOLINA;27/05/2025;6,69;VIBRA
POSTO PIRANEMA LTDA;09258664000391;FAROLANDIA;GASOLINA;28/01/2025;6,49;VIBRA
POSTO PIRANEMA LTDA;09258664000391;FAROLANDIA;GASOLINA;28/10/2024;5,99;VIBRA
POSTO PIRANEMA LTDA;09258664000391;FAROLANDIA;GASOLINA;29/04/2025;6,69;VIBRA
POSTO PIRANEMA LTDA;09258664000391;FAROLANDIA;GASOLINA;30/03/2026;7,29;VIBRA
POSTO PIRANEMA LTDA;09258664000391;FAROLANDIA;GASOLINA;30/06/2025;6,69;VIBRA
POSTO PIRANEMA LTDA;09258664000391;FAROLANDIA;GASOLINA;30/07/2024;6,53;VIBRA
POSTO PIRANEMA LTDA;09258664000391;FAROLANDIA;GASOLINA;30/09/2024;6,27;VIBRA
POSTO PIRANEMA LTDA;09258664000391;FAROLANDIA;GASOLINA;30/12/2024;6,37;VIBRA
POSTO PIRANEMA LTDA;09258664000391;FAROLANDIA;GASOLINA;31/03/2025;6,69;VIBRA
POSTO PIRANEMA LTDA;09258664000391;FAROLANDIA;GASOLINA ADITIVADA;03/02/2025;6,69;VIBRA
POSTO PIRANEMA LTDA;09258664000391;FAROLANDIA;GASOLINA ADITIVADA;03/03/2025;6,89;VIBRA
POSTO PIRANEMA LTDA;09258664000391;FAROLANDIA;GASOLINA ADITIVADA;03/06/2025;6,89;VIBRA
POSTO PIRANEMA LTDA;09258664000391;FAROLANDIA;GASOLINA ADITIVADA;03/09/2024;6,67;VIBRA
POSTO PIRANEMA LTDA;09258664000391;FAROLANDIA;GASOLINA ADITIVADA;03/12/2024;6,57;VIBRA
POSTO PIRANEMA LTDA;09258664000391;FAROLANDIA;GASOLINA ADITIVADA;04/03/2026;6,79;VIBRA
POSTO PIRANEMA LTDA;09258664000391;FAROLANDIA;GASOLINA ADITIVADA;04/11/2024;6,19;VIBRA
POSTO PIRANEMA LTDA;09258664000391;FAROLANDIA;GASOLINA ADITIVADA;05/05/2025;6,89;VIBRA
POSTO PIRANEMA LTDA;09258664000391;FAROLANDIA;GASOLINA ADITIVADA;06/01/2025;6,57;VIBRA
POSTO PIRANEMA LTDA;09258664000391;FAROLANDIA;GASOLINA ADITIVADA;06/08/2024;6,73;VIBRA
POSTO PIRANEMA LTDA;09258664000391;FAROLANDIA;GASOLINA ADITIVADA;07/10/2024;6,47;VIBRA
POSTO PIRANEMA LTDA;09258664000391;FAROLANDIA;GASOLINA ADITIVADA;08/04/2025;6,89;VIBRA
POSTO PIRANEMA LTDA;09258664000391;FAROLANDIA;GASOLINA ADITIVADA;09/03/2026;7,09;VIBRA
POSTO PIRANEMA LTDA;09258664000391;FAROLANDIA;GASOLINA ADITIVADA;09/06/2025;6,89;VIBRA
POSTO PIRANEMA LTDA;09258664000391;FAROLANDIA;GASOLINA ADITIVADA;09/09/2024;6,67;VIBRA
POSTO PIRANEMA LTDA;09258664000391;FAROLANDIA;GASOLINA ADITIVADA;09/12/2024;6,57;VIBRA
POSTO PIRANEMA LTDA;09258664000391;FAROLANDIA;GASOLINA ADITIVADA;10/02/2026;6,79;VIBRA
POSTO PIRANEMA LTDA;09258664000391;FAROLANDIA;GASOLINA ADITIVADA;10/07/2024;6,59;VIBRA
POSTO PIRANEMA LTDA;09258664000391;FAROLANDIA;GASOLINA ADITIVADA;11/02/2025;6,89;VIBRA
POSTO PIRANEMA LTDA;09258664000391;FAROLANDIA;GASOLINA ADITIVADA;11/03/2025;6,89;VIBRA
POSTO PIRANEMA LTDA;09258664000391;FAROLANDIA;GASOLINA ADITIVADA;11/11/2024;6,19;VIBRA
POSTO PIRANEMA LTDA;09258664000391;FAROLANDIA;GASOLINA ADITIVADA;12/05/2025;6,89;VIBRA
POSTO PIRANEMA LTDA;09258664000391;FAROLANDIA;GASOLINA ADITIVADA;12/08/2024;6,67;VIBRA
POSTO PIRANEMA LTDA;09258664000391;FAROLANDIA;GASOLINA ADITIVADA;13/01/2025;6,69;VIBRA
POSTO PIRANEMA LTDA;09258664000391;FAROLANDIA;GASOLINA ADITIVADA;15/04/2025;6,79;VIBRA
POSTO PIRANEMA LTDA;09258664000391;FAROLANDIA;GASOLINA ADITIVADA;15/10/2024;6,47;VIBRA
POSTO PIRANEMA LTDA;09258664000391;FAROLANDIA;GASOLINA ADITIVADA;16/06/2025;6,89;VIBRA
POSTO PIRANEMA LTDA;09258664000391;FAROLANDIA;GASOLINA ADITIVADA;16/12/2024;6,57;VIBRA
POSTO PIRANEMA LTDA;09258664000391;FAROLANDIA;GASOLINA ADITIVADA;17/07/2024;6,59;VIBRA
POSTO PIRANEMA LTDA;09258664000391;FAROLANDIA;GASOLINA ADITIVADA;17/09/2024;6,47;VIBRA
POSTO PIRANEMA LTDA;09258664000391;FAROLANDIA;GASOLINA ADITIVADA;18/02/2025;6,89;VIBRA
POSTO PIRANEMA LTDA;09258664000391;FAROLANDIA;GASOLINA ADITIVADA;18/03/2025;6,89;VIBRA
POSTO PIRANEMA LTDA;09258664000391;FAROLANDIA;GASOLINA ADITIVADA;18/11/2024;6,57;VIBRA
POSTO PIRANEMA LTDA;09258664000391;FAROLANDIA;GASOLINA ADITIVADA;19/05/2025;6,89;VIBRA
POSTO PIRANEMA LTDA;09258664000391;FAROLANDIA;GASOLINA ADITIVADA;19/08/2024;6,67;VIBRA
POSTO PIRANEMA LTDA;09258664000391;FAROLANDIA;GASOLINA ADITIVADA;20/01/2025;6,69;VIBRA
POSTO PIRANEMA LTDA;09258664000391;FAROLANDIA;GASOLINA ADITIVADA;21/10/2024;6,19;VIBRA
POSTO PIRANEMA LTDA;09258664000391;FAROLANDIA;GASOLINA ADITIVADA;22/04/2025;6,79;VIBRA
POSTO PIRANEMA LTDA;09258664000391;FAROLANDIA;GASOLINA ADITIVADA;23/07/2024;6,79;VIBRA
POSTO PIRANEMA LTDA;09258664000391;FAROLANDIA;GASOLINA ADITIVADA;23/12/2024;6,57;VIBRA
POSTO PIRANEMA LTDA;09258664000391;FAROLANDIA;GASOLINA ADITIVADA;24/03/2026;7,49;VIBRA
POSTO PIRANEMA LTDA;09258664000391;FAROLANDIA;GASOLINA ADITIVADA;24/06/2025;6,89;VIBRA
POSTO PIRANEMA LTDA;09258664000391;FAROLANDIA;GASOLINA ADITIVADA;24/09/2024;6,47;VIBRA
POSTO PIRANEMA LTDA;09258664000391;FAROLANDIA;GASOLINA ADITIVADA;25/02/2025;6,89;VIBRA
POSTO PIRANEMA LTDA;09258664000391;FAROLANDIA;GASOLINA ADITIVADA;25/02/2026;6,79;VIBRA
POSTO PIRANEMA LTDA;09258664000391;FAROLANDIA;GASOLINA ADITIVADA;25/03/2025;6,89;VIBRA
POSTO PIRANEMA LTDA;09258664000391;FAROLANDIA;GASOLINA ADITIVADA;25/11/2024;6,57;VIBRA
POSTO PIRANEMA LTDA;09258664000391;FAROLANDIA;GASOLINA ADITIVADA;26/08/2024;6,67;VIBRA
POSTO PIRANEMA LTDA;09258664000391;FAROLANDIA;GASOLINA ADITIVADA;27/05/2025;6,89;VIBRA
POSTO PIRANEMA LTDA;09258664000391;FAROLANDIA;GASOLINA ADITIVADA;28/01/2025;6,69;VIBRA
POSTO PIRANEMA LTDA;09258664000391;FAROLANDIA;GASOLINA ADITIVADA;28/10/2024;6,19;VIBRA
POSTO PIRANEMA LTDA;09258664000391;FAROLANDIA;GASOLINA ADITIVADA;29/04/2025;6,89;VIBRA
POSTO PIRANEMA LTDA;09258664000391;FAROLANDIA;GASOLINA ADITIVADA;30/03/2026;7,49;VIBRA
POSTO PIRANEMA LTDA;09258664000391;FAROLANDIA;GASOLINA ADITIVADA;30/06/2025;6,89;VIBRA
POSTO PIRANEMA LTDA;09258664000391;FAROLANDIA;GASOLINA ADITIVADA;30/07/2024;6,73;VIBRA
POSTO PIRANEMA LTDA;09258664000391;FAROLANDIA;GASOLINA ADITIVADA;30/09/2024;6,47;VIBRA
POSTO PIRANEMA LTDA;09258664000391;FAROLANDIA;GASOLINA ADITIVADA;30/12/2024;6,57;VIBRA
POSTO PIRANEMA LTDA;09258664000391;FAROLANDIA;GASOLINA ADITIVADA;31/03/2025;6,89;VIBRA
L. V. COMERCIO DE COMBUSTIVEIS LTDA;11433769000110;GETULIO VARGAS;DIESEL;02/09/2025;5,68;RAIZEN
L. V. COMERCIO DE COMBUSTIVEIS LTDA;11433769000110;GETULIO VARGAS;DIESEL;04/11/2025;5,76;RAIZEN
L. V. COMERCIO DE COMBUSTIVEIS LTDA;11433769000110;GETULIO VARGAS;DIESEL;06/10/2025;5,76;RAIZEN
L. V. COMERCIO DE COMBUSTIVEIS LTDA;11433769000110;GETULIO VARGAS;DIESEL;08/12/2025;5,76;RAIZEN
L. V. COMERCIO DE COMBUSTIVEIS LTDA;11433769000110;GETULIO VARGAS;DIESEL;09/02/2026;5,76;RAIZEN
L. V. COMERCIO DE COMBUSTIVEIS LTDA;11433769000110;GETULIO VARGAS;DIESEL;09/04/2026;7,30;RAIZEN
L. V. COMERCIO DE COMBUSTIVEIS LTDA;11433769000110;GETULIO VARGAS;DIESEL;09/09/2025;5,76;RAIZEN
L. V. COMERCIO DE COMBUSTIVEIS LTDA;11433769000110;GETULIO VARGAS;DIESEL;11/11/2025;5,76;RAIZEN
L. V. COMERCIO DE COMBUSTIVEIS LTDA;11433769000110;GETULIO VARGAS;DIESEL;13/10/2025;5,76;RAIZEN
L. V. COMERCIO DE COMBUSTIVEIS LTDA;11433769000110;GETULIO VARGAS;DIESEL;15/04/2026;7,30;RAIZEN
L. V. COMERCIO DE COMBUSTIVEIS LTDA;11433769000110;GETULIO VARGAS;DIESEL;15/12/2025;5,76;RAIZEN
L. V. COMERCIO DE COMBUSTIVEIS LTDA;11433769000110;GETULIO VARGAS;DIESEL;17/09/2025;5,76;RAIZEN
L. V. COMERCIO DE COMBUSTIVEIS LTDA;11433769000110;GETULIO VARGAS;DIESEL;18/11/2025;5,76;RAIZEN
L. V. COMERCIO DE COMBUSTIVEIS LTDA;11433769000110;GETULIO VARGAS;DIESEL;20/01/2026;5,76;RAIZEN
L. V. COMERCIO DE COMBUSTIVEIS LTDA;11433769000110;GETULIO VARGAS;DIESEL;20/10/2025;5,76;RAIZEN
L. V. COMERCIO DE COMBUSTIVEIS LTDA;11433769000110;GETULIO VARGAS;DIESEL;22/09/2025;5,76;RAIZEN
L. V. COMERCIO DE COMBUSTIVEIS LTDA;11433769000110;GETULIO VARGAS;DIESEL;23/06/2026;6,98;RAIZEN
L. V. COMERCIO DE COMBUSTIVEIS LTDA;11433769000110;GETULIO VARGAS;DIESEL;23/12/2025;5,76;RAIZEN
L. V. COMERCIO DE COMBUSTIVEIS LTDA;11433769000110;GETULIO VARGAS;DIESEL;24/02/2026;5,76;RAIZEN
L. V. COMERCIO DE COMBUSTIVEIS LTDA;11433769000110;GETULIO VARGAS;DIESEL;25/11/2025;5,76;RAIZEN
L. V. COMERCIO DE COMBUSTIVEIS LTDA;11433769000110;GETULIO VARGAS;DIESEL;26/05/2026;6,98;RAIZEN
L. V. COMERCIO DE COMBUSTIVEIS LTDA;11433769000110;GETULIO VARGAS;DIESEL;27/01/2026;5,76;RAIZEN
L. V. COMERCIO DE COMBUSTIVEIS LTDA;11433769000110;GETULIO VARGAS;DIESEL;28/10/2025;5,76;RAIZEN
L. V. COMERCIO DE COMBUSTIVEIS LTDA;11433769000110;GETULIO VARGAS;DIESEL;29/12/2025;5,76;RAIZEN
L. V. COMERCIO DE COMBUSTIVEIS LTDA;11433769000110;GETULIO VARGAS;DIESEL;30/06/2026;6,87;RAIZEN
L. V. COMERCIO DE COMBUSTIVEIS LTDA;11433769000110;GETULIO VARGAS;DIESEL;30/09/2025;5,76;RAIZEN
L. V. COMERCIO DE COMBUSTIVEIS LTDA;11433769000110;GETULIO VARGAS;DIESEL S10;03/02/2025;6,05;BRANCA
L. V. COMERCIO DE COMBUSTIVEIS LTDA;11433769000110;GETULIO VARGAS;DIESEL S10;03/03/2025;6,23;BRANCA
L. V. COMERCIO DE COMBUSTIVEIS LTDA;11433769000110;GETULIO VARGAS;DIESEL S10;03/06/2025;5,64;RAIZEN
L. V. COMERCIO DE COMBUSTIVEIS LTDA;11433769000110;GETULIO VARGAS;DIESEL S10;03/06/2026;6,98;RAIZEN
L. V. COMERCIO DE COMBUSTIVEIS LTDA;11433769000110;GETULIO VARGAS;DIESEL S10;03/09/2024;5,80;BRANCA
L. V. COMERCIO DE COMBUSTIVEIS LTDA;11433769000110;GETULIO VARGAS;DIESEL S10;03/12/2024;5,89;BRANCA
L. V. COMERCIO DE COMBUSTIVEIS LTDA;11433769000110;GETULIO VARGAS;DIESEL S10;04/03/2026;5,76;RAIZEN
L. V. COMERCIO DE COMBUSTIVEIS LTDA;11433769000110;GETULIO VARGAS;DIESEL S10;04/11/2024;5,69;BRANCA
L. V. COMERCIO DE COMBUSTIVEIS LTDA;11433769000110;GETULIO VARGAS;DIESEL S10;05/05/2025;5,78;BRANCA
L. V. COMERCIO DE COMBUSTIVEIS LTDA;11433769000110;GETULIO VARGAS;DIESEL S10;05/08/2025;5,68;RAIZEN
L. V. COMERCIO DE COMBUSTIVEIS LTDA;11433769000110;GETULIO VARGAS;DIESEL S10;06/01/2025;5,97;BRANCA
L. V. COMERCIO DE COMBUSTIVEIS LTDA;11433769000110;GETULIO VARGAS;DIESEL S10;06/08/2024;5,80;BRANCA
L. V. COMERCIO DE COMBUSTIVEIS LTDA;11433769000110;GETULIO VARGAS;DIESEL S10;07/05/2026;7,09;RAIZEN
L. V. COMERCIO DE COMBUSTIVEIS LTDA;11433769000110;GETULIO VARGAS;DIESEL S10;07/10/2024;5,69;BRANCA
L. V. COMERCIO DE COMBUSTIVEIS LTDA;11433769000110;GETULIO VARGAS;DIESEL S10;08/04/2025;5,99;BRANCA
L. V. COMERCIO DE COMBUSTIVEIS LTDA;11433769000110;GETULIO VARGAS;DIESEL S10;08/07/2025;5,64;RAIZEN
L. V. COMERCIO DE COMBUSTIVEIS LTDA;11433769000110;GETULIO VARGAS;DIESEL S10;09/03/2026;6,50;RAIZEN
L. V. COMERCIO DE COMBUSTIVEIS LTDA;11433769000110;GETULIO VARGAS;DIESEL S10;09/06/2025;5,64;RAIZEN
L. V. COMERCIO DE COMBUSTIVEIS LTDA;11433769000110;GETULIO VARGAS;DIESEL S10;09/06/2026;6,98;RAIZEN
L. V. COMERCIO DE COMBUSTIVEIS LTDA;11433769000110;GETULIO VARGAS;DIESEL S10;09/09/2024;5,80;BRANCA
L. V. COMERCIO DE COMBUSTIVEIS LTDA;11433769000110;GETULIO VARGAS;DIESEL S10;09/12/2024;5,89;BRANCA
L. V. COMERCIO DE COMBUSTIVEIS LTDA;11433769000110;GETULIO VARGAS;DIESEL S10;10/07/2024;5,80;BRANCA
L. V. COMERCIO DE COMBUSTIVEIS LTDA;11433769000110;GETULIO VARGAS;DIESEL S10;11/02/2025;6,23;BRANCA
L. V. COMERCIO DE COMBUSTIVEIS LTDA;11433769000110;GETULIO VARGAS;DIESEL S10;11/03/2025;6,23;BRANCA
L. V. COMERCIO DE COMBUSTIVEIS LTDA;11433769000110;GETULIO VARGAS;DIESEL S10;11/11/2024;5,69;BRANCA
L. V. COMERCIO DE COMBUSTIVEIS LTDA;11433769000110;GETULIO VARGAS;DIESEL S10;12/05/2025;5,64;BRANCA
L. V. COMERCIO DE COMBUSTIVEIS LTDA;11433769000110;GETULIO VARGAS;DIESEL S10;12/08/2024;5,80;BRANCA
L. V. COMERCIO DE COMBUSTIVEIS LTDA;11433769000110;GETULIO VARGAS;DIESEL S10;12/08/2025;5,68;RAIZEN
L. V. COMERCIO DE COMBUSTIVEIS LTDA;11433769000110;GETULIO VARGAS;DIESEL S10;13/01/2025;6,05;BRANCA
L. V. COMERCIO DE COMBUSTIVEIS LTDA;11433769000110;GETULIO VARGAS;DIESEL S10;13/05/2026;7,09;RAIZEN
L. V. COMERCIO DE COMBUSTIVEIS LTDA;11433769000110;GETULIO VARGAS;DIESEL S10;15/04/2025;5,78;BRANCA
L. V. COMERCIO DE COMBUSTIVEIS LTDA;11433769000110;GETULIO VARGAS;DIESEL S10;15/07/2025;5,64;RAIZEN
L. V. COMERCIO DE COMBUSTIVEIS LTDA;11433769000110;GETULIO VARGAS;DIESEL S10;15/10/2024;5,87;BRANCA
L. V. COMERCIO DE COMBUSTIVEIS LTDA;11433769000110;GETULIO VARGAS;DIESEL S10;16/06/2025;5,64;RAIZEN
L. V. COMERCIO DE COMBUSTIVEIS LTDA;11433769000110;GETULIO VARGAS;DIESEL S10;16/06/2026;6,98;RAIZEN
L. V. COMERCIO DE COMBUSTIVEIS LTDA;11433769000110;GETULIO VARGAS;DIESEL S10;16/12/2024;5,89;BRANCA
L. V. COMERCIO DE COMBUSTIVEIS LTDA;11433769000110;GETULIO VARGAS;DIESEL S10;17/07/2024;5,80;BRANCA
L. V. COMERCIO DE COMBUSTIVEIS LTDA;11433769000110;GETULIO VARGAS;DIESEL S10;17/09/2024;5,69;BRANCA
L. V. COMERCIO DE COMBUSTIVEIS LTDA;11433769000110;GETULIO VARGAS;DIESEL S10;18/02/2025;6,23;BRANCA
L. V. COMERCIO DE COMBUSTIVEIS LTDA;11433769000110;GETULIO VARGAS;DIESEL S10;18/03/2025;6,23;BRANCA
L. V. COMERCIO DE COMBUSTIVEIS LTDA;11433769000110;GETULIO VARGAS;DIESEL S10;18/11/2024;5,74;BRANCA
L. V. COMERCIO DE COMBUSTIVEIS LTDA;11433769000110;GETULIO VARGAS;DIESEL S10;19/05/2025;5,64;BRANCA
L. V. COMERCIO DE COMBUSTIVEIS LTDA;11433769000110;GETULIO VARGAS;DIESEL S10;19/08/2024;5,80;BRANCA
L. V. COMERCIO DE COMBUSTIVEIS LTDA;11433769000110;GETULIO VARGAS;DIESEL S10;19/08/2025;5,68;RAIZEN
L. V. COMERCIO DE COMBUSTIVEIS LTDA;11433769000110;GETULIO VARGAS;DIESEL S10;20/01/2025;6,05;BRANCA
L. V. COMERCIO DE COMBUSTIVEIS LTDA;11433769000110;GETULIO VARGAS;DIESEL S10;20/03/2026;6,79;RAIZEN
L. V. COMERCIO DE COMBUSTIVEIS LTDA;11433769000110;GETULIO VARGAS;DIESEL S10;20/05/2026;6,98;RAIZEN
L. V. COMERCIO DE COMBUSTIVEIS LTDA;11433769000110;GETULIO VARGAS;DIESEL S10;21/10/2024;5,69;BRANCA
L. V. COMERCIO DE COMBUSTIVEIS LTDA;11433769000110;GETULIO VARGAS;DIESEL S10;22/04/2025;5,78;BRANCA
L. V. COMERCIO DE COMBUSTIVEIS LTDA;11433769000110;GETULIO VARGAS;DIESEL S10;22/07/2024;5,80;BRANCA
L. V. COMERCIO DE COMBUSTIVEIS LTDA;11433769000110;GETULIO VARGAS;DIESEL S10;22/07/2025;5,64;RAIZEN
L. V. COMERCIO DE COMBUSTIVEIS LTDA;11433769000110;GETULIO VARGAS;DIESEL S10;23/12/2024;5,97;BRANCA
L. V. COMERCIO DE COMBUSTIVEIS LTDA;11433769000110;GETULIO VARGAS;DIESEL S10;24/04/2026;7,30;RAIZEN
L. V. COMERCIO DE COMBUSTIVEIS LTDA;11433769000110;GETULIO VARGAS;DIESEL S10;24/06/2025;5,64;RAIZEN
L. V. COMERCIO DE COMBUSTIVEIS LTDA;11433769000110;GETULIO VARGAS;DIESEL S10;24/09/2024;5,69;BRANCA
L. V. COMERCIO DE COMBUSTIVEIS LTDA;11433769000110;GETULIO VARGAS;DIESEL S10;25/02/2025;6,23;BRANCA
L. V. COMERCIO DE COMBUSTIVEIS LTDA;11433769000110;GETULIO VARGAS;DIESEL S10;25/03/2025;6,23;BRANCA
L. V. COMERCIO DE COMBUSTIVEIS LTDA;11433769000110;GETULIO VARGAS;DIESEL S10;25/03/2026;7,13;RAIZEN
L. V. COMERCIO DE COMBUSTIVEIS LTDA;11433769000110;GETULIO VARGAS;DIESEL S10;25/11/2024;5,74;BRANCA
L. V. COMERCIO DE COMBUSTIVEIS LTDA;11433769000110;GETULIO VARGAS;DIESEL S10;26/08/2024;5,80;BRANCA
L. V. COMERCIO DE COMBUSTIVEIS LTDA;11433769000110;GETULIO VARGAS;DIESEL S10;27/05/2025;5,64;BRANCA
L. V. COMERCIO DE COMBUSTIVEIS LTDA;11433769000110;GETULIO VARGAS;DIESEL S10;27/08/2025;5,68;RAIZEN
L. V. COMERCIO DE COMBUSTIVEIS LTDA;11433769000110;GETULIO VARGAS;DIESEL S10;28/01/2025;6,05;BRANCA
L. V. COMERCIO DE COMBUSTIVEIS LTDA;11433769000110;GETULIO VARGAS;DIESEL S10;28/07/2025;5,68;RAIZEN
L. V. COMERCIO DE COMBUSTIVEIS LTDA;11433769000110;GETULIO VARGAS;DIESEL S10;28/10/2024;5,69;BRANCA
L. V. COMERCIO DE COMBUSTIVEIS LTDA;11433769000110;GETULIO VARGAS;DIESEL S10;29/04/2025;5,78;BRANCA
L. V. COMERCIO DE COMBUSTIVEIS LTDA;11433769000110;GETULIO VARGAS;DIESEL S10;29/07/2024;5,80;BRANCA
L. V. COMERCIO DE COMBUSTIVEIS LTDA;11433769000110;GETULIO VARGAS;DIESEL S10;30/06/2025;5,64;RAIZEN
L. V. COMERCIO DE COMBUSTIVEIS LTDA;11433769000110;GETULIO VARGAS;DIESEL S10;30/09/2024;5,69;BRANCA
L. V. COMERCIO DE COMBUSTIVEIS LTDA;11433769000110;GETULIO VARGAS;DIESEL S10;30/12/2024;5,97;BRANCA
L. V. COMERCIO DE COMBUSTIVEIS LTDA;11433769000110;GETULIO VARGAS;DIESEL S10;31/03/2025;6,23;BRANCA
L. V. COMERCIO DE COMBUSTIVEIS LTDA;11433769000110;GETULIO VARGAS;DIESEL S10;31/03/2026;7,13;RAIZEN
L. V. COMERCIO DE COMBUSTIVEIS LTDA;11433769000110;GETULIO VARGAS;ETANOL;02/09/2025;4,94;RAIZEN
L. V. COMERCIO DE COMBUSTIVEIS LTDA;11433769000110;GETULIO VARGAS;ETANOL;03/02/2025;4,69;BRANCA
L. V. COMERCIO DE COMBUSTIVEIS LTDA;11433769000110;GETULIO VARGAS;ETANOL;03/03/2025;4,84;BRANCA
L. V. COMERCIO DE COMBUSTIVEIS LTDA;11433769000110;GETULIO VARGAS;ETANOL;03/06/2025;4,94;RAIZEN
L. V. COMERCIO DE COMBUSTIVEIS LTDA;11433769000110;GETULIO VARGAS;ETANOL;03/06/2026;5,69;RAIZEN
L. V. COMERCIO DE COMBUSTIVEIS LTDA;11433769000110;GETULIO VARGAS;ETANOL;03/09/2024;4,75;BRANCA
L. V. COMERCIO DE COMBUSTIVEIS LTDA;11433769000110;GETULIO VARGAS;ETANOL;03/12/2024;4,29;BRANCA
L. V. COMERCIO DE COMBUSTIVEIS LTDA;11433769000110;GETULIO VARGAS;ETANOL;04/03/2026;4,94;RAIZEN
L. V. COMERCIO DE COMBUSTIVEIS LTDA;11433769000110;GETULIO VARGAS;ETANOL;04/11/2024;4,39;BRANCA
L. V. COMERCIO DE COMBUSTIVEIS LTDA;11433769000110;GETULIO VARGAS;ETANOL;04/11/2025;4,84;RAIZEN
L. V. COMERCIO DE COMBUSTIVEIS LTDA;11433769000110;GETULIO VARGAS;ETANOL;05/05/2025;4,84;BRANCA
L. V. COMERCIO DE COMBUSTIVEIS LTDA;11433769000110;GETULIO VARGAS;ETANOL;05/08/2025;4,94;RAIZEN
L. V. COMERCIO DE COMBUSTIVEIS LTDA;11433769000110;GETULIO VARGAS;ETANOL;06/01/2025;4,29;BRANCA
L. V. COMERCIO DE COMBUSTIVEIS LTDA;11433769000110;GETULIO VARGAS;ETANOL;06/08/2024;4,75;BRANCA
L. V. COMERCIO DE COMBUSTIVEIS LTDA;11433769000110;GETULIO VARGAS;ETANOL;06/10/2025;4,94;RAIZEN
L. V. COMERCIO DE COMBUSTIVEIS LTDA;11433769000110;GETULIO VARGAS;ETANOL;07/05/2026;5,69;RAIZEN
L. V. COMERCIO DE COMBUSTIVEIS LTDA;11433769000110;GETULIO VARGAS;ETANOL;07/10/2024;4,49;BRANCA
L. V. COMERCIO DE COMBUSTIVEIS LTDA;11433769000110;GETULIO VARGAS;ETANOL;08/04/2025;4,84;BRANCA
L. V. COMERCIO DE COMBUSTIVEIS LTDA;11433769000110;GETULIO VARGAS;ETANOL;08/07/2025;4,94;RAIZEN
L. V. COMERCIO DE COMBUSTIVEIS LTDA;11433769000110;GETULIO VARGAS;ETANOL;08/12/2025;4,84;RAIZEN
L. V. COMERCIO DE COMBUSTIVEIS LTDA;11433769000110;GETULIO VARGAS;ETANOL;09/02/2026;4,94;RAIZEN
L. V. COMERCIO DE COMBUSTIVEIS LTDA;11433769000110;GETULIO VARGAS;ETANOL;09/03/2026;5,09;RAIZEN
L. V. COMERCIO DE COMBUSTIVEIS LTDA;11433769000110;GETULIO VARGAS;ETANOL;09/04/2026;5,09;RAIZEN
L. V. COMERCIO DE COMBUSTIVEIS LTDA;11433769000110;GETULIO VARGAS;ETANOL;09/06/2025;4,94;RAIZEN
L. V. COMERCIO DE COMBUSTIVEIS LTDA;11433769000110;GETULIO VARGAS;ETANOL;09/06/2026;5,69;RAIZEN
L. V. COMERCIO DE COMBUSTIVEIS LTDA;11433769000110;GETULIO VARGAS;ETANOL;09/09/2024;4,75;BRANCA
L. V. COMERCIO DE COMBUSTIVEIS LTDA;11433769000110;GETULIO VARGAS;ETANOL;09/09/2025;4,94;RAIZEN
L. V. COMERCIO DE COMBUSTIVEIS LTDA;11433769000110;GETULIO VARGAS;ETANOL;09/12/2024;4,29;BRANCA
L. V. COMERCIO DE COMBUSTIVEIS LTDA;11433769000110;GETULIO VARGAS;ETANOL;10/07/2024;4,69;BRANCA
L. V. COMERCIO DE COMBUSTIVEIS LTDA;11433769000110;GETULIO VARGAS;ETANOL;11/02/2025;4,84;BRANCA
L. V. COMERCIO DE COMBUSTIVEIS LTDA;11433769000110;GETULIO VARGAS;ETANOL;11/03/2025;4,84;BRANCA
L. V. COMERCIO DE COMBUSTIVEIS LTDA;11433769000110;GETULIO VARGAS;ETANOL;11/11/2024;4,29;BRANCA
L. V. COMERCIO DE COMBUSTIVEIS LTDA;11433769000110;GETULIO VARGAS;ETANOL;11/11/2025;4,84;RAIZEN
L. V. COMERCIO DE COMBUSTIVEIS LTDA;11433769000110;GETULIO VARGAS;ETANOL;12/05/2025;4,84;BRANCA
L. V. COMERCIO DE COMBUSTIVEIS LTDA;11433769000110;GETULIO VARGAS;ETANOL;12/08/2024;4,75;BRANCA
L. V. COMERCIO DE COMBUSTIVEIS LTDA;11433769000110;GETULIO VARGAS;ETANOL;12/08/2025;4,94;RAIZEN
L. V. COMERCIO DE COMBUSTIVEIS LTDA;11433769000110;GETULIO VARGAS;ETANOL;13/01/2025;4,69;BRANCA
L. V. COMERCIO DE COMBUSTIVEIS LTDA;11433769000110;GETULIO VARGAS;ETANOL;13/05/2026;5,69;RAIZEN
L. V. COMERCIO DE COMBUSTIVEIS LTDA;11433769000110;GETULIO VARGAS;ETANOL;13/10/2025;4,94;RAIZEN
L. V. COMERCIO DE COMBUSTIVEIS LTDA;11433769000110;GETULIO VARGAS;ETANOL;15/04/2025;4,84;BRANCA
L. V. COMERCIO DE COMBUSTIVEIS LTDA;11433769000110;GETULIO VARGAS;ETANOL;15/04/2026;5,69;RAIZEN
L. V. COMERCIO DE COMBUSTIVEIS LTDA;11433769000110;GETULIO VARGAS;ETANOL;15/07/2025;4,94;RAIZEN
L. V. COMERCIO DE COMBUSTIVEIS LTDA;11433769000110;GETULIO VARGAS;ETANOL;15/10/2024;4,49;BRANCA
L. V. COMERCIO DE COMBUSTIVEIS LTDA;11433769000110;GETULIO VARGAS;ETANOL;15/12/2025;4,84;RAIZEN
L. V. COMERCIO DE COMBUSTIVEIS LTDA;11433769000110;GETULIO VARGAS;ETANOL;16/06/2025;4,94;RAIZEN
L. V. COMERCIO DE COMBUSTIVEIS LTDA;11433769000110;GETULIO VARGAS;ETANOL;16/06/2026;5,69;RAIZEN
L. V. COMERCIO DE COMBUSTIVEIS LTDA;11433769000110;GETULIO VARGAS;ETANOL;16/12/2024;4,29;BRANCA
L. V. COMERCIO DE COMBUSTIVEIS LTDA;11433769000110;GETULIO VARGAS;ETANOL;17/07/2024;4,69;BRANCA
L. V. COMERCIO DE COMBUSTIVEIS LTDA;11433769000110;GETULIO VARGAS;ETANOL;17/09/2024;4,69;BRANCA
L. V. COMERCIO DE COMBUSTIVEIS LTDA;11433769000110;GETULIO VARGAS;ETANOL;17/09/2025;4,94;RAIZEN
L. V. COMERCIO DE COMBUSTIVEIS LTDA;11433769000110;GETULIO VARGAS;ETANOL;18/02/2025;4,84;BRANCA
L. V. COMERCIO DE COMBUSTIVEIS LTDA;11433769000110;GETULIO VARGAS;ETANOL;18/03/2025;4,84;BRANCA
L. V. COMERCIO DE COMBUSTIVEIS LTDA;11433769000110;GETULIO VARGAS;ETANOL;18/11/2024;4,29;BRANCA
L. V. COMERCIO DE COMBUSTIVEIS LTDA;11433769000110;GETULIO VARGAS;ETANOL;18/11/2025;4,84;RAIZEN
L. V. COMERCIO DE COMBUSTIVEIS LTDA;11433769000110;GETULIO VARGAS;ETANOL;19/05/2025;4,94;BRANCA
L. V. COMERCIO DE COMBUSTIVEIS LTDA;11433769000110;GETULIO VARGAS;ETANOL;19/08/2024;4,75;BRANCA
L. V. COMERCIO DE COMBUSTIVEIS LTDA;11433769000110;GETULIO VARGAS;ETANOL;19/08/2025;4,94;RAIZEN
L. V. COMERCIO DE COMBUSTIVEIS LTDA;11433769000110;GETULIO VARGAS;ETANOL;20/01/2025;4,69;BRANCA
L. V. COMERCIO DE COMBUSTIVEIS LTDA;11433769000110;GETULIO VARGAS;ETANOL;20/01/2026;4,94;RAIZEN
L. V. COMERCIO DE COMBUSTIVEIS LTDA;11433769000110;GETULIO VARGAS;ETANOL;20/03/2026;4,99;RAIZEN
L. V. COMERCIO DE COMBUSTIVEIS LTDA;11433769000110;GETULIO VARGAS;ETANOL;20/05/2026;5,69;RAIZEN
L. V. COMERCIO DE COMBUSTIVEIS LTDA;11433769000110;GETULIO VARGAS;ETANOL;20/10/2025;4,94;RAIZEN
L. V. COMERCIO DE COMBUSTIVEIS LTDA;11433769000110;GETULIO VARGAS;ETANOL;21/10/2024;4,39;BRANCA
L. V. COMERCIO DE COMBUSTIVEIS LTDA;11433769000110;GETULIO VARGAS;ETANOL;22/04/2025;4,84;BRANCA
L. V. COMERCIO DE COMBUSTIVEIS LTDA;11433769000110;GETULIO VARGAS;ETANOL;22/07/2024;4,69;BRANCA
L. V. COMERCIO DE COMBUSTIVEIS LTDA;11433769000110;GETULIO VARGAS;ETANOL;22/07/2025;4,94;RAIZEN
L. V. COMERCIO DE COMBUSTIVEIS LTDA;11433769000110;GETULIO VARGAS;ETANOL;22/09/2025;4,94;RAIZEN
L. V. COMERCIO DE COMBUSTIVEIS LTDA;11433769000110;GETULIO VARGAS;ETANOL;23/06/2026;5,69;RAIZEN
L. V. COMERCIO DE COMBUSTIVEIS LTDA;11433769000110;GETULIO VARGAS;ETANOL;23/12/2024;4,29;BRANCA
L. V. COMERCIO DE COMBUSTIVEIS LTDA;11433769000110;GETULIO VARGAS;ETANOL;23/12/2025;4,84;RAIZEN
L. V. COMERCIO DE COMBUSTIVEIS LTDA;11433769000110;GETULIO VARGAS;ETANOL;24/02/2026;4,94;RAIZEN
L. V. COMERCIO DE COMBUSTIVEIS LTDA;11433769000110;GETULIO VARGAS;ETANOL;24/04/2026;5,69;RAIZEN
L. V. COMERCIO DE COMBUSTIVEIS LTDA;11433769000110;GETULIO VARGAS;ETANOL;24/06/2025;4,94;RAIZEN
L. V. COMERCIO DE COMBUSTIVEIS LTDA;11433769000110;GETULIO VARGAS;ETANOL;24/09/2024;4,69;BRANCA
L. V. COMERCIO DE COMBUSTIVEIS LTDA;11433769000110;GETULIO VARGAS;ETANOL;25/02/2025;4,84;BRANCA
L. V. COMERCIO DE COMBUSTIVEIS LTDA;11433769000110;GETULIO VARGAS;ETANOL;25/03/2025;4,84;BRANCA
L. V. COMERCIO DE COMBUSTIVEIS LTDA;11433769000110;GETULIO VARGAS;ETANOL;25/03/2026;5,19;RAIZEN
L. V. COMERCIO DE COMBUSTIVEIS LTDA;11433769000110;GETULIO VARGAS;ETANOL;25/11/2024;4,29;BRANCA
L. V. COMERCIO DE COMBUSTIVEIS LTDA;11433769000110;GETULIO VARGAS;ETANOL;25/11/2025;4,84;RAIZEN
L. V. COMERCIO DE COMBUSTIVEIS LTDA;11433769000110;GETULIO VARGAS;ETANOL;26/05/2026;5,69;RAIZEN
L. V. COMERCIO DE COMBUSTIVEIS LTDA;11433769000110;GETULIO VARGAS;ETANOL;26/08/2024;4,75;BRANCA
L. V. COMERCIO DE COMBUSTIVEIS LTDA;11433769000110;GETULIO VARGAS;ETANOL;27/01/2026;4,94;RAIZEN
L. V. COMERCIO DE COMBUSTIVEIS LTDA;11433769000110;GETULIO VARGAS;ETANOL;27/05/2025;4,94;BRANCA
L. V. COMERCIO DE COMBUSTIVEIS LTDA;11433769000110;GETULIO VARGAS;ETANOL;27/08/2025;4,94;RAIZEN
L. V. COMERCIO DE COMBUSTIVEIS LTDA;11433769000110;GETULIO VARGAS;ETANOL;28/01/2025;4,69;BRANCA
L. V. COMERCIO DE COMBUSTIVEIS LTDA;11433769000110;GETULIO VARGAS;ETANOL;28/07/2025;4,94;RAIZEN
L. V. COMERCIO DE COMBUSTIVEIS LTDA;11433769000110;GETULIO VARGAS;ETANOL;28/10/2024;4,39;BRANCA
L. V. COMERCIO DE COMBUSTIVEIS LTDA;11433769000110;GETULIO VARGAS;ETANOL;28/10/2025;4,84;RAIZEN
L. V. COMERCIO DE COMBUSTIVEIS LTDA;11433769000110;GETULIO VARGAS;ETANOL;29/04/2025;4,84;BRANCA
L. V. COMERCIO DE COMBUSTIVEIS LTDA;11433769000110;GETULIO VARGAS;ETANOL;29/04/2026;5,69;RAIZEN
L. V. COMERCIO DE COMBUSTIVEIS LTDA;11433769000110;GETULIO VARGAS;ETANOL;29/07/2024;4,80;BRANCA
L. V. COMERCIO DE COMBUSTIVEIS LTDA;11433769000110;GETULIO VARGAS;ETANOL;29/12/2025;4,84;RAIZEN
L. V. COMERCIO DE COMBUSTIVEIS LTDA;11433769000110;GETULIO VARGAS;ETANOL;30/06/2025;4,94;RAIZEN
L. V. COMERCIO DE COMBUSTIVEIS LTDA;11433769000110;GETULIO VARGAS;ETANOL;30/06/2026;5,69;RAIZEN
L. V. COMERCIO DE COMBUSTIVEIS LTDA;11433769000110;GETULIO VARGAS;ETANOL;30/09/2024;4,69;BRANCA
L. V. COMERCIO DE COMBUSTIVEIS LTDA;11433769000110;GETULIO VARGAS;ETANOL;30/09/2025;4,94;RAIZEN
L. V. COMERCIO DE COMBUSTIVEIS LTDA;11433769000110;GETULIO VARGAS;ETANOL;30/12/2024;4,29;BRANCA
L. V. COMERCIO DE COMBUSTIVEIS LTDA;11433769000110;GETULIO VARGAS;ETANOL;31/03/2025;4,84;BRANCA
L. V. COMERCIO DE COMBUSTIVEIS LTDA;11433769000110;GETULIO VARGAS;ETANOL;31/03/2026;5,19;RAIZEN
L. V. COMERCIO DE COMBUSTIVEIS LTDA;11433769000110;GETULIO VARGAS;GASOLINA;02/09/2025;6,62;RAIZEN
L. V. COMERCIO DE COMBUSTIVEIS LTDA;11433769000110;GETULIO VARGAS;GASOLINA;03/02/2025;6,52;BRANCA
L. V. COMERCIO DE COMBUSTIVEIS LTDA;11433769000110;GETULIO VARGAS;GASOLINA;03/03/2025;6,64;BRANCA
L. V. COMERCIO DE COMBUSTIVEIS LTDA;11433769000110;GETULIO VARGAS;GASOLINA;03/06/2025;6,62;RAIZEN
L. V. COMERCIO DE COMBUSTIVEIS LTDA;11433769000110;GETULIO VARGAS;GASOLINA;03/06/2026;7,19;RAIZEN
L. V. COMERCIO DE COMBUSTIVEIS LTDA;11433769000110;GETULIO VARGAS;GASOLINA;03/09/2024;6,41;BRANCA
L. V. COMERCIO DE COMBUSTIVEIS LTDA;11433769000110;GETULIO VARGAS;GASOLINA;03/12/2024;6,32;BRANCA
L. V. COMERCIO DE COMBUSTIVEIS LTDA;11433769000110;GETULIO VARGAS;GASOLINA;04/03/2026;6,59;RAIZEN
L. V. COMERCIO DE COMBUSTIVEIS LTDA;11433769000110;GETULIO VARGAS;GASOLINA;04/11/2024;5,92;BRANCA
L. V. COMERCIO DE COMBUSTIVEIS LTDA;11433769000110;GETULIO VARGAS;GASOLINA;04/11/2025;6,59;RAIZEN
L. V. COMERCIO DE COMBUSTIVEIS LTDA;11433769000110;GETULIO VARGAS;GASOLINA;05/05/2025;6,62;BRANCA
L. V. COMERCIO DE COMBUSTIVEIS LTDA;11433769000110;GETULIO VARGAS;GASOLINA;05/08/2025;6,62;RAIZEN
L. V. COMERCIO DE COMBUSTIVEIS LTDA;11433769000110;GETULIO VARGAS;GASOLINA;06/01/2025;6,32;BRANCA
L. V. COMERCIO DE COMBUSTIVEIS LTDA;11433769000110;GETULIO VARGAS;GASOLINA;06/08/2024;6,48;BRANCA
L. V. COMERCIO DE COMBUSTIVEIS LTDA;11433769000110;GETULIO VARGAS;GASOLINA;06/10/2025;6,69;RAIZEN
L. V. COMERCIO DE COMBUSTIVEIS LTDA;11433769000110;GETULIO VARGAS;GASOLINA;07/05/2026;7,59;RAIZEN
L. V. COMERCIO DE COMBUSTIVEIS LTDA;11433769000110;GETULIO VARGAS;GASOLINA;07/10/2024;6,20;BRANCA
L. V. COMERCIO DE COMBUSTIVEIS LTDA;11433769000110;GETULIO VARGAS;GASOLINA;08/04/2025;6,64;BRANCA
L. V. COMERCIO DE COMBUSTIVEIS LTDA;11433769000110;GETULIO VARGAS;GASOLINA;08/07/2025;6,62;RAIZEN
L. V. COMERCIO DE COMBUSTIVEIS LTDA;11433769000110;GETULIO VARGAS;GASOLINA;08/12/2025;6,59;RAIZEN
L. V. COMERCIO DE COMBUSTIVEIS LTDA;11433769000110;GETULIO VARGAS;GASOLINA;09/02/2026;6,55;RAIZEN
L. V. COMERCIO DE COMBUSTIVEIS LTDA;11433769000110;GETULIO VARGAS;GASOLINA;09/03/2026;6,89;RAIZEN
L. V. COMERCIO DE COMBUSTIVEIS LTDA;11433769000110;GETULIO VARGAS;GASOLINA;09/04/2026;7,29;RAIZEN
L. V. COMERCIO DE COMBUSTIVEIS LTDA;11433769000110;GETULIO VARGAS;GASOLINA;09/06/2025;6,62;RAIZEN
L. V. COMERCIO DE COMBUSTIVEIS LTDA;11433769000110;GETULIO VARGAS;GASOLINA;09/06/2026;7,19;RAIZEN
L. V. COMERCIO DE COMBUSTIVEIS LTDA;11433769000110;GETULIO VARGAS;GASOLINA;09/09/2024;6,41;BRANCA
L. V. COMERCIO DE COMBUSTIVEIS LTDA;11433769000110;GETULIO VARGAS;GASOLINA;09/09/2025;6,62;RAIZEN
L. V. COMERCIO DE COMBUSTIVEIS LTDA;11433769000110;GETULIO VARGAS;GASOLINA;09/12/2024;6,32;BRANCA
L. V. COMERCIO DE COMBUSTIVEIS LTDA;11433769000110;GETULIO VARGAS;GASOLINA;10/07/2024;6,34;BRANCA
L. V. COMERCIO DE COMBUSTIVEIS LTDA;11433769000110;GETULIO VARGAS;GASOLINA;11/02/2025;6,64;BRANCA
L. V. COMERCIO DE COMBUSTIVEIS LTDA;11433769000110;GETULIO VARGAS;GASOLINA;11/03/2025;6,64;BRANCA
L. V. COMERCIO DE COMBUSTIVEIS LTDA;11433769000110;GETULIO VARGAS;GASOLINA;11/11/2024;5,92;BRANCA
L. V. COMERCIO DE COMBUSTIVEIS LTDA;11433769000110;GETULIO VARGAS;GASOLINA;11/11/2025;6,59;RAIZEN
L. V. COMERCIO DE COMBUSTIVEIS LTDA;11433769000110;GETULIO VARGAS;GASOLINA;12/05/2025;6,62;BRANCA
L. V. COMERCIO DE COMBUSTIVEIS LTDA;11433769000110;GETULIO VARGAS;GASOLINA;12/08/2024;6,45;BRANCA
L. V. COMERCIO DE COMBUSTIVEIS LTDA;11433769000110;GETULIO VARGAS;GASOLINA;12/08/2025;6,62;RAIZEN
L. V. COMERCIO DE COMBUSTIVEIS LTDA;11433769000110;GETULIO VARGAS;GASOLINA;13/01/2025;6,42;BRANCA
L. V. COMERCIO DE COMBUSTIVEIS LTDA;11433769000110;GETULIO VARGAS;GASOLINA;13/05/2026;7,59;RAIZEN
L. V. COMERCIO DE COMBUSTIVEIS LTDA;11433769000110;GETULIO VARGAS;GASOLINA;13/10/2025;6,69;RAIZEN
L. V. COMERCIO DE COMBUSTIVEIS LTDA;11433769000110;GETULIO VARGAS;GASOLINA;15/04/2025;6,52;BRANCA
L. V. COMERCIO DE COMBUSTIVEIS LTDA;11433769000110;GETULIO VARGAS;GASOLINA;15/04/2026;7,29;RAIZEN
L. V. COMERCIO DE COMBUSTIVEIS LTDA;11433769000110;GETULIO VARGAS;GASOLINA;15/07/2025;6,62;RAIZEN
L. V. COMERCIO DE COMBUSTIVEIS LTDA;11433769000110;GETULIO VARGAS;GASOLINA;15/10/2024;6,20;BRANCA
L. V. COMERCIO DE COMBUSTIVEIS LTDA;11433769000110;GETULIO VARGAS;GASOLINA;15/12/2025;6,59;RAIZEN
L. V. COMERCIO DE COMBUSTIVEIS LTDA;11433769000110;GETULIO VARGAS;GASOLINA;16/06/2025;6,62;RAIZEN
L. V. COMERCIO DE COMBUSTIVEIS LTDA;11433769000110;GETULIO VARGAS;GASOLINA;16/06/2026;7,19;RAIZEN
L. V. COMERCIO DE COMBUSTIVEIS LTDA;11433769000110;GETULIO VARGAS;GASOLINA;16/12/2024;6,32;BRANCA
L. V. COMERCIO DE COMBUSTIVEIS LTDA;11433769000110;GETULIO VARGAS;GASOLINA;17/07/2024;6,34;BRANCA
L. V. COMERCIO DE COMBUSTIVEIS LTDA;11433769000110;GETULIO VARGAS;GASOLINA;17/09/2024;6,20;BRANCA
L. V. COMERCIO DE COMBUSTIVEIS LTDA;11433769000110;GETULIO VARGAS;GASOLINA;17/09/2025;6,69;RAIZEN
L. V. COMERCIO DE COMBUSTIVEIS LTDA;11433769000110;GETULIO VARGAS;GASOLINA;18/02/2025;6,64;BRANCA
L. V. COMERCIO DE COMBUSTIVEIS LTDA;11433769000110;GETULIO VARGAS;GASOLINA;18/03/2025;6,64;BRANCA
L. V. COMERCIO DE COMBUSTIVEIS LTDA;11433769000110;GETULIO VARGAS;GASOLINA;18/11/2024;6,32;BRANCA
L. V. COMERCIO DE COMBUSTIVEIS LTDA;11433769000110;GETULIO VARGAS;GASOLINA;18/11/2025;6,59;RAIZEN
L. V. COMERCIO DE COMBUSTIVEIS LTDA;11433769000110;GETULIO VARGAS;GASOLINA;19/05/2025;6,62;BRANCA
L. V. COMERCIO DE COMBUSTIVEIS LTDA;11433769000110;GETULIO VARGAS;GASOLINA;19/08/2024;6,45;BRANCA
L. V. COMERCIO DE COMBUSTIVEIS LTDA;11433769000110;GETULIO VARGAS;GASOLINA;19/08/2025;6,62;RAIZEN
L. V. COMERCIO DE COMBUSTIVEIS LTDA;11433769000110;GETULIO VARGAS;GASOLINA;20/01/2025;6,42;BRANCA
L. V. COMERCIO DE COMBUSTIVEIS LTDA;11433769000110;GETULIO VARGAS;GASOLINA;20/01/2026;6,59;RAIZEN
L. V. COMERCIO DE COMBUSTIVEIS LTDA;11433769000110;GETULIO VARGAS;GASOLINA;20/03/2026;6,99;RAIZEN
L. V. COMERCIO DE COMBUSTIVEIS LTDA;11433769000110;GETULIO VARGAS;GASOLINA;20/05/2026;7,19;RAIZEN
L. V. COMERCIO DE COMBUSTIVEIS LTDA;11433769000110;GETULIO VARGAS;GASOLINA;20/10/2025;6,69;RAIZEN
L. V. COMERCIO DE COMBUSTIVEIS LTDA;11433769000110;GETULIO VARGAS;GASOLINA;21/10/2024;5,90;BRANCA
L. V. COMERCIO DE COMBUSTIVEIS LTDA;11433769000110;GETULIO VARGAS;GASOLINA;22/04/2025;6,52;BRANCA
L. V. COMERCIO DE COMBUSTIVEIS LTDA;11433769000110;GETULIO VARGAS;GASOLINA;22/07/2024;6,34;BRANCA
L. V. COMERCIO DE COMBUSTIVEIS LTDA;11433769000110;GETULIO VARGAS;GASOLINA;22/07/2025;6,62;RAIZEN
L. V. COMERCIO DE COMBUSTIVEIS LTDA;11433769000110;GETULIO VARGAS;GASOLINA;22/09/2025;6,69;RAIZEN
L. V. COMERCIO DE COMBUSTIVEIS LTDA;11433769000110;GETULIO VARGAS;GASOLINA;23/06/2026;7,19;RAIZEN
L. V. COMERCIO DE COMBUSTIVEIS LTDA;11433769000110;GETULIO VARGAS;GASOLINA;23/12/2024;6,32;BRANCA
L. V. COMERCIO DE COMBUSTIVEIS LTDA;11433769000110;GETULIO VARGAS;GASOLINA;23/12/2025;6,59;RAIZEN
L. V. COMERCIO DE COMBUSTIVEIS LTDA;11433769000110;GETULIO VARGAS;GASOLINA;24/02/2026;6,59;RAIZEN
L. V. COMERCIO DE COMBUSTIVEIS LTDA;11433769000110;GETULIO VARGAS;GASOLINA;24/04/2026;7,29;RAIZEN
L. V. COMERCIO DE COMBUSTIVEIS LTDA;11433769000110;GETULIO VARGAS;GASOLINA;24/06/2025;6,62;RAIZEN
L. V. COMERCIO DE COMBUSTIVEIS LTDA;11433769000110;GETULIO VARGAS;GASOLINA;24/09/2024;6,20;BRANCA
L. V. COMERCIO DE COMBUSTIVEIS LTDA;11433769000110;GETULIO VARGAS;GASOLINA;25/02/2025;6,64;BRANCA
L. V. COMERCIO DE COMBUSTIVEIS LTDA;11433769000110;GETULIO VARGAS;GASOLINA;25/03/2025;6,64;BRANCA
L. V. COMERCIO DE COMBUSTIVEIS LTDA;11433769000110;GETULIO VARGAS;GASOLINA;25/03/2026;7,29;RAIZEN
L. V. COMERCIO DE COMBUSTIVEIS LTDA;11433769000110;GETULIO VARGAS;GASOLINA;25/11/2024;6,32;BRANCA
L. V. COMERCIO DE COMBUSTIVEIS LTDA;11433769000110;GETULIO VARGAS;GASOLINA;25/11/2025;6,59;RAIZEN
L. V. COMERCIO DE COMBUSTIVEIS LTDA;11433769000110;GETULIO VARGAS;GASOLINA;26/05/2026;7,19;RAIZEN
L. V. COMERCIO DE COMBUSTIVEIS LTDA;11433769000110;GETULIO VARGAS;GASOLINA;26/08/2024;6,45;BRANCA
L. V. COMERCIO DE COMBUSTIVEIS LTDA;11433769000110;GETULIO VARGAS;GASOLINA;27/01/2026;6,59;RAIZEN
L. V. COMERCIO DE COMBUSTIVEIS LTDA;11433769000110;GETULIO VARGAS;GASOLINA;27/05/2025;6,62;BRANCA
L. V. COMERCIO DE COMBUSTIVEIS LTDA;11433769000110;GETULIO VARGAS;GASOLINA;27/08/2025;6,62;RAIZEN
L. V. COMERCIO DE COMBUSTIVEIS LTDA;11433769000110;GETULIO VARGAS;GASOLINA;28/01/2025;6,42;BRANCA
L. V. COMERCIO DE COMBUSTIVEIS LTDA;11433769000110;GETULIO VARGAS;GASOLINA;28/07/2025;6,62;RAIZEN
L. V. COMERCIO DE COMBUSTIVEIS LTDA;11433769000110;GETULIO VARGAS;GASOLINA;28/10/2024;5,92;BRANCA
L. V. COMERCIO DE COMBUSTIVEIS LTDA;11433769000110;GETULIO VARGAS;GASOLINA;28/10/2025;6,59;RAIZEN
L. V. COMERCIO DE COMBUSTIVEIS LTDA;11433769000110;GETULIO VARGAS;GASOLINA;29/04/2025;6,62;BRANCA
L. V. COMERCIO DE COMBUSTIVEIS LTDA;11433769000110;GETULIO VARGAS;GASOLINA;29/04/2026;7,29;RAIZEN
L. V. COMERCIO DE COMBUSTIVEIS LTDA;11433769000110;GETULIO VARGAS;GASOLINA;29/07/2024;6,52;BRANCA
L. V. COMERCIO DE COMBUSTIVEIS LTDA;11433769000110;GETULIO VARGAS;GASOLINA;29/12/2025;6,59;RAIZEN
L. V. COMERCIO DE COMBUSTIVEIS LTDA;11433769000110;GETULIO VARGAS;GASOLINA;30/06/2025;6,62;RAIZEN
L. V. COMERCIO DE COMBUSTIVEIS LTDA;11433769000110;GETULIO VARGAS;GASOLINA;30/06/2026;7,19;RAIZEN
L. V. COMERCIO DE COMBUSTIVEIS LTDA;11433769000110;GETULIO VARGAS;GASOLINA;30/09/2024;6,20;BRANCA
L. V. COMERCIO DE COMBUSTIVEIS LTDA;11433769000110;GETULIO VARGAS;GASOLINA;30/09/2025;6,69;RAIZEN
L. V. COMERCIO DE COMBUSTIVEIS LTDA;11433769000110;GETULIO VARGAS;GASOLINA;30/12/2024;6,32;BRANCA
L. V. COMERCIO DE COMBUSTIVEIS LTDA;11433769000110;GETULIO VARGAS;GASOLINA;31/03/2025;6,64;BRANCA
L. V. COMERCIO DE COMBUSTIVEIS LTDA;11433769000110;GETULIO VARGAS;GASOLINA;31/03/2026;7,29;RAIZEN
L. V. COMERCIO DE COMBUSTIVEIS LTDA;11433769000110;GETULIO VARGAS;GASOLINA ADITIVADA;02/09/2025;6,79;RAIZEN
L. V. COMERCIO DE COMBUSTIVEIS LTDA;11433769000110;GETULIO VARGAS;GASOLINA ADITIVADA;03/06/2026;7,49;RAIZEN
L. V. COMERCIO DE COMBUSTIVEIS LTDA;11433769000110;GETULIO VARGAS;GASOLINA ADITIVADA;04/03/2026;6,88;RAIZEN
L. V. COMERCIO DE COMBUSTIVEIS LTDA;11433769000110;GETULIO VARGAS;GASOLINA ADITIVADA;04/11/2025;6,86;RAIZEN
L. V. COMERCIO DE COMBUSTIVEIS LTDA;11433769000110;GETULIO VARGAS;GASOLINA ADITIVADA;06/10/2025;6,88;RAIZEN
L. V. COMERCIO DE COMBUSTIVEIS LTDA;11433769000110;GETULIO VARGAS;GASOLINA ADITIVADA;07/05/2026;7,88;RAIZEN
L. V. COMERCIO DE COMBUSTIVEIS LTDA;11433769000110;GETULIO VARGAS;GASOLINA ADITIVADA;08/12/2025;6,88;RAIZEN
L. V. COMERCIO DE COMBUSTIVEIS LTDA;11433769000110;GETULIO VARGAS;GASOLINA ADITIVADA;09/02/2026;6,86;RAIZEN
L. V. COMERCIO DE COMBUSTIVEIS LTDA;11433769000110;GETULIO VARGAS;GASOLINA ADITIVADA;09/03/2026;7,18;RAIZEN
L. V. COMERCIO DE COMBUSTIVEIS LTDA;11433769000110;GETULIO VARGAS;GASOLINA ADITIVADA;09/04/2026;7,58;RAIZEN
L. V. COMERCIO DE COMBUSTIVEIS LTDA;11433769000110;GETULIO VARGAS;GASOLINA ADITIVADA;09/06/2025;6,62;RAIZEN
L. V. COMERCIO DE COMBUSTIVEIS LTDA;11433769000110;GETULIO VARGAS;GASOLINA ADITIVADA;09/06/2026;7,52;RAIZEN
L. V. COMERCIO DE COMBUSTIVEIS LTDA;11433769000110;GETULIO VARGAS;GASOLINA ADITIVADA;09/09/2025;6,79;RAIZEN
L. V. COMERCIO DE COMBUSTIVEIS LTDA;11433769000110;GETULIO VARGAS;GASOLINA ADITIVADA;11/11/2025;6,86;RAIZEN
L. V. COMERCIO DE COMBUSTIVEIS LTDA;11433769000110;GETULIO VARGAS;GASOLINA ADITIVADA;13/05/2026;7,88;RAIZEN
L. V. COMERCIO DE COMBUSTIVEIS LTDA;11433769000110;GETULIO VARGAS;GASOLINA ADITIVADA;13/10/2025;6,88;RAIZEN
L. V. COMERCIO DE COMBUSTIVEIS LTDA;11433769000110;GETULIO VARGAS;GASOLINA ADITIVADA;15/04/2026;7,58;RAIZEN
L. V. COMERCIO DE COMBUSTIVEIS LTDA;11433769000110;GETULIO VARGAS;GASOLINA ADITIVADA;15/12/2025;6,88;RAIZEN
L. V. COMERCIO DE COMBUSTIVEIS LTDA;11433769000110;GETULIO VARGAS;GASOLINA ADITIVADA;16/06/2026;7,52;RAIZEN
L. V. COMERCIO DE COMBUSTIVEIS LTDA;11433769000110;GETULIO VARGAS;GASOLINA ADITIVADA;17/09/2025;6,88;RAIZEN
L. V. COMERCIO DE COMBUSTIVEIS LTDA;11433769000110;GETULIO VARGAS;GASOLINA ADITIVADA;18/11/2025;6,88;RAIZEN
L. V. COMERCIO DE COMBUSTIVEIS LTDA;11433769000110;GETULIO VARGAS;GASOLINA ADITIVADA;20/01/2026;6,88;RAIZEN
L. V. COMERCIO DE COMBUSTIVEIS LTDA;11433769000110;GETULIO VARGAS;GASOLINA ADITIVADA;20/03/2026;7,29;RAIZEN
L. V. COMERCIO DE COMBUSTIVEIS LTDA;11433769000110;GETULIO VARGAS;GASOLINA ADITIVADA;20/05/2026;7,68;RAIZEN
L. V. COMERCIO DE COMBUSTIVEIS LTDA;11433769000110;GETULIO VARGAS;GASOLINA ADITIVADA;20/10/2025;6,91;RAIZEN
L. V. COMERCIO DE COMBUSTIVEIS LTDA;11433769000110;GETULIO VARGAS;GASOLINA ADITIVADA;22/09/2025;6,88;RAIZEN
L. V. COMERCIO DE COMBUSTIVEIS LTDA;11433769000110;GETULIO VARGAS;GASOLINA ADITIVADA;23/06/2026;7,52;RAIZEN
L. V. COMERCIO DE COMBUSTIVEIS LTDA;11433769000110;GETULIO VARGAS;GASOLINA ADITIVADA;23/12/2025;6,88;RAIZEN
L. V. COMERCIO DE COMBUSTIVEIS LTDA;11433769000110;GETULIO VARGAS;GASOLINA ADITIVADA;24/02/2026;6,88;RAIZEN
L. V. COMERCIO DE COMBUSTIVEIS LTDA;11433769000110;GETULIO VARGAS;GASOLINA ADITIVADA;24/04/2026;7,58;RAIZEN
L. V. COMERCIO DE COMBUSTIVEIS LTDA;11433769000110;GETULIO VARGAS;GASOLINA ADITIVADA;25/03/2026;7,58;RAIZEN
L. V. COMERCIO DE COMBUSTIVEIS LTDA;11433769000110;GETULIO VARGAS;GASOLINA ADITIVADA;25/11/2025;6,88;RAIZEN
L. V. COMERCIO DE COMBUSTIVEIS LTDA;11433769000110;GETULIO VARGAS;GASOLINA ADITIVADA;26/05/2026;7,49;RAIZEN
L. V. COMERCIO DE COMBUSTIVEIS LTDA;11433769000110;GETULIO VARGAS;GASOLINA ADITIVADA;27/01/2026;6,88;RAIZEN
L. V. COMERCIO DE COMBUSTIVEIS LTDA;11433769000110;GETULIO VARGAS;GASOLINA ADITIVADA;27/08/2025;6,62;RAIZEN
L. V. COMERCIO DE COMBUSTIVEIS LTDA;11433769000110;GETULIO VARGAS;GASOLINA ADITIVADA;28/10/2025;6,86;RAIZEN
L. V. COMERCIO DE COMBUSTIVEIS LTDA;11433769000110;GETULIO VARGAS;GASOLINA ADITIVADA;29/04/2026;7,58;RAIZEN
L. V. COMERCIO DE COMBUSTIVEIS LTDA;11433769000110;GETULIO VARGAS;GASOLINA ADITIVADA;29/12/2025;6,88;RAIZEN
L. V. COMERCIO DE COMBUSTIVEIS LTDA;11433769000110;GETULIO VARGAS;GASOLINA ADITIVADA;30/06/2026;7,52;RAIZEN
L. V. COMERCIO DE COMBUSTIVEIS LTDA;11433769000110;GETULIO VARGAS;GASOLINA ADITIVADA;30/09/2025;6,88;RAIZEN
L. V. COMERCIO DE COMBUSTIVEIS LTDA;11433769000110;GETULIO VARGAS;GASOLINA ADITIVADA;31/03/2026;7,50;RAIZEN
GAMA E CIA LTDA;13007752000126;DISTRITO INDUSTRIAL DE ARACAJU;ETANOL;03/09/2024;4,75;VIBRA
GAMA E CIA LTDA;13007752000126;DISTRITO INDUSTRIAL DE ARACAJU;ETANOL;03/12/2024;4,29;VIBRA
GAMA E CIA LTDA;13007752000126;DISTRITO INDUSTRIAL DE ARACAJU;ETANOL;04/11/2024;4,39;VIBRA
GAMA E CIA LTDA;13007752000126;DISTRITO INDUSTRIAL DE ARACAJU;ETANOL;06/08/2024;4,75;VIBRA
GAMA E CIA LTDA;13007752000126;DISTRITO INDUSTRIAL DE ARACAJU;ETANOL;07/10/2024;4,59;VIBRA
GAMA E CIA LTDA;13007752000126;DISTRITO INDUSTRIAL DE ARACAJU;ETANOL;09/09/2024;4,79;VIBRA
GAMA E CIA LTDA;13007752000126;DISTRITO INDUSTRIAL DE ARACAJU;ETANOL;09/12/2024;4,29;VIBRA
GAMA E CIA LTDA;13007752000126;DISTRITO INDUSTRIAL DE ARACAJU;ETANOL;10/02/2026;4,89;VIBRA
GAMA E CIA LTDA;13007752000126;DISTRITO INDUSTRIAL DE ARACAJU;ETANOL;10/07/2024;4,69;VIBRA
GAMA E CIA LTDA;13007752000126;DISTRITO INDUSTRIAL DE ARACAJU;ETANOL;11/11/2024;4,39;VIBRA
GAMA E CIA LTDA;13007752000126;DISTRITO INDUSTRIAL DE ARACAJU;ETANOL;12/08/2024;4,75;VIBRA
GAMA E CIA LTDA;13007752000126;DISTRITO INDUSTRIAL DE ARACAJU;ETANOL;15/10/2024;4,55;VIBRA
GAMA E CIA LTDA;13007752000126;DISTRITO INDUSTRIAL DE ARACAJU;ETANOL;16/12/2024;4,20;VIBRA
GAMA E CIA LTDA;13007752000126;DISTRITO INDUSTRIAL DE ARACAJU;ETANOL;17/07/2024;4,69;VIBRA
GAMA E CIA LTDA;13007752000126;DISTRITO INDUSTRIAL DE ARACAJU;ETANOL;17/09/2024;4,79;VIBRA
GAMA E CIA LTDA;13007752000126;DISTRITO INDUSTRIAL DE ARACAJU;ETANOL;18/11/2024;4,39;VIBRA
GAMA E CIA LTDA;13007752000126;DISTRITO INDUSTRIAL DE ARACAJU;ETANOL;19/08/2024;4,75;VIBRA
GAMA E CIA LTDA;13007752000126;DISTRITO INDUSTRIAL DE ARACAJU;ETANOL;21/10/2024;4,39;VIBRA
GAMA E CIA LTDA;13007752000126;DISTRITO INDUSTRIAL DE ARACAJU;ETANOL;23/12/2024;4,20;VIBRA
GAMA E CIA LTDA;13007752000126;DISTRITO INDUSTRIAL DE ARACAJU;ETANOL;24/02/2026;4,89;VIBRA
GAMA E CIA LTDA;13007752000126;DISTRITO INDUSTRIAL DE ARACAJU;ETANOL;24/09/2024;4,75;VIBRA
GAMA E CIA LTDA;13007752000126;DISTRITO INDUSTRIAL DE ARACAJU;ETANOL;25/11/2024;4,39;VIBRA
GAMA E CIA LTDA;13007752000126;DISTRITO INDUSTRIAL DE ARACAJU;ETANOL;26/08/2024;4,75;VIBRA
GAMA E CIA LTDA;13007752000126;DISTRITO INDUSTRIAL DE ARACAJU;ETANOL;28/10/2024;4,39;VIBRA
GAMA E CIA LTDA;13007752000126;DISTRITO INDUSTRIAL DE ARACAJU;ETANOL;30/07/2024;4,78;VIBRA
GAMA E CIA LTDA;13007752000126;DISTRITO INDUSTRIAL DE ARACAJU;ETANOL;30/09/2024;4,59;VIBRA
GAMA E CIA LTDA;13007752000126;DISTRITO INDUSTRIAL DE ARACAJU;ETANOL;30/12/2024;4,29;VIBRA
GAMA E CIA LTDA;13007752000126;DISTRITO INDUSTRIAL DE ARACAJU;GASOLINA;02/09/2025;6,62;VIBRA
GAMA E CIA LTDA;13007752000126;DISTRITO INDUSTRIAL DE ARACAJU;GASOLINA;03/02/2025;6,42;VIBRA
GAMA E CIA LTDA;13007752000126;DISTRITO INDUSTRIAL DE ARACAJU;GASOLINA;03/03/2025;6,62;VIBRA
GAMA E CIA LTDA;13007752000126;DISTRITO INDUSTRIAL DE ARACAJU;GASOLINA;03/06/2025;6,62;VIBRA
GAMA E CIA LTDA;13007752000126;DISTRITO INDUSTRIAL DE ARACAJU;GASOLINA;03/09/2024;6,40;VIBRA
GAMA E CIA LTDA;13007752000126;DISTRITO INDUSTRIAL DE ARACAJU;GASOLINA;03/12/2024;6,30;VIBRA
GAMA E CIA LTDA;13007752000126;DISTRITO INDUSTRIAL DE ARACAJU;GASOLINA;04/03/2026;6,52;VIBRA
GAMA E CIA LTDA;13007752000126;DISTRITO INDUSTRIAL DE ARACAJU;GASOLINA;04/11/2024;5,90;VIBRA
GAMA E CIA LTDA;13007752000126;DISTRITO INDUSTRIAL DE ARACAJU;GASOLINA;04/11/2025;6,52;VIBRA
GAMA E CIA LTDA;13007752000126;DISTRITO INDUSTRIAL DE ARACAJU;GASOLINA;05/05/2025;6,62;VIBRA
GAMA E CIA LTDA;13007752000126;DISTRITO INDUSTRIAL DE ARACAJU;GASOLINA;05/08/2025;6,62;VIBRA
GAMA E CIA LTDA;13007752000126;DISTRITO INDUSTRIAL DE ARACAJU;GASOLINA;06/01/2025;6,30;VIBRA
GAMA E CIA LTDA;13007752000126;DISTRITO INDUSTRIAL DE ARACAJU;GASOLINA;06/08/2024;6,45;VIBRA
GAMA E CIA LTDA;13007752000126;DISTRITO INDUSTRIAL DE ARACAJU;GASOLINA;06/10/2025;6,62;VIBRA
GAMA E CIA LTDA;13007752000126;DISTRITO INDUSTRIAL DE ARACAJU;GASOLINA;07/10/2024;6,20;VIBRA
GAMA E CIA LTDA;13007752000126;DISTRITO INDUSTRIAL DE ARACAJU;GASOLINA;08/04/2025;6,62;VIBRA
GAMA E CIA LTDA;13007752000126;DISTRITO INDUSTRIAL DE ARACAJU;GASOLINA;08/07/2025;6,62;VIBRA
GAMA E CIA LTDA;13007752000126;DISTRITO INDUSTRIAL DE ARACAJU;GASOLINA;09/03/2026;6,82;VIBRA
GAMA E CIA LTDA;13007752000126;DISTRITO INDUSTRIAL DE ARACAJU;GASOLINA;09/06/2025;6,62;VIBRA
GAMA E CIA LTDA;13007752000126;DISTRITO INDUSTRIAL DE ARACAJU;GASOLINA;09/09/2024;6,40;VIBRA
GAMA E CIA LTDA;13007752000126;DISTRITO INDUSTRIAL DE ARACAJU;GASOLINA;09/09/2025;6,62;VIBRA
GAMA E CIA LTDA;13007752000126;DISTRITO INDUSTRIAL DE ARACAJU;GASOLINA;09/12/2024;6,30;VIBRA
GAMA E CIA LTDA;13007752000126;DISTRITO INDUSTRIAL DE ARACAJU;GASOLINA;10/02/2026;6,52;VIBRA
GAMA E CIA LTDA;13007752000126;DISTRITO INDUSTRIAL DE ARACAJU;GASOLINA;10/07/2024;6,30;VIBRA
GAMA E CIA LTDA;13007752000126;DISTRITO INDUSTRIAL DE ARACAJU;GASOLINA;11/02/2025;6,62;VIBRA
GAMA E CIA LTDA;13007752000126;DISTRITO INDUSTRIAL DE ARACAJU;GASOLINA;11/03/2025;6,62;VIBRA
GAMA E CIA LTDA;13007752000126;DISTRITO INDUSTRIAL DE ARACAJU;GASOLINA;11/11/2024;5,90;VIBRA
GAMA E CIA LTDA;13007752000126;DISTRITO INDUSTRIAL DE ARACAJU;GASOLINA;11/11/2025;6,52;VIBRA
GAMA E CIA LTDA;13007752000126;DISTRITO INDUSTRIAL DE ARACAJU;GASOLINA;12/05/2025;6,62;VIBRA
GAMA E CIA LTDA;13007752000126;DISTRITO INDUSTRIAL DE ARACAJU;GASOLINA;12/08/2024;6,40;VIBRA
GAMA E CIA LTDA;13007752000126;DISTRITO INDUSTRIAL DE ARACAJU;GASOLINA;12/08/2025;6,62;VIBRA
GAMA E CIA LTDA;13007752000126;DISTRITO INDUSTRIAL DE ARACAJU;GASOLINA;13/01/2025;6,42;VIBRA
GAMA E CIA LTDA;13007752000126;DISTRITO INDUSTRIAL DE ARACAJU;GASOLINA;13/10/2025;6,62;VIBRA
GAMA E CIA LTDA;13007752000126;DISTRITO INDUSTRIAL DE ARACAJU;GASOLINA;15/04/2025;6,52;VIBRA
GAMA E CIA LTDA;13007752000126;DISTRITO INDUSTRIAL DE ARACAJU;GASOLINA;15/07/2025;6,62;VIBRA
GAMA E CIA LTDA;13007752000126;DISTRITO INDUSTRIAL DE ARACAJU;GASOLINA;15/10/2024;6,20;VIBRA
GAMA E CIA LTDA;13007752000126;DISTRITO INDUSTRIAL DE ARACAJU;GASOLINA;16/06/2025;6,62;VIBRA
GAMA E CIA LTDA;13007752000126;DISTRITO INDUSTRIAL DE ARACAJU;GASOLINA;16/09/2025;6,62;VIBRA
GAMA E CIA LTDA;13007752000126;DISTRITO INDUSTRIAL DE ARACAJU;GASOLINA;16/12/2024;6,30;VIBRA
GAMA E CIA LTDA;13007752000126;DISTRITO INDUSTRIAL DE ARACAJU;GASOLINA;17/07/2024;6,30;VIBRA
GAMA E CIA LTDA;13007752000126;DISTRITO INDUSTRIAL DE ARACAJU;GASOLINA;17/09/2024;6,20;VIBRA
GAMA E CIA LTDA;13007752000126;DISTRITO INDUSTRIAL DE ARACAJU;GASOLINA;18/02/2025;6,62;VIBRA
GAMA E CIA LTDA;13007752000126;DISTRITO INDUSTRIAL DE ARACAJU;GASOLINA;18/03/2025;6,62;VIBRA
GAMA E CIA LTDA;13007752000126;DISTRITO INDUSTRIAL DE ARACAJU;GASOLINA;18/11/2024;6,30;VIBRA
GAMA E CIA LTDA;13007752000126;DISTRITO INDUSTRIAL DE ARACAJU;GASOLINA;18/11/2025;6,52;VIBRA
GAMA E CIA LTDA;13007752000126;DISTRITO INDUSTRIAL DE ARACAJU;GASOLINA;19/05/2025;6,62;VIBRA
GAMA E CIA LTDA;13007752000126;DISTRITO INDUSTRIAL DE ARACAJU;GASOLINA;19/08/2024;6,40;VIBRA
GAMA E CIA LTDA;13007752000126;DISTRITO INDUSTRIAL DE ARACAJU;GASOLINA;19/08/2025;6,62;VIBRA
GAMA E CIA LTDA;13007752000126;DISTRITO INDUSTRIAL DE ARACAJU;GASOLINA;20/01/2025;6,42;VIBRA
GAMA E CIA LTDA;13007752000126;DISTRITO INDUSTRIAL DE ARACAJU;GASOLINA;20/10/2025;6,62;VIBRA
GAMA E CIA LTDA;13007752000126;DISTRITO INDUSTRIAL DE ARACAJU;GASOLINA;21/10/2024;5,90;VIBRA
GAMA E CIA LTDA;13007752000126;DISTRITO INDUSTRIAL DE ARACAJU;GASOLINA;22/04/2025;6,52;VIBRA
GAMA E CIA LTDA;13007752000126;DISTRITO INDUSTRIAL DE ARACAJU;GASOLINA;22/07/2025;6,62;VIBRA
GAMA E CIA LTDA;13007752000126;DISTRITO INDUSTRIAL DE ARACAJU;GASOLINA;22/09/2025;6,62;VIBRA
GAMA E CIA LTDA;13007752000126;DISTRITO INDUSTRIAL DE ARACAJU;GASOLINA;23/12/2024;6,30;VIBRA
GAMA E CIA LTDA;13007752000126;DISTRITO INDUSTRIAL DE ARACAJU;GASOLINA;24/02/2026;6,52;VIBRA
GAMA E CIA LTDA;13007752000126;DISTRITO INDUSTRIAL DE ARACAJU;GASOLINA;24/03/2026;7,22;VIBRA
GAMA E CIA LTDA;13007752000126;DISTRITO INDUSTRIAL DE ARACAJU;GASOLINA;24/06/2025;6,62;VIBRA
GAMA E CIA LTDA;13007752000126;DISTRITO INDUSTRIAL DE ARACAJU;GASOLINA;24/09/2024;6,20;VIBRA
GAMA E CIA LTDA;13007752000126;DISTRITO INDUSTRIAL DE ARACAJU;GASOLINA;25/02/2025;6,62;VIBRA
GAMA E CIA LTDA;13007752000126;DISTRITO INDUSTRIAL DE ARACAJU;GASOLINA;25/03/2025;6,62;VIBRA
GAMA E CIA LTDA;13007752000126;DISTRITO INDUSTRIAL DE ARACAJU;GASOLINA;25/11/2024;6,30;VIBRA
GAMA E CIA LTDA;13007752000126;DISTRITO INDUSTRIAL DE ARACAJU;GASOLINA;25/11/2025;6,52;VIBRA
GAMA E CIA LTDA;13007752000126;DISTRITO INDUSTRIAL DE ARACAJU;GASOLINA;26/08/2024;6,40;VIBRA
GAMA E CIA LTDA;13007752000126;DISTRITO INDUSTRIAL DE ARACAJU;GASOLINA;27/05/2025;6,62;VIBRA
GAMA E CIA LTDA;13007752000126;DISTRITO INDUSTRIAL DE ARACAJU;GASOLINA;27/08/2025;6,62;VIBRA
GAMA E CIA LTDA;13007752000126;DISTRITO INDUSTRIAL DE ARACAJU;GASOLINA;28/01/2025;6,42;VIBRA
GAMA E CIA LTDA;13007752000126;DISTRITO INDUSTRIAL DE ARACAJU;GASOLINA;28/07/2025;6,62;VIBRA
GAMA E CIA LTDA;13007752000126;DISTRITO INDUSTRIAL DE ARACAJU;GASOLINA;28/10/2024;5,90;VIBRA
GAMA E CIA LTDA;13007752000126;DISTRITO INDUSTRIAL DE ARACAJU;GASOLINA;28/10/2025;6,52;VIBRA
GAMA E CIA LTDA;13007752000126;DISTRITO INDUSTRIAL DE ARACAJU;GASOLINA;29/04/2025;6,52;VIBRA
GAMA E CIA LTDA;13007752000126;DISTRITO INDUSTRIAL DE ARACAJU;GASOLINA;30/03/2026;7,22;VIBRA
GAMA E CIA LTDA;13007752000126;DISTRITO INDUSTRIAL DE ARACAJU;GASOLINA;30/06/2025;6,62;VIBRA
GAMA E CIA LTDA;13007752000126;DISTRITO INDUSTRIAL DE ARACAJU;GASOLINA;30/07/2024;6,48;VIBRA
GAMA E CIA LTDA;13007752000126;DISTRITO INDUSTRIAL DE ARACAJU;GASOLINA;30/09/2024;6,20;VIBRA
GAMA E CIA LTDA;13007752000126;DISTRITO INDUSTRIAL DE ARACAJU;GASOLINA;30/09/2025;6,62;VIBRA
GAMA E CIA LTDA;13007752000126;DISTRITO INDUSTRIAL DE ARACAJU;GASOLINA;30/12/2024;6,30;VIBRA
GAMA E CIA LTDA;13007752000126;DISTRITO INDUSTRIAL DE ARACAJU;GASOLINA;31/03/2025;6,62;VIBRA
GAMA E CIA LTDA;13007752000126;DISTRITO INDUSTRIAL DE ARACAJU;GASOLINA ADITIVADA;04/03/2026;6,52;VIBRA
GAMA E CIA LTDA;13007752000207;PONTO NOVO;ETANOL;02/06/2026;5,50;VIBRA
GAMA E CIA LTDA;13007752000207;PONTO NOVO;ETANOL;03/09/2024;4,75;VIBRA
GAMA E CIA LTDA;13007752000207;PONTO NOVO;ETANOL;03/12/2024;4,29;VIBRA
GAMA E CIA LTDA;13007752000207;PONTO NOVO;ETANOL;04/03/2026;4,89;VIBRA
GAMA E CIA LTDA;13007752000207;PONTO NOVO;ETANOL;04/05/2026;5,60;VIBRA
GAMA E CIA LTDA;13007752000207;PONTO NOVO;ETANOL;04/11/2024;4,39;VIBRA
GAMA E CIA LTDA;13007752000207;PONTO NOVO;ETANOL;06/08/2024;4,75;VIBRA
GAMA E CIA LTDA;13007752000207;PONTO NOVO;ETANOL;07/04/2026;5,09;VIBRA
GAMA E CIA LTDA;13007752000207;PONTO NOVO;ETANOL;07/10/2024;4,59;VIBRA
GAMA E CIA LTDA;13007752000207;PONTO NOVO;ETANOL;08/06/2026;5,50;VIBRA
GAMA E CIA LTDA;13007752000207;PONTO NOVO;ETANOL;09/09/2024;4,79;VIBRA
GAMA E CIA LTDA;13007752000207;PONTO NOVO;ETANOL;09/12/2024;4,29;VIBRA
GAMA E CIA LTDA;13007752000207;PONTO NOVO;ETANOL;10/02/2026;4,89;VIBRA
GAMA E CIA LTDA;13007752000207;PONTO NOVO;ETANOL;10/07/2024;4,69;VIBRA
GAMA E CIA LTDA;13007752000207;PONTO NOVO;ETANOL;11/11/2024;4,39;VIBRA
GAMA E CIA LTDA;13007752000207;PONTO NOVO;ETANOL;12/05/2026;5,60;VIBRA
GAMA E CIA LTDA;13007752000207;PONTO NOVO;ETANOL;12/08/2024;4,75;VIBRA
GAMA E CIA LTDA;13007752000207;PONTO NOVO;ETANOL;14/04/2026;5,50;VIBRA
GAMA E CIA LTDA;13007752000207;PONTO NOVO;ETANOL;15/10/2024;4,55;VIBRA
GAMA E CIA LTDA;13007752000207;PONTO NOVO;ETANOL;16/06/2026;5,50;VIBRA
GAMA E CIA LTDA;13007752000207;PONTO NOVO;ETANOL;16/12/2024;4,20;VIBRA
GAMA E CIA LTDA;13007752000207;PONTO NOVO;ETANOL;17/07/2024;4,69;VIBRA
GAMA E CIA LTDA;13007752000207;PONTO NOVO;ETANOL;17/09/2024;4,79;VIBRA
GAMA E CIA LTDA;13007752000207;PONTO NOVO;ETANOL;18/05/2026;5,60;VIBRA
GAMA E CIA LTDA;13007752000207;PONTO NOVO;ETANOL;18/11/2024;4,39;VIBRA
GAMA E CIA LTDA;13007752000207;PONTO NOVO;ETANOL;19/08/2024;4,75;VIBRA
GAMA E CIA LTDA;13007752000207;PONTO NOVO;ETANOL;21/10/2024;4,39;VIBRA
GAMA E CIA LTDA;13007752000207;PONTO NOVO;ETANOL;23/07/2024;4,69;VIBRA
GAMA E CIA LTDA;13007752000207;PONTO NOVO;ETANOL;23/12/2024;4,20;VIBRA
GAMA E CIA LTDA;13007752000207;PONTO NOVO;ETANOL;24/02/2026;4,89;VIBRA
GAMA E CIA LTDA;13007752000207;PONTO NOVO;ETANOL;24/03/2026;5,05;VIBRA
GAMA E CIA LTDA;13007752000207;PONTO NOVO;ETANOL;24/04/2026;5,60;VIBRA
GAMA E CIA LTDA;13007752000207;PONTO NOVO;ETANOL;24/09/2024;4,75;VIBRA
GAMA E CIA LTDA;13007752000207;PONTO NOVO;ETANOL;25/11/2024;4,39;VIBRA
GAMA E CIA LTDA;13007752000207;PONTO NOVO;ETANOL;26/05/2026;5,50;VIBRA
GAMA E CIA LTDA;13007752000207;PONTO NOVO;ETANOL;26/08/2024;4,75;VIBRA
GAMA E CIA LTDA;13007752000207;PONTO NOVO;ETANOL;27/04/2026;5,60;VIBRA
GAMA E CIA LTDA;13007752000207;PONTO NOVO;ETANOL;28/10/2024;4,39;VIBRA
GAMA E CIA LTDA;13007752000207;PONTO NOVO;ETANOL;29/06/2026;5,50;VIBRA
GAMA E CIA LTDA;13007752000207;PONTO NOVO;ETANOL;30/03/2026;5,05;VIBRA
GAMA E CIA LTDA;13007752000207;PONTO NOVO;ETANOL;30/07/2024;4,78;VIBRA
GAMA E CIA LTDA;13007752000207;PONTO NOVO;ETANOL;30/09/2024;4,59;VIBRA
GAMA E CIA LTDA;13007752000207;PONTO NOVO;ETANOL;30/12/2024;4,29;VIBRA
GAMA E CIA LTDA;13007752000207;PONTO NOVO;GASOLINA;02/06/2026;7,12;VIBRA
GAMA E CIA LTDA;13007752000207;PONTO NOVO;GASOLINA;02/09/2025;6,62;VIBRA
GAMA E CIA LTDA;13007752000207;PONTO NOVO;GASOLINA;03/02/2025;6,42;VIBRA
GAMA E CIA LTDA;13007752000207;PONTO NOVO;GASOLINA;03/03/2025;6,62;VIBRA
GAMA E CIA LTDA;13007752000207;PONTO NOVO;GASOLINA;03/06/2025;6,62;VIBRA
GAMA E CIA LTDA;13007752000207;PONTO NOVO;GASOLINA;03/09/2024;6,40;VIBRA
GAMA E CIA LTDA;13007752000207;PONTO NOVO;GASOLINA;03/12/2024;6,30;VIBRA
GAMA E CIA LTDA;13007752000207;PONTO NOVO;GASOLINA;04/03/2026;6,52;VIBRA
GAMA E CIA LTDA;13007752000207;PONTO NOVO;GASOLINA;04/05/2026;7,22;VIBRA
GAMA E CIA LTDA;13007752000207;PONTO NOVO;GASOLINA;04/11/2024;5,90;VIBRA
GAMA E CIA LTDA;13007752000207;PONTO NOVO;GASOLINA;04/11/2025;6,52;VIBRA
GAMA E CIA LTDA;13007752000207;PONTO NOVO;GASOLINA;05/05/2025;6,62;VIBRA
GAMA E CIA LTDA;13007752000207;PONTO NOVO;GASOLINA;05/08/2025;6,62;VIBRA
GAMA E CIA LTDA;13007752000207;PONTO NOVO;GASOLINA;06/01/2025;6,30;VIBRA
GAMA E CIA LTDA;13007752000207;PONTO NOVO;GASOLINA;06/08/2024;6,45;VIBRA
GAMA E CIA LTDA;13007752000207;PONTO NOVO;GASOLINA;06/10/2025;6,62;VIBRA
GAMA E CIA LTDA;13007752000207;PONTO NOVO;GASOLINA;07/04/2026;7,22;VIBRA
GAMA E CIA LTDA;13007752000207;PONTO NOVO;GASOLINA;07/10/2024;6,20;VIBRA
GAMA E CIA LTDA;13007752000207;PONTO NOVO;GASOLINA;08/04/2025;6,62;VIBRA
GAMA E CIA LTDA;13007752000207;PONTO NOVO;GASOLINA;08/06/2026;7,12;VIBRA
GAMA E CIA LTDA;13007752000207;PONTO NOVO;GASOLINA;08/07/2025;6,62;VIBRA
GAMA E CIA LTDA;13007752000207;PONTO NOVO;GASOLINA;09/03/2026;6,82;VIBRA
GAMA E CIA LTDA;13007752000207;PONTO NOVO;GASOLINA;09/06/2025;6,62;VIBRA
GAMA E CIA LTDA;13007752000207;PONTO NOVO;GASOLINA;09/09/2024;6,40;VIBRA
GAMA E CIA LTDA;13007752000207;PONTO NOVO;GASOLINA;09/09/2025;6,62;VIBRA
GAMA E CIA LTDA;13007752000207;PONTO NOVO;GASOLINA;09/12/2024;6,30;VIBRA
GAMA E CIA LTDA;13007752000207;PONTO NOVO;GASOLINA;10/02/2026;6,52;VIBRA
GAMA E CIA LTDA;13007752000207;PONTO NOVO;GASOLINA;10/07/2024;6,32;VIBRA
GAMA E CIA LTDA;13007752000207;PONTO NOVO;GASOLINA;11/02/2025;6,62;VIBRA
GAMA E CIA LTDA;13007752000207;PONTO NOVO;GASOLINA;11/03/2025;6,62;VIBRA
GAMA E CIA LTDA;13007752000207;PONTO NOVO;GASOLINA;11/11/2024;5,90;VIBRA
GAMA E CIA LTDA;13007752000207;PONTO NOVO;GASOLINA;11/11/2025;6,52;VIBRA
GAMA E CIA LTDA;13007752000207;PONTO NOVO;GASOLINA;12/05/2025;6,62;VIBRA
GAMA E CIA LTDA;13007752000207;PONTO NOVO;GASOLINA;12/05/2026;7,52;VIBRA
GAMA E CIA LTDA;13007752000207;PONTO NOVO;GASOLINA;12/08/2024;6,42;VIBRA
GAMA E CIA LTDA;13007752000207;PONTO NOVO;GASOLINA;12/08/2025;6,62;VIBRA
GAMA E CIA LTDA;13007752000207;PONTO NOVO;GASOLINA;13/01/2025;6,42;VIBRA
GAMA E CIA LTDA;13007752000207;PONTO NOVO;GASOLINA;13/10/2025;6,62;VIBRA
GAMA E CIA LTDA;13007752000207;PONTO NOVO;GASOLINA;14/04/2026;7,22;VIBRA
GAMA E CIA LTDA;13007752000207;PONTO NOVO;GASOLINA;15/04/2025;6,52;VIBRA
GAMA E CIA LTDA;13007752000207;PONTO NOVO;GASOLINA;15/07/2025;6,62;VIBRA
GAMA E CIA LTDA;13007752000207;PONTO NOVO;GASOLINA;15/10/2024;6,20;VIBRA
GAMA E CIA LTDA;13007752000207;PONTO NOVO;GASOLINA;16/06/2025;6,62;VIBRA
GAMA E CIA LTDA;13007752000207;PONTO NOVO;GASOLINA;16/06/2026;7,12;VIBRA
GAMA E CIA LTDA;13007752000207;PONTO NOVO;GASOLINA;16/09/2025;6,62;VIBRA
GAMA E CIA LTDA;13007752000207;PONTO NOVO;GASOLINA;16/12/2024;6,30;VIBRA
GAMA E CIA LTDA;13007752000207;PONTO NOVO;GASOLINA;17/07/2024;6,32;VIBRA
GAMA E CIA LTDA;13007752000207;PONTO NOVO;GASOLINA;17/09/2024;6,20;VIBRA
GAMA E CIA LTDA;13007752000207;PONTO NOVO;GASOLINA;18/02/2025;6,62;VIBRA
GAMA E CIA LTDA;13007752000207;PONTO NOVO;GASOLINA;18/03/2025;6,62;VIBRA
GAMA E CIA LTDA;13007752000207;PONTO NOVO;GASOLINA;18/05/2026;7,52;VIBRA
GAMA E CIA LTDA;13007752000207;PONTO NOVO;GASOLINA;18/11/2024;6,30;VIBRA
GAMA E CIA LTDA;13007752000207;PONTO NOVO;GASOLINA;18/11/2025;6,52;VIBRA
GAMA E CIA LTDA;13007752000207;PONTO NOVO;GASOLINA;19/05/2025;6,62;VIBRA
GAMA E CIA LTDA;13007752000207;PONTO NOVO;GASOLINA;19/08/2024;6,42;VIBRA
GAMA E CIA LTDA;13007752000207;PONTO NOVO;GASOLINA;19/08/2025;6,62;VIBRA
GAMA E CIA LTDA;13007752000207;PONTO NOVO;GASOLINA;20/01/2025;6,42;VIBRA
GAMA E CIA LTDA;13007752000207;PONTO NOVO;GASOLINA;20/10/2025;6,62;VIBRA
GAMA E CIA LTDA;13007752000207;PONTO NOVO;GASOLINA;21/10/2024;5,90;VIBRA
GAMA E CIA LTDA;13007752000207;PONTO NOVO;GASOLINA;22/04/2025;6,62;VIBRA
GAMA E CIA LTDA;13007752000207;PONTO NOVO;GASOLINA;22/07/2025;6,62;VIBRA
GAMA E CIA LTDA;13007752000207;PONTO NOVO;GASOLINA;22/09/2025;6,62;VIBRA
GAMA E CIA LTDA;13007752000207;PONTO NOVO;GASOLINA;23/06/2026;7,12;VIBRA
GAMA E CIA LTDA;13007752000207;PONTO NOVO;GASOLINA;23/07/2024;6,32;VIBRA
GAMA E CIA LTDA;13007752000207;PONTO NOVO;GASOLINA;23/12/2024;6,30;VIBRA
GAMA E CIA LTDA;13007752000207;PONTO NOVO;GASOLINA;24/02/2026;6,52;VIBRA
GAMA E CIA LTDA;13007752000207;PONTO NOVO;GASOLINA;24/03/2026;7,22;VIBRA
GAMA E CIA LTDA;13007752000207;PONTO NOVO;GASOLINA;24/04/2026;7,22;VIBRA
GAMA E CIA LTDA;13007752000207;PONTO NOVO;GASOLINA;24/06/2025;6,62;VIBRA
GAMA E CIA LTDA;13007752000207;PONTO NOVO;GASOLINA;24/09/2024;6,20;VIBRA
GAMA E CIA LTDA;13007752000207;PONTO NOVO;GASOLINA;25/02/2025;6,62;VIBRA
GAMA E CIA LTDA;13007752000207;PONTO NOVO;GASOLINA;25/03/2025;6,62;VIBRA
GAMA E CIA LTDA;13007752000207;PONTO NOVO;GASOLINA;25/11/2024;6,30;VIBRA
GAMA E CIA LTDA;13007752000207;PONTO NOVO;GASOLINA;25/11/2025;6,52;VIBRA
GAMA E CIA LTDA;13007752000207;PONTO NOVO;GASOLINA;26/05/2026;7,12;VIBRA
GAMA E CIA LTDA;13007752000207;PONTO NOVO;GASOLINA;26/08/2024;6,40;VIBRA
GAMA E CIA LTDA;13007752000207;PONTO NOVO;GASOLINA;27/04/2026;7,22;VIBRA
GAMA E CIA LTDA;13007752000207;PONTO NOVO;GASOLINA;27/05/2025;6,62;VIBRA
GAMA E CIA LTDA;13007752000207;PONTO NOVO;GASOLINA;27/08/2025;6,62;VIBRA
GAMA E CIA LTDA;13007752000207;PONTO NOVO;GASOLINA;28/01/2025;6,42;VIBRA
GAMA E CIA LTDA;13007752000207;PONTO NOVO;GASOLINA;28/07/2025;6,62;VIBRA
GAMA E CIA LTDA;13007752000207;PONTO NOVO;GASOLINA;28/10/2024;5,90;VIBRA
GAMA E CIA LTDA;13007752000207;PONTO NOVO;GASOLINA;28/10/2025;6,52;VIBRA
GAMA E CIA LTDA;13007752000207;PONTO NOVO;GASOLINA;29/04/2025;6,52;VIBRA
GAMA E CIA LTDA;13007752000207;PONTO NOVO;GASOLINA;29/06/2026;7,12;VIBRA
GAMA E CIA LTDA;13007752000207;PONTO NOVO;GASOLINA;30/03/2026;7,22;VIBRA
GAMA E CIA LTDA;13007752000207;PONTO NOVO;GASOLINA;30/06/2025;6,62;VIBRA
GAMA E CIA LTDA;13007752000207;PONTO NOVO;GASOLINA;30/07/2024;6,49;VIBRA
GAMA E CIA LTDA;13007752000207;PONTO NOVO;GASOLINA;30/09/2024;6,20;VIBRA
GAMA E CIA LTDA;13007752000207;PONTO NOVO;GASOLINA;30/09/2025;6,62;VIBRA
GAMA E CIA LTDA;13007752000207;PONTO NOVO;GASOLINA;30/12/2024;6,30;VIBRA
GAMA E CIA LTDA;13007752000207;PONTO NOVO;GASOLINA;31/03/2025;6,62;VIBRA
TYRESOLES DE SERGIPE INDUSTRIA COMERCIO E SERVICOS LTDA;13007828001004;LUZIA;ETANOL;02/06/2026;5,69;RAIZEN
TYRESOLES DE SERGIPE INDUSTRIA COMERCIO E SERVICOS LTDA;13007828001004;LUZIA;ETANOL;02/09/2025;4,95;RAIZEN
TYRESOLES DE SERGIPE INDUSTRIA COMERCIO E SERVICOS LTDA;13007828001004;LUZIA;ETANOL;03/02/2025;4,59;RAIZEN
TYRESOLES DE SERGIPE INDUSTRIA COMERCIO E SERVICOS LTDA;13007828001004;LUZIA;ETANOL;03/03/2025;4,80;RAIZEN
TYRESOLES DE SERGIPE INDUSTRIA COMERCIO E SERVICOS LTDA;13007828001004;LUZIA;ETANOL;03/06/2025;4,95;RAIZEN
TYRESOLES DE SERGIPE INDUSTRIA COMERCIO E SERVICOS LTDA;13007828001004;LUZIA;ETANOL;03/09/2024;4,89;RAIZEN
TYRESOLES DE SERGIPE INDUSTRIA COMERCIO E SERVICOS LTDA;13007828001004;LUZIA;ETANOL;03/12/2024;4,38;RAIZEN
TYRESOLES DE SERGIPE INDUSTRIA COMERCIO E SERVICOS LTDA;13007828001004;LUZIA;ETANOL;04/03/2026;4,85;RAIZEN
TYRESOLES DE SERGIPE INDUSTRIA COMERCIO E SERVICOS LTDA;13007828001004;LUZIA;ETANOL;04/05/2026;5,69;RAIZEN
TYRESOLES DE SERGIPE INDUSTRIA COMERCIO E SERVICOS LTDA;13007828001004;LUZIA;ETANOL;04/11/2024;4,38;RAIZEN
TYRESOLES DE SERGIPE INDUSTRIA COMERCIO E SERVICOS LTDA;13007828001004;LUZIA;ETANOL;04/11/2025;4,80;RAIZEN
TYRESOLES DE SERGIPE INDUSTRIA COMERCIO E SERVICOS LTDA;13007828001004;LUZIA;ETANOL;05/05/2025;4,80;RAIZEN
TYRESOLES DE SERGIPE INDUSTRIA COMERCIO E SERVICOS LTDA;13007828001004;LUZIA;ETANOL;05/08/2025;4,95;RAIZEN
TYRESOLES DE SERGIPE INDUSTRIA COMERCIO E SERVICOS LTDA;13007828001004;LUZIA;ETANOL;06/01/2025;4,38;RAIZEN
TYRESOLES DE SERGIPE INDUSTRIA COMERCIO E SERVICOS LTDA;13007828001004;LUZIA;ETANOL;06/08/2024;4,89;RAIZEN
TYRESOLES DE SERGIPE INDUSTRIA COMERCIO E SERVICOS LTDA;13007828001004;LUZIA;ETANOL;06/10/2025;4,95;RAIZEN
TYRESOLES DE SERGIPE INDUSTRIA COMERCIO E SERVICOS LTDA;13007828001004;LUZIA;ETANOL;07/04/2026;5,19;RAIZEN
TYRESOLES DE SERGIPE INDUSTRIA COMERCIO E SERVICOS LTDA;13007828001004;LUZIA;ETANOL;07/10/2024;4,69;RAIZEN
TYRESOLES DE SERGIPE INDUSTRIA COMERCIO E SERVICOS LTDA;13007828001004;LUZIA;ETANOL;08/04/2025;4,80;RAIZEN
TYRESOLES DE SERGIPE INDUSTRIA COMERCIO E SERVICOS LTDA;13007828001004;LUZIA;ETANOL;08/06/2026;5,69;RAIZEN
TYRESOLES DE SERGIPE INDUSTRIA COMERCIO E SERVICOS LTDA;13007828001004;LUZIA;ETANOL;08/07/2025;4,95;RAIZEN
TYRESOLES DE SERGIPE INDUSTRIA COMERCIO E SERVICOS LTDA;13007828001004;LUZIA;ETANOL;09/03/2026;4,99;RAIZEN
TYRESOLES DE SERGIPE INDUSTRIA COMERCIO E SERVICOS LTDA;13007828001004;LUZIA;ETANOL;09/06/2025;4,95;RAIZEN
TYRESOLES DE SERGIPE INDUSTRIA COMERCIO E SERVICOS LTDA;13007828001004;LUZIA;ETANOL;09/09/2024;4,89;RAIZEN
TYRESOLES DE SERGIPE INDUSTRIA COMERCIO E SERVICOS LTDA;13007828001004;LUZIA;ETANOL;09/09/2025;4,95;RAIZEN
TYRESOLES DE SERGIPE INDUSTRIA COMERCIO E SERVICOS LTDA;13007828001004;LUZIA;ETANOL;09/12/2024;4,38;RAIZEN
TYRESOLES DE SERGIPE INDUSTRIA COMERCIO E SERVICOS LTDA;13007828001004;LUZIA;ETANOL;10/02/2026;4,85;RAIZEN
TYRESOLES DE SERGIPE INDUSTRIA COMERCIO E SERVICOS LTDA;13007828001004;LUZIA;ETANOL;10/07/2024;4,69;RAIZEN
TYRESOLES DE SERGIPE INDUSTRIA COMERCIO E SERVICOS LTDA;13007828001004;LUZIA;ETANOL;11/02/2025;4,80;RAIZEN
TYRESOLES DE SERGIPE INDUSTRIA COMERCIO E SERVICOS LTDA;13007828001004;LUZIA;ETANOL;11/03/2025;4,80;RAIZEN
TYRESOLES DE SERGIPE INDUSTRIA COMERCIO E SERVICOS LTDA;13007828001004;LUZIA;ETANOL;11/11/2024;4,38;RAIZEN
TYRESOLES DE SERGIPE INDUSTRIA COMERCIO E SERVICOS LTDA;13007828001004;LUZIA;ETANOL;11/11/2025;4,80;RAIZEN
TYRESOLES DE SERGIPE INDUSTRIA COMERCIO E SERVICOS LTDA;13007828001004;LUZIA;ETANOL;12/05/2025;4,80;RAIZEN
TYRESOLES DE SERGIPE INDUSTRIA COMERCIO E SERVICOS LTDA;13007828001004;LUZIA;ETANOL;12/05/2026;5,69;RAIZEN
TYRESOLES DE SERGIPE INDUSTRIA COMERCIO E SERVICOS LTDA;13007828001004;LUZIA;ETANOL;12/08/2024;4,89;RAIZEN
TYRESOLES DE SERGIPE INDUSTRIA COMERCIO E SERVICOS LTDA;13007828001004;LUZIA;ETANOL;12/08/2025;4,95;RAIZEN
TYRESOLES DE SERGIPE INDUSTRIA COMERCIO E SERVICOS LTDA;13007828001004;LUZIA;ETANOL;13/01/2025;4,59;RAIZEN
TYRESOLES DE SERGIPE INDUSTRIA COMERCIO E SERVICOS LTDA;13007828001004;LUZIA;ETANOL;13/01/2026;4,80;RAIZEN
TYRESOLES DE SERGIPE INDUSTRIA COMERCIO E SERVICOS LTDA;13007828001004;LUZIA;ETANOL;13/10/2025;4,95;RAIZEN
TYRESOLES DE SERGIPE INDUSTRIA COMERCIO E SERVICOS LTDA;13007828001004;LUZIA;ETANOL;14/04/2026;5,59;RAIZEN
TYRESOLES DE SERGIPE INDUSTRIA COMERCIO E SERVICOS LTDA;13007828001004;LUZIA;ETANOL;15/04/2025;4,80;RAIZEN
TYRESOLES DE SERGIPE INDUSTRIA COMERCIO E SERVICOS LTDA;13007828001004;LUZIA;ETANOL;15/07/2025;4,95;RAIZEN
TYRESOLES DE SERGIPE INDUSTRIA COMERCIO E SERVICOS LTDA;13007828001004;LUZIA;ETANOL;15/10/2024;4,59;RAIZEN
TYRESOLES DE SERGIPE INDUSTRIA COMERCIO E SERVICOS LTDA;13007828001004;LUZIA;ETANOL;16/06/2025;4,95;RAIZEN
TYRESOLES DE SERGIPE INDUSTRIA COMERCIO E SERVICOS LTDA;13007828001004;LUZIA;ETANOL;16/06/2026;5,69;RAIZEN
TYRESOLES DE SERGIPE INDUSTRIA COMERCIO E SERVICOS LTDA;13007828001004;LUZIA;ETANOL;16/09/2025;4,95;RAIZEN
TYRESOLES DE SERGIPE INDUSTRIA COMERCIO E SERVICOS LTDA;13007828001004;LUZIA;ETANOL;16/12/2024;4,38;RAIZEN
TYRESOLES DE SERGIPE INDUSTRIA COMERCIO E SERVICOS LTDA;13007828001004;LUZIA;ETANOL;17/07/2024;4,69;RAIZEN
TYRESOLES DE SERGIPE INDUSTRIA COMERCIO E SERVICOS LTDA;13007828001004;LUZIA;ETANOL;17/09/2024;4,89;RAIZEN
TYRESOLES DE SERGIPE INDUSTRIA COMERCIO E SERVICOS LTDA;13007828001004;LUZIA;ETANOL;17/12/2025;4,80;RAIZEN
TYRESOLES DE SERGIPE INDUSTRIA COMERCIO E SERVICOS LTDA;13007828001004;LUZIA;ETANOL;18/02/2025;4,80;RAIZEN
TYRESOLES DE SERGIPE INDUSTRIA COMERCIO E SERVICOS LTDA;13007828001004;LUZIA;ETANOL;18/03/2025;4,80;RAIZEN
TYRESOLES DE SERGIPE INDUSTRIA COMERCIO E SERVICOS LTDA;13007828001004;LUZIA;ETANOL;18/05/2026;5,69;RAIZEN
TYRESOLES DE SERGIPE INDUSTRIA COMERCIO E SERVICOS LTDA;13007828001004;LUZIA;ETANOL;18/11/2024;4,38;RAIZEN
TYRESOLES DE SERGIPE INDUSTRIA COMERCIO E SERVICOS LTDA;13007828001004;LUZIA;ETANOL;18/11/2025;4,80;RAIZEN
TYRESOLES DE SERGIPE INDUSTRIA COMERCIO E SERVICOS LTDA;13007828001004;LUZIA;ETANOL;19/05/2025;4,80;RAIZEN
TYRESOLES DE SERGIPE INDUSTRIA COMERCIO E SERVICOS LTDA;13007828001004;LUZIA;ETANOL;19/08/2024;4,89;RAIZEN
TYRESOLES DE SERGIPE INDUSTRIA COMERCIO E SERVICOS LTDA;13007828001004;LUZIA;ETANOL;19/08/2025;4,95;RAIZEN
TYRESOLES DE SERGIPE INDUSTRIA COMERCIO E SERVICOS LTDA;13007828001004;LUZIA;ETANOL;20/01/2025;4,59;RAIZEN
TYRESOLES DE SERGIPE INDUSTRIA COMERCIO E SERVICOS LTDA;13007828001004;LUZIA;ETANOL;20/03/2026;5,16;RAIZEN
TYRESOLES DE SERGIPE INDUSTRIA COMERCIO E SERVICOS LTDA;13007828001004;LUZIA;ETANOL;20/10/2025;4,95;RAIZEN
TYRESOLES DE SERGIPE INDUSTRIA COMERCIO E SERVICOS LTDA;13007828001004;LUZIA;ETANOL;21/10/2024;4,49;RAIZEN
TYRESOLES DE SERGIPE INDUSTRIA COMERCIO E SERVICOS LTDA;13007828001004;LUZIA;ETANOL;22/01/2026;4,85;RAIZEN
TYRESOLES DE SERGIPE INDUSTRIA COMERCIO E SERVICOS LTDA;13007828001004;LUZIA;ETANOL;22/04/2025;4,80;RAIZEN
TYRESOLES DE SERGIPE INDUSTRIA COMERCIO E SERVICOS LTDA;13007828001004;LUZIA;ETANOL;22/07/2025;4,95;RAIZEN
TYRESOLES DE SERGIPE INDUSTRIA COMERCIO E SERVICOS LTDA;13007828001004;LUZIA;ETANOL;22/09/2025;4,95;RAIZEN
TYRESOLES DE SERGIPE INDUSTRIA COMERCIO E SERVICOS LTDA;13007828001004;LUZIA;ETANOL;23/06/2026;5,69;RAIZEN
TYRESOLES DE SERGIPE INDUSTRIA COMERCIO E SERVICOS LTDA;13007828001004;LUZIA;ETANOL;23/07/2024;4,84;RAIZEN
TYRESOLES DE SERGIPE INDUSTRIA COMERCIO E SERVICOS LTDA;13007828001004;LUZIA;ETANOL;23/12/2024;4,38;RAIZEN
TYRESOLES DE SERGIPE INDUSTRIA COMERCIO E SERVICOS LTDA;13007828001004;LUZIA;ETANOL;24/02/2026;4,85;RAIZEN
TYRESOLES DE SERGIPE INDUSTRIA COMERCIO E SERVICOS LTDA;13007828001004;LUZIA;ETANOL;24/03/2026;5,19;RAIZEN
TYRESOLES DE SERGIPE INDUSTRIA COMERCIO E SERVICOS LTDA;13007828001004;LUZIA;ETANOL;24/04/2026;5,69;RAIZEN
TYRESOLES DE SERGIPE INDUSTRIA COMERCIO E SERVICOS LTDA;13007828001004;LUZIA;ETANOL;24/06/2025;4,95;RAIZEN
TYRESOLES DE SERGIPE INDUSTRIA COMERCIO E SERVICOS LTDA;13007828001004;LUZIA;ETANOL;24/09/2024;4,69;RAIZEN
TYRESOLES DE SERGIPE INDUSTRIA COMERCIO E SERVICOS LTDA;13007828001004;LUZIA;ETANOL;24/12/2025;4,80;RAIZEN
TYRESOLES DE SERGIPE INDUSTRIA COMERCIO E SERVICOS LTDA;13007828001004;LUZIA;ETANOL;25/02/2025;4,80;RAIZEN
TYRESOLES DE SERGIPE INDUSTRIA COMERCIO E SERVICOS LTDA;13007828001004;LUZIA;ETANOL;25/03/2025;4,80;RAIZEN
TYRESOLES DE SERGIPE INDUSTRIA COMERCIO E SERVICOS LTDA;13007828001004;LUZIA;ETANOL;25/11/2024;4,38;RAIZEN
TYRESOLES DE SERGIPE INDUSTRIA COMERCIO E SERVICOS LTDA;13007828001004;LUZIA;ETANOL;25/11/2025;4,80;RAIZEN
TYRESOLES DE SERGIPE INDUSTRIA COMERCIO E SERVICOS LTDA;13007828001004;LUZIA;ETANOL;26/05/2026;5,69;RAIZEN
TYRESOLES DE SERGIPE INDUSTRIA COMERCIO E SERVICOS LTDA;13007828001004;LUZIA;ETANOL;26/08/2024;4,89;RAIZEN
TYRESOLES DE SERGIPE INDUSTRIA COMERCIO E SERVICOS LTDA;13007828001004;LUZIA;ETANOL;27/01/2026;4,85;RAIZEN
TYRESOLES DE SERGIPE INDUSTRIA COMERCIO E SERVICOS LTDA;13007828001004;LUZIA;ETANOL;27/04/2026;5,69;RAIZEN
TYRESOLES DE SERGIPE INDUSTRIA COMERCIO E SERVICOS LTDA;13007828001004;LUZIA;ETANOL;27/05/2025;4,95;RAIZEN
TYRESOLES DE SERGIPE INDUSTRIA COMERCIO E SERVICOS LTDA;13007828001004;LUZIA;ETANOL;27/08/2025;4,95;RAIZEN
TYRESOLES DE SERGIPE INDUSTRIA COMERCIO E SERVICOS LTDA;13007828001004;LUZIA;ETANOL;28/01/2025;4,59;RAIZEN
TYRESOLES DE SERGIPE INDUSTRIA COMERCIO E SERVICOS LTDA;13007828001004;LUZIA;ETANOL;28/07/2025;4,95;RAIZEN
TYRESOLES DE SERGIPE INDUSTRIA COMERCIO E SERVICOS LTDA;13007828001004;LUZIA;ETANOL;28/10/2024;4,49;RAIZEN
TYRESOLES DE SERGIPE INDUSTRIA COMERCIO E SERVICOS LTDA;13007828001004;LUZIA;ETANOL;28/10/2025;4,85;RAIZEN
TYRESOLES DE SERGIPE INDUSTRIA COMERCIO E SERVICOS LTDA;13007828001004;LUZIA;ETANOL;29/04/2025;4,80;RAIZEN
TYRESOLES DE SERGIPE INDUSTRIA COMERCIO E SERVICOS LTDA;13007828001004;LUZIA;ETANOL;29/06/2026;5,69;RAIZEN
TYRESOLES DE SERGIPE INDUSTRIA COMERCIO E SERVICOS LTDA;13007828001004;LUZIA;ETANOL;30/03/2026;5,19;RAIZEN
TYRESOLES DE SERGIPE INDUSTRIA COMERCIO E SERVICOS LTDA;13007828001004;LUZIA;ETANOL;30/06/2025;4,95;RAIZEN
TYRESOLES DE SERGIPE INDUSTRIA COMERCIO E SERVICOS LTDA;13007828001004;LUZIA;ETANOL;30/07/2024;4,89;RAIZEN
TYRESOLES DE SERGIPE INDUSTRIA COMERCIO E SERVICOS LTDA;13007828001004;LUZIA;ETANOL;30/09/2024;4,69;RAIZEN
TYRESOLES DE SERGIPE INDUSTRIA COMERCIO E SERVICOS LTDA;13007828001004;LUZIA;ETANOL;30/09/2025;4,95;RAIZEN
TYRESOLES DE SERGIPE INDUSTRIA COMERCIO E SERVICOS LTDA;13007828001004;LUZIA;ETANOL;30/12/2024;4,38;RAIZEN
TYRESOLES DE SERGIPE INDUSTRIA COMERCIO E SERVICOS LTDA;13007828001004;LUZIA;ETANOL;31/03/2025;4,80;RAIZEN
TYRESOLES DE SERGIPE INDUSTRIA COMERCIO E SERVICOS LTDA;13007828001004;LUZIA;GASOLINA;02/06/2026;7,19;RAIZEN
TYRESOLES DE SERGIPE INDUSTRIA COMERCIO E SERVICOS LTDA;13007828001004;LUZIA;GASOLINA;02/09/2025;6,67;RAIZEN
TYRESOLES DE SERGIPE INDUSTRIA COMERCIO E SERVICOS LTDA;13007828001004;LUZIA;GASOLINA;03/02/2025;6,63;RAIZEN
TYRESOLES DE SERGIPE INDUSTRIA COMERCIO E SERVICOS LTDA;13007828001004;LUZIA;GASOLINA;03/03/2025;6,67;RAIZEN
TYRESOLES DE SERGIPE INDUSTRIA COMERCIO E SERVICOS LTDA;13007828001004;LUZIA;GASOLINA;03/06/2025;6,67;RAIZEN
TYRESOLES DE SERGIPE INDUSTRIA COMERCIO E SERVICOS LTDA;13007828001004;LUZIA;GASOLINA;03/09/2024;6,47;RAIZEN
TYRESOLES DE SERGIPE INDUSTRIA COMERCIO E SERVICOS LTDA;13007828001004;LUZIA;GASOLINA;03/12/2024;6,35;RAIZEN
TYRESOLES DE SERGIPE INDUSTRIA COMERCIO E SERVICOS LTDA;13007828001004;LUZIA;GASOLINA;04/03/2026;6,57;RAIZEN
TYRESOLES DE SERGIPE INDUSTRIA COMERCIO E SERVICOS LTDA;13007828001004;LUZIA;GASOLINA;04/05/2026;7,29;RAIZEN
TYRESOLES DE SERGIPE INDUSTRIA COMERCIO E SERVICOS LTDA;13007828001004;LUZIA;GASOLINA;04/11/2024;5,95;RAIZEN
TYRESOLES DE SERGIPE INDUSTRIA COMERCIO E SERVICOS LTDA;13007828001004;LUZIA;GASOLINA;04/11/2025;6,57;RAIZEN
TYRESOLES DE SERGIPE INDUSTRIA COMERCIO E SERVICOS LTDA;13007828001004;LUZIA;GASOLINA;05/05/2025;6,67;RAIZEN
TYRESOLES DE SERGIPE INDUSTRIA COMERCIO E SERVICOS LTDA;13007828001004;LUZIA;GASOLINA;05/08/2025;6,67;RAIZEN
TYRESOLES DE SERGIPE INDUSTRIA COMERCIO E SERVICOS LTDA;13007828001004;LUZIA;GASOLINA;06/01/2025;6,35;RAIZEN
TYRESOLES DE SERGIPE INDUSTRIA COMERCIO E SERVICOS LTDA;13007828001004;LUZIA;GASOLINA;06/08/2024;6,53;RAIZEN
TYRESOLES DE SERGIPE INDUSTRIA COMERCIO E SERVICOS LTDA;13007828001004;LUZIA;GASOLINA;06/10/2025;6,67;RAIZEN
TYRESOLES DE SERGIPE INDUSTRIA COMERCIO E SERVICOS LTDA;13007828001004;LUZIA;GASOLINA;07/04/2026;7,29;RAIZEN
TYRESOLES DE SERGIPE INDUSTRIA COMERCIO E SERVICOS LTDA;13007828001004;LUZIA;GASOLINA;07/10/2024;6,27;RAIZEN
TYRESOLES DE SERGIPE INDUSTRIA COMERCIO E SERVICOS LTDA;13007828001004;LUZIA;GASOLINA;08/04/2025;6,67;RAIZEN
TYRESOLES DE SERGIPE INDUSTRIA COMERCIO E SERVICOS LTDA;13007828001004;LUZIA;GASOLINA;08/06/2026;7,19;RAIZEN
TYRESOLES DE SERGIPE INDUSTRIA COMERCIO E SERVICOS LTDA;13007828001004;LUZIA;GASOLINA;08/07/2025;6,67;RAIZEN
TYRESOLES DE SERGIPE INDUSTRIA COMERCIO E SERVICOS LTDA;13007828001004;LUZIA;GASOLINA;09/03/2026;6,87;RAIZEN
TYRESOLES DE SERGIPE INDUSTRIA COMERCIO E SERVICOS LTDA;13007828001004;LUZIA;GASOLINA;09/06/2025;6,67;RAIZEN
TYRESOLES DE SERGIPE INDUSTRIA COMERCIO E SERVICOS LTDA;13007828001004;LUZIA;GASOLINA;09/09/2024;6,47;RAIZEN
TYRESOLES DE SERGIPE INDUSTRIA COMERCIO E SERVICOS LTDA;13007828001004;LUZIA;GASOLINA;09/09/2025;6,67;RAIZEN
TYRESOLES DE SERGIPE INDUSTRIA COMERCIO E SERVICOS LTDA;13007828001004;LUZIA;GASOLINA;09/12/2024;6,35;RAIZEN
TYRESOLES DE SERGIPE INDUSTRIA COMERCIO E SERVICOS LTDA;13007828001004;LUZIA;GASOLINA;10/02/2026;6,57;RAIZEN
TYRESOLES DE SERGIPE INDUSTRIA COMERCIO E SERVICOS LTDA;13007828001004;LUZIA;GASOLINA;10/07/2024;6,37;RAIZEN
TYRESOLES DE SERGIPE INDUSTRIA COMERCIO E SERVICOS LTDA;13007828001004;LUZIA;GASOLINA;11/02/2025;6,67;RAIZEN
TYRESOLES DE SERGIPE INDUSTRIA COMERCIO E SERVICOS LTDA;13007828001004;LUZIA;GASOLINA;11/03/2025;6,67;RAIZEN
TYRESOLES DE SERGIPE INDUSTRIA COMERCIO E SERVICOS LTDA;13007828001004;LUZIA;GASOLINA;11/11/2024;5,95;RAIZEN
TYRESOLES DE SERGIPE INDUSTRIA COMERCIO E SERVICOS LTDA;13007828001004;LUZIA;GASOLINA;11/11/2025;6,57;RAIZEN
TYRESOLES DE SERGIPE INDUSTRIA COMERCIO E SERVICOS LTDA;13007828001004;LUZIA;GASOLINA;12/05/2025;6,67;RAIZEN
TYRESOLES DE SERGIPE INDUSTRIA COMERCIO E SERVICOS LTDA;13007828001004;LUZIA;GASOLINA;12/05/2026;7,59;RAIZEN
TYRESOLES DE SERGIPE INDUSTRIA COMERCIO E SERVICOS LTDA;13007828001004;LUZIA;GASOLINA;12/08/2024;6,47;RAIZEN
TYRESOLES DE SERGIPE INDUSTRIA COMERCIO E SERVICOS LTDA;13007828001004;LUZIA;GASOLINA;12/08/2025;6,67;RAIZEN
TYRESOLES DE SERGIPE INDUSTRIA COMERCIO E SERVICOS LTDA;13007828001004;LUZIA;GASOLINA;13/01/2025;6,47;RAIZEN
TYRESOLES DE SERGIPE INDUSTRIA COMERCIO E SERVICOS LTDA;13007828001004;LUZIA;GASOLINA;13/01/2026;6,57;RAIZEN
TYRESOLES DE SERGIPE INDUSTRIA COMERCIO E SERVICOS LTDA;13007828001004;LUZIA;GASOLINA;13/10/2025;6,67;RAIZEN
TYRESOLES DE SERGIPE INDUSTRIA COMERCIO E SERVICOS LTDA;13007828001004;LUZIA;GASOLINA;14/04/2026;7,29;RAIZEN
TYRESOLES DE SERGIPE INDUSTRIA COMERCIO E SERVICOS LTDA;13007828001004;LUZIA;GASOLINA;15/04/2025;6,57;RAIZEN
TYRESOLES DE SERGIPE INDUSTRIA COMERCIO E SERVICOS LTDA;13007828001004;LUZIA;GASOLINA;15/07/2025;6,67;RAIZEN
TYRESOLES DE SERGIPE INDUSTRIA COMERCIO E SERVICOS LTDA;13007828001004;LUZIA;GASOLINA;15/10/2024;6,27;RAIZEN
TYRESOLES DE SERGIPE INDUSTRIA COMERCIO E SERVICOS LTDA;13007828001004;LUZIA;GASOLINA;16/06/2025;6,67;RAIZEN
TYRESOLES DE SERGIPE INDUSTRIA COMERCIO E SERVICOS LTDA;13007828001004;LUZIA;GASOLINA;16/06/2026;7,19;RAIZEN
TYRESOLES DE SERGIPE INDUSTRIA COMERCIO E SERVICOS LTDA;13007828001004;LUZIA;GASOLINA;16/09/2025;6,67;RAIZEN
TYRESOLES DE SERGIPE INDUSTRIA COMERCIO E SERVICOS LTDA;13007828001004;LUZIA;GASOLINA;16/12/2024;6,35;RAIZEN
TYRESOLES DE SERGIPE INDUSTRIA COMERCIO E SERVICOS LTDA;13007828001004;LUZIA;GASOLINA;17/07/2024;6,37;RAIZEN
TYRESOLES DE SERGIPE INDUSTRIA COMERCIO E SERVICOS LTDA;13007828001004;LUZIA;GASOLINA;17/09/2024;6,27;RAIZEN
TYRESOLES DE SERGIPE INDUSTRIA COMERCIO E SERVICOS LTDA;13007828001004;LUZIA;GASOLINA;17/12/2025;6,57;RAIZEN
TYRESOLES DE SERGIPE INDUSTRIA COMERCIO E SERVICOS LTDA;13007828001004;LUZIA;GASOLINA;18/02/2025;6,67;RAIZEN
TYRESOLES DE SERGIPE INDUSTRIA COMERCIO E SERVICOS LTDA;13007828001004;LUZIA;GASOLINA;18/03/2025;6,67;RAIZEN
TYRESOLES DE SERGIPE INDUSTRIA COMERCIO E SERVICOS LTDA;13007828001004;LUZIA;GASOLINA;18/05/2026;7,59;RAIZEN
TYRESOLES DE SERGIPE INDUSTRIA COMERCIO E SERVICOS LTDA;13007828001004;LUZIA;GASOLINA;18/11/2024;6,35;RAIZEN
TYRESOLES DE SERGIPE INDUSTRIA COMERCIO E SERVICOS LTDA;13007828001004;LUZIA;GASOLINA;18/11/2025;6,57;RAIZEN
TYRESOLES DE SERGIPE INDUSTRIA COMERCIO E SERVICOS LTDA;13007828001004;LUZIA;GASOLINA;19/05/2025;6,67;RAIZEN
TYRESOLES DE SERGIPE INDUSTRIA COMERCIO E SERVICOS LTDA;13007828001004;LUZIA;GASOLINA;19/08/2024;6,47;RAIZEN
TYRESOLES DE SERGIPE INDUSTRIA COMERCIO E SERVICOS LTDA;13007828001004;LUZIA;GASOLINA;19/08/2025;6,67;RAIZEN
TYRESOLES DE SERGIPE INDUSTRIA COMERCIO E SERVICOS LTDA;13007828001004;LUZIA;GASOLINA;20/01/2025;6,47;RAIZEN
TYRESOLES DE SERGIPE INDUSTRIA COMERCIO E SERVICOS LTDA;13007828001004;LUZIA;GASOLINA;20/03/2026;7,29;RAIZEN
TYRESOLES DE SERGIPE INDUSTRIA COMERCIO E SERVICOS LTDA;13007828001004;LUZIA;GASOLINA;20/10/2025;6,67;RAIZEN
TYRESOLES DE SERGIPE INDUSTRIA COMERCIO E SERVICOS LTDA;13007828001004;LUZIA;GASOLINA;21/10/2024;5,95;RAIZEN
TYRESOLES DE SERGIPE INDUSTRIA COMERCIO E SERVICOS LTDA;13007828001004;LUZIA;GASOLINA;22/01/2026;6,57;RAIZEN
TYRESOLES DE SERGIPE INDUSTRIA COMERCIO E SERVICOS LTDA;13007828001004;LUZIA;GASOLINA;22/04/2025;6,57;RAIZEN
TYRESOLES DE SERGIPE INDUSTRIA COMERCIO E SERVICOS LTDA;13007828001004;LUZIA;GASOLINA;22/07/2025;6,67;RAIZEN
TYRESOLES DE SERGIPE INDUSTRIA COMERCIO E SERVICOS LTDA;13007828001004;LUZIA;GASOLINA;22/09/2025;6,67;RAIZEN
TYRESOLES DE SERGIPE INDUSTRIA COMERCIO E SERVICOS LTDA;13007828001004;LUZIA;GASOLINA;23/06/2026;7,19;RAIZEN
TYRESOLES DE SERGIPE INDUSTRIA COMERCIO E SERVICOS LTDA;13007828001004;LUZIA;GASOLINA;23/07/2024;6,37;RAIZEN
TYRESOLES DE SERGIPE INDUSTRIA COMERCIO E SERVICOS LTDA;13007828001004;LUZIA;GASOLINA;23/12/2024;6,35;RAIZEN
TYRESOLES DE SERGIPE INDUSTRIA COMERCIO E SERVICOS LTDA;13007828001004;LUZIA;GASOLINA;24/02/2026;6,57;RAIZEN
TYRESOLES DE SERGIPE INDUSTRIA COMERCIO E SERVICOS LTDA;13007828001004;LUZIA;GASOLINA;24/03/2026;7,29;RAIZEN
TYRESOLES DE SERGIPE INDUSTRIA COMERCIO E SERVICOS LTDA;13007828001004;LUZIA;GASOLINA;24/04/2026;7,29;RAIZEN
TYRESOLES DE SERGIPE INDUSTRIA COMERCIO E SERVICOS LTDA;13007828001004;LUZIA;GASOLINA;24/06/2025;6,67;RAIZEN
TYRESOLES DE SERGIPE INDUSTRIA COMERCIO E SERVICOS LTDA;13007828001004;LUZIA;GASOLINA;24/09/2024;6,27;RAIZEN
TYRESOLES DE SERGIPE INDUSTRIA COMERCIO E SERVICOS LTDA;13007828001004;LUZIA;GASOLINA;24/12/2025;6,57;RAIZEN
TYRESOLES DE SERGIPE INDUSTRIA COMERCIO E SERVICOS LTDA;13007828001004;LUZIA;GASOLINA;25/02/2025;6,67;RAIZEN
TYRESOLES DE SERGIPE INDUSTRIA COMERCIO E SERVICOS LTDA;13007828001004;LUZIA;GASOLINA;25/03/2025;6,67;RAIZEN
TYRESOLES DE SERGIPE INDUSTRIA COMERCIO E SERVICOS LTDA;13007828001004;LUZIA;GASOLINA;25/11/2024;6,35;RAIZEN
TYRESOLES DE SERGIPE INDUSTRIA COMERCIO E SERVICOS LTDA;13007828001004;LUZIA;GASOLINA;25/11/2025;6,57;RAIZEN
TYRESOLES DE SERGIPE INDUSTRIA COMERCIO E SERVICOS LTDA;13007828001004;LUZIA;GASOLINA;26/05/2026;7,19;RAIZEN
TYRESOLES DE SERGIPE INDUSTRIA COMERCIO E SERVICOS LTDA;13007828001004;LUZIA;GASOLINA;26/08/2024;6,47;RAIZEN
TYRESOLES DE SERGIPE INDUSTRIA COMERCIO E SERVICOS LTDA;13007828001004;LUZIA;GASOLINA;27/01/2026;6,57;RAIZEN
TYRESOLES DE SERGIPE INDUSTRIA COMERCIO E SERVICOS LTDA;13007828001004;LUZIA;GASOLINA;27/04/2026;7,29;RAIZEN
TYRESOLES DE SERGIPE INDUSTRIA COMERCIO E SERVICOS LTDA;13007828001004;LUZIA;GASOLINA;27/05/2025;6,67;RAIZEN
TYRESOLES DE SERGIPE INDUSTRIA COMERCIO E SERVICOS LTDA;13007828001004;LUZIA;GASOLINA;27/08/2025;6,67;RAIZEN
TYRESOLES DE SERGIPE INDUSTRIA COMERCIO E SERVICOS LTDA;13007828001004;LUZIA;GASOLINA;28/01/2025;6,47;RAIZEN
TYRESOLES DE SERGIPE INDUSTRIA COMERCIO E SERVICOS LTDA;13007828001004;LUZIA;GASOLINA;28/07/2025;6,67;RAIZEN
TYRESOLES DE SERGIPE INDUSTRIA COMERCIO E SERVICOS LTDA;13007828001004;LUZIA;GASOLINA;28/10/2024;5,95;RAIZEN
TYRESOLES DE SERGIPE INDUSTRIA COMERCIO E SERVICOS LTDA;13007828001004;LUZIA;GASOLINA;28/10/2025;6,57;RAIZEN
TYRESOLES DE SERGIPE INDUSTRIA COMERCIO E SERVICOS LTDA;13007828001004;LUZIA;GASOLINA;29/04/2025;6,57;RAIZEN
TYRESOLES DE SERGIPE INDUSTRIA COMERCIO E SERVICOS LTDA;13007828001004;LUZIA;GASOLINA;29/06/2026;7,19;RAIZEN
TYRESOLES DE SERGIPE INDUSTRIA COMERCIO E SERVICOS LTDA;13007828001004;LUZIA;GASOLINA;30/03/2026;7,29;RAIZEN
TYRESOLES DE SERGIPE INDUSTRIA COMERCIO E SERVICOS LTDA;13007828001004;LUZIA;GASOLINA;30/06/2025;6,67;RAIZEN
TYRESOLES DE SERGIPE INDUSTRIA COMERCIO E SERVICOS LTDA;13007828001004;LUZIA;GASOLINA;30/07/2024;6,53;RAIZEN
TYRESOLES DE SERGIPE INDUSTRIA COMERCIO E SERVICOS LTDA;13007828001004;LUZIA;GASOLINA;30/09/2024;6,27;RAIZEN
TYRESOLES DE SERGIPE INDUSTRIA COMERCIO E SERVICOS LTDA;13007828001004;LUZIA;GASOLINA;30/09/2025;6,67;RAIZEN
TYRESOLES DE SERGIPE INDUSTRIA COMERCIO E SERVICOS LTDA;13007828001004;LUZIA;GASOLINA;30/12/2024;6,35;RAIZEN
TYRESOLES DE SERGIPE INDUSTRIA COMERCIO E SERVICOS LTDA;13007828001004;LUZIA;GASOLINA;31/03/2025;6,67;RAIZEN
TYRESOLES DE SERGIPE INDUSTRIA COMERCIO E SERVICOS LTDA;13007828001004;LUZIA;GASOLINA ADITIVADA;02/06/2026;7,53;RAIZEN
TYRESOLES DE SERGIPE INDUSTRIA COMERCIO E SERVICOS LTDA;13007828001004;LUZIA;GASOLINA ADITIVADA;02/09/2025;7,01;RAIZEN
TYRESOLES DE SERGIPE INDUSTRIA COMERCIO E SERVICOS LTDA;13007828001004;LUZIA;GASOLINA ADITIVADA;03/02/2025;6,97;RAIZEN
TYRESOLES DE SERGIPE INDUSTRIA COMERCIO E SERVICOS LTDA;13007828001004;LUZIA;GASOLINA ADITIVADA;03/03/2025;7,01;RAIZEN
TYRESOLES DE SERGIPE INDUSTRIA COMERCIO E SERVICOS LTDA;13007828001004;LUZIA;GASOLINA ADITIVADA;03/06/2025;7,01;RAIZEN
TYRESOLES DE SERGIPE INDUSTRIA COMERCIO E SERVICOS LTDA;13007828001004;LUZIA;GASOLINA ADITIVADA;03/09/2024;6,73;RAIZEN
TYRESOLES DE SERGIPE INDUSTRIA COMERCIO E SERVICOS LTDA;13007828001004;LUZIA;GASOLINA ADITIVADA;03/12/2024;6,61;RAIZEN
TYRESOLES DE SERGIPE INDUSTRIA COMERCIO E SERVICOS LTDA;13007828001004;LUZIA;GASOLINA ADITIVADA;04/03/2026;6,57;RAIZEN
TYRESOLES DE SERGIPE INDUSTRIA COMERCIO E SERVICOS LTDA;13007828001004;LUZIA;GASOLINA ADITIVADA;04/05/2026;7,63;RAIZEN
TYRESOLES DE SERGIPE INDUSTRIA COMERCIO E SERVICOS LTDA;13007828001004;LUZIA;GASOLINA ADITIVADA;04/11/2024;6,21;RAIZEN
TYRESOLES DE SERGIPE INDUSTRIA COMERCIO E SERVICOS LTDA;13007828001004;LUZIA;GASOLINA ADITIVADA;04/11/2025;6,91;RAIZEN
TYRESOLES DE SERGIPE INDUSTRIA COMERCIO E SERVICOS LTDA;13007828001004;LUZIA;GASOLINA ADITIVADA;05/05/2025;7,01;RAIZEN
TYRESOLES DE SERGIPE INDUSTRIA COMERCIO E SERVICOS LTDA;13007828001004;LUZIA;GASOLINA ADITIVADA;05/08/2025;7,01;RAIZEN
TYRESOLES DE SERGIPE INDUSTRIA COMERCIO E SERVICOS LTDA;13007828001004;LUZIA;GASOLINA ADITIVADA;06/01/2025;6,69;RAIZEN
TYRESOLES DE SERGIPE INDUSTRIA COMERCIO E SERVICOS LTDA;13007828001004;LUZIA;GASOLINA ADITIVADA;06/08/2024;6,79;RAIZEN
TYRESOLES DE SERGIPE INDUSTRIA COMERCIO E SERVICOS LTDA;13007828001004;LUZIA;GASOLINA ADITIVADA;06/10/2025;7,01;RAIZEN
TYRESOLES DE SERGIPE INDUSTRIA COMERCIO E SERVICOS LTDA;13007828001004;LUZIA;GASOLINA ADITIVADA;07/04/2026;7,49;RAIZEN
TYRESOLES DE SERGIPE INDUSTRIA COMERCIO E SERVICOS LTDA;13007828001004;LUZIA;GASOLINA ADITIVADA;07/10/2024;6,53;RAIZEN
TYRESOLES DE SERGIPE INDUSTRIA COMERCIO E SERVICOS LTDA;13007828001004;LUZIA;GASOLINA ADITIVADA;08/04/2025;7,01;RAIZEN
TYRESOLES DE SERGIPE INDUSTRIA COMERCIO E SERVICOS LTDA;13007828001004;LUZIA;GASOLINA ADITIVADA;08/06/2026;7,53;RAIZEN
TYRESOLES DE SERGIPE INDUSTRIA COMERCIO E SERVICOS LTDA;13007828001004;LUZIA;GASOLINA ADITIVADA;08/07/2025;7,01;RAIZEN
TYRESOLES DE SERGIPE INDUSTRIA COMERCIO E SERVICOS LTDA;13007828001004;LUZIA;GASOLINA ADITIVADA;09/03/2026;6,87;RAIZEN
TYRESOLES DE SERGIPE INDUSTRIA COMERCIO E SERVICOS LTDA;13007828001004;LUZIA;GASOLINA ADITIVADA;09/06/2025;7,01;RAIZEN
TYRESOLES DE SERGIPE INDUSTRIA COMERCIO E SERVICOS LTDA;13007828001004;LUZIA;GASOLINA ADITIVADA;09/09/2024;6,73;RAIZEN
TYRESOLES DE SERGIPE INDUSTRIA COMERCIO E SERVICOS LTDA;13007828001004;LUZIA;GASOLINA ADITIVADA;09/09/2025;7,01;RAIZEN
TYRESOLES DE SERGIPE INDUSTRIA COMERCIO E SERVICOS LTDA;13007828001004;LUZIA;GASOLINA ADITIVADA;09/12/2024;6,61;RAIZEN
TYRESOLES DE SERGIPE INDUSTRIA COMERCIO E SERVICOS LTDA;13007828001004;LUZIA;GASOLINA ADITIVADA;10/02/2026;6,91;RAIZEN
TYRESOLES DE SERGIPE INDUSTRIA COMERCIO E SERVICOS LTDA;13007828001004;LUZIA;GASOLINA ADITIVADA;10/07/2024;6,63;RAIZEN
TYRESOLES DE SERGIPE INDUSTRIA COMERCIO E SERVICOS LTDA;13007828001004;LUZIA;GASOLINA ADITIVADA;11/02/2025;7,01;RAIZEN
TYRESOLES DE SERGIPE INDUSTRIA COMERCIO E SERVICOS LTDA;13007828001004;LUZIA;GASOLINA ADITIVADA;11/03/2025;7,01;RAIZEN
TYRESOLES DE SERGIPE INDUSTRIA COMERCIO E SERVICOS LTDA;13007828001004;LUZIA;GASOLINA ADITIVADA;11/11/2024;6,21;RAIZEN
TYRESOLES DE SERGIPE INDUSTRIA COMERCIO E SERVICOS LTDA;13007828001004;LUZIA;GASOLINA ADITIVADA;11/11/2025;6,91;RAIZEN
TYRESOLES DE SERGIPE INDUSTRIA COMERCIO E SERVICOS LTDA;13007828001004;LUZIA;GASOLINA ADITIVADA;12/05/2025;7,01;RAIZEN
TYRESOLES DE SERGIPE INDUSTRIA COMERCIO E SERVICOS LTDA;13007828001004;LUZIA;GASOLINA ADITIVADA;12/05/2026;7,93;RAIZEN
TYRESOLES DE SERGIPE INDUSTRIA COMERCIO E SERVICOS LTDA;13007828001004;LUZIA;GASOLINA ADITIVADA;12/08/2024;6,73;RAIZEN
TYRESOLES DE SERGIPE INDUSTRIA COMERCIO E SERVICOS LTDA;13007828001004;LUZIA;GASOLINA ADITIVADA;12/08/2025;7,01;RAIZEN
TYRESOLES DE SERGIPE INDUSTRIA COMERCIO E SERVICOS LTDA;13007828001004;LUZIA;GASOLINA ADITIVADA;13/01/2025;6,81;RAIZEN
TYRESOLES DE SERGIPE INDUSTRIA COMERCIO E SERVICOS LTDA;13007828001004;LUZIA;GASOLINA ADITIVADA;13/01/2026;6,91;RAIZEN
TYRESOLES DE SERGIPE INDUSTRIA COMERCIO E SERVICOS LTDA;13007828001004;LUZIA;GASOLINA ADITIVADA;13/10/2025;7,01;RAIZEN
TYRESOLES DE SERGIPE INDUSTRIA COMERCIO E SERVICOS LTDA;13007828001004;LUZIA;GASOLINA ADITIVADA;15/04/2025;6,91;RAIZEN
TYRESOLES DE SERGIPE INDUSTRIA COMERCIO E SERVICOS LTDA;13007828001004;LUZIA;GASOLINA ADITIVADA;15/07/2025;7,01;RAIZEN
TYRESOLES DE SERGIPE INDUSTRIA COMERCIO E SERVICOS LTDA;13007828001004;LUZIA;GASOLINA ADITIVADA;15/10/2024;6,53;RAIZEN
TYRESOLES DE SERGIPE INDUSTRIA COMERCIO E SERVICOS LTDA;13007828001004;LUZIA;GASOLINA ADITIVADA;16/06/2025;7,01;RAIZEN
TYRESOLES DE SERGIPE INDUSTRIA COMERCIO E SERVICOS LTDA;13007828001004;LUZIA;GASOLINA ADITIVADA;16/06/2026;7,53;RAIZEN
TYRESOLES DE SERGIPE INDUSTRIA COMERCIO E SERVICOS LTDA;13007828001004;LUZIA;GASOLINA ADITIVADA;16/09/2025;7,01;RAIZEN
TYRESOLES DE SERGIPE INDUSTRIA COMERCIO E SERVICOS LTDA;13007828001004;LUZIA;GASOLINA ADITIVADA;16/12/2024;6,61;RAIZEN
TYRESOLES DE SERGIPE INDUSTRIA COMERCIO E SERVICOS LTDA;13007828001004;LUZIA;GASOLINA ADITIVADA;17/07/2024;6,63;RAIZEN
TYRESOLES DE SERGIPE INDUSTRIA COMERCIO E SERVICOS LTDA;13007828001004;LUZIA;GASOLINA ADITIVADA;17/09/2024;6,53;RAIZEN
TYRESOLES DE SERGIPE INDUSTRIA COMERCIO E SERVICOS LTDA;13007828001004;LUZIA;GASOLINA ADITIVADA;17/12/2025;6,91;RAIZEN
TYRESOLES DE SERGIPE INDUSTRIA COMERCIO E SERVICOS LTDA;13007828001004;LUZIA;GASOLINA ADITIVADA;18/02/2025;7,01;RAIZEN
TYRESOLES DE SERGIPE INDUSTRIA COMERCIO E SERVICOS LTDA;13007828001004;LUZIA;GASOLINA ADITIVADA;18/03/2025;7,01;RAIZEN
TYRESOLES DE SERGIPE INDUSTRIA COMERCIO E SERVICOS LTDA;13007828001004;LUZIA;GASOLINA ADITIVADA;18/05/2026;7,93;RAIZEN
TYRESOLES DE SERGIPE INDUSTRIA COMERCIO E SERVICOS LTDA;13007828001004;LUZIA;GASOLINA ADITIVADA;18/11/2024;6,61;RAIZEN
TYRESOLES DE SERGIPE INDUSTRIA COMERCIO E SERVICOS LTDA;13007828001004;LUZIA;GASOLINA ADITIVADA;18/11/2025;6,91;RAIZEN
TYRESOLES DE SERGIPE INDUSTRIA COMERCIO E SERVICOS LTDA;13007828001004;LUZIA;GASOLINA ADITIVADA;19/05/2025;7,01;RAIZEN
TYRESOLES DE SERGIPE INDUSTRIA COMERCIO E SERVICOS LTDA;13007828001004;LUZIA;GASOLINA ADITIVADA;19/08/2024;6,73;RAIZEN
TYRESOLES DE SERGIPE INDUSTRIA COMERCIO E SERVICOS LTDA;13007828001004;LUZIA;GASOLINA ADITIVADA;19/08/2025;7,01;RAIZEN
TYRESOLES DE SERGIPE INDUSTRIA COMERCIO E SERVICOS LTDA;13007828001004;LUZIA;GASOLINA ADITIVADA;20/01/2025;6,81;RAIZEN
TYRESOLES DE SERGIPE INDUSTRIA COMERCIO E SERVICOS LTDA;13007828001004;LUZIA;GASOLINA ADITIVADA;20/03/2026;7,39;RAIZEN
TYRESOLES DE SERGIPE INDUSTRIA COMERCIO E SERVICOS LTDA;13007828001004;LUZIA;GASOLINA ADITIVADA;20/10/2025;7,01;RAIZEN
TYRESOLES DE SERGIPE INDUSTRIA COMERCIO E SERVICOS LTDA;13007828001004;LUZIA;GASOLINA ADITIVADA;21/10/2024;6,21;RAIZEN
TYRESOLES DE SERGIPE INDUSTRIA COMERCIO E SERVICOS LTDA;13007828001004;LUZIA;GASOLINA ADITIVADA;22/01/2026;6,91;RAIZEN
TYRESOLES DE SERGIPE INDUSTRIA COMERCIO E SERVICOS LTDA;13007828001004;LUZIA;GASOLINA ADITIVADA;22/04/2025;6,91;RAIZEN
TYRESOLES DE SERGIPE INDUSTRIA COMERCIO E SERVICOS LTDA;13007828001004;LUZIA;GASOLINA ADITIVADA;22/07/2025;7,01;RAIZEN
TYRESOLES DE SERGIPE INDUSTRIA COMERCIO E SERVICOS LTDA;13007828001004;LUZIA;GASOLINA ADITIVADA;22/09/2025;7,01;RAIZEN
TYRESOLES DE SERGIPE INDUSTRIA COMERCIO E SERVICOS LTDA;13007828001004;LUZIA;GASOLINA ADITIVADA;23/06/2026;7,53;RAIZEN
TYRESOLES DE SERGIPE INDUSTRIA COMERCIO E SERVICOS LTDA;13007828001004;LUZIA;GASOLINA ADITIVADA;23/07/2024;6,63;RAIZEN
TYRESOLES DE SERGIPE INDUSTRIA COMERCIO E SERVICOS LTDA;13007828001004;LUZIA;GASOLINA ADITIVADA;23/12/2024;6,61;RAIZEN
TYRESOLES DE SERGIPE INDUSTRIA COMERCIO E SERVICOS LTDA;13007828001004;LUZIA;GASOLINA ADITIVADA;24/06/2025;7,01;RAIZEN
TYRESOLES DE SERGIPE INDUSTRIA COMERCIO E SERVICOS LTDA;13007828001004;LUZIA;GASOLINA ADITIVADA;24/09/2024;6,53;RAIZEN
TYRESOLES DE SERGIPE INDUSTRIA COMERCIO E SERVICOS LTDA;13007828001004;LUZIA;GASOLINA ADITIVADA;24/12/2025;6,91;RAIZEN
TYRESOLES DE SERGIPE INDUSTRIA COMERCIO E SERVICOS LTDA;13007828001004;LUZIA;GASOLINA ADITIVADA;25/02/2025;7,01;RAIZEN
TYRESOLES DE SERGIPE INDUSTRIA COMERCIO E SERVICOS LTDA;13007828001004;LUZIA;GASOLINA ADITIVADA;25/03/2025;7,01;RAIZEN
TYRESOLES DE SERGIPE INDUSTRIA COMERCIO E SERVICOS LTDA;13007828001004;LUZIA;GASOLINA ADITIVADA;25/11/2024;6,61;RAIZEN
TYRESOLES DE SERGIPE INDUSTRIA COMERCIO E SERVICOS LTDA;13007828001004;LUZIA;GASOLINA ADITIVADA;25/11/2025;6,91;RAIZEN
TYRESOLES DE SERGIPE INDUSTRIA COMERCIO E SERVICOS LTDA;13007828001004;LUZIA;GASOLINA ADITIVADA;26/05/2026;7,53;RAIZEN
TYRESOLES DE SERGIPE INDUSTRIA COMERCIO E SERVICOS LTDA;13007828001004;LUZIA;GASOLINA ADITIVADA;26/08/2024;6,73;RAIZEN
TYRESOLES DE SERGIPE INDUSTRIA COMERCIO E SERVICOS LTDA;13007828001004;LUZIA;GASOLINA ADITIVADA;27/01/2026;6,91;RAIZEN
TYRESOLES DE SERGIPE INDUSTRIA COMERCIO E SERVICOS LTDA;13007828001004;LUZIA;GASOLINA ADITIVADA;27/05/2025;7,01;RAIZEN
TYRESOLES DE SERGIPE INDUSTRIA COMERCIO E SERVICOS LTDA;13007828001004;LUZIA;GASOLINA ADITIVADA;27/08/2025;7,01;RAIZEN
TYRESOLES DE SERGIPE INDUSTRIA COMERCIO E SERVICOS LTDA;13007828001004;LUZIA;GASOLINA ADITIVADA;28/01/2025;6,81;RAIZEN
TYRESOLES DE SERGIPE INDUSTRIA COMERCIO E SERVICOS LTDA;13007828001004;LUZIA;GASOLINA ADITIVADA;28/07/2025;7,01;RAIZEN
TYRESOLES DE SERGIPE INDUSTRIA COMERCIO E SERVICOS LTDA;13007828001004;LUZIA;GASOLINA ADITIVADA;28/10/2024;6,21;RAIZEN
TYRESOLES DE SERGIPE INDUSTRIA COMERCIO E SERVICOS LTDA;13007828001004;LUZIA;GASOLINA ADITIVADA;28/10/2025;6,91;RAIZEN
TYRESOLES DE SERGIPE INDUSTRIA COMERCIO E SERVICOS LTDA;13007828001004;LUZIA;GASOLINA ADITIVADA;29/04/2025;6,91;RAIZEN
TYRESOLES DE SERGIPE INDUSTRIA COMERCIO E SERVICOS LTDA;13007828001004;LUZIA;GASOLINA ADITIVADA;29/06/2026;7,53;RAIZEN
TYRESOLES DE SERGIPE INDUSTRIA COMERCIO E SERVICOS LTDA;13007828001004;LUZIA;GASOLINA ADITIVADA;30/03/2026;7,39;RAIZEN
TYRESOLES DE SERGIPE INDUSTRIA COMERCIO E SERVICOS LTDA;13007828001004;LUZIA;GASOLINA ADITIVADA;30/06/2025;7,01;RAIZEN
TYRESOLES DE SERGIPE INDUSTRIA COMERCIO E SERVICOS LTDA;13007828001004;LUZIA;GASOLINA ADITIVADA;30/07/2024;6,79;RAIZEN
TYRESOLES DE SERGIPE INDUSTRIA COMERCIO E SERVICOS LTDA;13007828001004;LUZIA;GASOLINA ADITIVADA;30/09/2024;6,53;RAIZEN
TYRESOLES DE SERGIPE INDUSTRIA COMERCIO E SERVICOS LTDA;13007828001004;LUZIA;GASOLINA ADITIVADA;30/09/2025;7,01;RAIZEN
TYRESOLES DE SERGIPE INDUSTRIA COMERCIO E SERVICOS LTDA;13007828001004;LUZIA;GASOLINA ADITIVADA;30/12/2024;6,61;RAIZEN
TYRESOLES DE SERGIPE INDUSTRIA COMERCIO E SERVICOS LTDA;13007828001004;LUZIA;GASOLINA ADITIVADA;31/03/2025;7,01;RAIZEN
AMARAL & CIA LTDA;13008610000183;SIQUEIRA CAMPOS;DIESEL S10;02/09/2025;6,28;VIBRA
AMARAL & CIA LTDA;13008610000183;SIQUEIRA CAMPOS;DIESEL S10;02/12/2025;6,28;VIBRA
AMARAL & CIA LTDA;13008610000183;SIQUEIRA CAMPOS;DIESEL S10;03/02/2025;6,29;VIBRA
AMARAL & CIA LTDA;13008610000183;SIQUEIRA CAMPOS;DIESEL S10;03/03/2025;6,62;VIBRA
AMARAL & CIA LTDA;13008610000183;SIQUEIRA CAMPOS;DIESEL S10;03/03/2026;6,28;VIBRA
AMARAL & CIA LTDA;13008610000183;SIQUEIRA CAMPOS;DIESEL S10;03/06/2025;6,28;VIBRA
AMARAL & CIA LTDA;13008610000183;SIQUEIRA CAMPOS;DIESEL S10;03/09/2024;6,38;VIBRA
AMARAL & CIA LTDA;13008610000183;SIQUEIRA CAMPOS;DIESEL S10;03/12/2024;6,19;VIBRA
AMARAL & CIA LTDA;13008610000183;SIQUEIRA CAMPOS;DIESEL S10;04/11/2024;6,19;VIBRA
AMARAL & CIA LTDA;13008610000183;SIQUEIRA CAMPOS;DIESEL S10;04/11/2025;6,28;VIBRA
AMARAL & CIA LTDA;13008610000183;SIQUEIRA CAMPOS;DIESEL S10;05/05/2025;6,62;VIBRA
AMARAL & CIA LTDA;13008610000183;SIQUEIRA CAMPOS;DIESEL S10;05/08/2025;6,28;VIBRA
AMARAL & CIA LTDA;13008610000183;SIQUEIRA CAMPOS;DIESEL S10;06/01/2025;6,29;VIBRA
AMARAL & CIA LTDA;13008610000183;SIQUEIRA CAMPOS;DIESEL S10;06/01/2026;6,28;VIBRA
AMARAL & CIA LTDA;13008610000183;SIQUEIRA CAMPOS;DIESEL S10;06/08/2024;6,38;VIBRA
AMARAL & CIA LTDA;13008610000183;SIQUEIRA CAMPOS;DIESEL S10;06/10/2025;6,28;VIBRA
AMARAL & CIA LTDA;13008610000183;SIQUEIRA CAMPOS;DIESEL S10;07/05/2026;7,09;VIBRA
AMARAL & CIA LTDA;13008610000183;SIQUEIRA CAMPOS;DIESEL S10;07/10/2024;6,28;VIBRA
AMARAL & CIA LTDA;13008610000183;SIQUEIRA CAMPOS;DIESEL S10;08/04/2025;6,62;VIBRA
AMARAL & CIA LTDA;13008610000183;SIQUEIRA CAMPOS;DIESEL S10;08/07/2025;6,28;VIBRA
AMARAL & CIA LTDA;13008610000183;SIQUEIRA CAMPOS;DIESEL S10;09/02/2026;6,28;VIBRA
AMARAL & CIA LTDA;13008610000183;SIQUEIRA CAMPOS;DIESEL S10;09/03/2026;6,28;VIBRA
AMARAL & CIA LTDA;13008610000183;SIQUEIRA CAMPOS;DIESEL S10;09/04/2026;7,30;VIBRA
AMARAL & CIA LTDA;13008610000183;SIQUEIRA CAMPOS;DIESEL S10;09/06/2025;6,28;VIBRA
AMARAL & CIA LTDA;13008610000183;SIQUEIRA CAMPOS;DIESEL S10;09/09/2024;6,38;VIBRA
AMARAL & CIA LTDA;13008610000183;SIQUEIRA CAMPOS;DIESEL S10;09/09/2025;6,28;VIBRA
AMARAL & CIA LTDA;13008610000183;SIQUEIRA CAMPOS;DIESEL S10;09/12/2024;6,19;VIBRA
AMARAL & CIA LTDA;13008610000183;SIQUEIRA CAMPOS;DIESEL S10;09/12/2025;6,28;VIBRA
AMARAL & CIA LTDA;13008610000183;SIQUEIRA CAMPOS;DIESEL S10;10/07/2024;6,38;VIBRA
AMARAL & CIA LTDA;13008610000183;SIQUEIRA CAMPOS;DIESEL S10;11/02/2025;6,62;VIBRA
AMARAL & CIA LTDA;13008610000183;SIQUEIRA CAMPOS;DIESEL S10;11/03/2025;6,62;VIBRA
AMARAL & CIA LTDA;13008610000183;SIQUEIRA CAMPOS;DIESEL S10;11/11/2024;6,19;VIBRA
AMARAL & CIA LTDA;13008610000183;SIQUEIRA CAMPOS;DIESEL S10;11/11/2025;6,28;VIBRA
AMARAL & CIA LTDA;13008610000183;SIQUEIRA CAMPOS;DIESEL S10;12/05/2025;6,62;VIBRA
AMARAL & CIA LTDA;13008610000183;SIQUEIRA CAMPOS;DIESEL S10;12/08/2024;6,38;VIBRA
AMARAL & CIA LTDA;13008610000183;SIQUEIRA CAMPOS;DIESEL S10;12/08/2025;6,28;VIBRA
AMARAL & CIA LTDA;13008610000183;SIQUEIRA CAMPOS;DIESEL S10;13/01/2025;6,29;VIBRA
AMARAL & CIA LTDA;13008610000183;SIQUEIRA CAMPOS;DIESEL S10;13/01/2026;6,28;VIBRA
AMARAL & CIA LTDA;13008610000183;SIQUEIRA CAMPOS;DIESEL S10;13/10/2025;6,28;VIBRA
AMARAL & CIA LTDA;13008610000183;SIQUEIRA CAMPOS;DIESEL S10;15/04/2025;6,62;VIBRA
AMARAL & CIA LTDA;13008610000183;SIQUEIRA CAMPOS;DIESEL S10;15/04/2026;7,30;VIBRA
AMARAL & CIA LTDA;13008610000183;SIQUEIRA CAMPOS;DIESEL S10;15/07/2025;6,28;VIBRA
AMARAL & CIA LTDA;13008610000183;SIQUEIRA CAMPOS;DIESEL S10;15/10/2024;6,28;VIBRA
AMARAL & CIA LTDA;13008610000183;SIQUEIRA CAMPOS;DIESEL S10;16/06/2025;6,28;VIBRA
AMARAL & CIA LTDA;13008610000183;SIQUEIRA CAMPOS;DIESEL S10;16/12/2024;6,19;VIBRA
AMARAL & CIA LTDA;13008610000183;SIQUEIRA CAMPOS;DIESEL S10;17/07/2024;6,38;VIBRA
AMARAL & CIA LTDA;13008610000183;SIQUEIRA CAMPOS;DIESEL S10;17/09/2024;6,28;VIBRA
AMARAL & CIA LTDA;13008610000183;SIQUEIRA CAMPOS;DIESEL S10;17/09/2025;6,28;VIBRA
AMARAL & CIA LTDA;13008610000183;SIQUEIRA CAMPOS;DIESEL S10;17/12/2025;6,28;VIBRA
AMARAL & CIA LTDA;13008610000183;SIQUEIRA CAMPOS;DIESEL S10;18/02/2025;6,62;VIBRA
AMARAL & CIA LTDA;13008610000183;SIQUEIRA CAMPOS;DIESEL S10;18/03/2025;6,62;VIBRA
AMARAL & CIA LTDA;13008610000183;SIQUEIRA CAMPOS;DIESEL S10;18/11/2024;6,19;VIBRA
AMARAL & CIA LTDA;13008610000183;SIQUEIRA CAMPOS;DIESEL S10;18/11/2025;6,28;VIBRA
AMARAL & CIA LTDA;13008610000183;SIQUEIRA CAMPOS;DIESEL S10;19/05/2025;6,28;VIBRA
AMARAL & CIA LTDA;13008610000183;SIQUEIRA CAMPOS;DIESEL S10;19/08/2024;6,38;VIBRA
AMARAL & CIA LTDA;13008610000183;SIQUEIRA CAMPOS;DIESEL S10;19/08/2025;6,28;VIBRA
AMARAL & CIA LTDA;13008610000183;SIQUEIRA CAMPOS;DIESEL S10;20/01/2025;6,29;VIBRA
AMARAL & CIA LTDA;13008610000183;SIQUEIRA CAMPOS;DIESEL S10;20/10/2025;6,28;VIBRA
AMARAL & CIA LTDA;13008610000183;SIQUEIRA CAMPOS;DIESEL S10;21/10/2024;6,19;VIBRA
AMARAL & CIA LTDA;13008610000183;SIQUEIRA CAMPOS;DIESEL S10;22/01/2026;6,28;VIBRA
AMARAL & CIA LTDA;13008610000183;SIQUEIRA CAMPOS;DIESEL S10;22/04/2025;6,62;VIBRA
AMARAL & CIA LTDA;13008610000183;SIQUEIRA CAMPOS;DIESEL S10;22/07/2025;6,28;VIBRA
AMARAL & CIA LTDA;13008610000183;SIQUEIRA CAMPOS;DIESEL S10;22/09/2025;6,28;VIBRA
AMARAL & CIA LTDA;13008610000183;SIQUEIRA CAMPOS;DIESEL S10;23/04/2026;7,30;VIBRA
AMARAL & CIA LTDA;13008610000183;SIQUEIRA CAMPOS;DIESEL S10;23/07/2024;6,38;VIBRA
AMARAL & CIA LTDA;13008610000183;SIQUEIRA CAMPOS;DIESEL S10;23/12/2024;6,29;VIBRA
AMARAL & CIA LTDA;13008610000183;SIQUEIRA CAMPOS;DIESEL S10;24/02/2026;6,28;VIBRA
AMARAL & CIA LTDA;13008610000183;SIQUEIRA CAMPOS;DIESEL S10;24/06/2025;6,28;VIBRA
AMARAL & CIA LTDA;13008610000183;SIQUEIRA CAMPOS;DIESEL S10;24/09/2024;6,28;VIBRA
AMARAL & CIA LTDA;13008610000183;SIQUEIRA CAMPOS;DIESEL S10;24/12/2025;6,28;VIBRA
AMARAL & CIA LTDA;13008610000183;SIQUEIRA CAMPOS;DIESEL S10;25/02/2025;6,62;VIBRA
AMARAL & CIA LTDA;13008610000183;SIQUEIRA CAMPOS;DIESEL S10;25/03/2025;6,62;VIBRA
AMARAL & CIA LTDA;13008610000183;SIQUEIRA CAMPOS;DIESEL S10;25/11/2024;6,19;VIBRA
AMARAL & CIA LTDA;13008610000183;SIQUEIRA CAMPOS;DIESEL S10;25/11/2025;6,28;VIBRA
AMARAL & CIA LTDA;13008610000183;SIQUEIRA CAMPOS;DIESEL S10;26/08/2024;6,38;VIBRA
AMARAL & CIA LTDA;13008610000183;SIQUEIRA CAMPOS;DIESEL S10;27/01/2026;6,28;VIBRA
AMARAL & CIA LTDA;13008610000183;SIQUEIRA CAMPOS;DIESEL S10;27/05/2025;6,28;VIBRA
AMARAL & CIA LTDA;13008610000183;SIQUEIRA CAMPOS;DIESEL S10;27/08/2025;6,28;VIBRA
AMARAL & CIA LTDA;13008610000183;SIQUEIRA CAMPOS;DIESEL S10;28/01/2025;6,29;VIBRA
AMARAL & CIA LTDA;13008610000183;SIQUEIRA CAMPOS;DIESEL S10;28/07/2025;6,28;VIBRA
AMARAL & CIA LTDA;13008610000183;SIQUEIRA CAMPOS;DIESEL S10;28/10/2024;6,19;VIBRA
AMARAL & CIA LTDA;13008610000183;SIQUEIRA CAMPOS;DIESEL S10;28/10/2025;6,28;VIBRA
AMARAL & CIA LTDA;13008610000183;SIQUEIRA CAMPOS;DIESEL S10;29/04/2025;6,62;VIBRA
AMARAL & CIA LTDA;13008610000183;SIQUEIRA CAMPOS;DIESEL S10;29/04/2026;7,30;VIBRA
AMARAL & CIA LTDA;13008610000183;SIQUEIRA CAMPOS;DIESEL S10;30/06/2025;6,28;VIBRA
AMARAL & CIA LTDA;13008610000183;SIQUEIRA CAMPOS;DIESEL S10;30/07/2024;6,38;VIBRA
AMARAL & CIA LTDA;13008610000183;SIQUEIRA CAMPOS;DIESEL S10;30/09/2024;6,28;VIBRA
AMARAL & CIA LTDA;13008610000183;SIQUEIRA CAMPOS;DIESEL S10;30/09/2025;6,28;VIBRA
AMARAL & CIA LTDA;13008610000183;SIQUEIRA CAMPOS;DIESEL S10;30/12/2024;6,29;VIBRA
AMARAL & CIA LTDA;13008610000183;SIQUEIRA CAMPOS;DIESEL S10;30/12/2025;6,28;VIBRA
AMARAL & CIA LTDA;13008610000183;SIQUEIRA CAMPOS;DIESEL S10;31/03/2025;6,62;VIBRA
AMARAL & CIA LTDA;13008610000183;SIQUEIRA CAMPOS;ETANOL;02/09/2025;4,98;VIBRA
AMARAL & CIA LTDA;13008610000183;SIQUEIRA CAMPOS;ETANOL;02/12/2025;4,80;VIBRA
AMARAL & CIA LTDA;13008610000183;SIQUEIRA CAMPOS;ETANOL;03/02/2025;4,59;VIBRA
AMARAL & CIA LTDA;13008610000183;SIQUEIRA CAMPOS;ETANOL;03/03/2025;4,89;VIBRA
AMARAL & CIA LTDA;13008610000183;SIQUEIRA CAMPOS;ETANOL;03/03/2026;4,80;VIBRA
AMARAL & CIA LTDA;13008610000183;SIQUEIRA CAMPOS;ETANOL;03/06/2025;4,98;VIBRA
AMARAL & CIA LTDA;13008610000183;SIQUEIRA CAMPOS;ETANOL;03/09/2024;4,88;VIBRA
AMARAL & CIA LTDA;13008610000183;SIQUEIRA CAMPOS;ETANOL;03/12/2024;4,49;VIBRA
AMARAL & CIA LTDA;13008610000183;SIQUEIRA CAMPOS;ETANOL;04/11/2024;4,49;VIBRA
AMARAL & CIA LTDA;13008610000183;SIQUEIRA CAMPOS;ETANOL;04/11/2025;4,98;VIBRA
AMARAL & CIA LTDA;13008610000183;SIQUEIRA CAMPOS;ETANOL;05/05/2025;4,89;VIBRA
AMARAL & CIA LTDA;13008610000183;SIQUEIRA CAMPOS;ETANOL;05/08/2025;4,98;VIBRA
AMARAL & CIA LTDA;13008610000183;SIQUEIRA CAMPOS;ETANOL;06/01/2025;4,39;VIBRA
AMARAL & CIA LTDA;13008610000183;SIQUEIRA CAMPOS;ETANOL;06/01/2026;4,80;VIBRA
AMARAL & CIA LTDA;13008610000183;SIQUEIRA CAMPOS;ETANOL;06/08/2024;4,88;VIBRA
AMARAL & CIA LTDA;13008610000183;SIQUEIRA CAMPOS;ETANOL;06/10/2025;4,98;VIBRA
AMARAL & CIA LTDA;13008610000183;SIQUEIRA CAMPOS;ETANOL;07/05/2026;5,60;VIBRA
AMARAL & CIA LTDA;13008610000183;SIQUEIRA CAMPOS;ETANOL;07/10/2024;4,79;VIBRA
AMARAL & CIA LTDA;13008610000183;SIQUEIRA CAMPOS;ETANOL;08/04/2025;4,89;VIBRA
AMARAL & CIA LTDA;13008610000183;SIQUEIRA CAMPOS;ETANOL;08/07/2025;4,98;VIBRA
AMARAL & CIA LTDA;13008610000183;SIQUEIRA CAMPOS;ETANOL;09/02/2026;4,80;VIBRA
AMARAL & CIA LTDA;13008610000183;SIQUEIRA CAMPOS;ETANOL;09/04/2026;5,05;VIBRA
AMARAL & CIA LTDA;13008610000183;SIQUEIRA CAMPOS;ETANOL;09/06/2025;4,98;VIBRA
AMARAL & CIA LTDA;13008610000183;SIQUEIRA CAMPOS;ETANOL;09/09/2024;4,88;VIBRA
AMARAL & CIA LTDA;13008610000183;SIQUEIRA CAMPOS;ETANOL;09/09/2025;4,98;VIBRA
AMARAL & CIA LTDA;13008610000183;SIQUEIRA CAMPOS;ETANOL;09/12/2024;4,49;VIBRA
AMARAL & CIA LTDA;13008610000183;SIQUEIRA CAMPOS;ETANOL;09/12/2025;4,80;VIBRA
AMARAL & CIA LTDA;13008610000183;SIQUEIRA CAMPOS;ETANOL;10/07/2024;4,78;VIBRA
AMARAL & CIA LTDA;13008610000183;SIQUEIRA CAMPOS;ETANOL;11/02/2025;4,89;VIBRA
AMARAL & CIA LTDA;13008610000183;SIQUEIRA CAMPOS;ETANOL;11/03/2025;4,89;VIBRA
AMARAL & CIA LTDA;13008610000183;SIQUEIRA CAMPOS;ETANOL;11/11/2024;4,49;VIBRA
AMARAL & CIA LTDA;13008610000183;SIQUEIRA CAMPOS;ETANOL;11/11/2025;4,98;VIBRA
AMARAL & CIA LTDA;13008610000183;SIQUEIRA CAMPOS;ETANOL;12/05/2025;4,89;VIBRA
AMARAL & CIA LTDA;13008610000183;SIQUEIRA CAMPOS;ETANOL;12/08/2024;4,88;VIBRA
AMARAL & CIA LTDA;13008610000183;SIQUEIRA CAMPOS;ETANOL;12/08/2025;4,98;VIBRA
AMARAL & CIA LTDA;13008610000183;SIQUEIRA CAMPOS;ETANOL;13/01/2025;4,59;VIBRA
AMARAL & CIA LTDA;13008610000183;SIQUEIRA CAMPOS;ETANOL;13/01/2026;4,80;VIBRA
AMARAL & CIA LTDA;13008610000183;SIQUEIRA CAMPOS;ETANOL;13/10/2025;4,98;VIBRA
AMARAL & CIA LTDA;13008610000183;SIQUEIRA CAMPOS;ETANOL;15/04/2025;4,89;VIBRA
AMARAL & CIA LTDA;13008610000183;SIQUEIRA CAMPOS;ETANOL;15/04/2026;5,60;VIBRA
AMARAL & CIA LTDA;13008610000183;SIQUEIRA CAMPOS;ETANOL;15/07/2025;4,98;VIBRA
AMARAL & CIA LTDA;13008610000183;SIQUEIRA CAMPOS;ETANOL;15/10/2024;4,79;VIBRA
AMARAL & CIA LTDA;13008610000183;SIQUEIRA CAMPOS;ETANOL;16/06/2025;4,98;VIBRA
AMARAL & CIA LTDA;13008610000183;SIQUEIRA CAMPOS;ETANOL;16/12/2024;4,39;VIBRA
AMARAL & CIA LTDA;13008610000183;SIQUEIRA CAMPOS;ETANOL;17/07/2024;4,78;VIBRA
AMARAL & CIA LTDA;13008610000183;SIQUEIRA CAMPOS;ETANOL;17/09/2024;4,88;VIBRA
AMARAL & CIA LTDA;13008610000183;SIQUEIRA CAMPOS;ETANOL;17/09/2025;4,98;VIBRA
AMARAL & CIA LTDA;13008610000183;SIQUEIRA CAMPOS;ETANOL;18/02/2025;4,89;VIBRA
AMARAL & CIA LTDA;13008610000183;SIQUEIRA CAMPOS;ETANOL;18/03/2025;4,89;VIBRA
AMARAL & CIA LTDA;13008610000183;SIQUEIRA CAMPOS;ETANOL;18/11/2024;4,49;VIBRA
AMARAL & CIA LTDA;13008610000183;SIQUEIRA CAMPOS;ETANOL;19/05/2025;4,98;VIBRA
AMARAL & CIA LTDA;13008610000183;SIQUEIRA CAMPOS;ETANOL;19/08/2024;4,88;VIBRA
AMARAL & CIA LTDA;13008610000183;SIQUEIRA CAMPOS;ETANOL;19/08/2025;4,98;VIBRA
AMARAL & CIA LTDA;13008610000183;SIQUEIRA CAMPOS;ETANOL;20/01/2025;4,59;VIBRA
AMARAL & CIA LTDA;13008610000183;SIQUEIRA CAMPOS;ETANOL;20/10/2025;4,98;VIBRA
AMARAL & CIA LTDA;13008610000183;SIQUEIRA CAMPOS;ETANOL;21/10/2024;4,49;VIBRA
AMARAL & CIA LTDA;13008610000183;SIQUEIRA CAMPOS;ETANOL;22/01/2026;4,80;VIBRA
AMARAL & CIA LTDA;13008610000183;SIQUEIRA CAMPOS;ETANOL;22/04/2025;4,89;VIBRA
AMARAL & CIA LTDA;13008610000183;SIQUEIRA CAMPOS;ETANOL;22/07/2025;4,98;VIBRA
AMARAL & CIA LTDA;13008610000183;SIQUEIRA CAMPOS;ETANOL;22/09/2025;4,98;VIBRA
AMARAL & CIA LTDA;13008610000183;SIQUEIRA CAMPOS;ETANOL;23/04/2026;5,60;VIBRA
AMARAL & CIA LTDA;13008610000183;SIQUEIRA CAMPOS;ETANOL;23/07/2024;4,78;VIBRA
AMARAL & CIA LTDA;13008610000183;SIQUEIRA CAMPOS;ETANOL;23/12/2024;4,39;VIBRA
AMARAL & CIA LTDA;13008610000183;SIQUEIRA CAMPOS;ETANOL;24/02/2026;4,80;VIBRA
AMARAL & CIA LTDA;13008610000183;SIQUEIRA CAMPOS;ETANOL;24/06/2025;4,98;VIBRA
AMARAL & CIA LTDA;13008610000183;SIQUEIRA CAMPOS;ETANOL;24/09/2024;4,88;VIBRA
AMARAL & CIA LTDA;13008610000183;SIQUEIRA CAMPOS;ETANOL;24/12/2025;4,80;VIBRA
AMARAL & CIA LTDA;13008610000183;SIQUEIRA CAMPOS;ETANOL;25/02/2025;4,89;VIBRA
AMARAL & CIA LTDA;13008610000183;SIQUEIRA CAMPOS;ETANOL;25/03/2025;4,89;VIBRA
AMARAL & CIA LTDA;13008610000183;SIQUEIRA CAMPOS;ETANOL;25/11/2024;4,49;VIBRA
AMARAL & CIA LTDA;13008610000183;SIQUEIRA CAMPOS;ETANOL;25/11/2025;4,80;VIBRA
AMARAL & CIA LTDA;13008610000183;SIQUEIRA CAMPOS;ETANOL;26/08/2024;4,88;VIBRA
AMARAL & CIA LTDA;13008610000183;SIQUEIRA CAMPOS;ETANOL;27/01/2026;4,80;VIBRA
AMARAL & CIA LTDA;13008610000183;SIQUEIRA CAMPOS;ETANOL;27/05/2025;4,98;VIBRA
AMARAL & CIA LTDA;13008610000183;SIQUEIRA CAMPOS;ETANOL;27/08/2025;4,98;VIBRA
AMARAL & CIA LTDA;13008610000183;SIQUEIRA CAMPOS;ETANOL;28/01/2025;4,59;VIBRA
AMARAL & CIA LTDA;13008610000183;SIQUEIRA CAMPOS;ETANOL;28/07/2025;4,98;VIBRA
AMARAL & CIA LTDA;13008610000183;SIQUEIRA CAMPOS;ETANOL;28/10/2024;4,49;VIBRA
AMARAL & CIA LTDA;13008610000183;SIQUEIRA CAMPOS;ETANOL;28/10/2025;4,98;VIBRA
AMARAL & CIA LTDA;13008610000183;SIQUEIRA CAMPOS;ETANOL;29/04/2025;4,89;VIBRA
AMARAL & CIA LTDA;13008610000183;SIQUEIRA CAMPOS;ETANOL;29/04/2026;5,60;VIBRA
AMARAL & CIA LTDA;13008610000183;SIQUEIRA CAMPOS;ETANOL;30/06/2025;4,98;VIBRA
AMARAL & CIA LTDA;13008610000183;SIQUEIRA CAMPOS;ETANOL;30/07/2024;4,88;VIBRA
AMARAL & CIA LTDA;13008610000183;SIQUEIRA CAMPOS;ETANOL;30/09/2024;4,79;VIBRA
AMARAL & CIA LTDA;13008610000183;SIQUEIRA CAMPOS;ETANOL;30/09/2025;4,98;VIBRA
AMARAL & CIA LTDA;13008610000183;SIQUEIRA CAMPOS;ETANOL;30/12/2024;4,39;VIBRA
AMARAL & CIA LTDA;13008610000183;SIQUEIRA CAMPOS;ETANOL;30/12/2025;4,80;VIBRA
AMARAL & CIA LTDA;13008610000183;SIQUEIRA CAMPOS;ETANOL;31/03/2025;4,89;VIBRA
AMARAL & CIA LTDA;13008610000183;SIQUEIRA CAMPOS;GASOLINA;02/09/2025;6,62;VIBRA
AMARAL & CIA LTDA;13008610000183;SIQUEIRA CAMPOS;GASOLINA;02/12/2025;6,52;VIBRA
AMARAL & CIA LTDA;13008610000183;SIQUEIRA CAMPOS;GASOLINA;03/02/2025;6,42;VIBRA
AMARAL & CIA LTDA;13008610000183;SIQUEIRA CAMPOS;GASOLINA;03/03/2025;6,62;VIBRA
AMARAL & CIA LTDA;13008610000183;SIQUEIRA CAMPOS;GASOLINA;03/03/2026;6,52;VIBRA
AMARAL & CIA LTDA;13008610000183;SIQUEIRA CAMPOS;GASOLINA;03/06/2025;6,62;VIBRA
AMARAL & CIA LTDA;13008610000183;SIQUEIRA CAMPOS;GASOLINA;03/09/2024;6,45;VIBRA
AMARAL & CIA LTDA;13008610000183;SIQUEIRA CAMPOS;GASOLINA;03/12/2024;6,35;VIBRA
AMARAL & CIA LTDA;13008610000183;SIQUEIRA CAMPOS;GASOLINA;04/11/2024;5,99;VIBRA
AMARAL & CIA LTDA;13008610000183;SIQUEIRA CAMPOS;GASOLINA;04/11/2025;6,52;VIBRA
AMARAL & CIA LTDA;13008610000183;SIQUEIRA CAMPOS;GASOLINA;05/05/2025;6,62;VIBRA
AMARAL & CIA LTDA;13008610000183;SIQUEIRA CAMPOS;GASOLINA;05/08/2025;6,62;VIBRA
AMARAL & CIA LTDA;13008610000183;SIQUEIRA CAMPOS;GASOLINA;06/01/2025;6,35;VIBRA
AMARAL & CIA LTDA;13008610000183;SIQUEIRA CAMPOS;GASOLINA;06/01/2026;6,52;VIBRA
AMARAL & CIA LTDA;13008610000183;SIQUEIRA CAMPOS;GASOLINA;06/08/2024;6,48;VIBRA
AMARAL & CIA LTDA;13008610000183;SIQUEIRA CAMPOS;GASOLINA;06/10/2025;6,62;VIBRA
AMARAL & CIA LTDA;13008610000183;SIQUEIRA CAMPOS;GASOLINA;07/05/2026;7,52;VIBRA
AMARAL & CIA LTDA;13008610000183;SIQUEIRA CAMPOS;GASOLINA;07/10/2024;6,25;VIBRA
AMARAL & CIA LTDA;13008610000183;SIQUEIRA CAMPOS;GASOLINA;08/04/2025;6,62;VIBRA
AMARAL & CIA LTDA;13008610000183;SIQUEIRA CAMPOS;GASOLINA;08/07/2025;6,62;VIBRA
AMARAL & CIA LTDA;13008610000183;SIQUEIRA CAMPOS;GASOLINA;09/02/2026;6,52;VIBRA
AMARAL & CIA LTDA;13008610000183;SIQUEIRA CAMPOS;GASOLINA;09/03/2026;6,62;VIBRA
AMARAL & CIA LTDA;13008610000183;SIQUEIRA CAMPOS;GASOLINA;09/04/2026;7,22;VIBRA
AMARAL & CIA LTDA;13008610000183;SIQUEIRA CAMPOS;GASOLINA;09/06/2025;6,62;VIBRA
AMARAL & CIA LTDA;13008610000183;SIQUEIRA CAMPOS;GASOLINA;09/09/2024;6,45;VIBRA
AMARAL & CIA LTDA;13008610000183;SIQUEIRA CAMPOS;GASOLINA;09/09/2025;6,62;VIBRA
AMARAL & CIA LTDA;13008610000183;SIQUEIRA CAMPOS;GASOLINA;09/12/2024;6,35;VIBRA
AMARAL & CIA LTDA;13008610000183;SIQUEIRA CAMPOS;GASOLINA;09/12/2025;6,52;VIBRA
AMARAL & CIA LTDA;13008610000183;SIQUEIRA CAMPOS;GASOLINA;10/07/2024;6,35;VIBRA
AMARAL & CIA LTDA;13008610000183;SIQUEIRA CAMPOS;GASOLINA;11/02/2025;6,62;VIBRA
AMARAL & CIA LTDA;13008610000183;SIQUEIRA CAMPOS;GASOLINA;11/03/2025;6,62;VIBRA
AMARAL & CIA LTDA;13008610000183;SIQUEIRA CAMPOS;GASOLINA;11/11/2024;5,99;VIBRA
AMARAL & CIA LTDA;13008610000183;SIQUEIRA CAMPOS;GASOLINA;11/11/2025;6,52;VIBRA
AMARAL & CIA LTDA;13008610000183;SIQUEIRA CAMPOS;GASOLINA;12/05/2025;6,62;VIBRA
AMARAL & CIA LTDA;13008610000183;SIQUEIRA CAMPOS;GASOLINA;12/08/2024;6,48;VIBRA
AMARAL & CIA LTDA;13008610000183;SIQUEIRA CAMPOS;GASOLINA;12/08/2025;6,62;VIBRA
AMARAL & CIA LTDA;13008610000183;SIQUEIRA CAMPOS;GASOLINA;13/01/2025;6,42;VIBRA
AMARAL & CIA LTDA;13008610000183;SIQUEIRA CAMPOS;GASOLINA;13/01/2026;6,52;VIBRA
AMARAL & CIA LTDA;13008610000183;SIQUEIRA CAMPOS;GASOLINA;13/10/2025;6,62;VIBRA
AMARAL & CIA LTDA;13008610000183;SIQUEIRA CAMPOS;GASOLINA;15/04/2025;6,52;VIBRA
AMARAL & CIA LTDA;13008610000183;SIQUEIRA CAMPOS;GASOLINA;15/04/2026;7,22;VIBRA
AMARAL & CIA LTDA;13008610000183;SIQUEIRA CAMPOS;GASOLINA;15/07/2025;6,62;VIBRA
AMARAL & CIA LTDA;13008610000183;SIQUEIRA CAMPOS;GASOLINA;15/10/2024;6,25;VIBRA
AMARAL & CIA LTDA;13008610000183;SIQUEIRA CAMPOS;GASOLINA;16/06/2025;6,62;VIBRA
AMARAL & CIA LTDA;13008610000183;SIQUEIRA CAMPOS;GASOLINA;16/12/2024;6,35;VIBRA
AMARAL & CIA LTDA;13008610000183;SIQUEIRA CAMPOS;GASOLINA;17/07/2024;6,35;VIBRA
AMARAL & CIA LTDA;13008610000183;SIQUEIRA CAMPOS;GASOLINA;17/09/2024;6,25;VIBRA
AMARAL & CIA LTDA;13008610000183;SIQUEIRA CAMPOS;GASOLINA;17/09/2025;6,62;VIBRA
AMARAL & CIA LTDA;13008610000183;SIQUEIRA CAMPOS;GASOLINA;17/12/2025;6,52;VIBRA
AMARAL & CIA LTDA;13008610000183;SIQUEIRA CAMPOS;GASOLINA;18/02/2025;6,62;VIBRA
AMARAL & CIA LTDA;13008610000183;SIQUEIRA CAMPOS;GASOLINA;18/03/2025;6,62;VIBRA
AMARAL & CIA LTDA;13008610000183;SIQUEIRA CAMPOS;GASOLINA;18/11/2024;6,35;VIBRA
AMARAL & CIA LTDA;13008610000183;SIQUEIRA CAMPOS;GASOLINA;18/11/2025;6,52;VIBRA
AMARAL & CIA LTDA;13008610000183;SIQUEIRA CAMPOS;GASOLINA;19/05/2025;6,62;VIBRA
AMARAL & CIA LTDA;13008610000183;SIQUEIRA CAMPOS;GASOLINA;19/08/2024;6,45;VIBRA
AMARAL & CIA LTDA;13008610000183;SIQUEIRA CAMPOS;GASOLINA;19/08/2025;6,62;VIBRA
AMARAL & CIA LTDA;13008610000183;SIQUEIRA CAMPOS;GASOLINA;20/01/2025;6,42;VIBRA
AMARAL & CIA LTDA;13008610000183;SIQUEIRA CAMPOS;GASOLINA;20/10/2025;6,62;VIBRA
AMARAL & CIA LTDA;13008610000183;SIQUEIRA CAMPOS;GASOLINA;21/10/2024;5,99;VIBRA
AMARAL & CIA LTDA;13008610000183;SIQUEIRA CAMPOS;GASOLINA;22/01/2026;6,52;VIBRA
AMARAL & CIA LTDA;13008610000183;SIQUEIRA CAMPOS;GASOLINA;22/04/2025;6,52;VIBRA
AMARAL & CIA LTDA;13008610000183;SIQUEIRA CAMPOS;GASOLINA;22/07/2025;6,62;VIBRA
AMARAL & CIA LTDA;13008610000183;SIQUEIRA CAMPOS;GASOLINA;22/09/2025;6,62;VIBRA
AMARAL & CIA LTDA;13008610000183;SIQUEIRA CAMPOS;GASOLINA;23/04/2026;7,22;VIBRA
AMARAL & CIA LTDA;13008610000183;SIQUEIRA CAMPOS;GASOLINA;23/07/2024;6,35;VIBRA
AMARAL & CIA LTDA;13008610000183;SIQUEIRA CAMPOS;GASOLINA;23/12/2024;6,35;VIBRA
AMARAL & CIA LTDA;13008610000183;SIQUEIRA CAMPOS;GASOLINA;24/02/2026;6,52;VIBRA
AMARAL & CIA LTDA;13008610000183;SIQUEIRA CAMPOS;GASOLINA;24/06/2025;6,62;VIBRA
AMARAL & CIA LTDA;13008610000183;SIQUEIRA CAMPOS;GASOLINA;24/09/2024;6,25;VIBRA
AMARAL & CIA LTDA;13008610000183;SIQUEIRA CAMPOS;GASOLINA;24/12/2025;6,52;VIBRA
AMARAL & CIA LTDA;13008610000183;SIQUEIRA CAMPOS;GASOLINA;25/02/2025;6,62;VIBRA
AMARAL & CIA LTDA;13008610000183;SIQUEIRA CAMPOS;GASOLINA;25/03/2025;6,62;VIBRA
AMARAL & CIA LTDA;13008610000183;SIQUEIRA CAMPOS;GASOLINA;25/11/2024;6,35;VIBRA
AMARAL & CIA LTDA;13008610000183;SIQUEIRA CAMPOS;GASOLINA;25/11/2025;6,52;VIBRA
AMARAL & CIA LTDA;13008610000183;SIQUEIRA CAMPOS;GASOLINA;26/08/2024;6,45;VIBRA
AMARAL & CIA LTDA;13008610000183;SIQUEIRA CAMPOS;GASOLINA;27/01/2026;6,52;VIBRA
AMARAL & CIA LTDA;13008610000183;SIQUEIRA CAMPOS;GASOLINA;27/05/2025;6,62;VIBRA
AMARAL & CIA LTDA;13008610000183;SIQUEIRA CAMPOS;GASOLINA;27/08/2025;6,62;VIBRA
AMARAL & CIA LTDA;13008610000183;SIQUEIRA CAMPOS;GASOLINA;28/01/2025;6,42;VIBRA
AMARAL & CIA LTDA;13008610000183;SIQUEIRA CAMPOS;GASOLINA;28/07/2025;6,62;VIBRA
AMARAL & CIA LTDA;13008610000183;SIQUEIRA CAMPOS;GASOLINA;28/10/2024;5,99;VIBRA
AMARAL & CIA LTDA;13008610000183;SIQUEIRA CAMPOS;GASOLINA;28/10/2025;6,52;VIBRA
AMARAL & CIA LTDA;13008610000183;SIQUEIRA CAMPOS;GASOLINA;29/04/2025;6,52;VIBRA
AMARAL & CIA LTDA;13008610000183;SIQUEIRA CAMPOS;GASOLINA;29/04/2026;7,22;VIBRA
AMARAL & CIA LTDA;13008610000183;SIQUEIRA CAMPOS;GASOLINA;30/06/2025;6,62;VIBRA
AMARAL & CIA LTDA;13008610000183;SIQUEIRA CAMPOS;GASOLINA;30/07/2024;6,48;VIBRA
AMARAL & CIA LTDA;13008610000183;SIQUEIRA CAMPOS;GASOLINA;30/09/2024;6,25;VIBRA
AMARAL & CIA LTDA;13008610000183;SIQUEIRA CAMPOS;GASOLINA;30/09/2025;6,62;VIBRA
AMARAL & CIA LTDA;13008610000183;SIQUEIRA CAMPOS;GASOLINA;30/12/2024;6,35;VIBRA
AMARAL & CIA LTDA;13008610000183;SIQUEIRA CAMPOS;GASOLINA;30/12/2025;6,52;VIBRA
AMARAL & CIA LTDA;13008610000183;SIQUEIRA CAMPOS;GASOLINA;31/03/2025;6,62;VIBRA
AMARAL & CIA LTDA;13008610000183;SIQUEIRA CAMPOS;GASOLINA ADITIVADA;02/09/2025;6,72;VIBRA
AMARAL & CIA LTDA;13008610000183;SIQUEIRA CAMPOS;GASOLINA ADITIVADA;02/12/2025;6,62;VIBRA
AMARAL & CIA LTDA;13008610000183;SIQUEIRA CAMPOS;GASOLINA ADITIVADA;03/02/2025;6,52;VIBRA
AMARAL & CIA LTDA;13008610000183;SIQUEIRA CAMPOS;GASOLINA ADITIVADA;03/03/2025;6,72;VIBRA
AMARAL & CIA LTDA;13008610000183;SIQUEIRA CAMPOS;GASOLINA ADITIVADA;03/03/2026;6,62;VIBRA
AMARAL & CIA LTDA;13008610000183;SIQUEIRA CAMPOS;GASOLINA ADITIVADA;03/06/2025;6,72;VIBRA
AMARAL & CIA LTDA;13008610000183;SIQUEIRA CAMPOS;GASOLINA ADITIVADA;03/09/2024;6,55;VIBRA
AMARAL & CIA LTDA;13008610000183;SIQUEIRA CAMPOS;GASOLINA ADITIVADA;03/12/2024;6,45;VIBRA
AMARAL & CIA LTDA;13008610000183;SIQUEIRA CAMPOS;GASOLINA ADITIVADA;04/11/2024;6,09;VIBRA
AMARAL & CIA LTDA;13008610000183;SIQUEIRA CAMPOS;GASOLINA ADITIVADA;04/11/2025;6,62;VIBRA
AMARAL & CIA LTDA;13008610000183;SIQUEIRA CAMPOS;GASOLINA ADITIVADA;05/05/2025;6,72;VIBRA
AMARAL & CIA LTDA;13008610000183;SIQUEIRA CAMPOS;GASOLINA ADITIVADA;05/08/2025;6,72;VIBRA
AMARAL & CIA LTDA;13008610000183;SIQUEIRA CAMPOS;GASOLINA ADITIVADA;06/01/2025;6,45;VIBRA
AMARAL & CIA LTDA;13008610000183;SIQUEIRA CAMPOS;GASOLINA ADITIVADA;06/01/2026;6,62;VIBRA
AMARAL & CIA LTDA;13008610000183;SIQUEIRA CAMPOS;GASOLINA ADITIVADA;06/08/2024;6,58;VIBRA
AMARAL & CIA LTDA;13008610000183;SIQUEIRA CAMPOS;GASOLINA ADITIVADA;06/10/2025;6,72;VIBRA
AMARAL & CIA LTDA;13008610000183;SIQUEIRA CAMPOS;GASOLINA ADITIVADA;07/05/2026;7,59;VIBRA
AMARAL & CIA LTDA;13008610000183;SIQUEIRA CAMPOS;GASOLINA ADITIVADA;07/10/2024;6,35;VIBRA
AMARAL & CIA LTDA;13008610000183;SIQUEIRA CAMPOS;GASOLINA ADITIVADA;08/04/2025;6,72;VIBRA
AMARAL & CIA LTDA;13008610000183;SIQUEIRA CAMPOS;GASOLINA ADITIVADA;08/07/2025;6,72;VIBRA
AMARAL & CIA LTDA;13008610000183;SIQUEIRA CAMPOS;GASOLINA ADITIVADA;09/02/2026;6,62;VIBRA
AMARAL & CIA LTDA;13008610000183;SIQUEIRA CAMPOS;GASOLINA ADITIVADA;09/03/2026;6,62;VIBRA
AMARAL & CIA LTDA;13008610000183;SIQUEIRA CAMPOS;GASOLINA ADITIVADA;09/04/2026;7,29;VIBRA
AMARAL & CIA LTDA;13008610000183;SIQUEIRA CAMPOS;GASOLINA ADITIVADA;09/06/2025;6,72;VIBRA
AMARAL & CIA LTDA;13008610000183;SIQUEIRA CAMPOS;GASOLINA ADITIVADA;09/09/2024;6,55;VIBRA
AMARAL & CIA LTDA;13008610000183;SIQUEIRA CAMPOS;GASOLINA ADITIVADA;09/09/2025;6,72;VIBRA
AMARAL & CIA LTDA;13008610000183;SIQUEIRA CAMPOS;GASOLINA ADITIVADA;09/12/2024;6,45;VIBRA
AMARAL & CIA LTDA;13008610000183;SIQUEIRA CAMPOS;GASOLINA ADITIVADA;09/12/2025;6,62;VIBRA
AMARAL & CIA LTDA;13008610000183;SIQUEIRA CAMPOS;GASOLINA ADITIVADA;10/07/2024;6,45;VIBRA
AMARAL & CIA LTDA;13008610000183;SIQUEIRA CAMPOS;GASOLINA ADITIVADA;11/02/2025;6,72;VIBRA
AMARAL & CIA LTDA;13008610000183;SIQUEIRA CAMPOS;GASOLINA ADITIVADA;11/03/2025;6,72;VIBRA
AMARAL & CIA LTDA;13008610000183;SIQUEIRA CAMPOS;GASOLINA ADITIVADA;11/11/2024;6,09;VIBRA
AMARAL & CIA LTDA;13008610000183;SIQUEIRA CAMPOS;GASOLINA ADITIVADA;11/11/2025;6,62;VIBRA
AMARAL & CIA LTDA;13008610000183;SIQUEIRA CAMPOS;GASOLINA ADITIVADA;12/05/2025;6,72;VIBRA
AMARAL & CIA LTDA;13008610000183;SIQUEIRA CAMPOS;GASOLINA ADITIVADA;12/08/2024;6,58;VIBRA
AMARAL & CIA LTDA;13008610000183;SIQUEIRA CAMPOS;GASOLINA ADITIVADA;12/08/2025;6,72;VIBRA
AMARAL & CIA LTDA;13008610000183;SIQUEIRA CAMPOS;GASOLINA ADITIVADA;13/01/2025;6,52;VIBRA
AMARAL & CIA LTDA;13008610000183;SIQUEIRA CAMPOS;GASOLINA ADITIVADA;13/01/2026;6,62;VIBRA
AMARAL & CIA LTDA;13008610000183;SIQUEIRA CAMPOS;GASOLINA ADITIVADA;13/10/2025;6,72;VIBRA
AMARAL & CIA LTDA;13008610000183;SIQUEIRA CAMPOS;GASOLINA ADITIVADA;15/04/2025;6,62;VIBRA
AMARAL & CIA LTDA;13008610000183;SIQUEIRA CAMPOS;GASOLINA ADITIVADA;15/04/2026;7,22;VIBRA
AMARAL & CIA LTDA;13008610000183;SIQUEIRA CAMPOS;GASOLINA ADITIVADA;15/07/2025;6,72;VIBRA
AMARAL & CIA LTDA;13008610000183;SIQUEIRA CAMPOS;GASOLINA ADITIVADA;15/10/2024;6,35;VIBRA
AMARAL & CIA LTDA;13008610000183;SIQUEIRA CAMPOS;GASOLINA ADITIVADA;16/06/2025;6,72;VIBRA
AMARAL & CIA LTDA;13008610000183;SIQUEIRA CAMPOS;GASOLINA ADITIVADA;16/12/2024;6,45;VIBRA
AMARAL & CIA LTDA;13008610000183;SIQUEIRA CAMPOS;GASOLINA ADITIVADA;17/07/2024;6,45;VIBRA
AMARAL & CIA LTDA;13008610000183;SIQUEIRA CAMPOS;GASOLINA ADITIVADA;17/09/2024;6,35;VIBRA
AMARAL & CIA LTDA;13008610000183;SIQUEIRA CAMPOS;GASOLINA ADITIVADA;17/09/2025;6,72;VIBRA
AMARAL & CIA LTDA;13008610000183;SIQUEIRA CAMPOS;GASOLINA ADITIVADA;17/12/2025;6,62;VIBRA
AMARAL & CIA LTDA;13008610000183;SIQUEIRA CAMPOS;GASOLINA ADITIVADA;18/02/2025;6,72;VIBRA
AMARAL & CIA LTDA;13008610000183;SIQUEIRA CAMPOS;GASOLINA ADITIVADA;18/03/2025;6,72;VIBRA
AMARAL & CIA LTDA;13008610000183;SIQUEIRA CAMPOS;GASOLINA ADITIVADA;18/11/2024;6,45;VIBRA
AMARAL & CIA LTDA;13008610000183;SIQUEIRA CAMPOS;GASOLINA ADITIVADA;18/11/2025;6,62;VIBRA
AMARAL & CIA LTDA;13008610000183;SIQUEIRA CAMPOS;GASOLINA ADITIVADA;19/05/2025;6,72;VIBRA
AMARAL & CIA LTDA;13008610000183;SIQUEIRA CAMPOS;GASOLINA ADITIVADA;19/08/2024;6,55;VIBRA
AMARAL & CIA LTDA;13008610000183;SIQUEIRA CAMPOS;GASOLINA ADITIVADA;19/08/2025;6,72;VIBRA
AMARAL & CIA LTDA;13008610000183;SIQUEIRA CAMPOS;GASOLINA ADITIVADA;20/01/2025;6,52;VIBRA
AMARAL & CIA LTDA;13008610000183;SIQUEIRA CAMPOS;GASOLINA ADITIVADA;20/10/2025;6,72;VIBRA
AMARAL & CIA LTDA;13008610000183;SIQUEIRA CAMPOS;GASOLINA ADITIVADA;21/10/2024;6,09;VIBRA
AMARAL & CIA LTDA;13008610000183;SIQUEIRA CAMPOS;GASOLINA ADITIVADA;22/01/2026;6,62;VIBRA
AMARAL & CIA LTDA;13008610000183;SIQUEIRA CAMPOS;GASOLINA ADITIVADA;22/04/2025;6,62;VIBRA
AMARAL & CIA LTDA;13008610000183;SIQUEIRA CAMPOS;GASOLINA ADITIVADA;22/07/2025;6,72;VIBRA
AMARAL & CIA LTDA;13008610000183;SIQUEIRA CAMPOS;GASOLINA ADITIVADA;22/09/2025;6,72;VIBRA
AMARAL & CIA LTDA;13008610000183;SIQUEIRA CAMPOS;GASOLINA ADITIVADA;23/04/2026;7,29;VIBRA
AMARAL & CIA LTDA;13008610000183;SIQUEIRA CAMPOS;GASOLINA ADITIVADA;23/07/2024;6,45;VIBRA
AMARAL & CIA LTDA;13008610000183;SIQUEIRA CAMPOS;GASOLINA ADITIVADA;23/12/2024;6,45;VIBRA
AMARAL & CIA LTDA;13008610000183;SIQUEIRA CAMPOS;GASOLINA ADITIVADA;24/02/2026;6,52;VIBRA
AMARAL & CIA LTDA;13008610000183;SIQUEIRA CAMPOS;GASOLINA ADITIVADA;24/06/2025;6,72;VIBRA
AMARAL & CIA LTDA;13008610000183;SIQUEIRA CAMPOS;GASOLINA ADITIVADA;24/09/2024;6,35;VIBRA
AMARAL & CIA LTDA;13008610000183;SIQUEIRA CAMPOS;GASOLINA ADITIVADA;24/12/2025;6,62;VIBRA
AMARAL & CIA LTDA;13008610000183;SIQUEIRA CAMPOS;GASOLINA ADITIVADA;25/02/2025;6,72;VIBRA
AMARAL & CIA LTDA;13008610000183;SIQUEIRA CAMPOS;GASOLINA ADITIVADA;25/03/2025;6,72;VIBRA
AMARAL & CIA LTDA;13008610000183;SIQUEIRA CAMPOS;GASOLINA ADITIVADA;25/11/2024;6,45;VIBRA
AMARAL & CIA LTDA;13008610000183;SIQUEIRA CAMPOS;GASOLINA ADITIVADA;25/11/2025;6,62;VIBRA
AMARAL & CIA LTDA;13008610000183;SIQUEIRA CAMPOS;GASOLINA ADITIVADA;26/08/2024;6,55;VIBRA
AMARAL & CIA LTDA;13008610000183;SIQUEIRA CAMPOS;GASOLINA ADITIVADA;27/01/2026;6,62;VIBRA
AMARAL & CIA LTDA;13008610000183;SIQUEIRA CAMPOS;GASOLINA ADITIVADA;27/05/2025;6,72;VIBRA
AMARAL & CIA LTDA;13008610000183;SIQUEIRA CAMPOS;GASOLINA ADITIVADA;27/08/2025;6,72;VIBRA
AMARAL & CIA LTDA;13008610000183;SIQUEIRA CAMPOS;GASOLINA ADITIVADA;28/01/2025;6,52;VIBRA
AMARAL & CIA LTDA;13008610000183;SIQUEIRA CAMPOS;GASOLINA ADITIVADA;28/07/2025;6,72;VIBRA
AMARAL & CIA LTDA;13008610000183;SIQUEIRA CAMPOS;GASOLINA ADITIVADA;28/10/2024;6,09;VIBRA
AMARAL & CIA LTDA;13008610000183;SIQUEIRA CAMPOS;GASOLINA ADITIVADA;28/10/2025;6,62;VIBRA
AMARAL & CIA LTDA;13008610000183;SIQUEIRA CAMPOS;GASOLINA ADITIVADA;29/04/2025;6,62;VIBRA
AMARAL & CIA LTDA;13008610000183;SIQUEIRA CAMPOS;GASOLINA ADITIVADA;29/04/2026;7,29;VIBRA
AMARAL & CIA LTDA;13008610000183;SIQUEIRA CAMPOS;GASOLINA ADITIVADA;30/06/2025;6,72;VIBRA
AMARAL & CIA LTDA;13008610000183;SIQUEIRA CAMPOS;GASOLINA ADITIVADA;30/07/2024;6,58;VIBRA
AMARAL & CIA LTDA;13008610000183;SIQUEIRA CAMPOS;GASOLINA ADITIVADA;30/09/2024;6,35;VIBRA
AMARAL & CIA LTDA;13008610000183;SIQUEIRA CAMPOS;GASOLINA ADITIVADA;30/09/2025;6,72;VIBRA
AMARAL & CIA LTDA;13008610000183;SIQUEIRA CAMPOS;GASOLINA ADITIVADA;30/12/2024;6,45;VIBRA
AMARAL & CIA LTDA;13008610000183;SIQUEIRA CAMPOS;GASOLINA ADITIVADA;30/12/2025;6,62;VIBRA
AMARAL & CIA LTDA;13008610000183;SIQUEIRA CAMPOS;GASOLINA ADITIVADA;31/03/2025;6,72;VIBRA
AUTO POSTOS ANDRADE LTDA;13017447000115;CENTRO;DIESEL S10;03/09/2024;5,80;BRANCA
AUTO POSTOS ANDRADE LTDA;13017447000115;CENTRO;DIESEL S10;06/08/2024;5,80;BRANCA
AUTO POSTOS ANDRADE LTDA;13017447000115;CENTRO;DIESEL S10;07/10/2024;5,69;BRANCA
AUTO POSTOS ANDRADE LTDA;13017447000115;CENTRO;DIESEL S10;09/07/2024;5,80;BRANCA
AUTO POSTOS ANDRADE LTDA;13017447000115;CENTRO;DIESEL S10;09/09/2024;5,80;BRANCA
AUTO POSTOS ANDRADE LTDA;13017447000115;CENTRO;DIESEL S10;12/08/2024;5,80;BRANCA
AUTO POSTOS ANDRADE LTDA;13017447000115;CENTRO;DIESEL S10;15/10/2024;5,87;BRANCA
AUTO POSTOS ANDRADE LTDA;13017447000115;CENTRO;DIESEL S10;16/07/2024;5,80;BRANCA
AUTO POSTOS ANDRADE LTDA;13017447000115;CENTRO;DIESEL S10;17/09/2024;5,69;BRANCA
AUTO POSTOS ANDRADE LTDA;13017447000115;CENTRO;DIESEL S10;19/08/2024;5,80;BRANCA
AUTO POSTOS ANDRADE LTDA;13017447000115;CENTRO;DIESEL S10;21/10/2024;5,69;BRANCA
AUTO POSTOS ANDRADE LTDA;13017447000115;CENTRO;DIESEL S10;22/07/2024;5,80;BRANCA
AUTO POSTOS ANDRADE LTDA;13017447000115;CENTRO;DIESEL S10;24/09/2024;5,69;BRANCA
AUTO POSTOS ANDRADE LTDA;13017447000115;CENTRO;DIESEL S10;26/08/2024;5,80;BRANCA
AUTO POSTOS ANDRADE LTDA;13017447000115;CENTRO;DIESEL S10;28/10/2024;5,69;BRANCA
AUTO POSTOS ANDRADE LTDA;13017447000115;CENTRO;DIESEL S10;29/07/2024;5,80;BRANCA
AUTO POSTOS ANDRADE LTDA;13017447000115;CENTRO;DIESEL S10;30/09/2024;5,69;BRANCA
AUTO POSTOS ANDRADE LTDA;13017447000115;CENTRO;ETANOL;03/09/2024;4,75;BRANCA
AUTO POSTOS ANDRADE LTDA;13017447000115;CENTRO;ETANOL;06/08/2024;4,75;BRANCA
AUTO POSTOS ANDRADE LTDA;13017447000115;CENTRO;ETANOL;07/10/2024;4,49;BRANCA
AUTO POSTOS ANDRADE LTDA;13017447000115;CENTRO;ETANOL;09/07/2024;4,69;BRANCA
AUTO POSTOS ANDRADE LTDA;13017447000115;CENTRO;ETANOL;09/09/2024;4,75;BRANCA
AUTO POSTOS ANDRADE LTDA;13017447000115;CENTRO;ETANOL;12/08/2024;4,75;BRANCA
AUTO POSTOS ANDRADE LTDA;13017447000115;CENTRO;ETANOL;15/10/2024;4,49;BRANCA
AUTO POSTOS ANDRADE LTDA;13017447000115;CENTRO;ETANOL;16/07/2024;4,69;BRANCA
AUTO POSTOS ANDRADE LTDA;13017447000115;CENTRO;ETANOL;17/09/2024;4,69;BRANCA
AUTO POSTOS ANDRADE LTDA;13017447000115;CENTRO;ETANOL;19/08/2024;4,75;BRANCA
AUTO POSTOS ANDRADE LTDA;13017447000115;CENTRO;ETANOL;21/10/2024;4,39;BRANCA
AUTO POSTOS ANDRADE LTDA;13017447000115;CENTRO;ETANOL;22/07/2024;4,69;BRANCA
AUTO POSTOS ANDRADE LTDA;13017447000115;CENTRO;ETANOL;24/09/2024;4,59;BRANCA
AUTO POSTOS ANDRADE LTDA;13017447000115;CENTRO;ETANOL;26/08/2024;4,75;BRANCA
AUTO POSTOS ANDRADE LTDA;13017447000115;CENTRO;ETANOL;28/10/2024;4,29;BRANCA
AUTO POSTOS ANDRADE LTDA;13017447000115;CENTRO;ETANOL;29/07/2024;4,80;BRANCA
AUTO POSTOS ANDRADE LTDA;13017447000115;CENTRO;ETANOL;30/09/2024;4,49;BRANCA
AUTO POSTOS ANDRADE LTDA;13017447000115;CENTRO;GASOLINA;03/09/2024;6,40;BRANCA
AUTO POSTOS ANDRADE LTDA;13017447000115;CENTRO;GASOLINA;06/08/2024;6,45;BRANCA
AUTO POSTOS ANDRADE LTDA;13017447000115;CENTRO;GASOLINA;07/10/2024;6,20;BRANCA
AUTO POSTOS ANDRADE LTDA;13017447000115;CENTRO;GASOLINA;09/07/2024;6,30;BRANCA
AUTO POSTOS ANDRADE LTDA;13017447000115;CENTRO;GASOLINA;09/09/2024;6,40;BRANCA
AUTO POSTOS ANDRADE LTDA;13017447000115;CENTRO;GASOLINA;12/08/2024;6,40;BRANCA
AUTO POSTOS ANDRADE LTDA;13017447000115;CENTRO;GASOLINA;15/10/2024;6,20;BRANCA
AUTO POSTOS ANDRADE LTDA;13017447000115;CENTRO;GASOLINA;16/07/2024;6,30;BRANCA
AUTO POSTOS ANDRADE LTDA;13017447000115;CENTRO;GASOLINA;17/09/2024;6,20;BRANCA
AUTO POSTOS ANDRADE LTDA;13017447000115;CENTRO;GASOLINA;19/08/2024;6,40;BRANCA
AUTO POSTOS ANDRADE LTDA;13017447000115;CENTRO;GASOLINA;21/10/2024;5,90;BRANCA
AUTO POSTOS ANDRADE LTDA;13017447000115;CENTRO;GASOLINA;22/07/2024;6,30;BRANCA
AUTO POSTOS ANDRADE LTDA;13017447000115;CENTRO;GASOLINA;24/09/2024;6,20;BRANCA
AUTO POSTOS ANDRADE LTDA;13017447000115;CENTRO;GASOLINA;26/08/2024;6,40;BRANCA
AUTO POSTOS ANDRADE LTDA;13017447000115;CENTRO;GASOLINA;28/10/2024;5,90;BRANCA
AUTO POSTOS ANDRADE LTDA;13017447000115;CENTRO;GASOLINA;29/07/2024;6,48;BRANCA
AUTO POSTOS ANDRADE LTDA;13017447000115;CENTRO;GASOLINA;30/09/2024;6,20;BRANCA
AUTO POSTOS ANDRADE LTDA;13017447000115;CENTRO;GASOLINA ADITIVADA;03/09/2024;6,40;BRANCA
AUTO POSTOS ANDRADE LTDA;13017447000115;CENTRO;GASOLINA ADITIVADA;06/08/2024;6,45;BRANCA
AUTO POSTOS ANDRADE LTDA;13017447000115;CENTRO;GASOLINA ADITIVADA;07/10/2024;6,20;BRANCA
AUTO POSTOS ANDRADE LTDA;13017447000115;CENTRO;GASOLINA ADITIVADA;09/07/2024;6,30;BRANCA
AUTO POSTOS ANDRADE LTDA;13017447000115;CENTRO;GASOLINA ADITIVADA;09/09/2024;6,40;BRANCA
AUTO POSTOS ANDRADE LTDA;13017447000115;CENTRO;GASOLINA ADITIVADA;12/08/2024;6,40;BRANCA
AUTO POSTOS ANDRADE LTDA;13017447000115;CENTRO;GASOLINA ADITIVADA;15/10/2024;6,20;BRANCA
AUTO POSTOS ANDRADE LTDA;13017447000115;CENTRO;GASOLINA ADITIVADA;16/07/2024;6,30;BRANCA
AUTO POSTOS ANDRADE LTDA;13017447000115;CENTRO;GASOLINA ADITIVADA;17/09/2024;6,20;BRANCA
AUTO POSTOS ANDRADE LTDA;13017447000115;CENTRO;GASOLINA ADITIVADA;19/08/2024;6,40;BRANCA
AUTO POSTOS ANDRADE LTDA;13017447000115;CENTRO;GASOLINA ADITIVADA;21/10/2024;5,90;BRANCA
AUTO POSTOS ANDRADE LTDA;13017447000115;CENTRO;GASOLINA ADITIVADA;22/07/2024;6,30;BRANCA
AUTO POSTOS ANDRADE LTDA;13017447000115;CENTRO;GASOLINA ADITIVADA;24/09/2024;6,20;BRANCA
AUTO POSTOS ANDRADE LTDA;13017447000115;CENTRO;GASOLINA ADITIVADA;26/08/2024;6,40;BRANCA
AUTO POSTOS ANDRADE LTDA;13017447000115;CENTRO;GASOLINA ADITIVADA;28/10/2024;5,90;BRANCA
AUTO POSTOS ANDRADE LTDA;13017447000115;CENTRO;GASOLINA ADITIVADA;29/07/2024;6,48;BRANCA
AUTO POSTOS ANDRADE LTDA;13017447000115;CENTRO;GASOLINA ADITIVADA;30/09/2024;6,20;BRANCA
KLEBER SANTOS BATISTA LTDA;13042882000108;CIRURGIA;DIESEL S10;02/09/2025;5,64;BRANCA
KLEBER SANTOS BATISTA LTDA;13042882000108;CIRURGIA;DIESEL S10;03/02/2025;6,05;BRANCA
KLEBER SANTOS BATISTA LTDA;13042882000108;CIRURGIA;DIESEL S10;03/03/2025;6,23;BRANCA
KLEBER SANTOS BATISTA LTDA;13042882000108;CIRURGIA;DIESEL S10;03/06/2025;5,64;BRANCA
KLEBER SANTOS BATISTA LTDA;13042882000108;CIRURGIA;DIESEL S10;03/06/2026;6,98;BRANCA
KLEBER SANTOS BATISTA LTDA;13042882000108;CIRURGIA;DIESEL S10;03/12/2024;5,89;BRANCA
KLEBER SANTOS BATISTA LTDA;13042882000108;CIRURGIA;DIESEL S10;04/11/2024;5,69;BRANCA
KLEBER SANTOS BATISTA LTDA;13042882000108;CIRURGIA;DIESEL S10;04/11/2025;5,76;BRANCA
KLEBER SANTOS BATISTA LTDA;13042882000108;CIRURGIA;DIESEL S10;05/01/2026;5,76;BRANCA
KLEBER SANTOS BATISTA LTDA;13042882000108;CIRURGIA;DIESEL S10;05/05/2025;5,78;BRANCA
KLEBER SANTOS BATISTA LTDA;13042882000108;CIRURGIA;DIESEL S10;05/08/2025;5,64;BRANCA
KLEBER SANTOS BATISTA LTDA;13042882000108;CIRURGIA;DIESEL S10;06/01/2025;5,97;BRANCA
KLEBER SANTOS BATISTA LTDA;13042882000108;CIRURGIA;DIESEL S10;06/10/2025;5,76;BRANCA
KLEBER SANTOS BATISTA LTDA;13042882000108;CIRURGIA;DIESEL S10;07/05/2026;7,09;BRANCA
KLEBER SANTOS BATISTA LTDA;13042882000108;CIRURGIA;DIESEL S10;08/04/2025;5,99;BRANCA
KLEBER SANTOS BATISTA LTDA;13042882000108;CIRURGIA;DIESEL S10;08/07/2025;5,64;BRANCA
KLEBER SANTOS BATISTA LTDA;13042882000108;CIRURGIA;DIESEL S10;08/12/2025;5,76;BRANCA
KLEBER SANTOS BATISTA LTDA;13042882000108;CIRURGIA;DIESEL S10;09/02/2026;5,76;BRANCA
KLEBER SANTOS BATISTA LTDA;13042882000108;CIRURGIA;DIESEL S10;09/03/2026;6,50;BRANCA
KLEBER SANTOS BATISTA LTDA;13042882000108;CIRURGIA;DIESEL S10;09/04/2026;7,30;BRANCA
KLEBER SANTOS BATISTA LTDA;13042882000108;CIRURGIA;DIESEL S10;09/06/2025;5,64;BRANCA
KLEBER SANTOS BATISTA LTDA;13042882000108;CIRURGIA;DIESEL S10;09/06/2026;6,98;BRANCA
KLEBER SANTOS BATISTA LTDA;13042882000108;CIRURGIA;DIESEL S10;09/09/2025;5,76;BRANCA
KLEBER SANTOS BATISTA LTDA;13042882000108;CIRURGIA;DIESEL S10;09/12/2024;5,89;BRANCA
KLEBER SANTOS BATISTA LTDA;13042882000108;CIRURGIA;DIESEL S10;10/07/2024;5,80;BRANCA
KLEBER SANTOS BATISTA LTDA;13042882000108;CIRURGIA;DIESEL S10;11/02/2025;6,23;BRANCA
KLEBER SANTOS BATISTA LTDA;13042882000108;CIRURGIA;DIESEL S10;11/03/2025;6,23;BRANCA
KLEBER SANTOS BATISTA LTDA;13042882000108;CIRURGIA;DIESEL S10;11/11/2024;5,69;BRANCA
KLEBER SANTOS BATISTA LTDA;13042882000108;CIRURGIA;DIESEL S10;11/11/2025;5,76;BRANCA
KLEBER SANTOS BATISTA LTDA;13042882000108;CIRURGIA;DIESEL S10;12/01/2026;5,76;BRANCA
KLEBER SANTOS BATISTA LTDA;13042882000108;CIRURGIA;DIESEL S10;12/05/2025;5,64;BRANCA
KLEBER SANTOS BATISTA LTDA;13042882000108;CIRURGIA;DIESEL S10;12/08/2025;5,64;BRANCA
KLEBER SANTOS BATISTA LTDA;13042882000108;CIRURGIA;DIESEL S10;13/01/2025;6,05;BRANCA
KLEBER SANTOS BATISTA LTDA;13042882000108;CIRURGIA;DIESEL S10;13/05/2026;7,09;BRANCA
KLEBER SANTOS BATISTA LTDA;13042882000108;CIRURGIA;DIESEL S10;13/10/2025;5,76;BRANCA
KLEBER SANTOS BATISTA LTDA;13042882000108;CIRURGIA;DIESEL S10;15/04/2025;5,78;BRANCA
KLEBER SANTOS BATISTA LTDA;13042882000108;CIRURGIA;DIESEL S10;15/04/2026;7,30;BRANCA
KLEBER SANTOS BATISTA LTDA;13042882000108;CIRURGIA;DIESEL S10;15/07/2025;5,64;BRANCA
KLEBER SANTOS BATISTA LTDA;13042882000108;CIRURGIA;DIESEL S10;15/10/2024;5,87;BRANCA
KLEBER SANTOS BATISTA LTDA;13042882000108;CIRURGIA;DIESEL S10;15/12/2025;5,76;BRANCA
KLEBER SANTOS BATISTA LTDA;13042882000108;CIRURGIA;DIESEL S10;16/06/2025;5,64;BRANCA
KLEBER SANTOS BATISTA LTDA;13042882000108;CIRURGIA;DIESEL S10;16/06/2026;6,98;BRANCA
KLEBER SANTOS BATISTA LTDA;13042882000108;CIRURGIA;DIESEL S10;16/12/2024;5,89;BRANCA
KLEBER SANTOS BATISTA LTDA;13042882000108;CIRURGIA;DIESEL S10;17/09/2025;5,76;BRANCA
KLEBER SANTOS BATISTA LTDA;13042882000108;CIRURGIA;DIESEL S10;18/02/2025;6,23;BRANCA
KLEBER SANTOS BATISTA LTDA;13042882000108;CIRURGIA;DIESEL S10;18/03/2025;6,23;BRANCA
KLEBER SANTOS BATISTA LTDA;13042882000108;CIRURGIA;DIESEL S10;18/11/2024;5,69;BRANCA
KLEBER SANTOS BATISTA LTDA;13042882000108;CIRURGIA;DIESEL S10;18/11/2025;5,76;BRANCA
KLEBER SANTOS BATISTA LTDA;13042882000108;CIRURGIA;DIESEL S10;19/05/2025;5,64;BRANCA
KLEBER SANTOS BATISTA LTDA;13042882000108;CIRURGIA;DIESEL S10;19/08/2025;5,64;BRANCA
KLEBER SANTOS BATISTA LTDA;13042882000108;CIRURGIA;DIESEL S10;20/01/2025;6,05;BRANCA
KLEBER SANTOS BATISTA LTDA;13042882000108;CIRURGIA;DIESEL S10;20/01/2026;5,76;BRANCA
KLEBER SANTOS BATISTA LTDA;13042882000108;CIRURGIA;DIESEL S10;20/03/2026;6,79;BRANCA
KLEBER SANTOS BATISTA LTDA;13042882000108;CIRURGIA;DIESEL S10;20/05/2026;6,98;BRANCA
KLEBER SANTOS BATISTA LTDA;13042882000108;CIRURGIA;DIESEL S10;20/10/2025;5,76;BRANCA
KLEBER SANTOS BATISTA LTDA;13042882000108;CIRURGIA;DIESEL S10;21/10/2024;5,69;BRANCA
KLEBER SANTOS BATISTA LTDA;13042882000108;CIRURGIA;DIESEL S10;22/04/2025;5,78;BRANCA
KLEBER SANTOS BATISTA LTDA;13042882000108;CIRURGIA;DIESEL S10;22/07/2024;5,80;BRANCA
KLEBER SANTOS BATISTA LTDA;13042882000108;CIRURGIA;DIESEL S10;22/07/2025;5,64;BRANCA
KLEBER SANTOS BATISTA LTDA;13042882000108;CIRURGIA;DIESEL S10;22/09/2025;5,76;BRANCA
KLEBER SANTOS BATISTA LTDA;13042882000108;CIRURGIA;DIESEL S10;23/06/2026;6,87;BRANCA
KLEBER SANTOS BATISTA LTDA;13042882000108;CIRURGIA;DIESEL S10;23/12/2024;5,97;BRANCA
KLEBER SANTOS BATISTA LTDA;13042882000108;CIRURGIA;DIESEL S10;23/12/2025;5,76;BRANCA
KLEBER SANTOS BATISTA LTDA;13042882000108;CIRURGIA;DIESEL S10;24/02/2026;5,76;BRANCA
KLEBER SANTOS BATISTA LTDA;13042882000108;CIRURGIA;DIESEL S10;24/04/2026;7,30;BRANCA
KLEBER SANTOS BATISTA LTDA;13042882000108;CIRURGIA;DIESEL S10;24/06/2025;5,64;BRANCA
KLEBER SANTOS BATISTA LTDA;13042882000108;CIRURGIA;DIESEL S10;25/02/2025;6,23;BRANCA
KLEBER SANTOS BATISTA LTDA;13042882000108;CIRURGIA;DIESEL S10;25/03/2025;6,23;BRANCA
KLEBER SANTOS BATISTA LTDA;13042882000108;CIRURGIA;DIESEL S10;25/03/2026;7,13;BRANCA
KLEBER SANTOS BATISTA LTDA;13042882000108;CIRURGIA;DIESEL S10;25/11/2024;5,69;BRANCA
KLEBER SANTOS BATISTA LTDA;13042882000108;CIRURGIA;DIESEL S10;25/11/2025;5,76;BRANCA
KLEBER SANTOS BATISTA LTDA;13042882000108;CIRURGIA;DIESEL S10;26/01/2026;5,76;BRANCA
KLEBER SANTOS BATISTA LTDA;13042882000108;CIRURGIA;DIESEL S10;26/05/2026;6,98;BRANCA
KLEBER SANTOS BATISTA LTDA;13042882000108;CIRURGIA;DIESEL S10;27/05/2025;5,64;BRANCA
KLEBER SANTOS BATISTA LTDA;13042882000108;CIRURGIA;DIESEL S10;27/08/2025;5,64;BRANCA
KLEBER SANTOS BATISTA LTDA;13042882000108;CIRURGIA;DIESEL S10;28/01/2025;6,05;BRANCA
KLEBER SANTOS BATISTA LTDA;13042882000108;CIRURGIA;DIESEL S10;28/07/2025;5,64;BRANCA
KLEBER SANTOS BATISTA LTDA;13042882000108;CIRURGIA;DIESEL S10;28/10/2024;5,69;BRANCA
KLEBER SANTOS BATISTA LTDA;13042882000108;CIRURGIA;DIESEL S10;28/10/2025;5,76;BRANCA
KLEBER SANTOS BATISTA LTDA;13042882000108;CIRURGIA;DIESEL S10;29/04/2025;5,78;BRANCA
KLEBER SANTOS BATISTA LTDA;13042882000108;CIRURGIA;DIESEL S10;29/04/2026;7,09;BRANCA
KLEBER SANTOS BATISTA LTDA;13042882000108;CIRURGIA;DIESEL S10;29/12/2025;5,76;BRANCA
KLEBER SANTOS BATISTA LTDA;13042882000108;CIRURGIA;DIESEL S10;30/06/2025;5,64;BRANCA
KLEBER SANTOS BATISTA LTDA;13042882000108;CIRURGIA;DIESEL S10;30/06/2026;6,87;BRANCA
KLEBER SANTOS BATISTA LTDA;13042882000108;CIRURGIA;DIESEL S10;30/09/2025;5,76;BRANCA
KLEBER SANTOS BATISTA LTDA;13042882000108;CIRURGIA;DIESEL S10;30/12/2024;5,97;BRANCA
KLEBER SANTOS BATISTA LTDA;13042882000108;CIRURGIA;DIESEL S10;31/03/2025;6,23;BRANCA
KLEBER SANTOS BATISTA LTDA;13042882000108;CIRURGIA;DIESEL S10;31/03/2026;7,30;BRANCA
KLEBER SANTOS BATISTA LTDA;13042882000108;CIRURGIA;ETANOL;02/09/2025;4,90;BRANCA
KLEBER SANTOS BATISTA LTDA;13042882000108;CIRURGIA;ETANOL;03/02/2025;4,59;BRANCA
KLEBER SANTOS BATISTA LTDA;13042882000108;CIRURGIA;ETANOL;03/03/2025;4,80;BRANCA
KLEBER SANTOS BATISTA LTDA;13042882000108;CIRURGIA;ETANOL;03/06/2025;4,90;BRANCA
KLEBER SANTOS BATISTA LTDA;13042882000108;CIRURGIA;ETANOL;03/06/2026;5,50;BRANCA
KLEBER SANTOS BATISTA LTDA;13042882000108;CIRURGIA;ETANOL;03/12/2024;4,20;BRANCA
KLEBER SANTOS BATISTA LTDA;13042882000108;CIRURGIA;ETANOL;04/11/2024;4,29;BRANCA
KLEBER SANTOS BATISTA LTDA;13042882000108;CIRURGIA;ETANOL;04/11/2025;4,80;BRANCA
KLEBER SANTOS BATISTA LTDA;13042882000108;CIRURGIA;ETANOL;05/01/2026;4,80;BRANCA
KLEBER SANTOS BATISTA LTDA;13042882000108;CIRURGIA;ETANOL;05/05/2025;4,80;BRANCA
KLEBER SANTOS BATISTA LTDA;13042882000108;CIRURGIA;ETANOL;05/08/2025;4,90;BRANCA
KLEBER SANTOS BATISTA LTDA;13042882000108;CIRURGIA;ETANOL;06/01/2025;4,20;BRANCA
KLEBER SANTOS BATISTA LTDA;13042882000108;CIRURGIA;ETANOL;06/10/2025;4,90;BRANCA
KLEBER SANTOS BATISTA LTDA;13042882000108;CIRURGIA;ETANOL;07/05/2026;5,60;BRANCA
KLEBER SANTOS BATISTA LTDA;13042882000108;CIRURGIA;ETANOL;08/04/2025;4,80;BRANCA
KLEBER SANTOS BATISTA LTDA;13042882000108;CIRURGIA;ETANOL;08/07/2025;4,90;BRANCA
KLEBER SANTOS BATISTA LTDA;13042882000108;CIRURGIA;ETANOL;08/12/2025;4,80;BRANCA
KLEBER SANTOS BATISTA LTDA;13042882000108;CIRURGIA;ETANOL;09/02/2026;4,80;BRANCA
KLEBER SANTOS BATISTA LTDA;13042882000108;CIRURGIA;ETANOL;09/03/2026;4,95;BRANCA
KLEBER SANTOS BATISTA LTDA;13042882000108;CIRURGIA;ETANOL;09/04/2026;5,05;BRANCA
KLEBER SANTOS BATISTA LTDA;13042882000108;CIRURGIA;ETANOL;09/06/2025;4,90;BRANCA
KLEBER SANTOS BATISTA LTDA;13042882000108;CIRURGIA;ETANOL;09/06/2026;5,50;BRANCA
KLEBER SANTOS BATISTA LTDA;13042882000108;CIRURGIA;ETANOL;09/09/2025;4,90;BRANCA
KLEBER SANTOS BATISTA LTDA;13042882000108;CIRURGIA;ETANOL;09/12/2024;4,20;BRANCA
KLEBER SANTOS BATISTA LTDA;13042882000108;CIRURGIA;ETANOL;10/07/2024;4,69;BRANCA
KLEBER SANTOS BATISTA LTDA;13042882000108;CIRURGIA;ETANOL;11/02/2025;4,80;BRANCA
KLEBER SANTOS BATISTA LTDA;13042882000108;CIRURGIA;ETANOL;11/03/2025;4,80;BRANCA
KLEBER SANTOS BATISTA LTDA;13042882000108;CIRURGIA;ETANOL;11/11/2024;4,29;BRANCA
KLEBER SANTOS BATISTA LTDA;13042882000108;CIRURGIA;ETANOL;11/11/2025;4,80;BRANCA
KLEBER SANTOS BATISTA LTDA;13042882000108;CIRURGIA;ETANOL;12/01/2026;4,80;BRANCA
KLEBER SANTOS BATISTA LTDA;13042882000108;CIRURGIA;ETANOL;12/05/2025;4,80;BRANCA
KLEBER SANTOS BATISTA LTDA;13042882000108;CIRURGIA;ETANOL;12/08/2025;4,90;BRANCA
KLEBER SANTOS BATISTA LTDA;13042882000108;CIRURGIA;ETANOL;13/01/2025;4,59;BRANCA
KLEBER SANTOS BATISTA LTDA;13042882000108;CIRURGIA;ETANOL;13/05/2026;5,60;BRANCA
KLEBER SANTOS BATISTA LTDA;13042882000108;CIRURGIA;ETANOL;13/10/2025;4,90;BRANCA
KLEBER SANTOS BATISTA LTDA;13042882000108;CIRURGIA;ETANOL;15/04/2025;4,80;BRANCA
KLEBER SANTOS BATISTA LTDA;13042882000108;CIRURGIA;ETANOL;15/04/2026;5,60;BRANCA
KLEBER SANTOS BATISTA LTDA;13042882000108;CIRURGIA;ETANOL;15/07/2025;4,90;BRANCA
KLEBER SANTOS BATISTA LTDA;13042882000108;CIRURGIA;ETANOL;15/10/2024;4,49;BRANCA
KLEBER SANTOS BATISTA LTDA;13042882000108;CIRURGIA;ETANOL;15/12/2025;4,80;BRANCA
KLEBER SANTOS BATISTA LTDA;13042882000108;CIRURGIA;ETANOL;16/06/2025;4,90;BRANCA
KLEBER SANTOS BATISTA LTDA;13042882000108;CIRURGIA;ETANOL;16/06/2026;5,50;BRANCA
KLEBER SANTOS BATISTA LTDA;13042882000108;CIRURGIA;ETANOL;16/12/2024;4,20;BRANCA
KLEBER SANTOS BATISTA LTDA;13042882000108;CIRURGIA;ETANOL;17/09/2025;4,90;BRANCA
KLEBER SANTOS BATISTA LTDA;13042882000108;CIRURGIA;ETANOL;18/02/2025;4,80;BRANCA
KLEBER SANTOS BATISTA LTDA;13042882000108;CIRURGIA;ETANOL;18/03/2025;4,80;BRANCA
KLEBER SANTOS BATISTA LTDA;13042882000108;CIRURGIA;ETANOL;18/11/2024;4,20;BRANCA
KLEBER SANTOS BATISTA LTDA;13042882000108;CIRURGIA;ETANOL;18/11/2025;4,80;BRANCA
KLEBER SANTOS BATISTA LTDA;13042882000108;CIRURGIA;ETANOL;19/05/2025;4,80;BRANCA
KLEBER SANTOS BATISTA LTDA;13042882000108;CIRURGIA;ETANOL;19/08/2025;4,90;BRANCA
KLEBER SANTOS BATISTA LTDA;13042882000108;CIRURGIA;ETANOL;20/01/2025;4,59;BRANCA
KLEBER SANTOS BATISTA LTDA;13042882000108;CIRURGIA;ETANOL;20/01/2026;4,80;BRANCA
KLEBER SANTOS BATISTA LTDA;13042882000108;CIRURGIA;ETANOL;20/03/2026;4,95;BRANCA
KLEBER SANTOS BATISTA LTDA;13042882000108;CIRURGIA;ETANOL;20/05/2026;5,60;BRANCA
KLEBER SANTOS BATISTA LTDA;13042882000108;CIRURGIA;ETANOL;20/10/2025;4,90;BRANCA
KLEBER SANTOS BATISTA LTDA;13042882000108;CIRURGIA;ETANOL;21/10/2024;4,39;BRANCA
KLEBER SANTOS BATISTA LTDA;13042882000108;CIRURGIA;ETANOL;22/04/2025;4,80;BRANCA
KLEBER SANTOS BATISTA LTDA;13042882000108;CIRURGIA;ETANOL;22/07/2024;4,69;BRANCA
KLEBER SANTOS BATISTA LTDA;13042882000108;CIRURGIA;ETANOL;22/07/2025;4,90;BRANCA
KLEBER SANTOS BATISTA LTDA;13042882000108;CIRURGIA;ETANOL;22/09/2025;4,90;BRANCA
KLEBER SANTOS BATISTA LTDA;13042882000108;CIRURGIA;ETANOL;23/06/2026;5,50;BRANCA
KLEBER SANTOS BATISTA LTDA;13042882000108;CIRURGIA;ETANOL;23/12/2024;4,20;BRANCA
KLEBER SANTOS BATISTA LTDA;13042882000108;CIRURGIA;ETANOL;23/12/2025;4,80;BRANCA
KLEBER SANTOS BATISTA LTDA;13042882000108;CIRURGIA;ETANOL;24/02/2026;4,80;BRANCA
KLEBER SANTOS BATISTA LTDA;13042882000108;CIRURGIA;ETANOL;24/04/2026;5,60;BRANCA
KLEBER SANTOS BATISTA LTDA;13042882000108;CIRURGIA;ETANOL;24/06/2025;4,90;BRANCA
KLEBER SANTOS BATISTA LTDA;13042882000108;CIRURGIA;ETANOL;25/02/2025;4,80;BRANCA
KLEBER SANTOS BATISTA LTDA;13042882000108;CIRURGIA;ETANOL;25/03/2025;4,80;BRANCA
KLEBER SANTOS BATISTA LTDA;13042882000108;CIRURGIA;ETANOL;25/03/2026;5,05;BRANCA
KLEBER SANTOS BATISTA LTDA;13042882000108;CIRURGIA;ETANOL;25/11/2024;4,20;BRANCA
KLEBER SANTOS BATISTA LTDA;13042882000108;CIRURGIA;ETANOL;25/11/2025;4,80;BRANCA
KLEBER SANTOS BATISTA LTDA;13042882000108;CIRURGIA;ETANOL;26/01/2026;4,80;BRANCA
KLEBER SANTOS BATISTA LTDA;13042882000108;CIRURGIA;ETANOL;26/05/2026;5,50;BRANCA
KLEBER SANTOS BATISTA LTDA;13042882000108;CIRURGIA;ETANOL;27/05/2025;4,90;BRANCA
KLEBER SANTOS BATISTA LTDA;13042882000108;CIRURGIA;ETANOL;27/08/2025;4,90;BRANCA
KLEBER SANTOS BATISTA LTDA;13042882000108;CIRURGIA;ETANOL;28/01/2025;4,59;BRANCA
KLEBER SANTOS BATISTA LTDA;13042882000108;CIRURGIA;ETANOL;28/07/2025;4,90;BRANCA
KLEBER SANTOS BATISTA LTDA;13042882000108;CIRURGIA;ETANOL;28/10/2024;4,29;BRANCA
KLEBER SANTOS BATISTA LTDA;13042882000108;CIRURGIA;ETANOL;28/10/2025;4,80;BRANCA
KLEBER SANTOS BATISTA LTDA;13042882000108;CIRURGIA;ETANOL;29/04/2025;4,80;BRANCA
KLEBER SANTOS BATISTA LTDA;13042882000108;CIRURGIA;ETANOL;29/04/2026;5,60;BRANCA
KLEBER SANTOS BATISTA LTDA;13042882000108;CIRURGIA;ETANOL;29/12/2025;4,80;BRANCA
KLEBER SANTOS BATISTA LTDA;13042882000108;CIRURGIA;ETANOL;30/06/2025;4,90;BRANCA
KLEBER SANTOS BATISTA LTDA;13042882000108;CIRURGIA;ETANOL;30/06/2026;5,50;BRANCA
KLEBER SANTOS BATISTA LTDA;13042882000108;CIRURGIA;ETANOL;30/09/2025;4,90;BRANCA
KLEBER SANTOS BATISTA LTDA;13042882000108;CIRURGIA;ETANOL;30/12/2024;4,20;BRANCA
KLEBER SANTOS BATISTA LTDA;13042882000108;CIRURGIA;ETANOL;31/03/2025;4,80;BRANCA
KLEBER SANTOS BATISTA LTDA;13042882000108;CIRURGIA;ETANOL;31/03/2026;5,05;BRANCA
KLEBER SANTOS BATISTA LTDA;13042882000108;CIRURGIA;GASOLINA;02/09/2025;6,62;BRANCA
KLEBER SANTOS BATISTA LTDA;13042882000108;CIRURGIA;GASOLINA;03/02/2025;6,42;BRANCA
KLEBER SANTOS BATISTA LTDA;13042882000108;CIRURGIA;GASOLINA;03/03/2025;6,62;BRANCA
KLEBER SANTOS BATISTA LTDA;13042882000108;CIRURGIA;GASOLINA;03/06/2025;6,62;BRANCA
KLEBER SANTOS BATISTA LTDA;13042882000108;CIRURGIA;GASOLINA;03/06/2026;7,12;BRANCA
KLEBER SANTOS BATISTA LTDA;13042882000108;CIRURGIA;GASOLINA;03/12/2024;6,30;BRANCA
KLEBER SANTOS BATISTA LTDA;13042882000108;CIRURGIA;GASOLINA;04/11/2024;5,90;BRANCA
KLEBER SANTOS BATISTA LTDA;13042882000108;CIRURGIA;GASOLINA;04/11/2025;6,52;BRANCA
KLEBER SANTOS BATISTA LTDA;13042882000108;CIRURGIA;GASOLINA;05/01/2026;6,52;BRANCA
KLEBER SANTOS BATISTA LTDA;13042882000108;CIRURGIA;GASOLINA;05/05/2025;6,62;BRANCA
KLEBER SANTOS BATISTA LTDA;13042882000108;CIRURGIA;GASOLINA;05/08/2025;6,62;BRANCA
KLEBER SANTOS BATISTA LTDA;13042882000108;CIRURGIA;GASOLINA;06/01/2025;6,30;BRANCA
KLEBER SANTOS BATISTA LTDA;13042882000108;CIRURGIA;GASOLINA;06/10/2025;6,62;BRANCA
KLEBER SANTOS BATISTA LTDA;13042882000108;CIRURGIA;GASOLINA;07/05/2026;7,52;BRANCA
KLEBER SANTOS BATISTA LTDA;13042882000108;CIRURGIA;GASOLINA;08/04/2025;6,62;BRANCA
KLEBER SANTOS BATISTA LTDA;13042882000108;CIRURGIA;GASOLINA;08/07/2025;6,62;BRANCA
KLEBER SANTOS BATISTA LTDA;13042882000108;CIRURGIA;GASOLINA;08/12/2025;6,52;BRANCA
KLEBER SANTOS BATISTA LTDA;13042882000108;CIRURGIA;GASOLINA;09/02/2026;6,52;BRANCA
KLEBER SANTOS BATISTA LTDA;13042882000108;CIRURGIA;GASOLINA;09/03/2026;6,82;BRANCA
KLEBER SANTOS BATISTA LTDA;13042882000108;CIRURGIA;GASOLINA;09/04/2026;7,22;BRANCA
KLEBER SANTOS BATISTA LTDA;13042882000108;CIRURGIA;GASOLINA;09/06/2025;6,62;BRANCA
KLEBER SANTOS BATISTA LTDA;13042882000108;CIRURGIA;GASOLINA;09/06/2026;7,02;BRANCA
KLEBER SANTOS BATISTA LTDA;13042882000108;CIRURGIA;GASOLINA;09/09/2025;6,62;BRANCA
KLEBER SANTOS BATISTA LTDA;13042882000108;CIRURGIA;GASOLINA;09/12/2024;6,30;BRANCA
KLEBER SANTOS BATISTA LTDA;13042882000108;CIRURGIA;GASOLINA;10/07/2024;6,30;BRANCA
KLEBER SANTOS BATISTA LTDA;13042882000108;CIRURGIA;GASOLINA;11/02/2025;6,62;BRANCA
KLEBER SANTOS BATISTA LTDA;13042882000108;CIRURGIA;GASOLINA;11/03/2025;6,62;BRANCA
KLEBER SANTOS BATISTA LTDA;13042882000108;CIRURGIA;GASOLINA;11/11/2024;5,90;BRANCA
KLEBER SANTOS BATISTA LTDA;13042882000108;CIRURGIA;GASOLINA;11/11/2025;6,52;BRANCA
KLEBER SANTOS BATISTA LTDA;13042882000108;CIRURGIA;GASOLINA;12/01/2026;6,52;BRANCA
KLEBER SANTOS BATISTA LTDA;13042882000108;CIRURGIA;GASOLINA;12/05/2025;6,62;BRANCA
KLEBER SANTOS BATISTA LTDA;13042882000108;CIRURGIA;GASOLINA;12/08/2025;6,62;BRANCA
KLEBER SANTOS BATISTA LTDA;13042882000108;CIRURGIA;GASOLINA;13/01/2025;6,42;BRANCA
KLEBER SANTOS BATISTA LTDA;13042882000108;CIRURGIA;GASOLINA;13/05/2026;7,52;BRANCA
KLEBER SANTOS BATISTA LTDA;13042882000108;CIRURGIA;GASOLINA;13/10/2025;6,62;BRANCA
KLEBER SANTOS BATISTA LTDA;13042882000108;CIRURGIA;GASOLINA;15/04/2025;6,52;BRANCA
KLEBER SANTOS BATISTA LTDA;13042882000108;CIRURGIA;GASOLINA;15/04/2026;7,22;BRANCA
KLEBER SANTOS BATISTA LTDA;13042882000108;CIRURGIA;GASOLINA;15/07/2025;6,62;BRANCA
KLEBER SANTOS BATISTA LTDA;13042882000108;CIRURGIA;GASOLINA;15/10/2024;6,20;BRANCA
KLEBER SANTOS BATISTA LTDA;13042882000108;CIRURGIA;GASOLINA;15/12/2025;6,52;BRANCA
KLEBER SANTOS BATISTA LTDA;13042882000108;CIRURGIA;GASOLINA;16/06/2025;6,62;BRANCA
KLEBER SANTOS BATISTA LTDA;13042882000108;CIRURGIA;GASOLINA;16/06/2026;7,12;BRANCA
KLEBER SANTOS BATISTA LTDA;13042882000108;CIRURGIA;GASOLINA;16/12/2024;6,30;BRANCA
KLEBER SANTOS BATISTA LTDA;13042882000108;CIRURGIA;GASOLINA;17/09/2025;6,62;BRANCA
KLEBER SANTOS BATISTA LTDA;13042882000108;CIRURGIA;GASOLINA;18/02/2025;6,62;BRANCA
KLEBER SANTOS BATISTA LTDA;13042882000108;CIRURGIA;GASOLINA;18/03/2025;6,62;BRANCA
KLEBER SANTOS BATISTA LTDA;13042882000108;CIRURGIA;GASOLINA;18/11/2024;6,30;BRANCA
KLEBER SANTOS BATISTA LTDA;13042882000108;CIRURGIA;GASOLINA;18/11/2025;6,52;BRANCA
KLEBER SANTOS BATISTA LTDA;13042882000108;CIRURGIA;GASOLINA;19/05/2025;6,62;BRANCA
KLEBER SANTOS BATISTA LTDA;13042882000108;CIRURGIA;GASOLINA;19/08/2025;6,62;BRANCA
KLEBER SANTOS BATISTA LTDA;13042882000108;CIRURGIA;GASOLINA;20/01/2025;6,42;BRANCA
KLEBER SANTOS BATISTA LTDA;13042882000108;CIRURGIA;GASOLINA;20/01/2026;6,52;BRANCA
KLEBER SANTOS BATISTA LTDA;13042882000108;CIRURGIA;GASOLINA;20/03/2026;6,92;BRANCA
KLEBER SANTOS BATISTA LTDA;13042882000108;CIRURGIA;GASOLINA;20/05/2026;7,17;BRANCA
KLEBER SANTOS BATISTA LTDA;13042882000108;CIRURGIA;GASOLINA;20/10/2025;6,62;BRANCA
KLEBER SANTOS BATISTA LTDA;13042882000108;CIRURGIA;GASOLINA;21/10/2024;5,90;BRANCA
KLEBER SANTOS BATISTA LTDA;13042882000108;CIRURGIA;GASOLINA;22/04/2025;6,52;BRANCA
KLEBER SANTOS BATISTA LTDA;13042882000108;CIRURGIA;GASOLINA;22/07/2024;6,30;BRANCA
KLEBER SANTOS BATISTA LTDA;13042882000108;CIRURGIA;GASOLINA;22/07/2025;6,62;BRANCA
KLEBER SANTOS BATISTA LTDA;13042882000108;CIRURGIA;GASOLINA;22/09/2025;6,62;BRANCA
KLEBER SANTOS BATISTA LTDA;13042882000108;CIRURGIA;GASOLINA;23/06/2026;7,12;BRANCA
KLEBER SANTOS BATISTA LTDA;13042882000108;CIRURGIA;GASOLINA;23/12/2024;6,30;BRANCA
KLEBER SANTOS BATISTA LTDA;13042882000108;CIRURGIA;GASOLINA;23/12/2025;6,52;BRANCA
KLEBER SANTOS BATISTA LTDA;13042882000108;CIRURGIA;GASOLINA;24/02/2026;6,52;BRANCA
KLEBER SANTOS BATISTA LTDA;13042882000108;CIRURGIA;GASOLINA;24/04/2026;7,22;BRANCA
KLEBER SANTOS BATISTA LTDA;13042882000108;CIRURGIA;GASOLINA;24/06/2025;6,62;BRANCA
KLEBER SANTOS BATISTA LTDA;13042882000108;CIRURGIA;GASOLINA;25/02/2025;6,62;BRANCA
KLEBER SANTOS BATISTA LTDA;13042882000108;CIRURGIA;GASOLINA;25/03/2025;6,62;BRANCA
KLEBER SANTOS BATISTA LTDA;13042882000108;CIRURGIA;GASOLINA;25/03/2026;7,22;BRANCA
KLEBER SANTOS BATISTA LTDA;13042882000108;CIRURGIA;GASOLINA;25/11/2024;6,30;BRANCA
KLEBER SANTOS BATISTA LTDA;13042882000108;CIRURGIA;GASOLINA;25/11/2025;6,52;BRANCA
KLEBER SANTOS BATISTA LTDA;13042882000108;CIRURGIA;GASOLINA;26/01/2026;6,52;BRANCA
KLEBER SANTOS BATISTA LTDA;13042882000108;CIRURGIA;GASOLINA;26/05/2026;7,12;BRANCA
KLEBER SANTOS BATISTA LTDA;13042882000108;CIRURGIA;GASOLINA;27/05/2025;6,62;BRANCA
KLEBER SANTOS BATISTA LTDA;13042882000108;CIRURGIA;GASOLINA;27/08/2025;6,62;BRANCA
KLEBER SANTOS BATISTA LTDA;13042882000108;CIRURGIA;GASOLINA;28/01/2025;6,42;BRANCA
KLEBER SANTOS BATISTA LTDA;13042882000108;CIRURGIA;GASOLINA;28/07/2025;6,62;BRANCA
KLEBER SANTOS BATISTA LTDA;13042882000108;CIRURGIA;GASOLINA;28/10/2024;5,90;BRANCA
KLEBER SANTOS BATISTA LTDA;13042882000108;CIRURGIA;GASOLINA;28/10/2025;6,52;BRANCA
KLEBER SANTOS BATISTA LTDA;13042882000108;CIRURGIA;GASOLINA;29/04/2025;6,62;BRANCA
KLEBER SANTOS BATISTA LTDA;13042882000108;CIRURGIA;GASOLINA;29/04/2026;7,22;BRANCA
KLEBER SANTOS BATISTA LTDA;13042882000108;CIRURGIA;GASOLINA;29/12/2025;6,52;BRANCA
KLEBER SANTOS BATISTA LTDA;13042882000108;CIRURGIA;GASOLINA;30/06/2025;6,62;BRANCA
KLEBER SANTOS BATISTA LTDA;13042882000108;CIRURGIA;GASOLINA;30/06/2026;7,12;BRANCA
KLEBER SANTOS BATISTA LTDA;13042882000108;CIRURGIA;GASOLINA;30/09/2025;6,62;BRANCA
KLEBER SANTOS BATISTA LTDA;13042882000108;CIRURGIA;GASOLINA;30/12/2024;6,30;BRANCA
KLEBER SANTOS BATISTA LTDA;13042882000108;CIRURGIA;GASOLINA;31/03/2025;6,62;BRANCA
KLEBER SANTOS BATISTA LTDA;13042882000108;CIRURGIA;GASOLINA;31/03/2026;7,22;BRANCA
KLEBER SANTOS BATISTA LTDA;13042882000108;CIRURGIA;GASOLINA ADITIVADA;02/09/2025;6,62;BRANCA
KLEBER SANTOS BATISTA LTDA;13042882000108;CIRURGIA;GASOLINA ADITIVADA;03/02/2025;6,42;BRANCA
KLEBER SANTOS BATISTA LTDA;13042882000108;CIRURGIA;GASOLINA ADITIVADA;03/03/2025;6,62;BRANCA
KLEBER SANTOS BATISTA LTDA;13042882000108;CIRURGIA;GASOLINA ADITIVADA;03/06/2025;6,62;BRANCA
KLEBER SANTOS BATISTA LTDA;13042882000108;CIRURGIA;GASOLINA ADITIVADA;03/06/2026;7,12;BRANCA
KLEBER SANTOS BATISTA LTDA;13042882000108;CIRURGIA;GASOLINA ADITIVADA;03/12/2024;6,30;BRANCA
KLEBER SANTOS BATISTA LTDA;13042882000108;CIRURGIA;GASOLINA ADITIVADA;04/11/2024;5,90;BRANCA
KLEBER SANTOS BATISTA LTDA;13042882000108;CIRURGIA;GASOLINA ADITIVADA;04/11/2025;6,52;BRANCA
KLEBER SANTOS BATISTA LTDA;13042882000108;CIRURGIA;GASOLINA ADITIVADA;05/01/2026;6,52;BRANCA
KLEBER SANTOS BATISTA LTDA;13042882000108;CIRURGIA;GASOLINA ADITIVADA;05/05/2025;6,62;BRANCA
KLEBER SANTOS BATISTA LTDA;13042882000108;CIRURGIA;GASOLINA ADITIVADA;05/08/2025;6,62;BRANCA
KLEBER SANTOS BATISTA LTDA;13042882000108;CIRURGIA;GASOLINA ADITIVADA;06/01/2025;6,30;BRANCA
KLEBER SANTOS BATISTA LTDA;13042882000108;CIRURGIA;GASOLINA ADITIVADA;06/10/2025;6,62;BRANCA
KLEBER SANTOS BATISTA LTDA;13042882000108;CIRURGIA;GASOLINA ADITIVADA;07/05/2026;7,52;BRANCA
KLEBER SANTOS BATISTA LTDA;13042882000108;CIRURGIA;GASOLINA ADITIVADA;08/04/2025;6,62;BRANCA
KLEBER SANTOS BATISTA LTDA;13042882000108;CIRURGIA;GASOLINA ADITIVADA;08/07/2025;6,62;BRANCA
KLEBER SANTOS BATISTA LTDA;13042882000108;CIRURGIA;GASOLINA ADITIVADA;08/12/2025;6,52;BRANCA
KLEBER SANTOS BATISTA LTDA;13042882000108;CIRURGIA;GASOLINA ADITIVADA;09/02/2026;6,52;BRANCA
KLEBER SANTOS BATISTA LTDA;13042882000108;CIRURGIA;GASOLINA ADITIVADA;09/03/2026;6,82;BRANCA
KLEBER SANTOS BATISTA LTDA;13042882000108;CIRURGIA;GASOLINA ADITIVADA;09/04/2026;7,22;BRANCA
KLEBER SANTOS BATISTA LTDA;13042882000108;CIRURGIA;GASOLINA ADITIVADA;09/06/2025;6,62;BRANCA
KLEBER SANTOS BATISTA LTDA;13042882000108;CIRURGIA;GASOLINA ADITIVADA;09/06/2026;7,02;BRANCA
KLEBER SANTOS BATISTA LTDA;13042882000108;CIRURGIA;GASOLINA ADITIVADA;09/09/2025;6,62;BRANCA
KLEBER SANTOS BATISTA LTDA;13042882000108;CIRURGIA;GASOLINA ADITIVADA;09/12/2024;6,30;BRANCA
KLEBER SANTOS BATISTA LTDA;13042882000108;CIRURGIA;GASOLINA ADITIVADA;10/07/2024;6,30;BRANCA
KLEBER SANTOS BATISTA LTDA;13042882000108;CIRURGIA;GASOLINA ADITIVADA;11/02/2025;6,62;BRANCA
KLEBER SANTOS BATISTA LTDA;13042882000108;CIRURGIA;GASOLINA ADITIVADA;11/03/2025;6,62;BRANCA
KLEBER SANTOS BATISTA LTDA;13042882000108;CIRURGIA;GASOLINA ADITIVADA;11/11/2024;5,90;BRANCA
KLEBER SANTOS BATISTA LTDA;13042882000108;CIRURGIA;GASOLINA ADITIVADA;11/11/2025;6,52;BRANCA
KLEBER SANTOS BATISTA LTDA;13042882000108;CIRURGIA;GASOLINA ADITIVADA;12/01/2026;6,52;BRANCA
KLEBER SANTOS BATISTA LTDA;13042882000108;CIRURGIA;GASOLINA ADITIVADA;12/05/2025;6,62;BRANCA
KLEBER SANTOS BATISTA LTDA;13042882000108;CIRURGIA;GASOLINA ADITIVADA;12/08/2025;6,62;BRANCA
KLEBER SANTOS BATISTA LTDA;13042882000108;CIRURGIA;GASOLINA ADITIVADA;13/01/2025;6,42;BRANCA
KLEBER SANTOS BATISTA LTDA;13042882000108;CIRURGIA;GASOLINA ADITIVADA;13/05/2026;7,52;BRANCA
KLEBER SANTOS BATISTA LTDA;13042882000108;CIRURGIA;GASOLINA ADITIVADA;13/10/2025;6,62;BRANCA
KLEBER SANTOS BATISTA LTDA;13042882000108;CIRURGIA;GASOLINA ADITIVADA;15/04/2025;6,52;BRANCA
KLEBER SANTOS BATISTA LTDA;13042882000108;CIRURGIA;GASOLINA ADITIVADA;15/04/2026;7,22;BRANCA
KLEBER SANTOS BATISTA LTDA;13042882000108;CIRURGIA;GASOLINA ADITIVADA;15/07/2025;6,62;BRANCA
KLEBER SANTOS BATISTA LTDA;13042882000108;CIRURGIA;GASOLINA ADITIVADA;15/10/2024;6,20;BRANCA
KLEBER SANTOS BATISTA LTDA;13042882000108;CIRURGIA;GASOLINA ADITIVADA;15/12/2025;6,52;BRANCA
KLEBER SANTOS BATISTA LTDA;13042882000108;CIRURGIA;GASOLINA ADITIVADA;16/06/2025;6,62;BRANCA
KLEBER SANTOS BATISTA LTDA;13042882000108;CIRURGIA;GASOLINA ADITIVADA;16/06/2026;7,12;BRANCA
KLEBER SANTOS BATISTA LTDA;13042882000108;CIRURGIA;GASOLINA ADITIVADA;16/12/2024;6,30;BRANCA
KLEBER SANTOS BATISTA LTDA;13042882000108;CIRURGIA;GASOLINA ADITIVADA;17/09/2025;6,62;BRANCA
KLEBER SANTOS BATISTA LTDA;13042882000108;CIRURGIA;GASOLINA ADITIVADA;18/02/2025;6,62;BRANCA
KLEBER SANTOS BATISTA LTDA;13042882000108;CIRURGIA;GASOLINA ADITIVADA;18/03/2025;6,62;BRANCA
KLEBER SANTOS BATISTA LTDA;13042882000108;CIRURGIA;GASOLINA ADITIVADA;18/11/2024;6,30;BRANCA
KLEBER SANTOS BATISTA LTDA;13042882000108;CIRURGIA;GASOLINA ADITIVADA;18/11/2025;6,52;BRANCA
KLEBER SANTOS BATISTA LTDA;13042882000108;CIRURGIA;GASOLINA ADITIVADA;19/05/2025;6,62;BRANCA
KLEBER SANTOS BATISTA LTDA;13042882000108;CIRURGIA;GASOLINA ADITIVADA;19/08/2025;6,62;BRANCA
KLEBER SANTOS BATISTA LTDA;13042882000108;CIRURGIA;GASOLINA ADITIVADA;20/01/2025;6,42;BRANCA
KLEBER SANTOS BATISTA LTDA;13042882000108;CIRURGIA;GASOLINA ADITIVADA;20/01/2026;6,52;BRANCA
KLEBER SANTOS BATISTA LTDA;13042882000108;CIRURGIA;GASOLINA ADITIVADA;20/03/2026;6,92;BRANCA
KLEBER SANTOS BATISTA LTDA;13042882000108;CIRURGIA;GASOLINA ADITIVADA;20/05/2026;7,17;BRANCA
KLEBER SANTOS BATISTA LTDA;13042882000108;CIRURGIA;GASOLINA ADITIVADA;20/10/2025;6,62;BRANCA
KLEBER SANTOS BATISTA LTDA;13042882000108;CIRURGIA;GASOLINA ADITIVADA;21/10/2024;5,90;BRANCA
KLEBER SANTOS BATISTA LTDA;13042882000108;CIRURGIA;GASOLINA ADITIVADA;22/04/2025;6,52;BRANCA
KLEBER SANTOS BATISTA LTDA;13042882000108;CIRURGIA;GASOLINA ADITIVADA;22/07/2024;6,30;BRANCA
KLEBER SANTOS BATISTA LTDA;13042882000108;CIRURGIA;GASOLINA ADITIVADA;22/07/2025;6,62;BRANCA
KLEBER SANTOS BATISTA LTDA;13042882000108;CIRURGIA;GASOLINA ADITIVADA;22/09/2025;6,62;BRANCA
KLEBER SANTOS BATISTA LTDA;13042882000108;CIRURGIA;GASOLINA ADITIVADA;23/06/2026;7,12;BRANCA
KLEBER SANTOS BATISTA LTDA;13042882000108;CIRURGIA;GASOLINA ADITIVADA;23/12/2024;6,30;BRANCA
KLEBER SANTOS BATISTA LTDA;13042882000108;CIRURGIA;GASOLINA ADITIVADA;23/12/2025;6,52;BRANCA
KLEBER SANTOS BATISTA LTDA;13042882000108;CIRURGIA;GASOLINA ADITIVADA;24/02/2026;6,52;BRANCA
KLEBER SANTOS BATISTA LTDA;13042882000108;CIRURGIA;GASOLINA ADITIVADA;24/04/2026;7,22;BRANCA
KLEBER SANTOS BATISTA LTDA;13042882000108;CIRURGIA;GASOLINA ADITIVADA;24/06/2025;6,62;BRANCA
KLEBER SANTOS BATISTA LTDA;13042882000108;CIRURGIA;GASOLINA ADITIVADA;25/02/2025;6,62;BRANCA
KLEBER SANTOS BATISTA LTDA;13042882000108;CIRURGIA;GASOLINA ADITIVADA;25/03/2025;6,62;BRANCA
KLEBER SANTOS BATISTA LTDA;13042882000108;CIRURGIA;GASOLINA ADITIVADA;25/03/2026;7,22;BRANCA
KLEBER SANTOS BATISTA LTDA;13042882000108;CIRURGIA;GASOLINA ADITIVADA;25/11/2024;6,30;BRANCA
KLEBER SANTOS BATISTA LTDA;13042882000108;CIRURGIA;GASOLINA ADITIVADA;25/11/2025;6,52;BRANCA
KLEBER SANTOS BATISTA LTDA;13042882000108;CIRURGIA;GASOLINA ADITIVADA;26/01/2026;6,52;BRANCA
KLEBER SANTOS BATISTA LTDA;13042882000108;CIRURGIA;GASOLINA ADITIVADA;26/05/2026;7,12;BRANCA
KLEBER SANTOS BATISTA LTDA;13042882000108;CIRURGIA;GASOLINA ADITIVADA;27/05/2025;6,62;BRANCA
KLEBER SANTOS BATISTA LTDA;13042882000108;CIRURGIA;GASOLINA ADITIVADA;27/08/2025;6,62;BRANCA
KLEBER SANTOS BATISTA LTDA;13042882000108;CIRURGIA;GASOLINA ADITIVADA;28/01/2025;6,42;BRANCA
KLEBER SANTOS BATISTA LTDA;13042882000108;CIRURGIA;GASOLINA ADITIVADA;28/07/2025;6,62;BRANCA
KLEBER SANTOS BATISTA LTDA;13042882000108;CIRURGIA;GASOLINA ADITIVADA;28/10/2024;5,90;BRANCA
KLEBER SANTOS BATISTA LTDA;13042882000108;CIRURGIA;GASOLINA ADITIVADA;28/10/2025;6,52;BRANCA
KLEBER SANTOS BATISTA LTDA;13042882000108;CIRURGIA;GASOLINA ADITIVADA;29/04/2025;6,62;BRANCA
KLEBER SANTOS BATISTA LTDA;13042882000108;CIRURGIA;GASOLINA ADITIVADA;29/04/2026;7,22;BRANCA
KLEBER SANTOS BATISTA LTDA;13042882000108;CIRURGIA;GASOLINA ADITIVADA;29/12/2025;6,52;BRANCA
KLEBER SANTOS BATISTA LTDA;13042882000108;CIRURGIA;GASOLINA ADITIVADA;30/06/2025;6,62;BRANCA
KLEBER SANTOS BATISTA LTDA;13042882000108;CIRURGIA;GASOLINA ADITIVADA;30/06/2026;7,12;BRANCA
KLEBER SANTOS BATISTA LTDA;13042882000108;CIRURGIA;GASOLINA ADITIVADA;30/09/2025;6,62;BRANCA
KLEBER SANTOS BATISTA LTDA;13042882000108;CIRURGIA;GASOLINA ADITIVADA;30/12/2024;6,30;BRANCA
KLEBER SANTOS BATISTA LTDA;13042882000108;CIRURGIA;GASOLINA ADITIVADA;31/03/2025;6,62;BRANCA
KLEBER SANTOS BATISTA LTDA;13042882000108;CIRURGIA;GASOLINA ADITIVADA;31/03/2026;7,22;BRANCA
KLEBER SANTOS BATISTA LTDA;13042882000108;CIRURGIA;GNV;02/09/2025;4,69;BRANCA
KLEBER SANTOS BATISTA LTDA;13042882000108;CIRURGIA;GNV;03/02/2025;4,90;BRANCA
KLEBER SANTOS BATISTA LTDA;13042882000108;CIRURGIA;GNV;03/03/2025;4,90;BRANCA
KLEBER SANTOS BATISTA LTDA;13042882000108;CIRURGIA;GNV;03/06/2025;4,99;BRANCA
KLEBER SANTOS BATISTA LTDA;13042882000108;CIRURGIA;GNV;03/06/2026;4,83;BRANCA
KLEBER SANTOS BATISTA LTDA;13042882000108;CIRURGIA;GNV;03/12/2024;4,90;BRANCA
KLEBER SANTOS BATISTA LTDA;13042882000108;CIRURGIA;GNV;04/11/2024;4,80;BRANCA
KLEBER SANTOS BATISTA LTDA;13042882000108;CIRURGIA;GNV;04/11/2025;4,69;BRANCA
KLEBER SANTOS BATISTA LTDA;13042882000108;CIRURGIA;GNV;05/01/2026;4,69;BRANCA
KLEBER SANTOS BATISTA LTDA;13042882000108;CIRURGIA;GNV;05/05/2025;4,90;BRANCA
KLEBER SANTOS BATISTA LTDA;13042882000108;CIRURGIA;GNV;05/08/2025;4,69;BRANCA
KLEBER SANTOS BATISTA LTDA;13042882000108;CIRURGIA;GNV;06/01/2025;4,90;BRANCA
KLEBER SANTOS BATISTA LTDA;13042882000108;CIRURGIA;GNV;06/10/2025;4,69;BRANCA
KLEBER SANTOS BATISTA LTDA;13042882000108;CIRURGIA;GNV;07/05/2026;4,83;BRANCA
KLEBER SANTOS BATISTA LTDA;13042882000108;CIRURGIA;GNV;08/04/2025;4,90;BRANCA
KLEBER SANTOS BATISTA LTDA;13042882000108;CIRURGIA;GNV;08/07/2025;4,99;BRANCA
KLEBER SANTOS BATISTA LTDA;13042882000108;CIRURGIA;GNV;08/12/2025;4,69;BRANCA
KLEBER SANTOS BATISTA LTDA;13042882000108;CIRURGIA;GNV;09/02/2026;4,61;BRANCA
KLEBER SANTOS BATISTA LTDA;13042882000108;CIRURGIA;GNV;09/03/2026;4,61;BRANCA
KLEBER SANTOS BATISTA LTDA;13042882000108;CIRURGIA;GNV;09/04/2026;4,61;BRANCA
KLEBER SANTOS BATISTA LTDA;13042882000108;CIRURGIA;GNV;09/06/2025;4,99;BRANCA
KLEBER SANTOS BATISTA LTDA;13042882000108;CIRURGIA;GNV;09/06/2026;4,83;BRANCA
KLEBER SANTOS BATISTA LTDA;13042882000108;CIRURGIA;GNV;09/09/2025;4,69;BRANCA
KLEBER SANTOS BATISTA LTDA;13042882000108;CIRURGIA;GNV;09/12/2024;4,90;BRANCA
KLEBER SANTOS BATISTA LTDA;13042882000108;CIRURGIA;GNV;10/07/2024;4,89;BRANCA
KLEBER SANTOS BATISTA LTDA;13042882000108;CIRURGIA;GNV;11/02/2025;4,90;BRANCA
KLEBER SANTOS BATISTA LTDA;13042882000108;CIRURGIA;GNV;11/03/2025;4,90;BRANCA
KLEBER SANTOS BATISTA LTDA;13042882000108;CIRURGIA;GNV;11/11/2024;4,80;BRANCA
KLEBER SANTOS BATISTA LTDA;13042882000108;CIRURGIA;GNV;11/11/2025;4,69;BRANCA
KLEBER SANTOS BATISTA LTDA;13042882000108;CIRURGIA;GNV;12/01/2026;4,69;BRANCA
KLEBER SANTOS BATISTA LTDA;13042882000108;CIRURGIA;GNV;12/05/2025;4,99;BRANCA
KLEBER SANTOS BATISTA LTDA;13042882000108;CIRURGIA;GNV;12/08/2025;4,69;BRANCA
KLEBER SANTOS BATISTA LTDA;13042882000108;CIRURGIA;GNV;13/01/2025;4,90;BRANCA
KLEBER SANTOS BATISTA LTDA;13042882000108;CIRURGIA;GNV;13/05/2026;4,83;BRANCA
KLEBER SANTOS BATISTA LTDA;13042882000108;CIRURGIA;GNV;13/10/2025;4,69;BRANCA
KLEBER SANTOS BATISTA LTDA;13042882000108;CIRURGIA;GNV;15/04/2025;4,90;BRANCA
KLEBER SANTOS BATISTA LTDA;13042882000108;CIRURGIA;GNV;15/04/2026;4,61;BRANCA
KLEBER SANTOS BATISTA LTDA;13042882000108;CIRURGIA;GNV;15/07/2025;4,99;BRANCA
KLEBER SANTOS BATISTA LTDA;13042882000108;CIRURGIA;GNV;15/10/2024;4,80;BRANCA
KLEBER SANTOS BATISTA LTDA;13042882000108;CIRURGIA;GNV;15/12/2025;4,69;BRANCA
KLEBER SANTOS BATISTA LTDA;13042882000108;CIRURGIA;GNV;16/06/2025;4,99;BRANCA
KLEBER SANTOS BATISTA LTDA;13042882000108;CIRURGIA;GNV;16/06/2026;4,83;BRANCA
KLEBER SANTOS BATISTA LTDA;13042882000108;CIRURGIA;GNV;16/12/2024;4,90;BRANCA
KLEBER SANTOS BATISTA LTDA;13042882000108;CIRURGIA;GNV;17/09/2025;4,69;BRANCA
KLEBER SANTOS BATISTA LTDA;13042882000108;CIRURGIA;GNV;18/02/2025;4,90;BRANCA
KLEBER SANTOS BATISTA LTDA;13042882000108;CIRURGIA;GNV;18/03/2025;4,90;BRANCA
KLEBER SANTOS BATISTA LTDA;13042882000108;CIRURGIA;GNV;18/11/2024;4,90;BRANCA
KLEBER SANTOS BATISTA LTDA;13042882000108;CIRURGIA;GNV;18/11/2025;4,69;BRANCA
KLEBER SANTOS BATISTA LTDA;13042882000108;CIRURGIA;GNV;19/05/2025;4,99;BRANCA
KLEBER SANTOS BATISTA LTDA;13042882000108;CIRURGIA;GNV;19/08/2025;4,69;BRANCA
KLEBER SANTOS BATISTA LTDA;13042882000108;CIRURGIA;GNV;20/01/2025;4,90;BRANCA
KLEBER SANTOS BATISTA LTDA;13042882000108;CIRURGIA;GNV;20/01/2026;4,69;BRANCA
KLEBER SANTOS BATISTA LTDA;13042882000108;CIRURGIA;GNV;20/03/2026;4,61;BRANCA
KLEBER SANTOS BATISTA LTDA;13042882000108;CIRURGIA;GNV;20/05/2026;4,83;BRANCA
KLEBER SANTOS BATISTA LTDA;13042882000108;CIRURGIA;GNV;20/10/2025;4,69;BRANCA
KLEBER SANTOS BATISTA LTDA;13042882000108;CIRURGIA;GNV;21/10/2024;4,80;BRANCA
KLEBER SANTOS BATISTA LTDA;13042882000108;CIRURGIA;GNV;22/04/2025;4,90;BRANCA
KLEBER SANTOS BATISTA LTDA;13042882000108;CIRURGIA;GNV;22/07/2024;4,89;BRANCA
KLEBER SANTOS BATISTA LTDA;13042882000108;CIRURGIA;GNV;22/07/2025;4,99;BRANCA
KLEBER SANTOS BATISTA LTDA;13042882000108;CIRURGIA;GNV;22/09/2025;4,69;BRANCA
KLEBER SANTOS BATISTA LTDA;13042882000108;CIRURGIA;GNV;23/06/2026;4,83;BRANCA
KLEBER SANTOS BATISTA LTDA;13042882000108;CIRURGIA;GNV;23/12/2024;4,90;BRANCA
KLEBER SANTOS BATISTA LTDA;13042882000108;CIRURGIA;GNV;23/12/2025;4,69;BRANCA
KLEBER SANTOS BATISTA LTDA;13042882000108;CIRURGIA;GNV;24/02/2026;4,61;BRANCA
KLEBER SANTOS BATISTA LTDA;13042882000108;CIRURGIA;GNV;24/04/2026;4,61;BRANCA
KLEBER SANTOS BATISTA LTDA;13042882000108;CIRURGIA;GNV;24/06/2025;4,99;BRANCA
KLEBER SANTOS BATISTA LTDA;13042882000108;CIRURGIA;GNV;25/02/2025;4,90;BRANCA
KLEBER SANTOS BATISTA LTDA;13042882000108;CIRURGIA;GNV;25/03/2025;4,90;BRANCA
KLEBER SANTOS BATISTA LTDA;13042882000108;CIRURGIA;GNV;25/03/2026;4,61;BRANCA
KLEBER SANTOS BATISTA LTDA;13042882000108;CIRURGIA;GNV;25/11/2024;4,90;BRANCA
KLEBER SANTOS BATISTA LTDA;13042882000108;CIRURGIA;GNV;25/11/2025;4,69;BRANCA
KLEBER SANTOS BATISTA LTDA;13042882000108;CIRURGIA;GNV;26/01/2026;4,69;BRANCA
KLEBER SANTOS BATISTA LTDA;13042882000108;CIRURGIA;GNV;26/05/2026;4,83;BRANCA
KLEBER SANTOS BATISTA LTDA;13042882000108;CIRURGIA;GNV;27/05/2025;4,99;BRANCA
KLEBER SANTOS BATISTA LTDA;13042882000108;CIRURGIA;GNV;27/08/2025;4,69;BRANCA
KLEBER SANTOS BATISTA LTDA;13042882000108;CIRURGIA;GNV;28/01/2025;4,90;BRANCA
KLEBER SANTOS BATISTA LTDA;13042882000108;CIRURGIA;GNV;28/07/2025;4,99;BRANCA
KLEBER SANTOS BATISTA LTDA;13042882000108;CIRURGIA;GNV;28/10/2024;4,80;BRANCA
KLEBER SANTOS BATISTA LTDA;13042882000108;CIRURGIA;GNV;28/10/2025;4,69;BRANCA
KLEBER SANTOS BATISTA LTDA;13042882000108;CIRURGIA;GNV;29/04/2025;4,90;BRANCA
KLEBER SANTOS BATISTA LTDA;13042882000108;CIRURGIA;GNV;29/04/2026;4,61;BRANCA
KLEBER SANTOS BATISTA LTDA;13042882000108;CIRURGIA;GNV;29/12/2025;4,69;BRANCA
KLEBER SANTOS BATISTA LTDA;13042882000108;CIRURGIA;GNV;30/06/2025;4,99;BRANCA
KLEBER SANTOS BATISTA LTDA;13042882000108;CIRURGIA;GNV;30/06/2026;4,83;BRANCA
KLEBER SANTOS BATISTA LTDA;13042882000108;CIRURGIA;GNV;30/09/2025;4,69;BRANCA
KLEBER SANTOS BATISTA LTDA;13042882000108;CIRURGIA;GNV;30/12/2024;4,90;BRANCA
KLEBER SANTOS BATISTA LTDA;13042882000108;CIRURGIA;GNV;31/03/2025;4,90;BRANCA
KLEBER SANTOS BATISTA LTDA;13042882000108;CIRURGIA;GNV;31/03/2026;4,61;BRANCA
POSTO CARMOPOLIS LTDA;13077342000151;INDUSTRIAL;DIESEL S10;02/06/2026;6,98;BRANCA
POSTO CARMOPOLIS LTDA;13077342000151;INDUSTRIAL;DIESEL S10;02/12/2025;5,76;BRANCA
POSTO CARMOPOLIS LTDA;13077342000151;INDUSTRIAL;DIESEL S10;03/02/2026;5,76;BRANCA
POSTO CARMOPOLIS LTDA;13077342000151;INDUSTRIAL;DIESEL S10;04/03/2026;5,76;BRANCA
POSTO CARMOPOLIS LTDA;13077342000151;INDUSTRIAL;DIESEL S10;04/05/2026;7,09;BRANCA
POSTO CARMOPOLIS LTDA;13077342000151;INDUSTRIAL;DIESEL S10;06/01/2026;5,76;BRANCA
POSTO CARMOPOLIS LTDA;13077342000151;INDUSTRIAL;DIESEL S10;07/04/2026;7,30;BRANCA
POSTO CARMOPOLIS LTDA;13077342000151;INDUSTRIAL;DIESEL S10;08/06/2026;6,98;BRANCA
POSTO CARMOPOLIS LTDA;13077342000151;INDUSTRIAL;DIESEL S10;09/02/2026;5,76;BRANCA
POSTO CARMOPOLIS LTDA;13077342000151;INDUSTRIAL;DIESEL S10;09/03/2026;6,50;BRANCA
POSTO CARMOPOLIS LTDA;13077342000151;INDUSTRIAL;DIESEL S10;09/12/2025;5,76;BRANCA
POSTO CARMOPOLIS LTDA;13077342000151;INDUSTRIAL;DIESEL S10;12/01/2026;5,76;BRANCA
POSTO CARMOPOLIS LTDA;13077342000151;INDUSTRIAL;DIESEL S10;12/05/2026;7,09;BRANCA
POSTO CARMOPOLIS LTDA;13077342000151;INDUSTRIAL;DIESEL S10;14/04/2026;7,30;BRANCA
POSTO CARMOPOLIS LTDA;13077342000151;INDUSTRIAL;DIESEL S10;16/06/2026;6,98;BRANCA
POSTO CARMOPOLIS LTDA;13077342000151;INDUSTRIAL;DIESEL S10;17/12/2025;5,76;BRANCA
POSTO CARMOPOLIS LTDA;13077342000151;INDUSTRIAL;DIESEL S10;18/05/2026;7,09;BRANCA
POSTO CARMOPOLIS LTDA;13077342000151;SANTO ANTÔNIO;DIESEL S10;20/01/2025;6,05;VIBRA
POSTO CARMOPOLIS LTDA;13077342000151;INDUSTRIAL;DIESEL S10;20/01/2026;5,76;BRANCA
POSTO CARMOPOLIS LTDA;13077342000151;INDUSTRIAL;DIESEL S10;20/03/2026;6,79;BRANCA
POSTO CARMOPOLIS LTDA;13077342000151;INDUSTRIAL;DIESEL S10;23/06/2026;6,87;BRANCA
POSTO CARMOPOLIS LTDA;13077342000151;INDUSTRIAL;DIESEL S10;24/02/2026;5,76;BRANCA
POSTO CARMOPOLIS LTDA;13077342000151;INDUSTRIAL;DIESEL S10;24/03/2026;7,13;BRANCA
POSTO CARMOPOLIS LTDA;13077342000151;INDUSTRIAL;DIESEL S10;24/04/2026;7,30;BRANCA
POSTO CARMOPOLIS LTDA;13077342000151;INDUSTRIAL;DIESEL S10;24/12/2025;5,76;BRANCA
POSTO CARMOPOLIS LTDA;13077342000151;INDUSTRIAL;DIESEL S10;26/01/2026;5,76;BRANCA
POSTO CARMOPOLIS LTDA;13077342000151;INDUSTRIAL;DIESEL S10;26/05/2026;7,09;BRANCA
POSTO CARMOPOLIS LTDA;13077342000151;INDUSTRIAL;DIESEL S10;27/04/2026;7,09;BRANCA
POSTO CARMOPOLIS LTDA;13077342000151;INDUSTRIAL;DIESEL S10;29/12/2025;5,76;BRANCA
POSTO CARMOPOLIS LTDA;13077342000151;INDUSTRIAL;DIESEL S10;30/03/2026;7,13;BRANCA
POSTO CARMOPOLIS LTDA;13077342000151;INDUSTRIAL;DIESEL S10;30/06/2026;6,87;BRANCA
POSTO CARMOPOLIS LTDA;13077342000151;INDUSTRIAL;ETANOL;02/06/2026;5,60;BRANCA
POSTO CARMOPOLIS LTDA;13077342000151;INDUSTRIAL;ETANOL;02/09/2025;4,90;VIBRA
POSTO CARMOPOLIS LTDA;13077342000151;INDUSTRIAL;ETANOL;02/12/2025;4,80;BRANCA
POSTO CARMOPOLIS LTDA;13077342000151;SANTO ANTÔNIO;ETANOL;03/02/2025;4,89;VIBRA
POSTO CARMOPOLIS LTDA;13077342000151;INDUSTRIAL;ETANOL;03/02/2026;4,80;BRANCA
POSTO CARMOPOLIS LTDA;13077342000151;SANTO ANTÔNIO;ETANOL;03/03/2025;4,80;VIBRA
POSTO CARMOPOLIS LTDA;13077342000151;SANTO ANTÔNIO;ETANOL;03/06/2025;4,90;VIBRA
POSTO CARMOPOLIS LTDA;13077342000151;SANTO ANTÔNIO;ETANOL;03/12/2024;4,20;VIBRA
POSTO CARMOPOLIS LTDA;13077342000151;INDUSTRIAL;ETANOL;04/03/2026;4,80;BRANCA
POSTO CARMOPOLIS LTDA;13077342000151;INDUSTRIAL;ETANOL;04/05/2026;5,60;BRANCA
POSTO CARMOPOLIS LTDA;13077342000151;SANTO ANTÔNIO;ETANOL;04/11/2024;4,29;VIBRA
POSTO CARMOPOLIS LTDA;13077342000151;SANTO ANTÔNIO;ETANOL;05/05/2025;4,80;VIBRA
POSTO CARMOPOLIS LTDA;13077342000151;INDUSTRIAL;ETANOL;05/08/2025;4,90;VIBRA
POSTO CARMOPOLIS LTDA;13077342000151;INDUSTRIAL;ETANOL;05/11/2025;4,80;BRANCA
POSTO CARMOPOLIS LTDA;13077342000151;SANTO ANTÔNIO;ETANOL;06/01/2025;4,20;VIBRA
POSTO CARMOPOLIS LTDA;13077342000151;INDUSTRIAL;ETANOL;06/01/2026;4,80;BRANCA
POSTO CARMOPOLIS LTDA;13077342000151;INDUSTRIAL;ETANOL;06/10/2025;4,90;VIBRA
POSTO CARMOPOLIS LTDA;13077342000151;INDUSTRIAL;ETANOL;07/04/2026;5,05;BRANCA
POSTO CARMOPOLIS LTDA;13077342000151;SANTO ANTÔNIO;ETANOL;08/04/2025;4,80;VIBRA
POSTO CARMOPOLIS LTDA;13077342000151;INDUSTRIAL;ETANOL;08/06/2026;5,50;BRANCA
POSTO CARMOPOLIS LTDA;13077342000151;INDUSTRIAL;ETANOL;08/07/2025;4,90;VIBRA
POSTO CARMOPOLIS LTDA;13077342000151;INDUSTRIAL;ETANOL;09/02/2026;4,80;BRANCA
POSTO CARMOPOLIS LTDA;13077342000151;INDUSTRIAL;ETANOL;09/03/2026;4,95;BRANCA
POSTO CARMOPOLIS LTDA;13077342000151;SANTO ANTÔNIO;ETANOL;09/06/2025;4,90;VIBRA
POSTO CARMOPOLIS LTDA;13077342000151;INDUSTRIAL;ETANOL;09/09/2025;4,90;VIBRA
POSTO CARMOPOLIS LTDA;13077342000151;SANTO ANTÔNIO;ETANOL;09/12/2024;4,20;VIBRA
POSTO CARMOPOLIS LTDA;13077342000151;INDUSTRIAL;ETANOL;09/12/2025;4,80;BRANCA
POSTO CARMOPOLIS LTDA;13077342000151;SANTO ANTÔNIO;ETANOL;11/02/2025;4,80;VIBRA
POSTO CARMOPOLIS LTDA;13077342000151;SANTO ANTÔNIO;ETANOL;11/03/2025;4,80;VIBRA
POSTO CARMOPOLIS LTDA;13077342000151;SANTO ANTÔNIO;ETANOL;11/11/2024;4,29;VIBRA
POSTO CARMOPOLIS LTDA;13077342000151;INDUSTRIAL;ETANOL;11/11/2025;4,80;BRANCA
POSTO CARMOPOLIS LTDA;13077342000151;INDUSTRIAL;ETANOL;12/01/2026;4,80;BRANCA
POSTO CARMOPOLIS LTDA;13077342000151;SANTO ANTÔNIO;ETANOL;12/05/2025;4,80;VIBRA
POSTO CARMOPOLIS LTDA;13077342000151;INDUSTRIAL;ETANOL;12/08/2025;4,90;VIBRA
POSTO CARMOPOLIS LTDA;13077342000151;SANTO ANTÔNIO;ETANOL;13/01/2025;4,59;VIBRA
POSTO CARMOPOLIS LTDA;13077342000151;INDUSTRIAL;ETANOL;13/10/2025;4,90;VIBRA
POSTO CARMOPOLIS LTDA;13077342000151;INDUSTRIAL;ETANOL;14/04/2026;5,60;BRANCA
POSTO CARMOPOLIS LTDA;13077342000151;SANTO ANTÔNIO;ETANOL;15/04/2025;4,80;VIBRA
POSTO CARMOPOLIS LTDA;13077342000151;INDUSTRIAL;ETANOL;15/07/2025;4,90;VIBRA
POSTO CARMOPOLIS LTDA;13077342000151;SANTO ANTÔNIO;ETANOL;15/10/2024;4,49;VIBRA
POSTO CARMOPOLIS LTDA;13077342000151;SANTO ANTÔNIO;ETANOL;16/06/2025;4,90;VIBRA
POSTO CARMOPOLIS LTDA;13077342000151;INDUSTRIAL;ETANOL;16/06/2026;5,50;BRANCA
POSTO CARMOPOLIS LTDA;13077342000151;SANTO ANTÔNIO;ETANOL;16/12/2024;4,20;VIBRA
POSTO CARMOPOLIS LTDA;13077342000151;INDUSTRIAL;ETANOL;17/09/2025;4,90;VIBRA
POSTO CARMOPOLIS LTDA;13077342000151;INDUSTRIAL;ETANOL;17/12/2025;4,80;BRANCA
POSTO CARMOPOLIS LTDA;13077342000151;SANTO ANTÔNIO;ETANOL;18/02/2025;4,80;VIBRA
POSTO CARMOPOLIS LTDA;13077342000151;SANTO ANTÔNIO;ETANOL;18/03/2025;4,80;VIBRA
POSTO CARMOPOLIS LTDA;13077342000151;INDUSTRIAL;ETANOL;18/05/2026;5,60;BRANCA
POSTO CARMOPOLIS LTDA;13077342000151;SANTO ANTÔNIO;ETANOL;18/11/2024;4,20;VIBRA
POSTO CARMOPOLIS LTDA;13077342000151;INDUSTRIAL;ETANOL;18/11/2025;4,80;BRANCA
POSTO CARMOPOLIS LTDA;13077342000151;SANTO ANTÔNIO;ETANOL;19/05/2025;4,80;VIBRA
POSTO CARMOPOLIS LTDA;13077342000151;INDUSTRIAL;ETANOL;19/08/2025;4,90;VIBRA
POSTO CARMOPOLIS LTDA;13077342000151;SANTO ANTÔNIO;ETANOL;20/01/2025;4,59;VIBRA
POSTO CARMOPOLIS LTDA;13077342000151;INDUSTRIAL;ETANOL;20/01/2026;4,80;BRANCA
POSTO CARMOPOLIS LTDA;13077342000151;INDUSTRIAL;ETANOL;20/03/2026;4,95;BRANCA
POSTO CARMOPOLIS LTDA;13077342000151;INDUSTRIAL;ETANOL;20/10/2025;4,90;VIBRA
POSTO CARMOPOLIS LTDA;13077342000151;SANTO ANTÔNIO;ETANOL;21/10/2024;4,39;VIBRA
POSTO CARMOPOLIS LTDA;13077342000151;SANTO ANTÔNIO;ETANOL;22/04/2025;4,80;VIBRA
POSTO CARMOPOLIS LTDA;13077342000151;INDUSTRIAL;ETANOL;22/07/2025;4,90;VIBRA
POSTO CARMOPOLIS LTDA;13077342000151;INDUSTRIAL;ETANOL;22/09/2025;4,90;VIBRA
POSTO CARMOPOLIS LTDA;13077342000151;INDUSTRIAL;ETANOL;23/06/2026;5,50;BRANCA
POSTO CARMOPOLIS LTDA;13077342000151;SANTO ANTÔNIO;ETANOL;23/12/2024;4,20;VIBRA
POSTO CARMOPOLIS LTDA;13077342000151;INDUSTRIAL;ETANOL;24/02/2026;4,80;BRANCA
POSTO CARMOPOLIS LTDA;13077342000151;INDUSTRIAL;ETANOL;24/03/2026;5,05;BRANCA
POSTO CARMOPOLIS LTDA;13077342000151;INDUSTRIAL;ETANOL;24/04/2026;5,60;BRANCA
POSTO CARMOPOLIS LTDA;13077342000151;SANTO ANTÔNIO;ETANOL;24/06/2025;4,90;VIBRA
POSTO CARMOPOLIS LTDA;13077342000151;INDUSTRIAL;ETANOL;24/12/2025;4,80;BRANCA
POSTO CARMOPOLIS LTDA;13077342000151;SANTO ANTÔNIO;ETANOL;25/02/2025;4,80;VIBRA
POSTO CARMOPOLIS LTDA;13077342000151;SANTO ANTÔNIO;ETANOL;25/03/2025;4,80;VIBRA
POSTO CARMOPOLIS LTDA;13077342000151;SANTO ANTÔNIO;ETANOL;25/11/2024;4,20;VIBRA
POSTO CARMOPOLIS LTDA;13077342000151;INDUSTRIAL;ETANOL;25/11/2025;4,80;BRANCA
POSTO CARMOPOLIS LTDA;13077342000151;INDUSTRIAL;ETANOL;26/01/2026;4,80;BRANCA
POSTO CARMOPOLIS LTDA;13077342000151;INDUSTRIAL;ETANOL;26/05/2026;5,50;BRANCA
POSTO CARMOPOLIS LTDA;13077342000151;INDUSTRIAL;ETANOL;27/04/2026;5,60;BRANCA
POSTO CARMOPOLIS LTDA;13077342000151;SANTO ANTÔNIO;ETANOL;27/05/2025;4,90;VIBRA
POSTO CARMOPOLIS LTDA;13077342000151;INDUSTRIAL;ETANOL;27/08/2025;4,90;VIBRA
POSTO CARMOPOLIS LTDA;13077342000151;SANTO ANTÔNIO;ETANOL;28/01/2025;4,59;VIBRA
POSTO CARMOPOLIS LTDA;13077342000151;INDUSTRIAL;ETANOL;28/07/2025;4,90;VIBRA
POSTO CARMOPOLIS LTDA;13077342000151;SANTO ANTÔNIO;ETANOL;28/10/2024;4,29;VIBRA
POSTO CARMOPOLIS LTDA;13077342000151;INDUSTRIAL;ETANOL;28/10/2025;4,80;VIBRA
POSTO CARMOPOLIS LTDA;13077342000151;SANTO ANTÔNIO;ETANOL;29/04/2025;4,80;VIBRA
POSTO CARMOPOLIS LTDA;13077342000151;INDUSTRIAL;ETANOL;29/12/2025;4,80;BRANCA
POSTO CARMOPOLIS LTDA;13077342000151;INDUSTRIAL;ETANOL;30/03/2026;5,05;BRANCA
POSTO CARMOPOLIS LTDA;13077342000151;SANTO ANTÔNIO;ETANOL;30/06/2025;4,90;VIBRA
POSTO CARMOPOLIS LTDA;13077342000151;INDUSTRIAL;ETANOL;30/06/2026;5,50;BRANCA
POSTO CARMOPOLIS LTDA;13077342000151;INDUSTRIAL;ETANOL;30/09/2025;4,90;VIBRA
POSTO CARMOPOLIS LTDA;13077342000151;SANTO ANTÔNIO;ETANOL;30/12/2024;4,20;VIBRA
POSTO CARMOPOLIS LTDA;13077342000151;SANTO ANTÔNIO;ETANOL;31/03/2025;4,80;VIBRA
POSTO CARMOPOLIS LTDA;13077342000151;INDUSTRIAL;GASOLINA;02/06/2026;7,12;BRANCA
POSTO CARMOPOLIS LTDA;13077342000151;INDUSTRIAL;GASOLINA;02/09/2025;6,62;VIBRA
POSTO CARMOPOLIS LTDA;13077342000151;INDUSTRIAL;GASOLINA;02/12/2025;6,52;BRANCA
POSTO CARMOPOLIS LTDA;13077342000151;SANTO ANTÔNIO;GASOLINA;03/02/2025;6,42;VIBRA
POSTO CARMOPOLIS LTDA;13077342000151;INDUSTRIAL;GASOLINA;03/02/2026;6,52;BRANCA
POSTO CARMOPOLIS LTDA;13077342000151;SANTO ANTÔNIO;GASOLINA;03/03/2025;6,62;VIBRA
POSTO CARMOPOLIS LTDA;13077342000151;SANTO ANTÔNIO;GASOLINA;03/06/2025;6,62;VIBRA
POSTO CARMOPOLIS LTDA;13077342000151;SANTO ANTÔNIO;GASOLINA;03/12/2024;6,30;VIBRA
POSTO CARMOPOLIS LTDA;13077342000151;INDUSTRIAL;GASOLINA;04/03/2026;6,52;BRANCA
POSTO CARMOPOLIS LTDA;13077342000151;INDUSTRIAL;GASOLINA;04/05/2026;7,22;BRANCA
POSTO CARMOPOLIS LTDA;13077342000151;SANTO ANTÔNIO;GASOLINA;04/11/2024;5,90;VIBRA
POSTO CARMOPOLIS LTDA;13077342000151;SANTO ANTÔNIO;GASOLINA;05/05/2025;6,62;VIBRA
POSTO CARMOPOLIS LTDA;13077342000151;INDUSTRIAL;GASOLINA;05/08/2025;6,62;VIBRA
POSTO CARMOPOLIS LTDA;13077342000151;INDUSTRIAL;GASOLINA;05/11/2025;6,52;BRANCA
POSTO CARMOPOLIS LTDA;13077342000151;SANTO ANTÔNIO;GASOLINA;06/01/2025;6,30;VIBRA
POSTO CARMOPOLIS LTDA;13077342000151;INDUSTRIAL;GASOLINA;06/01/2026;6,52;BRANCA
POSTO CARMOPOLIS LTDA;13077342000151;INDUSTRIAL;GASOLINA;06/10/2025;6,62;VIBRA
POSTO CARMOPOLIS LTDA;13077342000151;INDUSTRIAL;GASOLINA;07/04/2026;7,22;BRANCA
POSTO CARMOPOLIS LTDA;13077342000151;SANTO ANTÔNIO;GASOLINA;08/04/2025;6,62;VIBRA
POSTO CARMOPOLIS LTDA;13077342000151;INDUSTRIAL;GASOLINA;08/06/2026;7,02;BRANCA
POSTO CARMOPOLIS LTDA;13077342000151;INDUSTRIAL;GASOLINA;08/07/2025;6,62;VIBRA
POSTO CARMOPOLIS LTDA;13077342000151;INDUSTRIAL;GASOLINA;09/02/2026;6,52;BRANCA
POSTO CARMOPOLIS LTDA;13077342000151;INDUSTRIAL;GASOLINA;09/03/2026;6,82;BRANCA
POSTO CARMOPOLIS LTDA;13077342000151;SANTO ANTÔNIO;GASOLINA;09/06/2025;6,62;VIBRA
POSTO CARMOPOLIS LTDA;13077342000151;INDUSTRIAL;GASOLINA;09/09/2025;6,62;VIBRA
POSTO CARMOPOLIS LTDA;13077342000151;SANTO ANTÔNIO;GASOLINA;09/12/2024;6,30;VIBRA
POSTO CARMOPOLIS LTDA;13077342000151;INDUSTRIAL;GASOLINA;09/12/2025;6,52;BRANCA
POSTO CARMOPOLIS LTDA;13077342000151;SANTO ANTÔNIO;GASOLINA;11/02/2025;6,62;VIBRA
POSTO CARMOPOLIS LTDA;13077342000151;SANTO ANTÔNIO;GASOLINA;11/03/2025;6,62;VIBRA
POSTO CARMOPOLIS LTDA;13077342000151;SANTO ANTÔNIO;GASOLINA;11/11/2024;5,90;VIBRA
POSTO CARMOPOLIS LTDA;13077342000151;INDUSTRIAL;GASOLINA;11/11/2025;6,52;BRANCA
POSTO CARMOPOLIS LTDA;13077342000151;INDUSTRIAL;GASOLINA;12/01/2026;6,52;BRANCA
POSTO CARMOPOLIS LTDA;13077342000151;SANTO ANTÔNIO;GASOLINA;12/05/2025;6,62;VIBRA
POSTO CARMOPOLIS LTDA;13077342000151;INDUSTRIAL;GASOLINA;12/05/2026;7,52;BRANCA
POSTO CARMOPOLIS LTDA;13077342000151;INDUSTRIAL;GASOLINA;12/08/2025;6,62;VIBRA
POSTO CARMOPOLIS LTDA;13077342000151;SANTO ANTÔNIO;GASOLINA;13/01/2025;6,42;VIBRA
POSTO CARMOPOLIS LTDA;13077342000151;INDUSTRIAL;GASOLINA;13/10/2025;6,62;VIBRA
POSTO CARMOPOLIS LTDA;13077342000151;INDUSTRIAL;GASOLINA;14/04/2026;7,22;BRANCA
POSTO CARMOPOLIS LTDA;13077342000151;SANTO ANTÔNIO;GASOLINA;15/04/2025;6,52;VIBRA
POSTO CARMOPOLIS LTDA;13077342000151;INDUSTRIAL;GASOLINA;15/07/2025;6,62;VIBRA
POSTO CARMOPOLIS LTDA;13077342000151;SANTO ANTÔNIO;GASOLINA;15/10/2024;6,20;VIBRA
POSTO CARMOPOLIS LTDA;13077342000151;SANTO ANTÔNIO;GASOLINA;16/06/2025;6,62;VIBRA
POSTO CARMOPOLIS LTDA;13077342000151;INDUSTRIAL;GASOLINA;16/06/2026;7,12;BRANCA
POSTO CARMOPOLIS LTDA;13077342000151;SANTO ANTÔNIO;GASOLINA;16/12/2024;6,30;VIBRA
POSTO CARMOPOLIS LTDA;13077342000151;INDUSTRIAL;GASOLINA;17/09/2025;6,62;VIBRA
POSTO CARMOPOLIS LTDA;13077342000151;INDUSTRIAL;GASOLINA;17/12/2025;6,52;BRANCA
POSTO CARMOPOLIS LTDA;13077342000151;SANTO ANTÔNIO;GASOLINA;18/02/2025;6,62;VIBRA
POSTO CARMOPOLIS LTDA;13077342000151;SANTO ANTÔNIO;GASOLINA;18/03/2025;6,62;VIBRA
POSTO CARMOPOLIS LTDA;13077342000151;INDUSTRIAL;GASOLINA;18/05/2026;7,52;BRANCA
POSTO CARMOPOLIS LTDA;13077342000151;SANTO ANTÔNIO;GASOLINA;18/11/2024;6,30;VIBRA
POSTO CARMOPOLIS LTDA;13077342000151;INDUSTRIAL;GASOLINA;18/11/2025;6,52;BRANCA
POSTO CARMOPOLIS LTDA;13077342000151;SANTO ANTÔNIO;GASOLINA;19/05/2025;6,62;VIBRA
POSTO CARMOPOLIS LTDA;13077342000151;INDUSTRIAL;GASOLINA;19/08/2025;6,62;VIBRA
POSTO CARMOPOLIS LTDA;13077342000151;SANTO ANTÔNIO;GASOLINA;20/01/2025;6,42;VIBRA
POSTO CARMOPOLIS LTDA;13077342000151;INDUSTRIAL;GASOLINA;20/01/2026;6,52;BRANCA
POSTO CARMOPOLIS LTDA;13077342000151;INDUSTRIAL;GASOLINA;20/03/2026;6,92;BRANCA
POSTO CARMOPOLIS LTDA;13077342000151;INDUSTRIAL;GASOLINA;20/10/2025;6,62;VIBRA
POSTO CARMOPOLIS LTDA;13077342000151;SANTO ANTÔNIO;GASOLINA;21/10/2024;5,90;VIBRA
POSTO CARMOPOLIS LTDA;13077342000151;SANTO ANTÔNIO;GASOLINA;22/04/2025;6,52;VIBRA
POSTO CARMOPOLIS LTDA;13077342000151;INDUSTRIAL;GASOLINA;22/07/2025;6,62;VIBRA
POSTO CARMOPOLIS LTDA;13077342000151;INDUSTRIAL;GASOLINA;22/09/2025;6,62;VIBRA
POSTO CARMOPOLIS LTDA;13077342000151;INDUSTRIAL;GASOLINA;23/06/2026;7,12;BRANCA
POSTO CARMOPOLIS LTDA;13077342000151;SANTO ANTÔNIO;GASOLINA;23/12/2024;6,30;VIBRA
POSTO CARMOPOLIS LTDA;13077342000151;INDUSTRIAL;GASOLINA;24/02/2026;6,52;BRANCA
POSTO CARMOPOLIS LTDA;13077342000151;INDUSTRIAL;GASOLINA;24/03/2026;7,22;BRANCA
POSTO CARMOPOLIS LTDA;13077342000151;INDUSTRIAL;GASOLINA;24/04/2026;7,22;BRANCA
POSTO CARMOPOLIS LTDA;13077342000151;SANTO ANTÔNIO;GASOLINA;24/06/2025;6,62;VIBRA
POSTO CARMOPOLIS LTDA;13077342000151;INDUSTRIAL;GASOLINA;24/12/2025;6,52;BRANCA
POSTO CARMOPOLIS LTDA;13077342000151;SANTO ANTÔNIO;GASOLINA;25/02/2025;6,62;VIBRA
POSTO CARMOPOLIS LTDA;13077342000151;SANTO ANTÔNIO;GASOLINA;25/03/2025;6,62;VIBRA
POSTO CARMOPOLIS LTDA;13077342000151;SANTO ANTÔNIO;GASOLINA;25/11/2024;6,30;VIBRA
POSTO CARMOPOLIS LTDA;13077342000151;INDUSTRIAL;GASOLINA;25/11/2025;6,52;BRANCA
POSTO CARMOPOLIS LTDA;13077342000151;INDUSTRIAL;GASOLINA;26/01/2026;6,52;BRANCA
POSTO CARMOPOLIS LTDA;13077342000151;INDUSTRIAL;GASOLINA;26/05/2026;7,12;BRANCA
POSTO CARMOPOLIS LTDA;13077342000151;INDUSTRIAL;GASOLINA;27/04/2026;7,22;BRANCA
POSTO CARMOPOLIS LTDA;13077342000151;SANTO ANTÔNIO;GASOLINA;27/05/2025;6,62;VIBRA
POSTO CARMOPOLIS LTDA;13077342000151;INDUSTRIAL;GASOLINA;27/08/2025;6,62;VIBRA
POSTO CARMOPOLIS LTDA;13077342000151;SANTO ANTÔNIO;GASOLINA;28/01/2025;6,42;VIBRA
POSTO CARMOPOLIS LTDA;13077342000151;INDUSTRIAL;GASOLINA;28/07/2025;6,62;VIBRA
POSTO CARMOPOLIS LTDA;13077342000151;SANTO ANTÔNIO;GASOLINA;28/10/2024;5,90;VIBRA
POSTO CARMOPOLIS LTDA;13077342000151;INDUSTRIAL;GASOLINA;28/10/2025;6,52;VIBRA
POSTO CARMOPOLIS LTDA;13077342000151;SANTO ANTÔNIO;GASOLINA;29/04/2025;6,62;VIBRA
POSTO CARMOPOLIS LTDA;13077342000151;INDUSTRIAL;GASOLINA;29/12/2025;6,52;BRANCA
POSTO CARMOPOLIS LTDA;13077342000151;INDUSTRIAL;GASOLINA;30/03/2026;7,22;BRANCA
POSTO CARMOPOLIS LTDA;13077342000151;SANTO ANTÔNIO;GASOLINA;30/06/2025;6,62;VIBRA
POSTO CARMOPOLIS LTDA;13077342000151;INDUSTRIAL;GASOLINA;30/06/2026;7,12;BRANCA
POSTO CARMOPOLIS LTDA;13077342000151;INDUSTRIAL;GASOLINA;30/09/2025;6,62;VIBRA
POSTO CARMOPOLIS LTDA;13077342000151;SANTO ANTÔNIO;GASOLINA;30/12/2024;6,30;VIBRA
POSTO CARMOPOLIS LTDA;13077342000151;SANTO ANTÔNIO;GASOLINA;31/03/2025;6,62;VIBRA
POSTO CARMOPOLIS LTDA;13077342000151;INDUSTRIAL;GASOLINA ADITIVADA;02/06/2026;7,12;BRANCA
POSTO CARMOPOLIS LTDA;13077342000151;INDUSTRIAL;GASOLINA ADITIVADA;02/09/2025;6,62;VIBRA
POSTO CARMOPOLIS LTDA;13077342000151;INDUSTRIAL;GASOLINA ADITIVADA;02/12/2025;6,52;BRANCA
POSTO CARMOPOLIS LTDA;13077342000151;SANTO ANTÔNIO;GASOLINA ADITIVADA;03/02/2025;6,42;VIBRA
POSTO CARMOPOLIS LTDA;13077342000151;INDUSTRIAL;GASOLINA ADITIVADA;03/02/2026;6,52;BRANCA
POSTO CARMOPOLIS LTDA;13077342000151;SANTO ANTÔNIO;GASOLINA ADITIVADA;03/03/2025;6,62;VIBRA
POSTO CARMOPOLIS LTDA;13077342000151;SANTO ANTÔNIO;GASOLINA ADITIVADA;03/06/2025;6,62;VIBRA
POSTO CARMOPOLIS LTDA;13077342000151;SANTO ANTÔNIO;GASOLINA ADITIVADA;03/12/2024;6,30;VIBRA
POSTO CARMOPOLIS LTDA;13077342000151;INDUSTRIAL;GASOLINA ADITIVADA;04/03/2026;6,52;BRANCA
POSTO CARMOPOLIS LTDA;13077342000151;INDUSTRIAL;GASOLINA ADITIVADA;04/05/2026;7,22;BRANCA
POSTO CARMOPOLIS LTDA;13077342000151;SANTO ANTÔNIO;GASOLINA ADITIVADA;04/11/2024;5,90;VIBRA
POSTO CARMOPOLIS LTDA;13077342000151;SANTO ANTÔNIO;GASOLINA ADITIVADA;05/05/2025;6,62;VIBRA
POSTO CARMOPOLIS LTDA;13077342000151;INDUSTRIAL;GASOLINA ADITIVADA;05/08/2025;6,62;VIBRA
POSTO CARMOPOLIS LTDA;13077342000151;INDUSTRIAL;GASOLINA ADITIVADA;05/11/2025;6,52;BRANCA
POSTO CARMOPOLIS LTDA;13077342000151;SANTO ANTÔNIO;GASOLINA ADITIVADA;06/01/2025;6,30;VIBRA
POSTO CARMOPOLIS LTDA;13077342000151;INDUSTRIAL;GASOLINA ADITIVADA;06/01/2026;6,52;BRANCA
POSTO CARMOPOLIS LTDA;13077342000151;INDUSTRIAL;GASOLINA ADITIVADA;06/10/2025;6,62;VIBRA
POSTO CARMOPOLIS LTDA;13077342000151;INDUSTRIAL;GASOLINA ADITIVADA;07/04/2026;7,22;BRANCA
POSTO CARMOPOLIS LTDA;13077342000151;SANTO ANTÔNIO;GASOLINA ADITIVADA;08/04/2025;6,62;VIBRA
POSTO CARMOPOLIS LTDA;13077342000151;INDUSTRIAL;GASOLINA ADITIVADA;08/06/2026;7,02;BRANCA
POSTO CARMOPOLIS LTDA;13077342000151;INDUSTRIAL;GASOLINA ADITIVADA;08/07/2025;6,62;VIBRA
POSTO CARMOPOLIS LTDA;13077342000151;INDUSTRIAL;GASOLINA ADITIVADA;09/02/2026;6,52;BRANCA
POSTO CARMOPOLIS LTDA;13077342000151;INDUSTRIAL;GASOLINA ADITIVADA;09/03/2026;6,82;BRANCA
POSTO CARMOPOLIS LTDA;13077342000151;SANTO ANTÔNIO;GASOLINA ADITIVADA;09/06/2025;6,62;VIBRA
POSTO CARMOPOLIS LTDA;13077342000151;INDUSTRIAL;GASOLINA ADITIVADA;09/09/2025;6,62;VIBRA
POSTO CARMOPOLIS LTDA;13077342000151;SANTO ANTÔNIO;GASOLINA ADITIVADA;09/12/2024;6,30;VIBRA
POSTO CARMOPOLIS LTDA;13077342000151;SANTO ANTÔNIO;GASOLINA ADITIVADA;11/02/2025;6,62;VIBRA
POSTO CARMOPOLIS LTDA;13077342000151;SANTO ANTÔNIO;GASOLINA ADITIVADA;11/03/2025;6,62;VIBRA
POSTO CARMOPOLIS LTDA;13077342000151;SANTO ANTÔNIO;GASOLINA ADITIVADA;11/11/2024;5,90;VIBRA
POSTO CARMOPOLIS LTDA;13077342000151;INDUSTRIAL;GASOLINA ADITIVADA;11/11/2025;6,52;BRANCA
POSTO CARMOPOLIS LTDA;13077342000151;INDUSTRIAL;GASOLINA ADITIVADA;12/01/2026;6,52;BRANCA
POSTO CARMOPOLIS LTDA;13077342000151;SANTO ANTÔNIO;GASOLINA ADITIVADA;12/05/2025;6,62;VIBRA
POSTO CARMOPOLIS LTDA;13077342000151;INDUSTRIAL;GASOLINA ADITIVADA;12/05/2026;7,52;BRANCA
POSTO CARMOPOLIS LTDA;13077342000151;INDUSTRIAL;GASOLINA ADITIVADA;12/08/2025;6,62;VIBRA
POSTO CARMOPOLIS LTDA;13077342000151;SANTO ANTÔNIO;GASOLINA ADITIVADA;13/01/2025;6,42;VIBRA
POSTO CARMOPOLIS LTDA;13077342000151;INDUSTRIAL;GASOLINA ADITIVADA;13/10/2025;6,62;VIBRA
POSTO CARMOPOLIS LTDA;13077342000151;INDUSTRIAL;GASOLINA ADITIVADA;14/04/2026;7,22;BRANCA
POSTO CARMOPOLIS LTDA;13077342000151;SANTO ANTÔNIO;GASOLINA ADITIVADA;15/04/2025;6,52;VIBRA
POSTO CARMOPOLIS LTDA;13077342000151;INDUSTRIAL;GASOLINA ADITIVADA;15/07/2025;6,62;VIBRA
POSTO CARMOPOLIS LTDA;13077342000151;SANTO ANTÔNIO;GASOLINA ADITIVADA;15/10/2024;6,20;VIBRA
POSTO CARMOPOLIS LTDA;13077342000151;SANTO ANTÔNIO;GASOLINA ADITIVADA;16/06/2025;6,62;VIBRA
POSTO CARMOPOLIS LTDA;13077342000151;INDUSTRIAL;GASOLINA ADITIVADA;16/06/2026;7,12;BRANCA
POSTO CARMOPOLIS LTDA;13077342000151;SANTO ANTÔNIO;GASOLINA ADITIVADA;16/12/2024;6,30;VIBRA
POSTO CARMOPOLIS LTDA;13077342000151;INDUSTRIAL;GASOLINA ADITIVADA;17/09/2025;6,62;VIBRA
POSTO CARMOPOLIS LTDA;13077342000151;INDUSTRIAL;GASOLINA ADITIVADA;17/12/2025;6,52;BRANCA
POSTO CARMOPOLIS LTDA;13077342000151;SANTO ANTÔNIO;GASOLINA ADITIVADA;18/02/2025;6,62;VIBRA
POSTO CARMOPOLIS LTDA;13077342000151;SANTO ANTÔNIO;GASOLINA ADITIVADA;18/03/2025;6,62;VIBRA
POSTO CARMOPOLIS LTDA;13077342000151;INDUSTRIAL;GASOLINA ADITIVADA;18/05/2026;7,52;BRANCA
POSTO CARMOPOLIS LTDA;13077342000151;SANTO ANTÔNIO;GASOLINA ADITIVADA;18/11/2024;6,30;VIBRA
POSTO CARMOPOLIS LTDA;13077342000151;INDUSTRIAL;GASOLINA ADITIVADA;18/11/2025;6,52;BRANCA
POSTO CARMOPOLIS LTDA;13077342000151;SANTO ANTÔNIO;GASOLINA ADITIVADA;19/05/2025;6,62;VIBRA
POSTO CARMOPOLIS LTDA;13077342000151;INDUSTRIAL;GASOLINA ADITIVADA;19/08/2025;6,62;VIBRA
POSTO CARMOPOLIS LTDA;13077342000151;SANTO ANTÔNIO;GASOLINA ADITIVADA;20/01/2025;6,42;VIBRA
POSTO CARMOPOLIS LTDA;13077342000151;INDUSTRIAL;GASOLINA ADITIVADA;20/01/2026;6,52;BRANCA
POSTO CARMOPOLIS LTDA;13077342000151;INDUSTRIAL;GASOLINA ADITIVADA;20/03/2026;6,92;BRANCA
POSTO CARMOPOLIS LTDA;13077342000151;INDUSTRIAL;GASOLINA ADITIVADA;20/10/2025;6,62;VIBRA
POSTO CARMOPOLIS LTDA;13077342000151;SANTO ANTÔNIO;GASOLINA ADITIVADA;21/10/2024;5,90;VIBRA
POSTO CARMOPOLIS LTDA;13077342000151;SANTO ANTÔNIO;GASOLINA ADITIVADA;22/04/2025;6,52;VIBRA
POSTO CARMOPOLIS LTDA;13077342000151;INDUSTRIAL;GASOLINA ADITIVADA;22/07/2025;6,62;VIBRA
POSTO CARMOPOLIS LTDA;13077342000151;INDUSTRIAL;GASOLINA ADITIVADA;22/09/2025;6,62;VIBRA
POSTO CARMOPOLIS LTDA;13077342000151;INDUSTRIAL;GASOLINA ADITIVADA;23/06/2026;7,12;BRANCA
POSTO CARMOPOLIS LTDA;13077342000151;SANTO ANTÔNIO;GASOLINA ADITIVADA;23/12/2024;6,30;VIBRA
POSTO CARMOPOLIS LTDA;13077342000151;INDUSTRIAL;GASOLINA ADITIVADA;24/02/2026;6,52;BRANCA
POSTO CARMOPOLIS LTDA;13077342000151;INDUSTRIAL;GASOLINA ADITIVADA;24/03/2026;7,22;BRANCA
POSTO CARMOPOLIS LTDA;13077342000151;INDUSTRIAL;GASOLINA ADITIVADA;24/04/2026;7,22;BRANCA
POSTO CARMOPOLIS LTDA;13077342000151;SANTO ANTÔNIO;GASOLINA ADITIVADA;24/06/2025;6,62;VIBRA
POSTO CARMOPOLIS LTDA;13077342000151;INDUSTRIAL;GASOLINA ADITIVADA;24/12/2025;6,52;BRANCA
POSTO CARMOPOLIS LTDA;13077342000151;SANTO ANTÔNIO;GASOLINA ADITIVADA;25/02/2025;6,62;VIBRA
POSTO CARMOPOLIS LTDA;13077342000151;SANTO ANTÔNIO;GASOLINA ADITIVADA;25/03/2025;6,62;VIBRA
POSTO CARMOPOLIS LTDA;13077342000151;SANTO ANTÔNIO;GASOLINA ADITIVADA;25/11/2024;6,30;VIBRA
POSTO CARMOPOLIS LTDA;13077342000151;INDUSTRIAL;GASOLINA ADITIVADA;25/11/2025;6,52;BRANCA
POSTO CARMOPOLIS LTDA;13077342000151;INDUSTRIAL;GASOLINA ADITIVADA;26/01/2026;6,52;BRANCA
POSTO CARMOPOLIS LTDA;13077342000151;INDUSTRIAL;GASOLINA ADITIVADA;26/05/2026;7,12;BRANCA
POSTO CARMOPOLIS LTDA;13077342000151;INDUSTRIAL;GASOLINA ADITIVADA;27/04/2026;7,22;BRANCA
POSTO CARMOPOLIS LTDA;13077342000151;SANTO ANTÔNIO;GASOLINA ADITIVADA;27/05/2025;6,62;VIBRA
POSTO CARMOPOLIS LTDA;13077342000151;INDUSTRIAL;GASOLINA ADITIVADA;27/08/2025;6,62;VIBRA
POSTO CARMOPOLIS LTDA;13077342000151;SANTO ANTÔNIO;GASOLINA ADITIVADA;28/01/2025;6,42;VIBRA
POSTO CARMOPOLIS LTDA;13077342000151;INDUSTRIAL;GASOLINA ADITIVADA;28/07/2025;6,62;VIBRA
POSTO CARMOPOLIS LTDA;13077342000151;SANTO ANTÔNIO;GASOLINA ADITIVADA;28/10/2024;5,90;VIBRA
POSTO CARMOPOLIS LTDA;13077342000151;INDUSTRIAL;GASOLINA ADITIVADA;28/10/2025;6,52;VIBRA
POSTO CARMOPOLIS LTDA;13077342000151;SANTO ANTÔNIO;GASOLINA ADITIVADA;29/04/2025;6,62;VIBRA
POSTO CARMOPOLIS LTDA;13077342000151;INDUSTRIAL;GASOLINA ADITIVADA;29/12/2025;6,52;BRANCA
POSTO CARMOPOLIS LTDA;13077342000151;INDUSTRIAL;GASOLINA ADITIVADA;30/03/2026;7,22;BRANCA
POSTO CARMOPOLIS LTDA;13077342000151;SANTO ANTÔNIO;GASOLINA ADITIVADA;30/06/2025;6,62;VIBRA
POSTO CARMOPOLIS LTDA;13077342000151;INDUSTRIAL;GASOLINA ADITIVADA;30/06/2026;7,12;BRANCA
POSTO CARMOPOLIS LTDA;13077342000151;INDUSTRIAL;GASOLINA ADITIVADA;30/09/2025;6,62;VIBRA
POSTO CARMOPOLIS LTDA;13077342000151;SANTO ANTÔNIO;GASOLINA ADITIVADA;30/12/2024;6,30;VIBRA
POSTO CARMOPOLIS LTDA;13077342000151;SANTO ANTÔNIO;GASOLINA ADITIVADA;31/03/2025;6,62;VIBRA
POSTO CARMOPOLIS LTDA;13077342000151;INDUSTRIAL;GNV;02/06/2026;4,83;BRANCA
POSTO CARMOPOLIS LTDA;13077342000151;INDUSTRIAL;GNV;12/05/2026;4,88;BRANCA
POSTO CARMOPOLIS LTDA;13077342000151;INDUSTRIAL;GNV;16/06/2026;4,82;BRANCA
POSTO CARMOPOLIS LTDA;13077342000151;INDUSTRIAL;GNV;23/06/2026;4,85;BRANCA
POSTO CARMOPOLIS LTDA;13077342000151;INDUSTRIAL;GNV;26/05/2026;4,85;BRANCA
J. L. OLIVEIRA & BARROS LTDA;13113477000478;GETULIO VARGAS;DIESEL S10;01/12/2025;6,29;VIBRA
J. L. OLIVEIRA & BARROS LTDA;13113477000478;GETULIO VARGAS;DIESEL S10;02/09/2025;6,29;VIBRA
J. L. OLIVEIRA & BARROS LTDA;13113477000478;GETULIO VARGAS;DIESEL S10;03/02/2025;6,29;VIBRA
J. L. OLIVEIRA & BARROS LTDA;13113477000478;GETULIO VARGAS;DIESEL S10;03/03/2025;6,49;VIBRA
J. L. OLIVEIRA & BARROS LTDA;13113477000478;GETULIO VARGAS;DIESEL S10;03/06/2025;6,29;VIBRA
J. L. OLIVEIRA & BARROS LTDA;13113477000478;GETULIO VARGAS;DIESEL S10;03/06/2026;7,29;VIBRA
J. L. OLIVEIRA & BARROS LTDA;13113477000478;GETULIO VARGAS;DIESEL S10;03/12/2024;6,09;VIBRA
J. L. OLIVEIRA & BARROS LTDA;13113477000478;GETULIO VARGAS;DIESEL S10;04/03/2026;6,29;VIBRA
J. L. OLIVEIRA & BARROS LTDA;13113477000478;GETULIO VARGAS;DIESEL S10;04/11/2024;6,09;VIBRA
J. L. OLIVEIRA & BARROS LTDA;13113477000478;GETULIO VARGAS;DIESEL S10;04/11/2025;6,29;VIBRA
J. L. OLIVEIRA & BARROS LTDA;13113477000478;GETULIO VARGAS;DIESEL S10;05/01/2026;6,29;VIBRA
J. L. OLIVEIRA & BARROS LTDA;13113477000478;GETULIO VARGAS;DIESEL S10;05/05/2025;6,29;VIBRA
J. L. OLIVEIRA & BARROS LTDA;13113477000478;GETULIO VARGAS;DIESEL S10;05/08/2025;6,29;VIBRA
J. L. OLIVEIRA & BARROS LTDA;13113477000478;GETULIO VARGAS;DIESEL S10;06/01/2025;6,09;VIBRA
J. L. OLIVEIRA & BARROS LTDA;13113477000478;GETULIO VARGAS;DIESEL S10;06/10/2025;6,29;VIBRA
J. L. OLIVEIRA & BARROS LTDA;13113477000478;GETULIO VARGAS;DIESEL S10;08/04/2025;6,49;VIBRA
J. L. OLIVEIRA & BARROS LTDA;13113477000478;GETULIO VARGAS;DIESEL S10;08/07/2025;6,29;VIBRA
J. L. OLIVEIRA & BARROS LTDA;13113477000478;GETULIO VARGAS;DIESEL S10;08/12/2025;6,29;VIBRA
J. L. OLIVEIRA & BARROS LTDA;13113477000478;GETULIO VARGAS;DIESEL S10;09/06/2026;7,29;VIBRA
J. L. OLIVEIRA & BARROS LTDA;13113477000478;GETULIO VARGAS;DIESEL S10;09/09/2025;6,29;VIBRA
J. L. OLIVEIRA & BARROS LTDA;13113477000478;GETULIO VARGAS;DIESEL S10;09/12/2024;6,09;VIBRA
J. L. OLIVEIRA & BARROS LTDA;13113477000478;GETULIO VARGAS;DIESEL S10;11/02/2025;6,49;VIBRA
J. L. OLIVEIRA & BARROS LTDA;13113477000478;GETULIO VARGAS;DIESEL S10;11/03/2025;6,49;VIBRA
J. L. OLIVEIRA & BARROS LTDA;13113477000478;GETULIO VARGAS;DIESEL S10;11/11/2024;6,09;VIBRA
J. L. OLIVEIRA & BARROS LTDA;13113477000478;GETULIO VARGAS;DIESEL S10;11/11/2025;6,29;VIBRA
J. L. OLIVEIRA & BARROS LTDA;13113477000478;GETULIO VARGAS;DIESEL S10;12/01/2026;6,29;VIBRA
J. L. OLIVEIRA & BARROS LTDA;13113477000478;GETULIO VARGAS;DIESEL S10;12/05/2025;6,29;VIBRA
J. L. OLIVEIRA & BARROS LTDA;13113477000478;GETULIO VARGAS;DIESEL S10;13/01/2025;6,29;VIBRA
J. L. OLIVEIRA & BARROS LTDA;13113477000478;GETULIO VARGAS;DIESEL S10;13/05/2026;7,29;VIBRA
J. L. OLIVEIRA & BARROS LTDA;13113477000478;GETULIO VARGAS;DIESEL S10;13/10/2025;6,29;VIBRA
J. L. OLIVEIRA & BARROS LTDA;13113477000478;GETULIO VARGAS;DIESEL S10;15/04/2025;6,49;VIBRA
J. L. OLIVEIRA & BARROS LTDA;13113477000478;GETULIO VARGAS;DIESEL S10;15/07/2025;6,29;VIBRA
J. L. OLIVEIRA & BARROS LTDA;13113477000478;GETULIO VARGAS;DIESEL S10;15/10/2024;6,09;VIBRA
J. L. OLIVEIRA & BARROS LTDA;13113477000478;GETULIO VARGAS;DIESEL S10;15/12/2025;6,29;VIBRA
J. L. OLIVEIRA & BARROS LTDA;13113477000478;GETULIO VARGAS;DIESEL S10;17/09/2025;6,29;VIBRA
J. L. OLIVEIRA & BARROS LTDA;13113477000478;GETULIO VARGAS;DIESEL S10;18/02/2025;6,49;VIBRA
J. L. OLIVEIRA & BARROS LTDA;13113477000478;GETULIO VARGAS;DIESEL S10;18/03/2025;6,49;VIBRA
J. L. OLIVEIRA & BARROS LTDA;13113477000478;GETULIO VARGAS;DIESEL S10;18/11/2024;6,09;VIBRA
J. L. OLIVEIRA & BARROS LTDA;13113477000478;GETULIO VARGAS;DIESEL S10;20/01/2025;6,29;VIBRA
J. L. OLIVEIRA & BARROS LTDA;13113477000478;GETULIO VARGAS;DIESEL S10;20/01/2026;6,29;VIBRA
J. L. OLIVEIRA & BARROS LTDA;13113477000478;GETULIO VARGAS;DIESEL S10;20/10/2025;6,29;VIBRA
J. L. OLIVEIRA & BARROS LTDA;13113477000478;GETULIO VARGAS;DIESEL S10;21/10/2024;6,09;VIBRA
J. L. OLIVEIRA & BARROS LTDA;13113477000478;GETULIO VARGAS;DIESEL S10;22/04/2025;6,29;VIBRA
J. L. OLIVEIRA & BARROS LTDA;13113477000478;GETULIO VARGAS;DIESEL S10;22/07/2025;6,29;VIBRA
J. L. OLIVEIRA & BARROS LTDA;13113477000478;GETULIO VARGAS;DIESEL S10;22/09/2025;6,29;VIBRA
J. L. OLIVEIRA & BARROS LTDA;13113477000478;GETULIO VARGAS;DIESEL S10;23/12/2024;6,09;VIBRA
J. L. OLIVEIRA & BARROS LTDA;13113477000478;GETULIO VARGAS;DIESEL S10;24/02/2026;6,29;VIBRA
J. L. OLIVEIRA & BARROS LTDA;13113477000478;GETULIO VARGAS;DIESEL S10;24/06/2025;6,29;VIBRA
J. L. OLIVEIRA & BARROS LTDA;13113477000478;GETULIO VARGAS;DIESEL S10;25/02/2025;6,49;VIBRA
J. L. OLIVEIRA & BARROS LTDA;13113477000478;GETULIO VARGAS;DIESEL S10;25/03/2025;6,49;VIBRA
J. L. OLIVEIRA & BARROS LTDA;13113477000478;GETULIO VARGAS;DIESEL S10;25/11/2024;6,09;VIBRA
J. L. OLIVEIRA & BARROS LTDA;13113477000478;GETULIO VARGAS;DIESEL S10;25/11/2025;6,29;VIBRA
J. L. OLIVEIRA & BARROS LTDA;13113477000478;GETULIO VARGAS;DIESEL S10;27/05/2025;6,29;VIBRA
J. L. OLIVEIRA & BARROS LTDA;13113477000478;GETULIO VARGAS;DIESEL S10;28/01/2025;6,29;VIBRA
J. L. OLIVEIRA & BARROS LTDA;13113477000478;GETULIO VARGAS;DIESEL S10;28/07/2025;6,29;VIBRA
J. L. OLIVEIRA & BARROS LTDA;13113477000478;GETULIO VARGAS;DIESEL S10;28/10/2024;6,09;VIBRA
J. L. OLIVEIRA & BARROS LTDA;13113477000478;GETULIO VARGAS;DIESEL S10;28/10/2025;6,29;VIBRA
J. L. OLIVEIRA & BARROS LTDA;13113477000478;GETULIO VARGAS;DIESEL S10;29/04/2025;6,29;VIBRA
J. L. OLIVEIRA & BARROS LTDA;13113477000478;GETULIO VARGAS;DIESEL S10;29/04/2026;7,29;VIBRA
J. L. OLIVEIRA & BARROS LTDA;13113477000478;GETULIO VARGAS;DIESEL S10;30/06/2025;6,29;VIBRA
J. L. OLIVEIRA & BARROS LTDA;13113477000478;GETULIO VARGAS;DIESEL S10;30/06/2026;7,29;VIBRA
J. L. OLIVEIRA & BARROS LTDA;13113477000478;GETULIO VARGAS;DIESEL S10;30/09/2025;6,29;VIBRA
J. L. OLIVEIRA & BARROS LTDA;13113477000478;GETULIO VARGAS;DIESEL S10;30/12/2024;6,09;VIBRA
J. L. OLIVEIRA & BARROS LTDA;13113477000478;GETULIO VARGAS;DIESEL S10;31/03/2025;6,49;VIBRA
J. L. OLIVEIRA & BARROS LTDA;13113477000478;GETULIO VARGAS;ETANOL;04/11/2024;4,54;VIBRA
J. L. OLIVEIRA & BARROS LTDA;13113477000478;GETULIO VARGAS;ETANOL;15/10/2024;4,74;VIBRA
J. L. OLIVEIRA & BARROS LTDA;13113477000478;GETULIO VARGAS;ETANOL;21/10/2024;4,54;VIBRA
J. L. OLIVEIRA & BARROS LTDA;13113477000478;GETULIO VARGAS;ETANOL;24/02/2026;4,99;VIBRA
J. L. OLIVEIRA & BARROS LTDA;13113477000478;GETULIO VARGAS;ETANOL;28/10/2024;4,54;VIBRA
J. L. OLIVEIRA & BARROS LTDA;13113477000478;GETULIO VARGAS;ETANOL;31/03/2026;5,29;VIBRA
J. L. OLIVEIRA & BARROS LTDA;13113477000478;GETULIO VARGAS;GASOLINA;01/12/2025;6,58;VIBRA
J. L. OLIVEIRA & BARROS LTDA;13113477000478;GETULIO VARGAS;GASOLINA;02/09/2025;6,68;VIBRA
J. L. OLIVEIRA & BARROS LTDA;13113477000478;GETULIO VARGAS;GASOLINA;03/02/2025;6,49;VIBRA
J. L. OLIVEIRA & BARROS LTDA;13113477000478;GETULIO VARGAS;GASOLINA;03/02/2026;6,58;VIBRA
J. L. OLIVEIRA & BARROS LTDA;13113477000478;GETULIO VARGAS;GASOLINA;03/03/2025;6,68;VIBRA
J. L. OLIVEIRA & BARROS LTDA;13113477000478;GETULIO VARGAS;GASOLINA;03/06/2025;6,68;VIBRA
J. L. OLIVEIRA & BARROS LTDA;13113477000478;GETULIO VARGAS;GASOLINA;03/06/2026;7,19;VIBRA
J. L. OLIVEIRA & BARROS LTDA;13113477000478;GETULIO VARGAS;GASOLINA;03/12/2024;6,37;VIBRA
J. L. OLIVEIRA & BARROS LTDA;13113477000478;GETULIO VARGAS;GASOLINA;04/03/2026;6,58;VIBRA
J. L. OLIVEIRA & BARROS LTDA;13113477000478;GETULIO VARGAS;GASOLINA;04/11/2024;5,95;VIBRA
J. L. OLIVEIRA & BARROS LTDA;13113477000478;GETULIO VARGAS;GASOLINA;04/11/2025;6,58;VIBRA
J. L. OLIVEIRA & BARROS LTDA;13113477000478;GETULIO VARGAS;GASOLINA;05/01/2026;6,58;VIBRA
J. L. OLIVEIRA & BARROS LTDA;13113477000478;GETULIO VARGAS;GASOLINA;05/05/2025;6,68;VIBRA
J. L. OLIVEIRA & BARROS LTDA;13113477000478;GETULIO VARGAS;GASOLINA;05/08/2025;6,68;VIBRA
J. L. OLIVEIRA & BARROS LTDA;13113477000478;GETULIO VARGAS;GASOLINA;06/01/2025;6,37;VIBRA
J. L. OLIVEIRA & BARROS LTDA;13113477000478;GETULIO VARGAS;GASOLINA;06/10/2025;6,68;VIBRA
J. L. OLIVEIRA & BARROS LTDA;13113477000478;GETULIO VARGAS;GASOLINA;07/05/2026;7,58;VIBRA
J. L. OLIVEIRA & BARROS LTDA;13113477000478;GETULIO VARGAS;GASOLINA;08/04/2025;6,68;VIBRA
J. L. OLIVEIRA & BARROS LTDA;13113477000478;GETULIO VARGAS;GASOLINA;08/07/2025;6,68;VIBRA
J. L. OLIVEIRA & BARROS LTDA;13113477000478;GETULIO VARGAS;GASOLINA;08/12/2025;6,58;VIBRA
J. L. OLIVEIRA & BARROS LTDA;13113477000478;GETULIO VARGAS;GASOLINA;09/02/2026;6,58;VIBRA
J. L. OLIVEIRA & BARROS LTDA;13113477000478;GETULIO VARGAS;GASOLINA;09/03/2026;6,88;VIBRA
J. L. OLIVEIRA & BARROS LTDA;13113477000478;GETULIO VARGAS;GASOLINA;09/04/2026;7,29;VIBRA
J. L. OLIVEIRA & BARROS LTDA;13113477000478;GETULIO VARGAS;GASOLINA;09/06/2025;6,68;VIBRA
J. L. OLIVEIRA & BARROS LTDA;13113477000478;GETULIO VARGAS;GASOLINA;09/06/2026;7,19;VIBRA
J. L. OLIVEIRA & BARROS LTDA;13113477000478;GETULIO VARGAS;GASOLINA;09/09/2025;6,68;VIBRA
J. L. OLIVEIRA & BARROS LTDA;13113477000478;GETULIO VARGAS;GASOLINA;09/12/2024;6,37;VIBRA
J. L. OLIVEIRA & BARROS LTDA;13113477000478;GETULIO VARGAS;GASOLINA;11/02/2025;6,68;VIBRA
J. L. OLIVEIRA & BARROS LTDA;13113477000478;GETULIO VARGAS;GASOLINA;11/03/2025;6,68;VIBRA
J. L. OLIVEIRA & BARROS LTDA;13113477000478;GETULIO VARGAS;GASOLINA;11/11/2024;5,95;VIBRA
J. L. OLIVEIRA & BARROS LTDA;13113477000478;GETULIO VARGAS;GASOLINA;11/11/2025;6,58;VIBRA
J. L. OLIVEIRA & BARROS LTDA;13113477000478;GETULIO VARGAS;GASOLINA;12/01/2026;6,58;VIBRA
J. L. OLIVEIRA & BARROS LTDA;13113477000478;GETULIO VARGAS;GASOLINA;12/05/2025;6,68;VIBRA
J. L. OLIVEIRA & BARROS LTDA;13113477000478;GETULIO VARGAS;GASOLINA;12/08/2025;6,68;VIBRA
J. L. OLIVEIRA & BARROS LTDA;13113477000478;GETULIO VARGAS;GASOLINA;13/01/2025;6,49;VIBRA
J. L. OLIVEIRA & BARROS LTDA;13113477000478;GETULIO VARGAS;GASOLINA;13/05/2026;7,58;VIBRA
J. L. OLIVEIRA & BARROS LTDA;13113477000478;GETULIO VARGAS;GASOLINA;13/10/2025;6,68;VIBRA
J. L. OLIVEIRA & BARROS LTDA;13113477000478;GETULIO VARGAS;GASOLINA;15/04/2025;6,58;VIBRA
J. L. OLIVEIRA & BARROS LTDA;13113477000478;GETULIO VARGAS;GASOLINA;15/04/2026;7,29;VIBRA
J. L. OLIVEIRA & BARROS LTDA;13113477000478;GETULIO VARGAS;GASOLINA;15/07/2025;6,68;VIBRA
J. L. OLIVEIRA & BARROS LTDA;13113477000478;GETULIO VARGAS;GASOLINA;15/10/2024;6,27;VIBRA
J. L. OLIVEIRA & BARROS LTDA;13113477000478;GETULIO VARGAS;GASOLINA;15/12/2025;6,58;VIBRA
J. L. OLIVEIRA & BARROS LTDA;13113477000478;GETULIO VARGAS;GASOLINA;16/06/2025;6,68;VIBRA
J. L. OLIVEIRA & BARROS LTDA;13113477000478;GETULIO VARGAS;GASOLINA;16/06/2026;7,19;VIBRA
J. L. OLIVEIRA & BARROS LTDA;13113477000478;GETULIO VARGAS;GASOLINA;16/12/2024;6,37;VIBRA
J. L. OLIVEIRA & BARROS LTDA;13113477000478;GETULIO VARGAS;GASOLINA;17/09/2025;6,68;VIBRA
J. L. OLIVEIRA & BARROS LTDA;13113477000478;GETULIO VARGAS;GASOLINA;18/02/2025;6,68;VIBRA
J. L. OLIVEIRA & BARROS LTDA;13113477000478;GETULIO VARGAS;GASOLINA;18/03/2025;6,68;VIBRA
J. L. OLIVEIRA & BARROS LTDA;13113477000478;GETULIO VARGAS;GASOLINA;18/11/2024;6,37;VIBRA
J. L. OLIVEIRA & BARROS LTDA;13113477000478;GETULIO VARGAS;GASOLINA;18/11/2025;6,58;VIBRA
J. L. OLIVEIRA & BARROS LTDA;13113477000478;GETULIO VARGAS;GASOLINA;19/05/2025;6,68;VIBRA
J. L. OLIVEIRA & BARROS LTDA;13113477000478;GETULIO VARGAS;GASOLINA;19/08/2025;6,68;VIBRA
J. L. OLIVEIRA & BARROS LTDA;13113477000478;GETULIO VARGAS;GASOLINA;20/01/2025;6,49;VIBRA
J. L. OLIVEIRA & BARROS LTDA;13113477000478;GETULIO VARGAS;GASOLINA;20/01/2026;6,58;VIBRA
J. L. OLIVEIRA & BARROS LTDA;13113477000478;GETULIO VARGAS;GASOLINA;20/03/2026;7,68;VIBRA
J. L. OLIVEIRA & BARROS LTDA;13113477000478;GETULIO VARGAS;GASOLINA;20/05/2026;7,19;VIBRA
J. L. OLIVEIRA & BARROS LTDA;13113477000478;GETULIO VARGAS;GASOLINA;20/10/2025;6,68;VIBRA
J. L. OLIVEIRA & BARROS LTDA;13113477000478;GETULIO VARGAS;GASOLINA;21/10/2024;5,95;VIBRA
J. L. OLIVEIRA & BARROS LTDA;13113477000478;GETULIO VARGAS;GASOLINA;22/04/2025;6,58;VIBRA
J. L. OLIVEIRA & BARROS LTDA;13113477000478;GETULIO VARGAS;GASOLINA;22/07/2025;6,68;VIBRA
J. L. OLIVEIRA & BARROS LTDA;13113477000478;GETULIO VARGAS;GASOLINA;22/09/2025;6,68;VIBRA
J. L. OLIVEIRA & BARROS LTDA;13113477000478;GETULIO VARGAS;GASOLINA;23/06/2026;7,19;VIBRA
J. L. OLIVEIRA & BARROS LTDA;13113477000478;GETULIO VARGAS;GASOLINA;23/12/2024;6,37;VIBRA
J. L. OLIVEIRA & BARROS LTDA;13113477000478;GETULIO VARGAS;GASOLINA;24/02/2026;6,58;VIBRA
J. L. OLIVEIRA & BARROS LTDA;13113477000478;GETULIO VARGAS;GASOLINA;24/04/2026;7,29;VIBRA
J. L. OLIVEIRA & BARROS LTDA;13113477000478;GETULIO VARGAS;GASOLINA;24/06/2025;6,68;VIBRA
J. L. OLIVEIRA & BARROS LTDA;13113477000478;GETULIO VARGAS;GASOLINA;24/12/2025;6,58;VIBRA
J. L. OLIVEIRA & BARROS LTDA;13113477000478;GETULIO VARGAS;GASOLINA;25/02/2025;6,68;VIBRA
J. L. OLIVEIRA & BARROS LTDA;13113477000478;GETULIO VARGAS;GASOLINA;25/03/2025;6,68;VIBRA
J. L. OLIVEIRA & BARROS LTDA;13113477000478;GETULIO VARGAS;GASOLINA;25/03/2026;7,29;VIBRA
J. L. OLIVEIRA & BARROS LTDA;13113477000478;GETULIO VARGAS;GASOLINA;25/11/2024;6,37;VIBRA
J. L. OLIVEIRA & BARROS LTDA;13113477000478;GETULIO VARGAS;GASOLINA;25/11/2025;6,58;VIBRA
J. L. OLIVEIRA & BARROS LTDA;13113477000478;GETULIO VARGAS;GASOLINA;26/01/2026;6,58;VIBRA
J. L. OLIVEIRA & BARROS LTDA;13113477000478;GETULIO VARGAS;GASOLINA;26/05/2026;7,19;VIBRA
J. L. OLIVEIRA & BARROS LTDA;13113477000478;GETULIO VARGAS;GASOLINA;27/05/2025;6,68;VIBRA
J. L. OLIVEIRA & BARROS LTDA;13113477000478;GETULIO VARGAS;GASOLINA;27/08/2025;6,68;VIBRA
J. L. OLIVEIRA & BARROS LTDA;13113477000478;GETULIO VARGAS;GASOLINA;28/01/2025;6,49;VIBRA
J. L. OLIVEIRA & BARROS LTDA;13113477000478;GETULIO VARGAS;GASOLINA;28/07/2025;6,68;VIBRA
J. L. OLIVEIRA & BARROS LTDA;13113477000478;GETULIO VARGAS;GASOLINA;28/10/2024;5,95;VIBRA
J. L. OLIVEIRA & BARROS LTDA;13113477000478;GETULIO VARGAS;GASOLINA;28/10/2025;6,58;VIBRA
J. L. OLIVEIRA & BARROS LTDA;13113477000478;GETULIO VARGAS;GASOLINA;29/04/2025;6,68;VIBRA
J. L. OLIVEIRA & BARROS LTDA;13113477000478;GETULIO VARGAS;GASOLINA;29/04/2026;7,29;VIBRA
J. L. OLIVEIRA & BARROS LTDA;13113477000478;GETULIO VARGAS;GASOLINA;29/12/2025;6,58;VIBRA
J. L. OLIVEIRA & BARROS LTDA;13113477000478;GETULIO VARGAS;GASOLINA;30/06/2025;6,68;VIBRA
J. L. OLIVEIRA & BARROS LTDA;13113477000478;GETULIO VARGAS;GASOLINA;30/06/2026;7,19;VIBRA
J. L. OLIVEIRA & BARROS LTDA;13113477000478;GETULIO VARGAS;GASOLINA;30/09/2025;6,68;VIBRA
J. L. OLIVEIRA & BARROS LTDA;13113477000478;GETULIO VARGAS;GASOLINA;30/12/2024;6,37;VIBRA
J. L. OLIVEIRA & BARROS LTDA;13113477000478;GETULIO VARGAS;GASOLINA;31/03/2025;6,68;VIBRA
J. L. OLIVEIRA & BARROS LTDA;13113477000478;GETULIO VARGAS;GASOLINA;31/03/2026;7,29;VIBRA
COMERCIAL MARIVAN LTDA;13179247000169;LUZIA;DIESEL S10;20/03/2026;6,79;VIBRA
COMERCIAL MARIVAN LTDA;13179247000169;LUZIA;ETANOL;02/06/2026;5,50;VIBRA
COMERCIAL MARIVAN LTDA;13179247000169;LUZIA;ETANOL;02/09/2025;4,90;VIBRA
COMERCIAL MARIVAN LTDA;13179247000169;LUZIA;ETANOL;03/02/2025;4,59;VIBRA
COMERCIAL MARIVAN LTDA;13179247000169;LUZIA;ETANOL;03/03/2025;4,80;VIBRA
COMERCIAL MARIVAN LTDA;13179247000169;LUZIA;ETANOL;03/06/2025;4,90;VIBRA
COMERCIAL MARIVAN LTDA;13179247000169;LUZIA;ETANOL;03/12/2024;4,27;VIBRA
COMERCIAL MARIVAN LTDA;13179247000169;LUZIA;ETANOL;04/03/2026;4,80;VIBRA
COMERCIAL MARIVAN LTDA;13179247000169;LUZIA;ETANOL;04/05/2026;5,60;VIBRA
COMERCIAL MARIVAN LTDA;13179247000169;LUZIA;ETANOL;04/11/2024;4,39;VIBRA
COMERCIAL MARIVAN LTDA;13179247000169;LUZIA;ETANOL;04/11/2025;4,80;VIBRA
COMERCIAL MARIVAN LTDA;13179247000169;LUZIA;ETANOL;05/05/2025;4,80;VIBRA
COMERCIAL MARIVAN LTDA;13179247000169;LUZIA;ETANOL;05/08/2025;4,90;VIBRA
COMERCIAL MARIVAN LTDA;13179247000169;LUZIA;ETANOL;06/01/2025;4,27;VIBRA
COMERCIAL MARIVAN LTDA;13179247000169;LUZIA;ETANOL;06/10/2025;4,90;VIBRA
COMERCIAL MARIVAN LTDA;13179247000169;LUZIA;ETANOL;07/04/2026;5,15;VIBRA
COMERCIAL MARIVAN LTDA;13179247000169;LUZIA;ETANOL;08/04/2025;4,80;VIBRA
COMERCIAL MARIVAN LTDA;13179247000169;LUZIA;ETANOL;08/06/2026;5,50;VIBRA
COMERCIAL MARIVAN LTDA;13179247000169;LUZIA;ETANOL;08/07/2025;4,90;VIBRA
COMERCIAL MARIVAN LTDA;13179247000169;LUZIA;ETANOL;09/03/2026;4,95;VIBRA
COMERCIAL MARIVAN LTDA;13179247000169;LUZIA;ETANOL;09/06/2025;4,90;VIBRA
COMERCIAL MARIVAN LTDA;13179247000169;LUZIA;ETANOL;09/09/2025;4,90;VIBRA
COMERCIAL MARIVAN LTDA;13179247000169;LUZIA;ETANOL;09/12/2024;4,27;VIBRA
COMERCIAL MARIVAN LTDA;13179247000169;LUZIA;ETANOL;10/02/2026;4,80;VIBRA
COMERCIAL MARIVAN LTDA;13179247000169;LUZIA;ETANOL;11/02/2025;4,80;VIBRA
COMERCIAL MARIVAN LTDA;13179247000169;LUZIA;ETANOL;11/03/2025;4,80;VIBRA
COMERCIAL MARIVAN LTDA;13179247000169;LUZIA;ETANOL;11/11/2024;4,39;VIBRA
COMERCIAL MARIVAN LTDA;13179247000169;LUZIA;ETANOL;11/11/2025;4,80;VIBRA
COMERCIAL MARIVAN LTDA;13179247000169;LUZIA;ETANOL;12/05/2025;4,80;VIBRA
COMERCIAL MARIVAN LTDA;13179247000169;LUZIA;ETANOL;12/05/2026;5,60;VIBRA
COMERCIAL MARIVAN LTDA;13179247000169;LUZIA;ETANOL;12/08/2025;4,90;VIBRA
COMERCIAL MARIVAN LTDA;13179247000169;LUZIA;ETANOL;13/01/2025;4,57;VIBRA
COMERCIAL MARIVAN LTDA;13179247000169;LUZIA;ETANOL;13/10/2025;4,90;VIBRA
COMERCIAL MARIVAN LTDA;13179247000169;LUZIA;ETANOL;14/04/2026;5,50;VIBRA
COMERCIAL MARIVAN LTDA;13179247000169;LUZIA;ETANOL;15/04/2025;4,80;VIBRA
COMERCIAL MARIVAN LTDA;13179247000169;LUZIA;ETANOL;15/07/2025;4,90;VIBRA
COMERCIAL MARIVAN LTDA;13179247000169;LUZIA;ETANOL;15/10/2024;4,55;VIBRA
COMERCIAL MARIVAN LTDA;13179247000169;LUZIA;ETANOL;16/06/2025;4,90;VIBRA
COMERCIAL MARIVAN LTDA;13179247000169;LUZIA;ETANOL;16/06/2026;5,50;VIBRA
COMERCIAL MARIVAN LTDA;13179247000169;LUZIA;ETANOL;16/09/2025;4,90;VIBRA
COMERCIAL MARIVAN LTDA;13179247000169;LUZIA;ETANOL;16/12/2024;4,20;VIBRA
COMERCIAL MARIVAN LTDA;13179247000169;LUZIA;ETANOL;18/02/2025;4,80;VIBRA
COMERCIAL MARIVAN LTDA;13179247000169;LUZIA;ETANOL;18/03/2025;4,80;VIBRA
COMERCIAL MARIVAN LTDA;13179247000169;LUZIA;ETANOL;18/05/2026;5,60;VIBRA
COMERCIAL MARIVAN LTDA;13179247000169;LUZIA;ETANOL;18/11/2024;4,39;VIBRA
COMERCIAL MARIVAN LTDA;13179247000169;LUZIA;ETANOL;18/11/2025;4,80;VIBRA
COMERCIAL MARIVAN LTDA;13179247000169;LUZIA;ETANOL;19/05/2025;4,80;VIBRA
COMERCIAL MARIVAN LTDA;13179247000169;LUZIA;ETANOL;19/08/2025;4,90;VIBRA
COMERCIAL MARIVAN LTDA;13179247000169;LUZIA;ETANOL;20/01/2025;4,57;VIBRA
COMERCIAL MARIVAN LTDA;13179247000169;LUZIA;ETANOL;20/03/2026;4,95;VIBRA
COMERCIAL MARIVAN LTDA;13179247000169;LUZIA;ETANOL;20/10/2025;4,90;VIBRA
COMERCIAL MARIVAN LTDA;13179247000169;LUZIA;ETANOL;21/10/2024;4,39;VIBRA
COMERCIAL MARIVAN LTDA;13179247000169;LUZIA;ETANOL;22/04/2025;4,80;VIBRA
COMERCIAL MARIVAN LTDA;13179247000169;LUZIA;ETANOL;22/07/2025;4,90;VIBRA
COMERCIAL MARIVAN LTDA;13179247000169;LUZIA;ETANOL;22/09/2025;4,90;VIBRA
COMERCIAL MARIVAN LTDA;13179247000169;LUZIA;ETANOL;23/06/2026;5,50;VIBRA
COMERCIAL MARIVAN LTDA;13179247000169;LUZIA;ETANOL;23/12/2024;4,20;VIBRA
COMERCIAL MARIVAN LTDA;13179247000169;LUZIA;ETANOL;24/02/2026;4,80;VIBRA
COMERCIAL MARIVAN LTDA;13179247000169;LUZIA;ETANOL;24/03/2026;5,05;VIBRA
COMERCIAL MARIVAN LTDA;13179247000169;LUZIA;ETANOL;24/04/2026;5,60;VIBRA
COMERCIAL MARIVAN LTDA;13179247000169;LUZIA;ETANOL;24/06/2025;4,90;VIBRA
COMERCIAL MARIVAN LTDA;13179247000169;LUZIA;ETANOL;25/02/2025;4,80;VIBRA
COMERCIAL MARIVAN LTDA;13179247000169;LUZIA;ETANOL;25/03/2025;4,80;VIBRA
COMERCIAL MARIVAN LTDA;13179247000169;LUZIA;ETANOL;25/11/2024;4,37;VIBRA
COMERCIAL MARIVAN LTDA;13179247000169;LUZIA;ETANOL;25/11/2025;4,80;VIBRA
COMERCIAL MARIVAN LTDA;13179247000169;LUZIA;ETANOL;26/05/2026;5,50;VIBRA
COMERCIAL MARIVAN LTDA;13179247000169;LUZIA;ETANOL;27/04/2026;5,60;VIBRA
COMERCIAL MARIVAN LTDA;13179247000169;LUZIA;ETANOL;27/05/2025;4,90;VIBRA
COMERCIAL MARIVAN LTDA;13179247000169;LUZIA;ETANOL;27/08/2025;4,90;VIBRA
COMERCIAL MARIVAN LTDA;13179247000169;LUZIA;ETANOL;28/01/2025;4,59;VIBRA
COMERCIAL MARIVAN LTDA;13179247000169;LUZIA;ETANOL;28/07/2025;4,90;VIBRA
COMERCIAL MARIVAN LTDA;13179247000169;LUZIA;ETANOL;28/10/2024;4,39;VIBRA
COMERCIAL MARIVAN LTDA;13179247000169;LUZIA;ETANOL;28/10/2025;4,80;VIBRA
COMERCIAL MARIVAN LTDA;13179247000169;LUZIA;ETANOL;29/04/2025;4,80;VIBRA
COMERCIAL MARIVAN LTDA;13179247000169;LUZIA;ETANOL;29/06/2026;5,50;VIBRA
COMERCIAL MARIVAN LTDA;13179247000169;LUZIA;ETANOL;30/03/2026;5,05;VIBRA
COMERCIAL MARIVAN LTDA;13179247000169;LUZIA;ETANOL;30/06/2025;4,90;VIBRA
COMERCIAL MARIVAN LTDA;13179247000169;LUZIA;ETANOL;30/09/2025;4,90;VIBRA
COMERCIAL MARIVAN LTDA;13179247000169;LUZIA;ETANOL;30/12/2024;4,20;VIBRA
COMERCIAL MARIVAN LTDA;13179247000169;LUZIA;ETANOL;31/03/2025;4,80;VIBRA
COMERCIAL MARIVAN LTDA;13179247000169;LUZIA;GASOLINA;02/06/2026;7,12;VIBRA
COMERCIAL MARIVAN LTDA;13179247000169;LUZIA;GASOLINA;02/09/2025;6,62;VIBRA
COMERCIAL MARIVAN LTDA;13179247000169;LUZIA;GASOLINA;03/02/2025;6,42;VIBRA
COMERCIAL MARIVAN LTDA;13179247000169;LUZIA;GASOLINA;03/03/2025;6,62;VIBRA
COMERCIAL MARIVAN LTDA;13179247000169;LUZIA;GASOLINA;03/06/2025;6,62;VIBRA
COMERCIAL MARIVAN LTDA;13179247000169;LUZIA;GASOLINA;03/12/2024;6,30;VIBRA
COMERCIAL MARIVAN LTDA;13179247000169;LUZIA;GASOLINA;04/03/2026;6,52;VIBRA
COMERCIAL MARIVAN LTDA;13179247000169;LUZIA;GASOLINA;04/05/2026;7,22;VIBRA
COMERCIAL MARIVAN LTDA;13179247000169;LUZIA;GASOLINA;04/11/2024;5,90;VIBRA
COMERCIAL MARIVAN LTDA;13179247000169;LUZIA;GASOLINA;04/11/2025;6,52;VIBRA
COMERCIAL MARIVAN LTDA;13179247000169;LUZIA;GASOLINA;05/05/2025;6,62;VIBRA
COMERCIAL MARIVAN LTDA;13179247000169;LUZIA;GASOLINA;05/08/2025;6,62;VIBRA
COMERCIAL MARIVAN LTDA;13179247000169;LUZIA;GASOLINA;06/01/2025;6,30;VIBRA
COMERCIAL MARIVAN LTDA;13179247000169;LUZIA;GASOLINA;06/10/2025;6,62;VIBRA
COMERCIAL MARIVAN LTDA;13179247000169;LUZIA;GASOLINA;07/04/2026;7,22;VIBRA
COMERCIAL MARIVAN LTDA;13179247000169;LUZIA;GASOLINA;08/04/2025;6,62;VIBRA
COMERCIAL MARIVAN LTDA;13179247000169;LUZIA;GASOLINA;08/06/2026;7,12;VIBRA
COMERCIAL MARIVAN LTDA;13179247000169;LUZIA;GASOLINA;08/07/2025;6,62;VIBRA
COMERCIAL MARIVAN LTDA;13179247000169;LUZIA;GASOLINA;09/03/2026;6,82;VIBRA
COMERCIAL MARIVAN LTDA;13179247000169;LUZIA;GASOLINA;09/06/2025;6,62;VIBRA
COMERCIAL MARIVAN LTDA;13179247000169;LUZIA;GASOLINA;09/09/2025;6,62;VIBRA
COMERCIAL MARIVAN LTDA;13179247000169;LUZIA;GASOLINA;09/12/2024;6,30;VIBRA
COMERCIAL MARIVAN LTDA;13179247000169;LUZIA;GASOLINA;10/02/2026;6,52;VIBRA
COMERCIAL MARIVAN LTDA;13179247000169;LUZIA;GASOLINA;11/02/2025;6,62;VIBRA
COMERCIAL MARIVAN LTDA;13179247000169;LUZIA;GASOLINA;11/03/2025;6,62;VIBRA
COMERCIAL MARIVAN LTDA;13179247000169;LUZIA;GASOLINA;11/11/2024;5,90;VIBRA
COMERCIAL MARIVAN LTDA;13179247000169;LUZIA;GASOLINA;11/11/2025;6,52;VIBRA
COMERCIAL MARIVAN LTDA;13179247000169;LUZIA;GASOLINA;12/05/2025;6,62;VIBRA
COMERCIAL MARIVAN LTDA;13179247000169;LUZIA;GASOLINA;12/05/2026;7,52;VIBRA
COMERCIAL MARIVAN LTDA;13179247000169;LUZIA;GASOLINA;12/08/2025;6,62;VIBRA
COMERCIAL MARIVAN LTDA;13179247000169;LUZIA;GASOLINA;13/01/2025;6,40;VIBRA
COMERCIAL MARIVAN LTDA;13179247000169;LUZIA;GASOLINA;13/10/2025;6,62;VIBRA
COMERCIAL MARIVAN LTDA;13179247000169;LUZIA;GASOLINA;14/04/2026;7,22;VIBRA
COMERCIAL MARIVAN LTDA;13179247000169;LUZIA;GASOLINA;15/04/2025;6,52;VIBRA
COMERCIAL MARIVAN LTDA;13179247000169;LUZIA;GASOLINA;15/07/2025;6,62;VIBRA
COMERCIAL MARIVAN LTDA;13179247000169;LUZIA;GASOLINA;15/10/2024;6,20;VIBRA
COMERCIAL MARIVAN LTDA;13179247000169;LUZIA;GASOLINA;16/06/2025;6,62;VIBRA
COMERCIAL MARIVAN LTDA;13179247000169;LUZIA;GASOLINA;16/06/2026;7,12;VIBRA
COMERCIAL MARIVAN LTDA;13179247000169;LUZIA;GASOLINA;16/09/2025;6,62;VIBRA
COMERCIAL MARIVAN LTDA;13179247000169;LUZIA;GASOLINA;16/12/2024;6,30;VIBRA
COMERCIAL MARIVAN LTDA;13179247000169;LUZIA;GASOLINA;18/02/2025;6,62;VIBRA
COMERCIAL MARIVAN LTDA;13179247000169;LUZIA;GASOLINA;18/03/2025;6,62;VIBRA
COMERCIAL MARIVAN LTDA;13179247000169;LUZIA;GASOLINA;18/05/2026;7,52;VIBRA
COMERCIAL MARIVAN LTDA;13179247000169;LUZIA;GASOLINA;18/11/2024;6,30;VIBRA
COMERCIAL MARIVAN LTDA;13179247000169;LUZIA;GASOLINA;18/11/2025;6,52;VIBRA
COMERCIAL MARIVAN LTDA;13179247000169;LUZIA;GASOLINA;19/05/2025;6,62;VIBRA
COMERCIAL MARIVAN LTDA;13179247000169;LUZIA;GASOLINA;19/08/2025;6,62;VIBRA
COMERCIAL MARIVAN LTDA;13179247000169;LUZIA;GASOLINA;20/01/2025;6,42;VIBRA
COMERCIAL MARIVAN LTDA;13179247000169;LUZIA;GASOLINA;20/03/2026;6,92;VIBRA
COMERCIAL MARIVAN LTDA;13179247000169;LUZIA;GASOLINA;20/10/2025;6,62;VIBRA
COMERCIAL MARIVAN LTDA;13179247000169;LUZIA;GASOLINA;21/10/2024;5,90;VIBRA
COMERCIAL MARIVAN LTDA;13179247000169;LUZIA;GASOLINA;22/04/2025;6,52;VIBRA
COMERCIAL MARIVAN LTDA;13179247000169;LUZIA;GASOLINA;22/07/2025;6,62;VIBRA
COMERCIAL MARIVAN LTDA;13179247000169;LUZIA;GASOLINA;22/09/2025;6,62;VIBRA
COMERCIAL MARIVAN LTDA;13179247000169;LUZIA;GASOLINA;23/06/2026;7,12;VIBRA
COMERCIAL MARIVAN LTDA;13179247000169;LUZIA;GASOLINA;23/12/2024;6,30;VIBRA
COMERCIAL MARIVAN LTDA;13179247000169;LUZIA;GASOLINA;24/02/2026;6,52;VIBRA
COMERCIAL MARIVAN LTDA;13179247000169;LUZIA;GASOLINA;24/03/2026;7,22;VIBRA
COMERCIAL MARIVAN LTDA;13179247000169;LUZIA;GASOLINA;24/04/2026;7,22;VIBRA
COMERCIAL MARIVAN LTDA;13179247000169;LUZIA;GASOLINA;24/06/2025;6,62;VIBRA
COMERCIAL MARIVAN LTDA;13179247000169;LUZIA;GASOLINA;25/02/2025;6,62;VIBRA
COMERCIAL MARIVAN LTDA;13179247000169;LUZIA;GASOLINA;25/03/2025;6,62;VIBRA
COMERCIAL MARIVAN LTDA;13179247000169;LUZIA;GASOLINA;25/11/2024;6,30;VIBRA
COMERCIAL MARIVAN LTDA;13179247000169;LUZIA;GASOLINA;25/11/2025;6,52;VIBRA
COMERCIAL MARIVAN LTDA;13179247000169;LUZIA;GASOLINA;26/05/2026;7,12;VIBRA
COMERCIAL MARIVAN LTDA;13179247000169;LUZIA;GASOLINA;27/04/2026;7,22;VIBRA
COMERCIAL MARIVAN LTDA;13179247000169;LUZIA;GASOLINA;27/05/2025;6,62;VIBRA
COMERCIAL MARIVAN LTDA;13179247000169;LUZIA;GASOLINA;27/08/2025;6,62;VIBRA
COMERCIAL MARIVAN LTDA;13179247000169;LUZIA;GASOLINA;28/01/2025;6,42;VIBRA
COMERCIAL MARIVAN LTDA;13179247000169;LUZIA;GASOLINA;28/07/2025;6,62;VIBRA
COMERCIAL MARIVAN LTDA;13179247000169;LUZIA;GASOLINA;28/10/2024;5,90;VIBRA
COMERCIAL MARIVAN LTDA;13179247000169;LUZIA;GASOLINA;28/10/2025;6,52;VIBRA
COMERCIAL MARIVAN LTDA;13179247000169;LUZIA;GASOLINA;29/04/2025;6,52;VIBRA
COMERCIAL MARIVAN LTDA;13179247000169;LUZIA;GASOLINA;29/06/2026;7,12;VIBRA
COMERCIAL MARIVAN LTDA;13179247000169;LUZIA;GASOLINA;30/03/2026;7,22;VIBRA
COMERCIAL MARIVAN LTDA;13179247000169;LUZIA;GASOLINA;30/06/2025;6,62;VIBRA
COMERCIAL MARIVAN LTDA;13179247000169;LUZIA;GASOLINA;30/09/2025;6,62;VIBRA
COMERCIAL MARIVAN LTDA;13179247000169;LUZIA;GASOLINA;30/12/2024;6,30;VIBRA
COMERCIAL MARIVAN LTDA;13179247000169;LUZIA;GASOLINA;31/03/2025;6,62;VIBRA
COMERCIAL MARIVAN LTDA;13179247000169;LUZIA;GASOLINA ADITIVADA;02/06/2026;7,22;VIBRA
COMERCIAL MARIVAN LTDA;13179247000169;LUZIA;GASOLINA ADITIVADA;02/09/2025;6,69;VIBRA
COMERCIAL MARIVAN LTDA;13179247000169;LUZIA;GASOLINA ADITIVADA;03/02/2025;6,49;VIBRA
COMERCIAL MARIVAN LTDA;13179247000169;LUZIA;GASOLINA ADITIVADA;03/03/2025;6,69;VIBRA
COMERCIAL MARIVAN LTDA;13179247000169;LUZIA;GASOLINA ADITIVADA;03/06/2025;6,69;VIBRA
COMERCIAL MARIVAN LTDA;13179247000169;LUZIA;GASOLINA ADITIVADA;03/12/2024;6,37;VIBRA
COMERCIAL MARIVAN LTDA;13179247000169;LUZIA;GASOLINA ADITIVADA;04/05/2026;7,29;VIBRA
COMERCIAL MARIVAN LTDA;13179247000169;LUZIA;GASOLINA ADITIVADA;04/11/2024;5,97;VIBRA
COMERCIAL MARIVAN LTDA;13179247000169;LUZIA;GASOLINA ADITIVADA;04/11/2025;6,59;VIBRA
COMERCIAL MARIVAN LTDA;13179247000169;LUZIA;GASOLINA ADITIVADA;05/05/2025;6,69;VIBRA
COMERCIAL MARIVAN LTDA;13179247000169;LUZIA;GASOLINA ADITIVADA;05/08/2025;6,69;VIBRA
COMERCIAL MARIVAN LTDA;13179247000169;LUZIA;GASOLINA ADITIVADA;06/01/2025;6,37;VIBRA
COMERCIAL MARIVAN LTDA;13179247000169;LUZIA;GASOLINA ADITIVADA;06/10/2025;6,69;VIBRA
COMERCIAL MARIVAN LTDA;13179247000169;LUZIA;GASOLINA ADITIVADA;07/04/2026;7,29;VIBRA
COMERCIAL MARIVAN LTDA;13179247000169;LUZIA;GASOLINA ADITIVADA;08/04/2025;6,69;VIBRA
COMERCIAL MARIVAN LTDA;13179247000169;LUZIA;GASOLINA ADITIVADA;08/06/2026;7,22;VIBRA
COMERCIAL MARIVAN LTDA;13179247000169;LUZIA;GASOLINA ADITIVADA;08/07/2025;6,69;VIBRA
COMERCIAL MARIVAN LTDA;13179247000169;LUZIA;GASOLINA ADITIVADA;09/03/2026;6,82;VIBRA
COMERCIAL MARIVAN LTDA;13179247000169;LUZIA;GASOLINA ADITIVADA;09/06/2025;6,69;VIBRA
COMERCIAL MARIVAN LTDA;13179247000169;LUZIA;GASOLINA ADITIVADA;09/09/2025;6,69;VIBRA
COMERCIAL MARIVAN LTDA;13179247000169;LUZIA;GASOLINA ADITIVADA;09/12/2024;6,37;VIBRA
COMERCIAL MARIVAN LTDA;13179247000169;LUZIA;GASOLINA ADITIVADA;11/02/2025;6,69;VIBRA
COMERCIAL MARIVAN LTDA;13179247000169;LUZIA;GASOLINA ADITIVADA;11/03/2025;6,69;VIBRA
COMERCIAL MARIVAN LTDA;13179247000169;LUZIA;GASOLINA ADITIVADA;11/11/2024;5,97;VIBRA
COMERCIAL MARIVAN LTDA;13179247000169;LUZIA;GASOLINA ADITIVADA;11/11/2025;6,59;VIBRA
COMERCIAL MARIVAN LTDA;13179247000169;LUZIA;GASOLINA ADITIVADA;12/05/2025;6,69;VIBRA
COMERCIAL MARIVAN LTDA;13179247000169;LUZIA;GASOLINA ADITIVADA;12/05/2026;7,59;VIBRA
COMERCIAL MARIVAN LTDA;13179247000169;LUZIA;GASOLINA ADITIVADA;12/08/2025;6,69;VIBRA
COMERCIAL MARIVAN LTDA;13179247000169;LUZIA;GASOLINA ADITIVADA;13/01/2025;6,49;VIBRA
COMERCIAL MARIVAN LTDA;13179247000169;LUZIA;GASOLINA ADITIVADA;13/10/2025;6,69;VIBRA
COMERCIAL MARIVAN LTDA;13179247000169;LUZIA;GASOLINA ADITIVADA;14/04/2026;7,29;VIBRA
COMERCIAL MARIVAN LTDA;13179247000169;LUZIA;GASOLINA ADITIVADA;15/04/2025;6,59;VIBRA
COMERCIAL MARIVAN LTDA;13179247000169;LUZIA;GASOLINA ADITIVADA;15/07/2025;6,69;VIBRA
COMERCIAL MARIVAN LTDA;13179247000169;LUZIA;GASOLINA ADITIVADA;15/10/2024;6,27;VIBRA
COMERCIAL MARIVAN LTDA;13179247000169;LUZIA;GASOLINA ADITIVADA;16/06/2025;6,69;VIBRA
COMERCIAL MARIVAN LTDA;13179247000169;LUZIA;GASOLINA ADITIVADA;16/06/2026;7,24;VIBRA
COMERCIAL MARIVAN LTDA;13179247000169;LUZIA;GASOLINA ADITIVADA;16/09/2025;6,69;VIBRA
COMERCIAL MARIVAN LTDA;13179247000169;LUZIA;GASOLINA ADITIVADA;16/12/2024;6,37;VIBRA
COMERCIAL MARIVAN LTDA;13179247000169;LUZIA;GASOLINA ADITIVADA;18/02/2025;6,69;VIBRA
COMERCIAL MARIVAN LTDA;13179247000169;LUZIA;GASOLINA ADITIVADA;18/03/2025;6,69;VIBRA
COMERCIAL MARIVAN LTDA;13179247000169;LUZIA;GASOLINA ADITIVADA;18/05/2026;7,59;VIBRA
COMERCIAL MARIVAN LTDA;13179247000169;LUZIA;GASOLINA ADITIVADA;18/11/2024;6,37;VIBRA
COMERCIAL MARIVAN LTDA;13179247000169;LUZIA;GASOLINA ADITIVADA;18/11/2025;6,59;VIBRA
COMERCIAL MARIVAN LTDA;13179247000169;LUZIA;GASOLINA ADITIVADA;19/05/2025;6,69;VIBRA
COMERCIAL MARIVAN LTDA;13179247000169;LUZIA;GASOLINA ADITIVADA;19/08/2025;6,62;VIBRA
COMERCIAL MARIVAN LTDA;13179247000169;LUZIA;GASOLINA ADITIVADA;20/01/2025;6,49;VIBRA
COMERCIAL MARIVAN LTDA;13179247000169;LUZIA;GASOLINA ADITIVADA;20/03/2026;6,99;VIBRA
COMERCIAL MARIVAN LTDA;13179247000169;LUZIA;GASOLINA ADITIVADA;20/10/2025;6,69;VIBRA
COMERCIAL MARIVAN LTDA;13179247000169;LUZIA;GASOLINA ADITIVADA;21/10/2024;5,97;VIBRA
COMERCIAL MARIVAN LTDA;13179247000169;LUZIA;GASOLINA ADITIVADA;22/04/2025;6,59;VIBRA
COMERCIAL MARIVAN LTDA;13179247000169;LUZIA;GASOLINA ADITIVADA;22/07/2025;6,69;VIBRA
COMERCIAL MARIVAN LTDA;13179247000169;LUZIA;GASOLINA ADITIVADA;22/09/2025;6,69;VIBRA
COMERCIAL MARIVAN LTDA;13179247000169;LUZIA;GASOLINA ADITIVADA;23/06/2026;7,24;VIBRA
COMERCIAL MARIVAN LTDA;13179247000169;LUZIA;GASOLINA ADITIVADA;23/12/2024;6,37;VIBRA
COMERCIAL MARIVAN LTDA;13179247000169;LUZIA;GASOLINA ADITIVADA;24/02/2026;6,52;VIBRA
COMERCIAL MARIVAN LTDA;13179247000169;LUZIA;GASOLINA ADITIVADA;24/03/2026;7,29;VIBRA
COMERCIAL MARIVAN LTDA;13179247000169;LUZIA;GASOLINA ADITIVADA;24/04/2026;7,29;VIBRA
COMERCIAL MARIVAN LTDA;13179247000169;LUZIA;GASOLINA ADITIVADA;24/06/2025;6,69;VIBRA
COMERCIAL MARIVAN LTDA;13179247000169;LUZIA;GASOLINA ADITIVADA;25/02/2025;6,69;VIBRA
COMERCIAL MARIVAN LTDA;13179247000169;LUZIA;GASOLINA ADITIVADA;25/03/2025;6,69;VIBRA
COMERCIAL MARIVAN LTDA;13179247000169;LUZIA;GASOLINA ADITIVADA;25/11/2024;6,37;VIBRA
COMERCIAL MARIVAN LTDA;13179247000169;LUZIA;GASOLINA ADITIVADA;25/11/2025;6,59;VIBRA
COMERCIAL MARIVAN LTDA;13179247000169;LUZIA;GASOLINA ADITIVADA;26/05/2026;7,22;VIBRA
COMERCIAL MARIVAN LTDA;13179247000169;LUZIA;GASOLINA ADITIVADA;27/04/2026;7,29;VIBRA
COMERCIAL MARIVAN LTDA;13179247000169;LUZIA;GASOLINA ADITIVADA;27/05/2025;6,69;VIBRA
COMERCIAL MARIVAN LTDA;13179247000169;LUZIA;GASOLINA ADITIVADA;27/08/2025;6,69;VIBRA
COMERCIAL MARIVAN LTDA;13179247000169;LUZIA;GASOLINA ADITIVADA;28/01/2025;6,49;VIBRA
COMERCIAL MARIVAN LTDA;13179247000169;LUZIA;GASOLINA ADITIVADA;28/07/2025;6,69;VIBRA
COMERCIAL MARIVAN LTDA;13179247000169;LUZIA;GASOLINA ADITIVADA;28/10/2024;5,97;VIBRA
COMERCIAL MARIVAN LTDA;13179247000169;LUZIA;GASOLINA ADITIVADA;28/10/2025;6,59;VIBRA
COMERCIAL MARIVAN LTDA;13179247000169;LUZIA;GASOLINA ADITIVADA;29/04/2025;6,59;VIBRA
COMERCIAL MARIVAN LTDA;13179247000169;LUZIA;GASOLINA ADITIVADA;29/06/2026;7,24;VIBRA
COMERCIAL MARIVAN LTDA;13179247000169;LUZIA;GASOLINA ADITIVADA;30/03/2026;7,29;VIBRA
COMERCIAL MARIVAN LTDA;13179247000169;LUZIA;GASOLINA ADITIVADA;30/06/2025;6,69;VIBRA
COMERCIAL MARIVAN LTDA;13179247000169;LUZIA;GASOLINA ADITIVADA;30/09/2025;6,69;VIBRA
COMERCIAL MARIVAN LTDA;13179247000169;LUZIA;GASOLINA ADITIVADA;30/12/2024;6,37;VIBRA
COMERCIAL MARIVAN LTDA;13179247000169;LUZIA;GASOLINA ADITIVADA;31/03/2025;6,69;VIBRA
LUBRIFICANTES E ACESSÓRIOS LTDA.;13257050000109;13 DE JULHO;ETANOL;02/06/2026;5,50;VIBRA
LUBRIFICANTES E ACESSÓRIOS LTDA.;13257050000109;13 DE JULHO;ETANOL;02/09/2025;4,99;VIBRA
LUBRIFICANTES E ACESSÓRIOS LTDA.;13257050000109;13 DE JULHO;ETANOL;03/02/2025;4,83;VIBRA
LUBRIFICANTES E ACESSÓRIOS LTDA.;13257050000109;13 DE JULHO;ETANOL;03/03/2025;4,89;VIBRA
LUBRIFICANTES E ACESSÓRIOS LTDA.;13257050000109;13 DE JULHO;ETANOL;03/06/2025;4,99;VIBRA
LUBRIFICANTES E ACESSÓRIOS LTDA.;13257050000109;13 DE JULHO;ETANOL;03/12/2024;4,30;VIBRA
LUBRIFICANTES E ACESSÓRIOS LTDA.;13257050000109;13 DE JULHO;ETANOL;04/03/2026;4,87;VIBRA
LUBRIFICANTES E ACESSÓRIOS LTDA.;13257050000109;13 DE JULHO;ETANOL;04/11/2024;4,50;VIBRA
LUBRIFICANTES E ACESSÓRIOS LTDA.;13257050000109;13 DE JULHO;ETANOL;05/05/2025;4,92;VIBRA
LUBRIFICANTES E ACESSÓRIOS LTDA.;13257050000109;13 DE JULHO;ETANOL;05/08/2025;4,99;VIBRA
LUBRIFICANTES E ACESSÓRIOS LTDA.;13257050000109;13 DE JULHO;ETANOL;05/11/2025;4,99;VIBRA
LUBRIFICANTES E ACESSÓRIOS LTDA.;13257050000109;13 DE JULHO;ETANOL;06/01/2025;4,30;VIBRA
LUBRIFICANTES E ACESSÓRIOS LTDA.;13257050000109;13 DE JULHO;ETANOL;06/10/2025;4,99;VIBRA
LUBRIFICANTES E ACESSÓRIOS LTDA.;13257050000109;13 DE JULHO;ETANOL;07/04/2026;5,17;VIBRA
LUBRIFICANTES E ACESSÓRIOS LTDA.;13257050000109;13 DE JULHO;ETANOL;08/04/2025;4,89;VIBRA
LUBRIFICANTES E ACESSÓRIOS LTDA.;13257050000109;13 DE JULHO;ETANOL;08/06/2026;5,50;VIBRA
LUBRIFICANTES E ACESSÓRIOS LTDA.;13257050000109;13 DE JULHO;ETANOL;08/07/2025;4,99;VIBRA
LUBRIFICANTES E ACESSÓRIOS LTDA.;13257050000109;13 DE JULHO;ETANOL;09/03/2026;4,95;VIBRA
LUBRIFICANTES E ACESSÓRIOS LTDA.;13257050000109;13 DE JULHO;ETANOL;09/06/2025;4,99;VIBRA
LUBRIFICANTES E ACESSÓRIOS LTDA.;13257050000109;13 DE JULHO;ETANOL;09/09/2025;4,99;VIBRA
LUBRIFICANTES E ACESSÓRIOS LTDA.;13257050000109;13 DE JULHO;ETANOL;09/12/2024;4,30;VIBRA
LUBRIFICANTES E ACESSÓRIOS LTDA.;13257050000109;13 DE JULHO;ETANOL;10/02/2026;4,95;VIBRA
LUBRIFICANTES E ACESSÓRIOS LTDA.;13257050000109;13 DE JULHO;ETANOL;11/02/2025;4,83;VIBRA
LUBRIFICANTES E ACESSÓRIOS LTDA.;13257050000109;13 DE JULHO;ETANOL;11/03/2025;4,89;VIBRA
LUBRIFICANTES E ACESSÓRIOS LTDA.;13257050000109;13 DE JULHO;ETANOL;11/11/2024;4,50;VIBRA
LUBRIFICANTES E ACESSÓRIOS LTDA.;13257050000109;13 DE JULHO;ETANOL;11/11/2025;4,80;VIBRA
LUBRIFICANTES E ACESSÓRIOS LTDA.;13257050000109;13 DE JULHO;ETANOL;12/05/2025;4,92;VIBRA
LUBRIFICANTES E ACESSÓRIOS LTDA.;13257050000109;13 DE JULHO;ETANOL;12/05/2026;5,50;VIBRA
LUBRIFICANTES E ACESSÓRIOS LTDA.;13257050000109;13 DE JULHO;ETANOL;12/08/2025;4,99;VIBRA
LUBRIFICANTES E ACESSÓRIOS LTDA.;13257050000109;13 DE JULHO;ETANOL;13/01/2025;4,40;VIBRA
LUBRIFICANTES E ACESSÓRIOS LTDA.;13257050000109;13 DE JULHO;ETANOL;13/01/2026;4,80;VIBRA
LUBRIFICANTES E ACESSÓRIOS LTDA.;13257050000109;13 DE JULHO;ETANOL;13/10/2025;4,99;VIBRA
LUBRIFICANTES E ACESSÓRIOS LTDA.;13257050000109;13 DE JULHO;ETANOL;14/04/2026;5,50;VIBRA
LUBRIFICANTES E ACESSÓRIOS LTDA.;13257050000109;13 DE JULHO;ETANOL;15/04/2025;4,89;VIBRA
LUBRIFICANTES E ACESSÓRIOS LTDA.;13257050000109;13 DE JULHO;ETANOL;15/07/2025;4,99;VIBRA
LUBRIFICANTES E ACESSÓRIOS LTDA.;13257050000109;13 DE JULHO;ETANOL;16/06/2025;4,99;VIBRA
LUBRIFICANTES E ACESSÓRIOS LTDA.;13257050000109;13 DE JULHO;ETANOL;16/06/2026;5,50;VIBRA
LUBRIFICANTES E ACESSÓRIOS LTDA.;13257050000109;13 DE JULHO;ETANOL;16/12/2024;4,30;VIBRA
LUBRIFICANTES E ACESSÓRIOS LTDA.;13257050000109;13 DE JULHO;ETANOL;17/09/2025;4,99;VIBRA
LUBRIFICANTES E ACESSÓRIOS LTDA.;13257050000109;13 DE JULHO;ETANOL;18/02/2025;4,89;VIBRA
LUBRIFICANTES E ACESSÓRIOS LTDA.;13257050000109;13 DE JULHO;ETANOL;18/03/2025;4,89;VIBRA
LUBRIFICANTES E ACESSÓRIOS LTDA.;13257050000109;13 DE JULHO;ETANOL;18/05/2026;5,50;VIBRA
LUBRIFICANTES E ACESSÓRIOS LTDA.;13257050000109;13 DE JULHO;ETANOL;18/11/2024;4,50;VIBRA
LUBRIFICANTES E ACESSÓRIOS LTDA.;13257050000109;13 DE JULHO;ETANOL;18/11/2025;4,80;VIBRA
LUBRIFICANTES E ACESSÓRIOS LTDA.;13257050000109;13 DE JULHO;ETANOL;19/05/2025;4,99;VIBRA
LUBRIFICANTES E ACESSÓRIOS LTDA.;13257050000109;13 DE JULHO;ETANOL;19/08/2025;4,99;VIBRA
LUBRIFICANTES E ACESSÓRIOS LTDA.;13257050000109;13 DE JULHO;ETANOL;20/01/2025;4,60;VIBRA
LUBRIFICANTES E ACESSÓRIOS LTDA.;13257050000109;13 DE JULHO;ETANOL;20/10/2025;4,99;VIBRA
LUBRIFICANTES E ACESSÓRIOS LTDA.;13257050000109;13 DE JULHO;ETANOL;22/07/2025;4,99;VIBRA
LUBRIFICANTES E ACESSÓRIOS LTDA.;13257050000109;13 DE JULHO;ETANOL;22/09/2025;4,99;VIBRA
LUBRIFICANTES E ACESSÓRIOS LTDA.;13257050000109;13 DE JULHO;ETANOL;23/06/2026;5,50;VIBRA
LUBRIFICANTES E ACESSÓRIOS LTDA.;13257050000109;13 DE JULHO;ETANOL;23/12/2024;4,30;VIBRA
LUBRIFICANTES E ACESSÓRIOS LTDA.;13257050000109;13 DE JULHO;ETANOL;24/02/2026;4,87;VIBRA
LUBRIFICANTES E ACESSÓRIOS LTDA.;13257050000109;13 DE JULHO;ETANOL;24/03/2026;5,05;VIBRA
LUBRIFICANTES E ACESSÓRIOS LTDA.;13257050000109;13 DE JULHO;ETANOL;24/04/2026;5,50;VIBRA
LUBRIFICANTES E ACESSÓRIOS LTDA.;13257050000109;13 DE JULHO;ETANOL;24/06/2025;4,99;VIBRA
LUBRIFICANTES E ACESSÓRIOS LTDA.;13257050000109;13 DE JULHO;ETANOL;25/02/2025;4,89;VIBRA
LUBRIFICANTES E ACESSÓRIOS LTDA.;13257050000109;13 DE JULHO;ETANOL;25/03/2025;4,89;VIBRA
LUBRIFICANTES E ACESSÓRIOS LTDA.;13257050000109;13 DE JULHO;ETANOL;25/11/2024;4,50;VIBRA
LUBRIFICANTES E ACESSÓRIOS LTDA.;13257050000109;13 DE JULHO;ETANOL;25/11/2025;4,80;VIBRA
LUBRIFICANTES E ACESSÓRIOS LTDA.;13257050000109;13 DE JULHO;ETANOL;26/05/2026;5,50;VIBRA
LUBRIFICANTES E ACESSÓRIOS LTDA.;13257050000109;13 DE JULHO;ETANOL;27/04/2026;5,50;VIBRA
LUBRIFICANTES E ACESSÓRIOS LTDA.;13257050000109;13 DE JULHO;ETANOL;27/05/2025;4,99;VIBRA
LUBRIFICANTES E ACESSÓRIOS LTDA.;13257050000109;13 DE JULHO;ETANOL;27/08/2025;4,99;VIBRA
LUBRIFICANTES E ACESSÓRIOS LTDA.;13257050000109;13 DE JULHO;ETANOL;28/01/2025;4,75;VIBRA
LUBRIFICANTES E ACESSÓRIOS LTDA.;13257050000109;13 DE JULHO;ETANOL;28/07/2025;4,99;VIBRA
LUBRIFICANTES E ACESSÓRIOS LTDA.;13257050000109;13 DE JULHO;ETANOL;29/04/2025;4,92;VIBRA
LUBRIFICANTES E ACESSÓRIOS LTDA.;13257050000109;13 DE JULHO;ETANOL;29/06/2026;5,50;VIBRA
LUBRIFICANTES E ACESSÓRIOS LTDA.;13257050000109;13 DE JULHO;ETANOL;29/10/2025;4,99;VIBRA
LUBRIFICANTES E ACESSÓRIOS LTDA.;13257050000109;13 DE JULHO;ETANOL;30/03/2026;5,05;VIBRA
LUBRIFICANTES E ACESSÓRIOS LTDA.;13257050000109;13 DE JULHO;ETANOL;30/06/2025;4,99;VIBRA
LUBRIFICANTES E ACESSÓRIOS LTDA.;13257050000109;13 DE JULHO;ETANOL;30/09/2025;4,99;VIBRA
LUBRIFICANTES E ACESSÓRIOS LTDA.;13257050000109;13 DE JULHO;ETANOL;30/12/2024;4,30;VIBRA
LUBRIFICANTES E ACESSÓRIOS LTDA.;13257050000109;13 DE JULHO;ETANOL;31/03/2025;4,89;VIBRA
LUBRIFICANTES E ACESSÓRIOS LTDA.;13257050000109;13 DE JULHO;GASOLINA;02/06/2026;7,12;VIBRA
LUBRIFICANTES E ACESSÓRIOS LTDA.;13257050000109;13 DE JULHO;GASOLINA;02/09/2025;6,62;VIBRA
LUBRIFICANTES E ACESSÓRIOS LTDA.;13257050000109;13 DE JULHO;GASOLINA;03/02/2025;6,51;VIBRA
LUBRIFICANTES E ACESSÓRIOS LTDA.;13257050000109;13 DE JULHO;GASOLINA;03/03/2025;6,62;VIBRA
LUBRIFICANTES E ACESSÓRIOS LTDA.;13257050000109;13 DE JULHO;GASOLINA;03/06/2025;6,62;VIBRA
LUBRIFICANTES E ACESSÓRIOS LTDA.;13257050000109;13 DE JULHO;GASOLINA;03/12/2024;6,30;VIBRA
LUBRIFICANTES E ACESSÓRIOS LTDA.;13257050000109;13 DE JULHO;GASOLINA;04/03/2026;6,52;VIBRA
LUBRIFICANTES E ACESSÓRIOS LTDA.;13257050000109;13 DE JULHO;GASOLINA;04/11/2024;5,90;VIBRA
LUBRIFICANTES E ACESSÓRIOS LTDA.;13257050000109;13 DE JULHO;GASOLINA;05/05/2025;6,62;VIBRA
LUBRIFICANTES E ACESSÓRIOS LTDA.;13257050000109;13 DE JULHO;GASOLINA;05/08/2025;6,62;VIBRA
LUBRIFICANTES E ACESSÓRIOS LTDA.;13257050000109;13 DE JULHO;GASOLINA;05/11/2025;6,52;VIBRA
LUBRIFICANTES E ACESSÓRIOS LTDA.;13257050000109;13 DE JULHO;GASOLINA;06/01/2025;6,30;VIBRA
LUBRIFICANTES E ACESSÓRIOS LTDA.;13257050000109;13 DE JULHO;GASOLINA;06/10/2025;6,62;VIBRA
LUBRIFICANTES E ACESSÓRIOS LTDA.;13257050000109;13 DE JULHO;GASOLINA;07/04/2026;7,22;VIBRA
LUBRIFICANTES E ACESSÓRIOS LTDA.;13257050000109;13 DE JULHO;GASOLINA;08/04/2025;6,62;VIBRA
LUBRIFICANTES E ACESSÓRIOS LTDA.;13257050000109;13 DE JULHO;GASOLINA;08/06/2026;7,12;VIBRA
LUBRIFICANTES E ACESSÓRIOS LTDA.;13257050000109;13 DE JULHO;GASOLINA;08/07/2025;6,62;VIBRA
LUBRIFICANTES E ACESSÓRIOS LTDA.;13257050000109;13 DE JULHO;GASOLINA;09/03/2026;6,82;VIBRA
LUBRIFICANTES E ACESSÓRIOS LTDA.;13257050000109;13 DE JULHO;GASOLINA;09/06/2025;6,62;VIBRA
LUBRIFICANTES E ACESSÓRIOS LTDA.;13257050000109;13 DE JULHO;GASOLINA;09/09/2025;6,62;VIBRA
LUBRIFICANTES E ACESSÓRIOS LTDA.;13257050000109;13 DE JULHO;GASOLINA;09/12/2024;6,30;VIBRA
LUBRIFICANTES E ACESSÓRIOS LTDA.;13257050000109;13 DE JULHO;GASOLINA;10/02/2026;6,52;VIBRA
LUBRIFICANTES E ACESSÓRIOS LTDA.;13257050000109;13 DE JULHO;GASOLINA;11/02/2025;6,62;VIBRA
LUBRIFICANTES E ACESSÓRIOS LTDA.;13257050000109;13 DE JULHO;GASOLINA;11/03/2025;6,62;VIBRA
LUBRIFICANTES E ACESSÓRIOS LTDA.;13257050000109;13 DE JULHO;GASOLINA;11/11/2024;5,90;VIBRA
LUBRIFICANTES E ACESSÓRIOS LTDA.;13257050000109;13 DE JULHO;GASOLINA;11/11/2025;6,52;VIBRA
LUBRIFICANTES E ACESSÓRIOS LTDA.;13257050000109;13 DE JULHO;GASOLINA;12/05/2025;6,62;VIBRA
LUBRIFICANTES E ACESSÓRIOS LTDA.;13257050000109;13 DE JULHO;GASOLINA;12/05/2026;7,52;VIBRA
LUBRIFICANTES E ACESSÓRIOS LTDA.;13257050000109;13 DE JULHO;GASOLINA;12/08/2025;6,62;VIBRA
LUBRIFICANTES E ACESSÓRIOS LTDA.;13257050000109;13 DE JULHO;GASOLINA;13/01/2025;6,42;VIBRA
LUBRIFICANTES E ACESSÓRIOS LTDA.;13257050000109;13 DE JULHO;GASOLINA;13/01/2026;6,52;VIBRA
LUBRIFICANTES E ACESSÓRIOS LTDA.;13257050000109;13 DE JULHO;GASOLINA;13/10/2025;6,62;VIBRA
LUBRIFICANTES E ACESSÓRIOS LTDA.;13257050000109;13 DE JULHO;GASOLINA;14/04/2026;7,22;VIBRA
LUBRIFICANTES E ACESSÓRIOS LTDA.;13257050000109;13 DE JULHO;GASOLINA;15/04/2025;6,52;VIBRA
LUBRIFICANTES E ACESSÓRIOS LTDA.;13257050000109;13 DE JULHO;GASOLINA;15/07/2025;6,62;VIBRA
LUBRIFICANTES E ACESSÓRIOS LTDA.;13257050000109;13 DE JULHO;GASOLINA;16/06/2025;6,62;VIBRA
LUBRIFICANTES E ACESSÓRIOS LTDA.;13257050000109;13 DE JULHO;GASOLINA;16/06/2026;7,12;VIBRA
LUBRIFICANTES E ACESSÓRIOS LTDA.;13257050000109;13 DE JULHO;GASOLINA;16/12/2024;6,30;VIBRA
LUBRIFICANTES E ACESSÓRIOS LTDA.;13257050000109;13 DE JULHO;GASOLINA;17/09/2025;6,62;VIBRA
LUBRIFICANTES E ACESSÓRIOS LTDA.;13257050000109;13 DE JULHO;GASOLINA;18/02/2025;6,62;VIBRA
LUBRIFICANTES E ACESSÓRIOS LTDA.;13257050000109;13 DE JULHO;GASOLINA;18/03/2025;6,62;VIBRA
LUBRIFICANTES E ACESSÓRIOS LTDA.;13257050000109;13 DE JULHO;GASOLINA;18/05/2026;7,52;VIBRA
LUBRIFICANTES E ACESSÓRIOS LTDA.;13257050000109;13 DE JULHO;GASOLINA;18/11/2024;6,30;VIBRA
LUBRIFICANTES E ACESSÓRIOS LTDA.;13257050000109;13 DE JULHO;GASOLINA;18/11/2025;6,52;VIBRA
LUBRIFICANTES E ACESSÓRIOS LTDA.;13257050000109;13 DE JULHO;GASOLINA;19/05/2025;6,62;VIBRA
LUBRIFICANTES E ACESSÓRIOS LTDA.;13257050000109;13 DE JULHO;GASOLINA;19/08/2025;6,62;VIBRA
LUBRIFICANTES E ACESSÓRIOS LTDA.;13257050000109;13 DE JULHO;GASOLINA;20/01/2025;6,42;VIBRA
LUBRIFICANTES E ACESSÓRIOS LTDA.;13257050000109;13 DE JULHO;GASOLINA;20/10/2025;6,62;VIBRA
LUBRIFICANTES E ACESSÓRIOS LTDA.;13257050000109;13 DE JULHO;GASOLINA;22/07/2025;6,62;VIBRA
LUBRIFICANTES E ACESSÓRIOS LTDA.;13257050000109;13 DE JULHO;GASOLINA;22/09/2025;6,62;VIBRA
LUBRIFICANTES E ACESSÓRIOS LTDA.;13257050000109;13 DE JULHO;GASOLINA;23/06/2026;7,12;VIBRA
LUBRIFICANTES E ACESSÓRIOS LTDA.;13257050000109;13 DE JULHO;GASOLINA;23/12/2024;6,30;VIBRA
LUBRIFICANTES E ACESSÓRIOS LTDA.;13257050000109;13 DE JULHO;GASOLINA;24/02/2026;6,52;VIBRA
LUBRIFICANTES E ACESSÓRIOS LTDA.;13257050000109;13 DE JULHO;GASOLINA;24/03/2026;7,22;VIBRA
LUBRIFICANTES E ACESSÓRIOS LTDA.;13257050000109;13 DE JULHO;GASOLINA;24/04/2026;7,22;VIBRA
LUBRIFICANTES E ACESSÓRIOS LTDA.;13257050000109;13 DE JULHO;GASOLINA;24/06/2025;6,62;VIBRA
LUBRIFICANTES E ACESSÓRIOS LTDA.;13257050000109;13 DE JULHO;GASOLINA;25/02/2025;6,62;VIBRA
LUBRIFICANTES E ACESSÓRIOS LTDA.;13257050000109;13 DE JULHO;GASOLINA;25/03/2025;6,62;VIBRA
LUBRIFICANTES E ACESSÓRIOS LTDA.;13257050000109;13 DE JULHO;GASOLINA;25/11/2024;6,30;VIBRA
LUBRIFICANTES E ACESSÓRIOS LTDA.;13257050000109;13 DE JULHO;GASOLINA;25/11/2025;6,52;VIBRA
LUBRIFICANTES E ACESSÓRIOS LTDA.;13257050000109;13 DE JULHO;GASOLINA;26/05/2026;7,12;VIBRA
LUBRIFICANTES E ACESSÓRIOS LTDA.;13257050000109;13 DE JULHO;GASOLINA;27/04/2026;7,22;VIBRA
LUBRIFICANTES E ACESSÓRIOS LTDA.;13257050000109;13 DE JULHO;GASOLINA;27/05/2025;6,62;VIBRA
LUBRIFICANTES E ACESSÓRIOS LTDA.;13257050000109;13 DE JULHO;GASOLINA;27/08/2025;6,62;VIBRA
LUBRIFICANTES E ACESSÓRIOS LTDA.;13257050000109;13 DE JULHO;GASOLINA;28/01/2025;6,42;VIBRA
LUBRIFICANTES E ACESSÓRIOS LTDA.;13257050000109;13 DE JULHO;GASOLINA;28/07/2025;6,62;VIBRA
LUBRIFICANTES E ACESSÓRIOS LTDA.;13257050000109;13 DE JULHO;GASOLINA;29/04/2025;6,62;VIBRA
LUBRIFICANTES E ACESSÓRIOS LTDA.;13257050000109;13 DE JULHO;GASOLINA;29/06/2026;7,12;VIBRA
LUBRIFICANTES E ACESSÓRIOS LTDA.;13257050000109;13 DE JULHO;GASOLINA;29/10/2025;6,52;VIBRA
LUBRIFICANTES E ACESSÓRIOS LTDA.;13257050000109;13 DE JULHO;GASOLINA;30/03/2026;7,22;VIBRA
LUBRIFICANTES E ACESSÓRIOS LTDA.;13257050000109;13 DE JULHO;GASOLINA;30/06/2025;6,62;VIBRA
LUBRIFICANTES E ACESSÓRIOS LTDA.;13257050000109;13 DE JULHO;GASOLINA;30/09/2025;6,62;VIBRA
LUBRIFICANTES E ACESSÓRIOS LTDA.;13257050000109;13 DE JULHO;GASOLINA;30/12/2024;6,30;VIBRA
LUBRIFICANTES E ACESSÓRIOS LTDA.;13257050000109;13 DE JULHO;GASOLINA;31/03/2025;6,62;VIBRA
LUBRIFICANTES E ACESSÓRIOS LTDA.;13257050000109;13 DE JULHO;GASOLINA ADITIVADA;02/06/2026;7,12;VIBRA
LUBRIFICANTES E ACESSÓRIOS LTDA.;13257050000109;13 DE JULHO;GASOLINA ADITIVADA;02/09/2025;6,62;VIBRA
LUBRIFICANTES E ACESSÓRIOS LTDA.;13257050000109;13 DE JULHO;GASOLINA ADITIVADA;03/02/2025;6,51;VIBRA
LUBRIFICANTES E ACESSÓRIOS LTDA.;13257050000109;13 DE JULHO;GASOLINA ADITIVADA;03/03/2025;6,62;VIBRA
LUBRIFICANTES E ACESSÓRIOS LTDA.;13257050000109;13 DE JULHO;GASOLINA ADITIVADA;03/06/2025;6,62;VIBRA
LUBRIFICANTES E ACESSÓRIOS LTDA.;13257050000109;13 DE JULHO;GASOLINA ADITIVADA;03/12/2024;6,30;VIBRA
LUBRIFICANTES E ACESSÓRIOS LTDA.;13257050000109;13 DE JULHO;GASOLINA ADITIVADA;04/03/2026;6,52;VIBRA
LUBRIFICANTES E ACESSÓRIOS LTDA.;13257050000109;13 DE JULHO;GASOLINA ADITIVADA;04/11/2024;5,90;VIBRA
LUBRIFICANTES E ACESSÓRIOS LTDA.;13257050000109;13 DE JULHO;GASOLINA ADITIVADA;05/05/2025;6,62;VIBRA
LUBRIFICANTES E ACESSÓRIOS LTDA.;13257050000109;13 DE JULHO;GASOLINA ADITIVADA;05/08/2025;6,62;VIBRA
LUBRIFICANTES E ACESSÓRIOS LTDA.;13257050000109;13 DE JULHO;GASOLINA ADITIVADA;05/11/2025;6,52;VIBRA
LUBRIFICANTES E ACESSÓRIOS LTDA.;13257050000109;13 DE JULHO;GASOLINA ADITIVADA;06/01/2025;6,30;VIBRA
LUBRIFICANTES E ACESSÓRIOS LTDA.;13257050000109;13 DE JULHO;GASOLINA ADITIVADA;06/10/2025;6,62;VIBRA
LUBRIFICANTES E ACESSÓRIOS LTDA.;13257050000109;13 DE JULHO;GASOLINA ADITIVADA;07/04/2026;7,22;VIBRA
LUBRIFICANTES E ACESSÓRIOS LTDA.;13257050000109;13 DE JULHO;GASOLINA ADITIVADA;08/04/2025;6,62;VIBRA
LUBRIFICANTES E ACESSÓRIOS LTDA.;13257050000109;13 DE JULHO;GASOLINA ADITIVADA;08/06/2026;7,12;VIBRA
LUBRIFICANTES E ACESSÓRIOS LTDA.;13257050000109;13 DE JULHO;GASOLINA ADITIVADA;08/07/2025;6,62;VIBRA
LUBRIFICANTES E ACESSÓRIOS LTDA.;13257050000109;13 DE JULHO;GASOLINA ADITIVADA;09/03/2026;6,82;VIBRA
LUBRIFICANTES E ACESSÓRIOS LTDA.;13257050000109;13 DE JULHO;GASOLINA ADITIVADA;09/06/2025;6,62;VIBRA
LUBRIFICANTES E ACESSÓRIOS LTDA.;13257050000109;13 DE JULHO;GASOLINA ADITIVADA;09/09/2025;6,62;VIBRA
LUBRIFICANTES E ACESSÓRIOS LTDA.;13257050000109;13 DE JULHO;GASOLINA ADITIVADA;09/12/2024;6,30;VIBRA
LUBRIFICANTES E ACESSÓRIOS LTDA.;13257050000109;13 DE JULHO;GASOLINA ADITIVADA;10/02/2026;6,52;VIBRA
LUBRIFICANTES E ACESSÓRIOS LTDA.;13257050000109;13 DE JULHO;GASOLINA ADITIVADA;11/02/2025;6,62;VIBRA
LUBRIFICANTES E ACESSÓRIOS LTDA.;13257050000109;13 DE JULHO;GASOLINA ADITIVADA;11/03/2025;6,62;VIBRA
LUBRIFICANTES E ACESSÓRIOS LTDA.;13257050000109;13 DE JULHO;GASOLINA ADITIVADA;11/11/2024;5,90;VIBRA
LUBRIFICANTES E ACESSÓRIOS LTDA.;13257050000109;13 DE JULHO;GASOLINA ADITIVADA;11/11/2025;6,52;VIBRA
LUBRIFICANTES E ACESSÓRIOS LTDA.;13257050000109;13 DE JULHO;GASOLINA ADITIVADA;12/05/2025;6,62;VIBRA
LUBRIFICANTES E ACESSÓRIOS LTDA.;13257050000109;13 DE JULHO;GASOLINA ADITIVADA;12/05/2026;7,52;VIBRA
LUBRIFICANTES E ACESSÓRIOS LTDA.;13257050000109;13 DE JULHO;GASOLINA ADITIVADA;12/08/2025;6,62;VIBRA
LUBRIFICANTES E ACESSÓRIOS LTDA.;13257050000109;13 DE JULHO;GASOLINA ADITIVADA;13/01/2025;6,42;VIBRA
LUBRIFICANTES E ACESSÓRIOS LTDA.;13257050000109;13 DE JULHO;GASOLINA ADITIVADA;13/01/2026;6,52;VIBRA
LUBRIFICANTES E ACESSÓRIOS LTDA.;13257050000109;13 DE JULHO;GASOLINA ADITIVADA;13/10/2025;6,62;VIBRA
LUBRIFICANTES E ACESSÓRIOS LTDA.;13257050000109;13 DE JULHO;GASOLINA ADITIVADA;14/04/2026;7,22;VIBRA
LUBRIFICANTES E ACESSÓRIOS LTDA.;13257050000109;13 DE JULHO;GASOLINA ADITIVADA;15/04/2025;6,52;VIBRA
LUBRIFICANTES E ACESSÓRIOS LTDA.;13257050000109;13 DE JULHO;GASOLINA ADITIVADA;15/07/2025;6,62;VIBRA
LUBRIFICANTES E ACESSÓRIOS LTDA.;13257050000109;13 DE JULHO;GASOLINA ADITIVADA;16/06/2025;6,62;VIBRA
LUBRIFICANTES E ACESSÓRIOS LTDA.;13257050000109;13 DE JULHO;GASOLINA ADITIVADA;16/06/2026;7,12;VIBRA
LUBRIFICANTES E ACESSÓRIOS LTDA.;13257050000109;13 DE JULHO;GASOLINA ADITIVADA;16/12/2024;6,30;VIBRA
LUBRIFICANTES E ACESSÓRIOS LTDA.;13257050000109;13 DE JULHO;GASOLINA ADITIVADA;17/09/2025;6,62;VIBRA
LUBRIFICANTES E ACESSÓRIOS LTDA.;13257050000109;13 DE JULHO;GASOLINA ADITIVADA;18/02/2025;6,62;VIBRA
LUBRIFICANTES E ACESSÓRIOS LTDA.;13257050000109;13 DE JULHO;GASOLINA ADITIVADA;18/03/2025;6,62;VIBRA
LUBRIFICANTES E ACESSÓRIOS LTDA.;13257050000109;13 DE JULHO;GASOLINA ADITIVADA;18/05/2026;7,52;VIBRA
LUBRIFICANTES E ACESSÓRIOS LTDA.;13257050000109;13 DE JULHO;GASOLINA ADITIVADA;18/11/2024;6,30;VIBRA
LUBRIFICANTES E ACESSÓRIOS LTDA.;13257050000109;13 DE JULHO;GASOLINA ADITIVADA;18/11/2025;6,52;VIBRA
LUBRIFICANTES E ACESSÓRIOS LTDA.;13257050000109;13 DE JULHO;GASOLINA ADITIVADA;19/05/2025;6,62;VIBRA
LUBRIFICANTES E ACESSÓRIOS LTDA.;13257050000109;13 DE JULHO;GASOLINA ADITIVADA;19/08/2025;6,62;VIBRA
LUBRIFICANTES E ACESSÓRIOS LTDA.;13257050000109;13 DE JULHO;GASOLINA ADITIVADA;20/01/2025;6,42;VIBRA
LUBRIFICANTES E ACESSÓRIOS LTDA.;13257050000109;13 DE JULHO;GASOLINA ADITIVADA;20/10/2025;6,62;VIBRA
LUBRIFICANTES E ACESSÓRIOS LTDA.;13257050000109;13 DE JULHO;GASOLINA ADITIVADA;22/07/2025;6,62;VIBRA
LUBRIFICANTES E ACESSÓRIOS LTDA.;13257050000109;13 DE JULHO;GASOLINA ADITIVADA;22/09/2025;6,62;VIBRA
LUBRIFICANTES E ACESSÓRIOS LTDA.;13257050000109;13 DE JULHO;GASOLINA ADITIVADA;23/06/2026;7,12;VIBRA
LUBRIFICANTES E ACESSÓRIOS LTDA.;13257050000109;13 DE JULHO;GASOLINA ADITIVADA;23/12/2024;6,30;VIBRA
LUBRIFICANTES E ACESSÓRIOS LTDA.;13257050000109;13 DE JULHO;GASOLINA ADITIVADA;24/02/2026;6,52;VIBRA
LUBRIFICANTES E ACESSÓRIOS LTDA.;13257050000109;13 DE JULHO;GASOLINA ADITIVADA;24/03/2026;7,22;VIBRA
LUBRIFICANTES E ACESSÓRIOS LTDA.;13257050000109;13 DE JULHO;GASOLINA ADITIVADA;24/04/2026;7,22;VIBRA
LUBRIFICANTES E ACESSÓRIOS LTDA.;13257050000109;13 DE JULHO;GASOLINA ADITIVADA;24/06/2025;6,62;VIBRA
LUBRIFICANTES E ACESSÓRIOS LTDA.;13257050000109;13 DE JULHO;GASOLINA ADITIVADA;25/02/2025;6,62;VIBRA
LUBRIFICANTES E ACESSÓRIOS LTDA.;13257050000109;13 DE JULHO;GASOLINA ADITIVADA;25/03/2025;6,62;VIBRA
LUBRIFICANTES E ACESSÓRIOS LTDA.;13257050000109;13 DE JULHO;GASOLINA ADITIVADA;25/11/2024;6,30;VIBRA
LUBRIFICANTES E ACESSÓRIOS LTDA.;13257050000109;13 DE JULHO;GASOLINA ADITIVADA;25/11/2025;6,52;VIBRA
LUBRIFICANTES E ACESSÓRIOS LTDA.;13257050000109;13 DE JULHO;GASOLINA ADITIVADA;26/05/2026;7,12;VIBRA
LUBRIFICANTES E ACESSÓRIOS LTDA.;13257050000109;13 DE JULHO;GASOLINA ADITIVADA;27/04/2026;7,22;VIBRA
LUBRIFICANTES E ACESSÓRIOS LTDA.;13257050000109;13 DE JULHO;GASOLINA ADITIVADA;27/05/2025;6,62;VIBRA
LUBRIFICANTES E ACESSÓRIOS LTDA.;13257050000109;13 DE JULHO;GASOLINA ADITIVADA;27/08/2025;6,62;VIBRA
LUBRIFICANTES E ACESSÓRIOS LTDA.;13257050000109;13 DE JULHO;GASOLINA ADITIVADA;28/01/2025;6,42;VIBRA
LUBRIFICANTES E ACESSÓRIOS LTDA.;13257050000109;13 DE JULHO;GASOLINA ADITIVADA;28/07/2025;6,62;VIBRA
LUBRIFICANTES E ACESSÓRIOS LTDA.;13257050000109;13 DE JULHO;GASOLINA ADITIVADA;29/04/2025;6,62;VIBRA
LUBRIFICANTES E ACESSÓRIOS LTDA.;13257050000109;13 DE JULHO;GASOLINA ADITIVADA;29/06/2026;7,12;VIBRA
LUBRIFICANTES E ACESSÓRIOS LTDA.;13257050000109;13 DE JULHO;GASOLINA ADITIVADA;29/10/2025;6,52;VIBRA
LUBRIFICANTES E ACESSÓRIOS LTDA.;13257050000109;13 DE JULHO;GASOLINA ADITIVADA;30/03/2026;7,22;VIBRA
LUBRIFICANTES E ACESSÓRIOS LTDA.;13257050000109;13 DE JULHO;GASOLINA ADITIVADA;30/06/2025;6,62;VIBRA
LUBRIFICANTES E ACESSÓRIOS LTDA.;13257050000109;13 DE JULHO;GASOLINA ADITIVADA;30/09/2025;6,62;VIBRA
LUBRIFICANTES E ACESSÓRIOS LTDA.;13257050000109;13 DE JULHO;GASOLINA ADITIVADA;30/12/2024;6,30;VIBRA
LUBRIFICANTES E ACESSÓRIOS LTDA.;13257050000109;13 DE JULHO;GASOLINA ADITIVADA;31/03/2025;6,62;VIBRA
POSTO ARIBE EIRELI;15083140000148;AMERICA;DIESEL S10;04/03/2026;5,93;VIBRA
POSTO ARIBE EIRELI;15083140000148;AMERICA;DIESEL S10;09/03/2026;6,59;VIBRA
POSTO ARIBE EIRELI;15083140000148;AMERICA;DIESEL S10;10/02/2026;5,93;VIBRA
POSTO ARIBE EIRELI;15083140000148;AMERICA;ETANOL;03/02/2025;4,94;VIBRA
POSTO ARIBE EIRELI;15083140000148;AMERICA;ETANOL;03/03/2025;4,94;VIBRA
POSTO ARIBE EIRELI;15083140000148;AMERICA;ETANOL;03/06/2025;4,94;VIBRA
POSTO ARIBE EIRELI;15083140000148;AMERICA;ETANOL;03/12/2024;4,49;VIBRA
POSTO ARIBE EIRELI;15083140000148;AMERICA;ETANOL;04/03/2026;4,94;VIBRA
POSTO ARIBE EIRELI;15083140000148;AMERICA;ETANOL;04/11/2024;4,58;VIBRA
POSTO ARIBE EIRELI;15083140000148;AMERICA;ETANOL;05/05/2025;4,89;VIBRA
POSTO ARIBE EIRELI;15083140000148;AMERICA;ETANOL;05/08/2025;4,90;VIBRA
POSTO ARIBE EIRELI;15083140000148;AMERICA;ETANOL;06/01/2025;4,49;VIBRA
POSTO ARIBE EIRELI;15083140000148;AMERICA;ETANOL;08/04/2025;4,80;VIBRA
POSTO ARIBE EIRELI;15083140000148;AMERICA;ETANOL;08/07/2025;4,90;VIBRA
POSTO ARIBE EIRELI;15083140000148;AMERICA;ETANOL;09/03/2026;5,03;VIBRA
POSTO ARIBE EIRELI;15083140000148;AMERICA;ETANOL;09/06/2025;4,94;VIBRA
POSTO ARIBE EIRELI;15083140000148;AMERICA;ETANOL;09/12/2024;4,49;VIBRA
POSTO ARIBE EIRELI;15083140000148;AMERICA;ETANOL;10/02/2026;4,94;VIBRA
POSTO ARIBE EIRELI;15083140000148;AMERICA;ETANOL;11/02/2025;4,85;VIBRA
POSTO ARIBE EIRELI;15083140000148;AMERICA;ETANOL;11/03/2025;4,94;VIBRA
POSTO ARIBE EIRELI;15083140000148;AMERICA;ETANOL;11/11/2024;4,49;VIBRA
POSTO ARIBE EIRELI;15083140000148;AMERICA;ETANOL;12/05/2025;4,85;VIBRA
POSTO ARIBE EIRELI;15083140000148;AMERICA;ETANOL;12/08/2025;4,90;VIBRA
POSTO ARIBE EIRELI;15083140000148;AMERICA;ETANOL;13/01/2025;4,62;VIBRA
POSTO ARIBE EIRELI;15083140000148;AMERICA;ETANOL;15/04/2025;4,89;VIBRA
POSTO ARIBE EIRELI;15083140000148;AMERICA;ETANOL;15/07/2025;4,90;VIBRA
POSTO ARIBE EIRELI;15083140000148;AMERICA;ETANOL;16/06/2025;4,94;VIBRA
POSTO ARIBE EIRELI;15083140000148;AMERICA;ETANOL;16/12/2024;4,35;VIBRA
POSTO ARIBE EIRELI;15083140000148;AMERICA;ETANOL;18/02/2025;4,94;VIBRA
POSTO ARIBE EIRELI;15083140000148;AMERICA;ETANOL;18/03/2025;4,94;VIBRA
POSTO ARIBE EIRELI;15083140000148;AMERICA;ETANOL;18/11/2024;4,67;VIBRA
POSTO ARIBE EIRELI;15083140000148;AMERICA;ETANOL;19/05/2025;4,94;VIBRA
POSTO ARIBE EIRELI;15083140000148;AMERICA;ETANOL;20/01/2025;4,67;VIBRA
POSTO ARIBE EIRELI;15083140000148;AMERICA;ETANOL;22/04/2025;4,89;VIBRA
POSTO ARIBE EIRELI;15083140000148;AMERICA;ETANOL;22/07/2025;4,90;VIBRA
POSTO ARIBE EIRELI;15083140000148;AMERICA;ETANOL;23/12/2024;4,35;VIBRA
POSTO ARIBE EIRELI;15083140000148;AMERICA;ETANOL;24/06/2025;4,94;VIBRA
POSTO ARIBE EIRELI;15083140000148;AMERICA;ETANOL;25/02/2025;4,94;VIBRA
POSTO ARIBE EIRELI;15083140000148;AMERICA;ETANOL;25/03/2025;4,94;VIBRA
POSTO ARIBE EIRELI;15083140000148;AMERICA;ETANOL;25/11/2024;4,58;VIBRA
POSTO ARIBE EIRELI;15083140000148;AMERICA;ETANOL;27/05/2025;4,94;VIBRA
POSTO ARIBE EIRELI;15083140000148;AMERICA;ETANOL;28/01/2025;4,67;VIBRA
POSTO ARIBE EIRELI;15083140000148;AMERICA;ETANOL;28/07/2025;4,90;VIBRA
POSTO ARIBE EIRELI;15083140000148;AMERICA;ETANOL;29/04/2025;4,89;VIBRA
POSTO ARIBE EIRELI;15083140000148;AMERICA;ETANOL;30/06/2025;4,94;VIBRA
POSTO ARIBE EIRELI;15083140000148;AMERICA;ETANOL;30/12/2024;4,49;VIBRA
POSTO ARIBE EIRELI;15083140000148;AMERICA;ETANOL;31/03/2025;4,80;VIBRA
POSTO ARIBE EIRELI;15083140000148;AMERICA;GASOLINA;02/06/2026;7,12;VIBRA
POSTO ARIBE EIRELI;15083140000148;AMERICA;GASOLINA;02/09/2025;6,62;VIBRA
POSTO ARIBE EIRELI;15083140000148;AMERICA;GASOLINA;02/12/2025;6,52;VIBRA
POSTO ARIBE EIRELI;15083140000148;AMERICA;GASOLINA;03/02/2025;6,56;VIBRA
POSTO ARIBE EIRELI;15083140000148;AMERICA;GASOLINA;03/03/2025;6,65;VIBRA
POSTO ARIBE EIRELI;15083140000148;AMERICA;GASOLINA;03/06/2025;6,65;VIBRA
POSTO ARIBE EIRELI;15083140000148;AMERICA;GASOLINA;03/12/2024;6,35;VIBRA
POSTO ARIBE EIRELI;15083140000148;AMERICA;GASOLINA;04/03/2026;6,56;VIBRA
POSTO ARIBE EIRELI;15083140000148;AMERICA;GASOLINA;04/05/2026;7,55;VIBRA
POSTO ARIBE EIRELI;15083140000148;AMERICA;GASOLINA;04/11/2024;5,93;VIBRA
POSTO ARIBE EIRELI;15083140000148;AMERICA;GASOLINA;04/11/2025;6,52;VIBRA
POSTO ARIBE EIRELI;15083140000148;AMERICA;GASOLINA;05/05/2025;6,65;VIBRA
POSTO ARIBE EIRELI;15083140000148;AMERICA;GASOLINA;05/08/2025;6,62;VIBRA
POSTO ARIBE EIRELI;15083140000148;AMERICA;GASOLINA;06/01/2025;6,35;VIBRA
POSTO ARIBE EIRELI;15083140000148;AMERICA;GASOLINA;06/01/2026;6,52;VIBRA
POSTO ARIBE EIRELI;15083140000148;AMERICA;GASOLINA;06/10/2025;6,62;VIBRA
POSTO ARIBE EIRELI;15083140000148;AMERICA;GASOLINA;07/04/2026;7,28;VIBRA
POSTO ARIBE EIRELI;15083140000148;AMERICA;GASOLINA;08/04/2025;6,65;VIBRA
POSTO ARIBE EIRELI;15083140000148;AMERICA;GASOLINA;08/06/2026;7,12;VIBRA
POSTO ARIBE EIRELI;15083140000148;AMERICA;GASOLINA;08/07/2025;6,62;VIBRA
POSTO ARIBE EIRELI;15083140000148;AMERICA;GASOLINA;09/03/2026;6,83;VIBRA
POSTO ARIBE EIRELI;15083140000148;AMERICA;GASOLINA;09/06/2025;6,65;VIBRA
POSTO ARIBE EIRELI;15083140000148;AMERICA;GASOLINA;09/09/2025;6,62;VIBRA
POSTO ARIBE EIRELI;15083140000148;AMERICA;GASOLINA;09/12/2024;6,35;VIBRA
POSTO ARIBE EIRELI;15083140000148;AMERICA;GASOLINA;09/12/2025;6,52;VIBRA
POSTO ARIBE EIRELI;15083140000148;AMERICA;GASOLINA;10/02/2026;6,56;VIBRA
POSTO ARIBE EIRELI;15083140000148;AMERICA;GASOLINA;11/02/2025;6,65;VIBRA
POSTO ARIBE EIRELI;15083140000148;AMERICA;GASOLINA;11/03/2025;6,65;VIBRA
POSTO ARIBE EIRELI;15083140000148;AMERICA;GASOLINA;11/11/2024;5,90;VIBRA
POSTO ARIBE EIRELI;15083140000148;AMERICA;GASOLINA;11/11/2025;6,52;VIBRA
POSTO ARIBE EIRELI;15083140000148;AMERICA;GASOLINA;12/05/2025;6,65;VIBRA
POSTO ARIBE EIRELI;15083140000148;AMERICA;GASOLINA;12/05/2026;7,55;VIBRA
POSTO ARIBE EIRELI;15083140000148;AMERICA;GASOLINA;12/08/2025;6,62;VIBRA
POSTO ARIBE EIRELI;15083140000148;AMERICA;GASOLINA;13/01/2025;6,44;VIBRA
POSTO ARIBE EIRELI;15083140000148;AMERICA;GASOLINA;13/01/2026;6,52;VIBRA
POSTO ARIBE EIRELI;15083140000148;AMERICA;GASOLINA;13/10/2025;6,62;VIBRA
POSTO ARIBE EIRELI;15083140000148;AMERICA;GASOLINA;14/04/2026;7,26;VIBRA
POSTO ARIBE EIRELI;15083140000148;AMERICA;GASOLINA;15/04/2025;6,56;VIBRA
POSTO ARIBE EIRELI;15083140000148;AMERICA;GASOLINA;15/07/2025;6,62;VIBRA
POSTO ARIBE EIRELI;15083140000148;AMERICA;GASOLINA;16/06/2025;6,65;VIBRA
POSTO ARIBE EIRELI;15083140000148;AMERICA;GASOLINA;16/06/2026;7,12;VIBRA
POSTO ARIBE EIRELI;15083140000148;AMERICA;GASOLINA;16/12/2024;6,35;VIBRA
POSTO ARIBE EIRELI;15083140000148;AMERICA;GASOLINA;17/09/2025;6,62;VIBRA
POSTO ARIBE EIRELI;15083140000148;AMERICA;GASOLINA;17/12/2025;6,52;VIBRA
POSTO ARIBE EIRELI;15083140000148;AMERICA;GASOLINA;18/02/2025;6,65;VIBRA
POSTO ARIBE EIRELI;15083140000148;AMERICA;GASOLINA;18/03/2025;6,65;VIBRA
POSTO ARIBE EIRELI;15083140000148;AMERICA;GASOLINA;18/05/2026;7,55;VIBRA
POSTO ARIBE EIRELI;15083140000148;AMERICA;GASOLINA;18/11/2024;6,35;VIBRA
POSTO ARIBE EIRELI;15083140000148;AMERICA;GASOLINA;18/11/2025;6,52;VIBRA
POSTO ARIBE EIRELI;15083140000148;AMERICA;GASOLINA;19/05/2025;6,65;VIBRA
POSTO ARIBE EIRELI;15083140000148;AMERICA;GASOLINA;19/08/2025;6,62;VIBRA
POSTO ARIBE EIRELI;15083140000148;AMERICA;GASOLINA;20/01/2025;6,44;VIBRA
POSTO ARIBE EIRELI;15083140000148;AMERICA;GASOLINA;20/10/2025;6,62;VIBRA
POSTO ARIBE EIRELI;15083140000148;AMERICA;GASOLINA;22/01/2026;6,56;VIBRA
POSTO ARIBE EIRELI;15083140000148;AMERICA;GASOLINA;22/04/2025;6,56;VIBRA
POSTO ARIBE EIRELI;15083140000148;AMERICA;GASOLINA;22/07/2025;6,62;VIBRA
POSTO ARIBE EIRELI;15083140000148;AMERICA;GASOLINA;22/09/2025;6,62;VIBRA
POSTO ARIBE EIRELI;15083140000148;AMERICA;GASOLINA;23/06/2026;7,12;VIBRA
POSTO ARIBE EIRELI;15083140000148;AMERICA;GASOLINA;23/12/2024;6,35;VIBRA
POSTO ARIBE EIRELI;15083140000148;AMERICA;GASOLINA;24/02/2026;6,56;VIBRA
POSTO ARIBE EIRELI;15083140000148;AMERICA;GASOLINA;24/03/2026;7,28;VIBRA
POSTO ARIBE EIRELI;15083140000148;AMERICA;GASOLINA;24/04/2026;7,26;VIBRA
POSTO ARIBE EIRELI;15083140000148;AMERICA;GASOLINA;24/06/2025;6,65;VIBRA
POSTO ARIBE EIRELI;15083140000148;AMERICA;GASOLINA;24/12/2025;6,52;VIBRA
POSTO ARIBE EIRELI;15083140000148;AMERICA;GASOLINA;25/02/2025;6,65;VIBRA
POSTO ARIBE EIRELI;15083140000148;AMERICA;GASOLINA;25/03/2025;6,65;VIBRA
POSTO ARIBE EIRELI;15083140000148;AMERICA;GASOLINA;25/11/2024;6,35;VIBRA
POSTO ARIBE EIRELI;15083140000148;AMERICA;GASOLINA;25/11/2025;6,52;VIBRA
POSTO ARIBE EIRELI;15083140000148;AMERICA;GASOLINA;26/05/2026;7,15;VIBRA
POSTO ARIBE EIRELI;15083140000148;AMERICA;GASOLINA;27/01/2026;6,56;VIBRA
POSTO ARIBE EIRELI;15083140000148;AMERICA;GASOLINA;27/04/2026;7,26;VIBRA
POSTO ARIBE EIRELI;15083140000148;AMERICA;GASOLINA;27/05/2025;6,65;VIBRA
POSTO ARIBE EIRELI;15083140000148;AMERICA;GASOLINA;27/08/2025;6,62;VIBRA
POSTO ARIBE EIRELI;15083140000148;AMERICA;GASOLINA;28/01/2025;6,44;VIBRA
POSTO ARIBE EIRELI;15083140000148;AMERICA;GASOLINA;28/07/2025;6,62;VIBRA
POSTO ARIBE EIRELI;15083140000148;AMERICA;GASOLINA;28/10/2025;6,52;VIBRA
POSTO ARIBE EIRELI;15083140000148;AMERICA;GASOLINA;29/04/2025;6,65;VIBRA
POSTO ARIBE EIRELI;15083140000148;AMERICA;GASOLINA;29/06/2026;7,12;VIBRA
POSTO ARIBE EIRELI;15083140000148;AMERICA;GASOLINA;30/03/2026;7,28;VIBRA
POSTO ARIBE EIRELI;15083140000148;AMERICA;GASOLINA;30/06/2025;6,65;VIBRA
POSTO ARIBE EIRELI;15083140000148;AMERICA;GASOLINA;30/09/2025;6,62;VIBRA
POSTO ARIBE EIRELI;15083140000148;AMERICA;GASOLINA;30/12/2024;6,35;VIBRA
POSTO ARIBE EIRELI;15083140000148;AMERICA;GASOLINA;30/12/2025;6,52;VIBRA
POSTO ARIBE EIRELI;15083140000148;AMERICA;GASOLINA;31/03/2025;6,65;VIBRA
POSTO ARIBE EIRELI;15083140000148;AMERICA;GASOLINA ADITIVADA;02/06/2026;7,28;VIBRA
POSTO ARIBE EIRELI;15083140000148;AMERICA;GASOLINA ADITIVADA;02/09/2025;6,80;VIBRA
POSTO ARIBE EIRELI;15083140000148;AMERICA;GASOLINA ADITIVADA;02/12/2025;6,74;VIBRA
POSTO ARIBE EIRELI;15083140000148;AMERICA;GASOLINA ADITIVADA;03/02/2025;6,56;VIBRA
POSTO ARIBE EIRELI;15083140000148;AMERICA;GASOLINA ADITIVADA;03/03/2025;6,83;VIBRA
POSTO ARIBE EIRELI;15083140000148;AMERICA;GASOLINA ADITIVADA;03/06/2025;6,83;VIBRA
POSTO ARIBE EIRELI;15083140000148;AMERICA;GASOLINA ADITIVADA;03/12/2024;6,56;VIBRA
POSTO ARIBE EIRELI;15083140000148;AMERICA;GASOLINA ADITIVADA;04/03/2026;6,74;VIBRA
POSTO ARIBE EIRELI;15083140000148;AMERICA;GASOLINA ADITIVADA;04/05/2026;7,73;VIBRA
POSTO ARIBE EIRELI;15083140000148;AMERICA;GASOLINA ADITIVADA;04/11/2024;6,17;VIBRA
POSTO ARIBE EIRELI;15083140000148;AMERICA;GASOLINA ADITIVADA;04/11/2025;6,74;VIBRA
POSTO ARIBE EIRELI;15083140000148;AMERICA;GASOLINA ADITIVADA;05/05/2025;6,83;VIBRA
POSTO ARIBE EIRELI;15083140000148;AMERICA;GASOLINA ADITIVADA;05/08/2025;6,80;VIBRA
POSTO ARIBE EIRELI;15083140000148;AMERICA;GASOLINA ADITIVADA;06/01/2025;6,56;VIBRA
POSTO ARIBE EIRELI;15083140000148;AMERICA;GASOLINA ADITIVADA;06/01/2026;6,74;VIBRA
POSTO ARIBE EIRELI;15083140000148;AMERICA;GASOLINA ADITIVADA;06/10/2025;6,83;VIBRA
POSTO ARIBE EIRELI;15083140000148;AMERICA;GASOLINA ADITIVADA;07/04/2026;7,46;VIBRA
POSTO ARIBE EIRELI;15083140000148;AMERICA;GASOLINA ADITIVADA;08/04/2025;6,83;VIBRA
POSTO ARIBE EIRELI;15083140000148;AMERICA;GASOLINA ADITIVADA;08/06/2026;7,19;VIBRA
POSTO ARIBE EIRELI;15083140000148;AMERICA;GASOLINA ADITIVADA;08/07/2025;6,80;VIBRA
POSTO ARIBE EIRELI;15083140000148;AMERICA;GASOLINA ADITIVADA;09/03/2026;7,01;VIBRA
POSTO ARIBE EIRELI;15083140000148;AMERICA;GASOLINA ADITIVADA;09/06/2025;6,83;VIBRA
POSTO ARIBE EIRELI;15083140000148;AMERICA;GASOLINA ADITIVADA;09/09/2025;6,80;VIBRA
POSTO ARIBE EIRELI;15083140000148;AMERICA;GASOLINA ADITIVADA;09/12/2024;6,56;VIBRA
POSTO ARIBE EIRELI;15083140000148;AMERICA;GASOLINA ADITIVADA;09/12/2025;6,74;VIBRA
POSTO ARIBE EIRELI;15083140000148;AMERICA;GASOLINA ADITIVADA;10/02/2026;6,56;VIBRA
POSTO ARIBE EIRELI;15083140000148;AMERICA;GASOLINA ADITIVADA;11/02/2025;6,83;VIBRA
POSTO ARIBE EIRELI;15083140000148;AMERICA;GASOLINA ADITIVADA;11/03/2025;6,83;VIBRA
POSTO ARIBE EIRELI;15083140000148;AMERICA;GASOLINA ADITIVADA;11/11/2024;6,08;VIBRA
POSTO ARIBE EIRELI;15083140000148;AMERICA;GASOLINA ADITIVADA;11/11/2025;6,74;VIBRA
POSTO ARIBE EIRELI;15083140000148;AMERICA;GASOLINA ADITIVADA;12/05/2025;6,83;VIBRA
POSTO ARIBE EIRELI;15083140000148;AMERICA;GASOLINA ADITIVADA;12/05/2026;7,73;VIBRA
POSTO ARIBE EIRELI;15083140000148;AMERICA;GASOLINA ADITIVADA;13/01/2025;6,56;VIBRA
POSTO ARIBE EIRELI;15083140000148;AMERICA;GASOLINA ADITIVADA;13/01/2026;6,74;VIBRA
POSTO ARIBE EIRELI;15083140000148;AMERICA;GASOLINA ADITIVADA;13/10/2025;6,83;VIBRA
POSTO ARIBE EIRELI;15083140000148;AMERICA;GASOLINA ADITIVADA;14/04/2026;7,46;VIBRA
POSTO ARIBE EIRELI;15083140000148;AMERICA;GASOLINA ADITIVADA;15/04/2025;6,74;VIBRA
POSTO ARIBE EIRELI;15083140000148;AMERICA;GASOLINA ADITIVADA;15/07/2025;6,80;VIBRA
POSTO ARIBE EIRELI;15083140000148;AMERICA;GASOLINA ADITIVADA;16/06/2025;6,83;VIBRA
POSTO ARIBE EIRELI;15083140000148;AMERICA;GASOLINA ADITIVADA;16/06/2026;7,28;VIBRA
POSTO ARIBE EIRELI;15083140000148;AMERICA;GASOLINA ADITIVADA;16/12/2024;6,56;VIBRA
POSTO ARIBE EIRELI;15083140000148;AMERICA;GASOLINA ADITIVADA;17/09/2025;6,80;VIBRA
POSTO ARIBE EIRELI;15083140000148;AMERICA;GASOLINA ADITIVADA;17/12/2025;6,74;VIBRA
POSTO ARIBE EIRELI;15083140000148;AMERICA;GASOLINA ADITIVADA;18/02/2025;6,83;VIBRA
POSTO ARIBE EIRELI;15083140000148;AMERICA;GASOLINA ADITIVADA;18/03/2025;6,83;VIBRA
POSTO ARIBE EIRELI;15083140000148;AMERICA;GASOLINA ADITIVADA;18/05/2026;7,73;VIBRA
POSTO ARIBE EIRELI;15083140000148;AMERICA;GASOLINA ADITIVADA;18/11/2024;6,56;VIBRA
POSTO ARIBE EIRELI;15083140000148;AMERICA;GASOLINA ADITIVADA;18/11/2025;6,74;VIBRA
POSTO ARIBE EIRELI;15083140000148;AMERICA;GASOLINA ADITIVADA;19/05/2025;6,83;VIBRA
POSTO ARIBE EIRELI;15083140000148;AMERICA;GASOLINA ADITIVADA;19/08/2025;6,80;VIBRA
POSTO ARIBE EIRELI;15083140000148;AMERICA;GASOLINA ADITIVADA;20/01/2025;6,65;VIBRA
POSTO ARIBE EIRELI;15083140000148;AMERICA;GASOLINA ADITIVADA;20/10/2025;6,83;VIBRA
POSTO ARIBE EIRELI;15083140000148;AMERICA;GASOLINA ADITIVADA;22/01/2026;6,74;VIBRA
POSTO ARIBE EIRELI;15083140000148;AMERICA;GASOLINA ADITIVADA;22/04/2025;6,74;VIBRA
POSTO ARIBE EIRELI;15083140000148;AMERICA;GASOLINA ADITIVADA;22/07/2025;6,80;VIBRA
POSTO ARIBE EIRELI;15083140000148;AMERICA;GASOLINA ADITIVADA;22/09/2025;6,83;VIBRA
POSTO ARIBE EIRELI;15083140000148;AMERICA;GASOLINA ADITIVADA;23/06/2026;7,28;VIBRA
POSTO ARIBE EIRELI;15083140000148;AMERICA;GASOLINA ADITIVADA;23/12/2024;6,56;VIBRA
POSTO ARIBE EIRELI;15083140000148;AMERICA;GASOLINA ADITIVADA;24/02/2026;6,74;VIBRA
POSTO ARIBE EIRELI;15083140000148;AMERICA;GASOLINA ADITIVADA;24/03/2026;7,46;VIBRA
POSTO ARIBE EIRELI;15083140000148;AMERICA;GASOLINA ADITIVADA;24/04/2026;7,46;VIBRA
POSTO ARIBE EIRELI;15083140000148;AMERICA;GASOLINA ADITIVADA;24/06/2025;6,83;VIBRA
POSTO ARIBE EIRELI;15083140000148;AMERICA;GASOLINA ADITIVADA;24/12/2025;6,74;VIBRA
POSTO ARIBE EIRELI;15083140000148;AMERICA;GASOLINA ADITIVADA;25/02/2025;6,83;VIBRA
POSTO ARIBE EIRELI;15083140000148;AMERICA;GASOLINA ADITIVADA;25/03/2025;6,83;VIBRA
POSTO ARIBE EIRELI;15083140000148;AMERICA;GASOLINA ADITIVADA;25/11/2024;6,56;VIBRA
POSTO ARIBE EIRELI;15083140000148;AMERICA;GASOLINA ADITIVADA;25/11/2025;6,74;VIBRA
POSTO ARIBE EIRELI;15083140000148;AMERICA;GASOLINA ADITIVADA;26/05/2026;7,28;VIBRA
POSTO ARIBE EIRELI;15083140000148;AMERICA;GASOLINA ADITIVADA;27/01/2026;6,74;VIBRA
POSTO ARIBE EIRELI;15083140000148;AMERICA;GASOLINA ADITIVADA;27/04/2026;7,46;VIBRA
POSTO ARIBE EIRELI;15083140000148;AMERICA;GASOLINA ADITIVADA;27/05/2025;6,83;VIBRA
POSTO ARIBE EIRELI;15083140000148;AMERICA;GASOLINA ADITIVADA;27/08/2025;6,80;VIBRA
POSTO ARIBE EIRELI;15083140000148;AMERICA;GASOLINA ADITIVADA;28/01/2025;6,65;VIBRA
POSTO ARIBE EIRELI;15083140000148;AMERICA;GASOLINA ADITIVADA;28/07/2025;6,80;VIBRA
POSTO ARIBE EIRELI;15083140000148;AMERICA;GASOLINA ADITIVADA;28/10/2025;6,74;VIBRA
POSTO ARIBE EIRELI;15083140000148;AMERICA;GASOLINA ADITIVADA;29/04/2025;6,83;VIBRA
POSTO ARIBE EIRELI;15083140000148;AMERICA;GASOLINA ADITIVADA;29/06/2026;7,28;VIBRA
POSTO ARIBE EIRELI;15083140000148;AMERICA;GASOLINA ADITIVADA;30/03/2026;7,46;VIBRA
POSTO ARIBE EIRELI;15083140000148;AMERICA;GASOLINA ADITIVADA;30/06/2025;6,83;VIBRA
POSTO ARIBE EIRELI;15083140000148;AMERICA;GASOLINA ADITIVADA;30/09/2025;6,83;VIBRA
POSTO ARIBE EIRELI;15083140000148;AMERICA;GASOLINA ADITIVADA;30/12/2024;6,56;VIBRA
POSTO ARIBE EIRELI;15083140000148;AMERICA;GASOLINA ADITIVADA;30/12/2025;6,74;VIBRA
POSTO ARIBE EIRELI;15083140000148;AMERICA;GASOLINA ADITIVADA;31/03/2025;6,83;VIBRA
LIDER COMERCIO DE COMBUSTIVEIS LTDA;15591357000169;CENTRO;ETANOL;02/06/2026;5,50;VIBRA
LIDER COMERCIO DE COMBUSTIVEIS LTDA;15591357000169;CENTRO;ETANOL;02/09/2025;4,99;VIBRA
LIDER COMERCIO DE COMBUSTIVEIS LTDA;15591357000169;CENTRO;ETANOL;03/02/2025;4,65;VIBRA
LIDER COMERCIO DE COMBUSTIVEIS LTDA;15591357000169;CENTRO;ETANOL;03/03/2025;4,89;VIBRA
LIDER COMERCIO DE COMBUSTIVEIS LTDA;15591357000169;CENTRO;ETANOL;03/06/2025;4,99;VIBRA
LIDER COMERCIO DE COMBUSTIVEIS LTDA;15591357000169;CENTRO;ETANOL;03/12/2024;4,22;VIBRA
LIDER COMERCIO DE COMBUSTIVEIS LTDA;15591357000169;CENTRO;ETANOL;04/03/2026;4,80;VIBRA
LIDER COMERCIO DE COMBUSTIVEIS LTDA;15591357000169;CENTRO;ETANOL;04/05/2026;5,62;VIBRA
LIDER COMERCIO DE COMBUSTIVEIS LTDA;15591357000169;CENTRO;ETANOL;04/11/2024;4,29;VIBRA
LIDER COMERCIO DE COMBUSTIVEIS LTDA;15591357000169;CENTRO;ETANOL;05/05/2025;4,99;VIBRA
LIDER COMERCIO DE COMBUSTIVEIS LTDA;15591357000169;CENTRO;ETANOL;05/08/2025;4,99;VIBRA
LIDER COMERCIO DE COMBUSTIVEIS LTDA;15591357000169;CENTRO;ETANOL;05/11/2025;4,80;VIBRA
LIDER COMERCIO DE COMBUSTIVEIS LTDA;15591357000169;CENTRO;ETANOL;06/01/2025;4,29;VIBRA
LIDER COMERCIO DE COMBUSTIVEIS LTDA;15591357000169;CENTRO;ETANOL;06/10/2025;4,99;VIBRA
LIDER COMERCIO DE COMBUSTIVEIS LTDA;15591357000169;CENTRO;ETANOL;08/04/2025;4,89;VIBRA
LIDER COMERCIO DE COMBUSTIVEIS LTDA;15591357000169;CENTRO;ETANOL;08/07/2025;4,99;VIBRA
LIDER COMERCIO DE COMBUSTIVEIS LTDA;15591357000169;CENTRO;ETANOL;09/02/2026;4,80;VIBRA
LIDER COMERCIO DE COMBUSTIVEIS LTDA;15591357000169;CENTRO;ETANOL;09/03/2026;4,99;VIBRA
LIDER COMERCIO DE COMBUSTIVEIS LTDA;15591357000169;CENTRO;ETANOL;09/04/2026;5,29;VIBRA
LIDER COMERCIO DE COMBUSTIVEIS LTDA;15591357000169;CENTRO;ETANOL;09/06/2025;4,99;VIBRA
LIDER COMERCIO DE COMBUSTIVEIS LTDA;15591357000169;CENTRO;ETANOL;09/06/2026;5,50;VIBRA
LIDER COMERCIO DE COMBUSTIVEIS LTDA;15591357000169;CENTRO;ETANOL;09/09/2025;4,99;VIBRA
LIDER COMERCIO DE COMBUSTIVEIS LTDA;15591357000169;CENTRO;ETANOL;09/12/2024;4,22;VIBRA
LIDER COMERCIO DE COMBUSTIVEIS LTDA;15591357000169;CENTRO;ETANOL;09/12/2025;4,80;VIBRA
LIDER COMERCIO DE COMBUSTIVEIS LTDA;15591357000169;CENTRO;ETANOL;11/02/2025;4,89;VIBRA
LIDER COMERCIO DE COMBUSTIVEIS LTDA;15591357000169;CENTRO;ETANOL;11/03/2025;4,89;VIBRA
LIDER COMERCIO DE COMBUSTIVEIS LTDA;15591357000169;CENTRO;ETANOL;11/11/2024;4,29;VIBRA
LIDER COMERCIO DE COMBUSTIVEIS LTDA;15591357000169;CENTRO;ETANOL;11/11/2025;4,80;VIBRA
LIDER COMERCIO DE COMBUSTIVEIS LTDA;15591357000169;CENTRO;ETANOL;12/05/2025;4,99;VIBRA
LIDER COMERCIO DE COMBUSTIVEIS LTDA;15591357000169;CENTRO;ETANOL;12/08/2025;4,99;VIBRA
LIDER COMERCIO DE COMBUSTIVEIS LTDA;15591357000169;CENTRO;ETANOL;13/01/2025;4,65;VIBRA
LIDER COMERCIO DE COMBUSTIVEIS LTDA;15591357000169;CENTRO;ETANOL;13/05/2026;5,62;VIBRA
LIDER COMERCIO DE COMBUSTIVEIS LTDA;15591357000169;CENTRO;ETANOL;13/10/2025;4,99;VIBRA
LIDER COMERCIO DE COMBUSTIVEIS LTDA;15591357000169;CENTRO;ETANOL;14/04/2026;5,62;VIBRA
LIDER COMERCIO DE COMBUSTIVEIS LTDA;15591357000169;CENTRO;ETANOL;15/04/2025;4,89;VIBRA
LIDER COMERCIO DE COMBUSTIVEIS LTDA;15591357000169;CENTRO;ETANOL;15/07/2025;4,99;VIBRA
LIDER COMERCIO DE COMBUSTIVEIS LTDA;15591357000169;CENTRO;ETANOL;16/06/2025;4,99;VIBRA
LIDER COMERCIO DE COMBUSTIVEIS LTDA;15591357000169;CENTRO;ETANOL;16/06/2026;5,50;VIBRA
LIDER COMERCIO DE COMBUSTIVEIS LTDA;15591357000169;CENTRO;ETANOL;16/12/2024;4,22;VIBRA
LIDER COMERCIO DE COMBUSTIVEIS LTDA;15591357000169;CENTRO;ETANOL;17/09/2025;4,99;VIBRA
LIDER COMERCIO DE COMBUSTIVEIS LTDA;15591357000169;CENTRO;ETANOL;18/02/2025;4,89;VIBRA
LIDER COMERCIO DE COMBUSTIVEIS LTDA;15591357000169;CENTRO;ETANOL;18/03/2025;4,89;VIBRA
LIDER COMERCIO DE COMBUSTIVEIS LTDA;15591357000169;CENTRO;ETANOL;18/11/2024;4,39;VIBRA
LIDER COMERCIO DE COMBUSTIVEIS LTDA;15591357000169;CENTRO;ETANOL;18/11/2025;4,80;VIBRA
LIDER COMERCIO DE COMBUSTIVEIS LTDA;15591357000169;CENTRO;ETANOL;19/05/2025;4,99;VIBRA
LIDER COMERCIO DE COMBUSTIVEIS LTDA;15591357000169;CENTRO;ETANOL;19/08/2025;4,99;VIBRA
LIDER COMERCIO DE COMBUSTIVEIS LTDA;15591357000169;CENTRO;ETANOL;20/01/2025;4,65;VIBRA
LIDER COMERCIO DE COMBUSTIVEIS LTDA;15591357000169;CENTRO;ETANOL;20/03/2026;5,32;VIBRA
LIDER COMERCIO DE COMBUSTIVEIS LTDA;15591357000169;CENTRO;ETANOL;20/05/2026;5,62;VIBRA
LIDER COMERCIO DE COMBUSTIVEIS LTDA;15591357000169;CENTRO;ETANOL;20/10/2025;4,99;VIBRA
LIDER COMERCIO DE COMBUSTIVEIS LTDA;15591357000169;CENTRO;ETANOL;22/04/2025;4,99;VIBRA
LIDER COMERCIO DE COMBUSTIVEIS LTDA;15591357000169;CENTRO;ETANOL;22/07/2025;4,99;VIBRA
LIDER COMERCIO DE COMBUSTIVEIS LTDA;15591357000169;CENTRO;ETANOL;22/09/2025;4,99;VIBRA
LIDER COMERCIO DE COMBUSTIVEIS LTDA;15591357000169;CENTRO;ETANOL;23/06/2026;5,50;VIBRA
LIDER COMERCIO DE COMBUSTIVEIS LTDA;15591357000169;CENTRO;ETANOL;23/12/2024;4,22;VIBRA
LIDER COMERCIO DE COMBUSTIVEIS LTDA;15591357000169;CENTRO;ETANOL;24/03/2026;5,05;VIBRA
LIDER COMERCIO DE COMBUSTIVEIS LTDA;15591357000169;CENTRO;ETANOL;24/04/2026;5,62;VIBRA
LIDER COMERCIO DE COMBUSTIVEIS LTDA;15591357000169;CENTRO;ETANOL;24/06/2025;4,99;VIBRA
LIDER COMERCIO DE COMBUSTIVEIS LTDA;15591357000169;CENTRO;ETANOL;25/02/2025;4,89;VIBRA
LIDER COMERCIO DE COMBUSTIVEIS LTDA;15591357000169;CENTRO;ETANOL;25/03/2025;4,89;VIBRA
LIDER COMERCIO DE COMBUSTIVEIS LTDA;15591357000169;CENTRO;ETANOL;25/11/2024;4,29;VIBRA
LIDER COMERCIO DE COMBUSTIVEIS LTDA;15591357000169;CENTRO;ETANOL;25/11/2025;4,80;VIBRA
LIDER COMERCIO DE COMBUSTIVEIS LTDA;15591357000169;CENTRO;ETANOL;26/05/2026;5,50;VIBRA
LIDER COMERCIO DE COMBUSTIVEIS LTDA;15591357000169;CENTRO;ETANOL;27/05/2025;4,99;VIBRA
LIDER COMERCIO DE COMBUSTIVEIS LTDA;15591357000169;CENTRO;ETANOL;27/08/2025;4,99;VIBRA
LIDER COMERCIO DE COMBUSTIVEIS LTDA;15591357000169;CENTRO;ETANOL;28/01/2025;4,65;VIBRA
LIDER COMERCIO DE COMBUSTIVEIS LTDA;15591357000169;CENTRO;ETANOL;28/07/2025;4,99;VIBRA
LIDER COMERCIO DE COMBUSTIVEIS LTDA;15591357000169;CENTRO;ETANOL;29/04/2025;4,99;VIBRA
LIDER COMERCIO DE COMBUSTIVEIS LTDA;15591357000169;CENTRO;ETANOL;29/04/2026;5,62;VIBRA
LIDER COMERCIO DE COMBUSTIVEIS LTDA;15591357000169;CENTRO;ETANOL;29/10/2025;4,89;VIBRA
LIDER COMERCIO DE COMBUSTIVEIS LTDA;15591357000169;CENTRO;ETANOL;30/06/2025;4,99;VIBRA
LIDER COMERCIO DE COMBUSTIVEIS LTDA;15591357000169;CENTRO;ETANOL;30/06/2026;5,50;VIBRA
LIDER COMERCIO DE COMBUSTIVEIS LTDA;15591357000169;CENTRO;ETANOL;30/09/2025;4,99;VIBRA
LIDER COMERCIO DE COMBUSTIVEIS LTDA;15591357000169;CENTRO;ETANOL;30/12/2024;4,29;VIBRA
LIDER COMERCIO DE COMBUSTIVEIS LTDA;15591357000169;CENTRO;ETANOL;31/03/2025;4,89;VIBRA
LIDER COMERCIO DE COMBUSTIVEIS LTDA;15591357000169;CENTRO;ETANOL;31/03/2026;5,09;VIBRA
LIDER COMERCIO DE COMBUSTIVEIS LTDA;15591357000169;CENTRO;GASOLINA;02/06/2026;7,12;VIBRA
LIDER COMERCIO DE COMBUSTIVEIS LTDA;15591357000169;CENTRO;GASOLINA;02/09/2025;6,62;VIBRA
LIDER COMERCIO DE COMBUSTIVEIS LTDA;15591357000169;CENTRO;GASOLINA;03/02/2025;6,42;VIBRA
LIDER COMERCIO DE COMBUSTIVEIS LTDA;15591357000169;CENTRO;GASOLINA;03/03/2025;6,62;VIBRA
LIDER COMERCIO DE COMBUSTIVEIS LTDA;15591357000169;CENTRO;GASOLINA;03/06/2025;6,62;VIBRA
LIDER COMERCIO DE COMBUSTIVEIS LTDA;15591357000169;CENTRO;GASOLINA;03/12/2024;6,30;VIBRA
LIDER COMERCIO DE COMBUSTIVEIS LTDA;15591357000169;CENTRO;GASOLINA;04/03/2026;6,52;VIBRA
LIDER COMERCIO DE COMBUSTIVEIS LTDA;15591357000169;CENTRO;GASOLINA;04/05/2026;7,22;VIBRA
LIDER COMERCIO DE COMBUSTIVEIS LTDA;15591357000169;CENTRO;GASOLINA;04/11/2024;5,90;VIBRA
LIDER COMERCIO DE COMBUSTIVEIS LTDA;15591357000169;CENTRO;GASOLINA;05/05/2025;6,62;VIBRA
LIDER COMERCIO DE COMBUSTIVEIS LTDA;15591357000169;CENTRO;GASOLINA;05/08/2025;6,62;VIBRA
LIDER COMERCIO DE COMBUSTIVEIS LTDA;15591357000169;CENTRO;GASOLINA;05/11/2025;6,52;VIBRA
LIDER COMERCIO DE COMBUSTIVEIS LTDA;15591357000169;CENTRO;GASOLINA;06/01/2025;6,30;VIBRA
LIDER COMERCIO DE COMBUSTIVEIS LTDA;15591357000169;CENTRO;GASOLINA;06/10/2025;6,62;VIBRA
LIDER COMERCIO DE COMBUSTIVEIS LTDA;15591357000169;CENTRO;GASOLINA;08/04/2025;6,62;VIBRA
LIDER COMERCIO DE COMBUSTIVEIS LTDA;15591357000169;CENTRO;GASOLINA;08/07/2025;6,62;VIBRA
LIDER COMERCIO DE COMBUSTIVEIS LTDA;15591357000169;CENTRO;GASOLINA;09/02/2026;6,52;VIBRA
LIDER COMERCIO DE COMBUSTIVEIS LTDA;15591357000169;CENTRO;GASOLINA;09/03/2026;6,82;VIBRA
LIDER COMERCIO DE COMBUSTIVEIS LTDA;15591357000169;CENTRO;GASOLINA;09/04/2026;7,22;VIBRA
LIDER COMERCIO DE COMBUSTIVEIS LTDA;15591357000169;CENTRO;GASOLINA;09/06/2025;6,62;VIBRA
LIDER COMERCIO DE COMBUSTIVEIS LTDA;15591357000169;CENTRO;GASOLINA;09/06/2026;7,02;VIBRA
LIDER COMERCIO DE COMBUSTIVEIS LTDA;15591357000169;CENTRO;GASOLINA;09/09/2025;6,62;VIBRA
LIDER COMERCIO DE COMBUSTIVEIS LTDA;15591357000169;CENTRO;GASOLINA;09/12/2024;6,30;VIBRA
LIDER COMERCIO DE COMBUSTIVEIS LTDA;15591357000169;CENTRO;GASOLINA;09/12/2025;6,52;VIBRA
LIDER COMERCIO DE COMBUSTIVEIS LTDA;15591357000169;CENTRO;GASOLINA;11/02/2025;6,62;VIBRA
LIDER COMERCIO DE COMBUSTIVEIS LTDA;15591357000169;CENTRO;GASOLINA;11/03/2025;6,62;VIBRA
LIDER COMERCIO DE COMBUSTIVEIS LTDA;15591357000169;CENTRO;GASOLINA;11/11/2024;5,90;VIBRA
LIDER COMERCIO DE COMBUSTIVEIS LTDA;15591357000169;CENTRO;GASOLINA;11/11/2025;6,52;VIBRA
LIDER COMERCIO DE COMBUSTIVEIS LTDA;15591357000169;CENTRO;GASOLINA;12/05/2025;6,62;VIBRA
LIDER COMERCIO DE COMBUSTIVEIS LTDA;15591357000169;CENTRO;GASOLINA;12/08/2025;6,62;VIBRA
LIDER COMERCIO DE COMBUSTIVEIS LTDA;15591357000169;CENTRO;GASOLINA;13/01/2025;6,42;VIBRA
LIDER COMERCIO DE COMBUSTIVEIS LTDA;15591357000169;CENTRO;GASOLINA;13/05/2026;7,52;VIBRA
LIDER COMERCIO DE COMBUSTIVEIS LTDA;15591357000169;CENTRO;GASOLINA;13/10/2025;6,62;VIBRA
LIDER COMERCIO DE COMBUSTIVEIS LTDA;15591357000169;CENTRO;GASOLINA;14/04/2026;7,22;VIBRA
LIDER COMERCIO DE COMBUSTIVEIS LTDA;15591357000169;CENTRO;GASOLINA;15/04/2025;6,52;VIBRA
LIDER COMERCIO DE COMBUSTIVEIS LTDA;15591357000169;CENTRO;GASOLINA;15/07/2025;6,62;VIBRA
LIDER COMERCIO DE COMBUSTIVEIS LTDA;15591357000169;CENTRO;GASOLINA;16/06/2025;6,62;VIBRA
LIDER COMERCIO DE COMBUSTIVEIS LTDA;15591357000169;CENTRO;GASOLINA;16/06/2026;7,12;VIBRA
LIDER COMERCIO DE COMBUSTIVEIS LTDA;15591357000169;CENTRO;GASOLINA;16/12/2024;6,30;VIBRA
LIDER COMERCIO DE COMBUSTIVEIS LTDA;15591357000169;CENTRO;GASOLINA;17/09/2025;6,62;VIBRA
LIDER COMERCIO DE COMBUSTIVEIS LTDA;15591357000169;CENTRO;GASOLINA;18/02/2025;6,62;VIBRA
LIDER COMERCIO DE COMBUSTIVEIS LTDA;15591357000169;CENTRO;GASOLINA;18/03/2025;6,62;VIBRA
LIDER COMERCIO DE COMBUSTIVEIS LTDA;15591357000169;CENTRO;GASOLINA;18/11/2024;6,32;VIBRA
LIDER COMERCIO DE COMBUSTIVEIS LTDA;15591357000169;CENTRO;GASOLINA;18/11/2025;6,52;VIBRA
LIDER COMERCIO DE COMBUSTIVEIS LTDA;15591357000169;CENTRO;GASOLINA;19/05/2025;6,62;VIBRA
LIDER COMERCIO DE COMBUSTIVEIS LTDA;15591357000169;CENTRO;GASOLINA;19/08/2025;6,62;VIBRA
LIDER COMERCIO DE COMBUSTIVEIS LTDA;15591357000169;CENTRO;GASOLINA;20/01/2025;6,42;VIBRA
LIDER COMERCIO DE COMBUSTIVEIS LTDA;15591357000169;CENTRO;GASOLINA;20/03/2026;7,62;VIBRA
LIDER COMERCIO DE COMBUSTIVEIS LTDA;15591357000169;CENTRO;GASOLINA;20/05/2026;7,17;VIBRA
LIDER COMERCIO DE COMBUSTIVEIS LTDA;15591357000169;CENTRO;GASOLINA;20/10/2025;6,62;VIBRA
LIDER COMERCIO DE COMBUSTIVEIS LTDA;15591357000169;CENTRO;GASOLINA;22/04/2025;6,52;VIBRA
LIDER COMERCIO DE COMBUSTIVEIS LTDA;15591357000169;CENTRO;GASOLINA;22/07/2025;6,62;VIBRA
LIDER COMERCIO DE COMBUSTIVEIS LTDA;15591357000169;CENTRO;GASOLINA;22/09/2025;6,62;VIBRA
LIDER COMERCIO DE COMBUSTIVEIS LTDA;15591357000169;CENTRO;GASOLINA;23/06/2026;7,12;VIBRA
LIDER COMERCIO DE COMBUSTIVEIS LTDA;15591357000169;CENTRO;GASOLINA;23/12/2024;6,30;VIBRA
LIDER COMERCIO DE COMBUSTIVEIS LTDA;15591357000169;CENTRO;GASOLINA;24/03/2026;7,22;VIBRA
LIDER COMERCIO DE COMBUSTIVEIS LTDA;15591357000169;CENTRO;GASOLINA;24/04/2026;7,22;VIBRA
LIDER COMERCIO DE COMBUSTIVEIS LTDA;15591357000169;CENTRO;GASOLINA;24/06/2025;6,62;VIBRA
LIDER COMERCIO DE COMBUSTIVEIS LTDA;15591357000169;CENTRO;GASOLINA;25/02/2025;6,62;VIBRA
LIDER COMERCIO DE COMBUSTIVEIS LTDA;15591357000169;CENTRO;GASOLINA;25/03/2025;6,62;VIBRA
LIDER COMERCIO DE COMBUSTIVEIS LTDA;15591357000169;CENTRO;GASOLINA;25/11/2024;6,30;VIBRA
LIDER COMERCIO DE COMBUSTIVEIS LTDA;15591357000169;CENTRO;GASOLINA;25/11/2025;6,52;VIBRA
LIDER COMERCIO DE COMBUSTIVEIS LTDA;15591357000169;CENTRO;GASOLINA;26/05/2026;7,12;VIBRA
LIDER COMERCIO DE COMBUSTIVEIS LTDA;15591357000169;CENTRO;GASOLINA;27/05/2025;6,62;VIBRA
LIDER COMERCIO DE COMBUSTIVEIS LTDA;15591357000169;CENTRO;GASOLINA;27/08/2025;6,62;VIBRA
LIDER COMERCIO DE COMBUSTIVEIS LTDA;15591357000169;CENTRO;GASOLINA;28/01/2025;6,42;VIBRA
LIDER COMERCIO DE COMBUSTIVEIS LTDA;15591357000169;CENTRO;GASOLINA;28/07/2025;6,62;VIBRA
LIDER COMERCIO DE COMBUSTIVEIS LTDA;15591357000169;CENTRO;GASOLINA;29/04/2025;6,62;VIBRA
LIDER COMERCIO DE COMBUSTIVEIS LTDA;15591357000169;CENTRO;GASOLINA;29/04/2026;7,22;VIBRA
LIDER COMERCIO DE COMBUSTIVEIS LTDA;15591357000169;CENTRO;GASOLINA;29/10/2025;6,52;VIBRA
LIDER COMERCIO DE COMBUSTIVEIS LTDA;15591357000169;CENTRO;GASOLINA;30/06/2025;6,62;VIBRA
LIDER COMERCIO DE COMBUSTIVEIS LTDA;15591357000169;CENTRO;GASOLINA;30/06/2026;7,12;VIBRA
LIDER COMERCIO DE COMBUSTIVEIS LTDA;15591357000169;CENTRO;GASOLINA;30/09/2025;6,62;VIBRA
LIDER COMERCIO DE COMBUSTIVEIS LTDA;15591357000169;CENTRO;GASOLINA;30/12/2024;6,30;VIBRA
LIDER COMERCIO DE COMBUSTIVEIS LTDA;15591357000169;CENTRO;GASOLINA;31/03/2025;6,62;VIBRA
LIDER COMERCIO DE COMBUSTIVEIS LTDA;15591357000169;CENTRO;GASOLINA;31/03/2026;7,22;VIBRA
LIDER COMERCIO DE COMBUSTIVEIS LTDA;15591357000169;CENTRO;GASOLINA ADITIVADA;02/06/2026;7,29;VIBRA
LIDER COMERCIO DE COMBUSTIVEIS LTDA;15591357000169;CENTRO;GASOLINA ADITIVADA;02/09/2025;6,80;VIBRA
LIDER COMERCIO DE COMBUSTIVEIS LTDA;15591357000169;CENTRO;GASOLINA ADITIVADA;03/02/2025;6,55;VIBRA
LIDER COMERCIO DE COMBUSTIVEIS LTDA;15591357000169;CENTRO;GASOLINA ADITIVADA;03/03/2025;6,75;VIBRA
LIDER COMERCIO DE COMBUSTIVEIS LTDA;15591357000169;CENTRO;GASOLINA ADITIVADA;03/06/2025;6,80;VIBRA
LIDER COMERCIO DE COMBUSTIVEIS LTDA;15591357000169;CENTRO;GASOLINA ADITIVADA;03/12/2024;6,45;VIBRA
LIDER COMERCIO DE COMBUSTIVEIS LTDA;15591357000169;CENTRO;GASOLINA ADITIVADA;04/03/2026;6,68;VIBRA
LIDER COMERCIO DE COMBUSTIVEIS LTDA;15591357000169;CENTRO;GASOLINA ADITIVADA;04/05/2026;7,39;VIBRA
LIDER COMERCIO DE COMBUSTIVEIS LTDA;15591357000169;CENTRO;GASOLINA ADITIVADA;04/11/2024;5,99;VIBRA
LIDER COMERCIO DE COMBUSTIVEIS LTDA;15591357000169;CENTRO;GASOLINA ADITIVADA;05/05/2025;6,75;VIBRA
LIDER COMERCIO DE COMBUSTIVEIS LTDA;15591357000169;CENTRO;GASOLINA ADITIVADA;05/08/2025;6,80;VIBRA
LIDER COMERCIO DE COMBUSTIVEIS LTDA;15591357000169;CENTRO;GASOLINA ADITIVADA;05/11/2025;6,68;VIBRA
LIDER COMERCIO DE COMBUSTIVEIS LTDA;15591357000169;CENTRO;GASOLINA ADITIVADA;06/01/2025;6,45;VIBRA
LIDER COMERCIO DE COMBUSTIVEIS LTDA;15591357000169;CENTRO;GASOLINA ADITIVADA;06/10/2025;6,80;VIBRA
LIDER COMERCIO DE COMBUSTIVEIS LTDA;15591357000169;CENTRO;GASOLINA ADITIVADA;08/04/2025;6,75;VIBRA
LIDER COMERCIO DE COMBUSTIVEIS LTDA;15591357000169;CENTRO;GASOLINA ADITIVADA;08/07/2025;6,80;VIBRA
LIDER COMERCIO DE COMBUSTIVEIS LTDA;15591357000169;CENTRO;GASOLINA ADITIVADA;09/03/2026;6,99;VIBRA
LIDER COMERCIO DE COMBUSTIVEIS LTDA;15591357000169;CENTRO;GASOLINA ADITIVADA;09/04/2026;7,39;VIBRA
LIDER COMERCIO DE COMBUSTIVEIS LTDA;15591357000169;CENTRO;GASOLINA ADITIVADA;09/06/2025;6,80;VIBRA
LIDER COMERCIO DE COMBUSTIVEIS LTDA;15591357000169;CENTRO;GASOLINA ADITIVADA;09/06/2026;7,19;VIBRA
LIDER COMERCIO DE COMBUSTIVEIS LTDA;15591357000169;CENTRO;GASOLINA ADITIVADA;09/09/2025;6,80;VIBRA
LIDER COMERCIO DE COMBUSTIVEIS LTDA;15591357000169;CENTRO;GASOLINA ADITIVADA;09/12/2024;6,45;VIBRA
LIDER COMERCIO DE COMBUSTIVEIS LTDA;15591357000169;CENTRO;GASOLINA ADITIVADA;09/12/2025;6,68;VIBRA
LIDER COMERCIO DE COMBUSTIVEIS LTDA;15591357000169;CENTRO;GASOLINA ADITIVADA;11/02/2025;6,75;VIBRA
LIDER COMERCIO DE COMBUSTIVEIS LTDA;15591357000169;CENTRO;GASOLINA ADITIVADA;11/03/2025;6,75;VIBRA
LIDER COMERCIO DE COMBUSTIVEIS LTDA;15591357000169;CENTRO;GASOLINA ADITIVADA;11/11/2024;5,99;VIBRA
LIDER COMERCIO DE COMBUSTIVEIS LTDA;15591357000169;CENTRO;GASOLINA ADITIVADA;11/11/2025;6,68;VIBRA
LIDER COMERCIO DE COMBUSTIVEIS LTDA;15591357000169;CENTRO;GASOLINA ADITIVADA;12/05/2025;6,75;VIBRA
LIDER COMERCIO DE COMBUSTIVEIS LTDA;15591357000169;CENTRO;GASOLINA ADITIVADA;12/08/2025;6,80;VIBRA
LIDER COMERCIO DE COMBUSTIVEIS LTDA;15591357000169;CENTRO;GASOLINA ADITIVADA;13/01/2025;6,55;VIBRA
LIDER COMERCIO DE COMBUSTIVEIS LTDA;15591357000169;CENTRO;GASOLINA ADITIVADA;13/05/2026;7,65;VIBRA
LIDER COMERCIO DE COMBUSTIVEIS LTDA;15591357000169;CENTRO;GASOLINA ADITIVADA;13/10/2025;6,80;VIBRA
LIDER COMERCIO DE COMBUSTIVEIS LTDA;15591357000169;CENTRO;GASOLINA ADITIVADA;14/04/2026;7,39;VIBRA
LIDER COMERCIO DE COMBUSTIVEIS LTDA;15591357000169;CENTRO;GASOLINA ADITIVADA;15/04/2025;6,65;VIBRA
LIDER COMERCIO DE COMBUSTIVEIS LTDA;15591357000169;CENTRO;GASOLINA ADITIVADA;15/07/2025;6,80;VIBRA
LIDER COMERCIO DE COMBUSTIVEIS LTDA;15591357000169;CENTRO;GASOLINA ADITIVADA;16/06/2025;6,80;VIBRA
LIDER COMERCIO DE COMBUSTIVEIS LTDA;15591357000169;CENTRO;GASOLINA ADITIVADA;16/06/2026;7,29;VIBRA
LIDER COMERCIO DE COMBUSTIVEIS LTDA;15591357000169;CENTRO;GASOLINA ADITIVADA;16/12/2024;6,45;VIBRA
LIDER COMERCIO DE COMBUSTIVEIS LTDA;15591357000169;CENTRO;GASOLINA ADITIVADA;17/09/2025;6,80;VIBRA
LIDER COMERCIO DE COMBUSTIVEIS LTDA;15591357000169;CENTRO;GASOLINA ADITIVADA;18/02/2025;6,75;VIBRA
LIDER COMERCIO DE COMBUSTIVEIS LTDA;15591357000169;CENTRO;GASOLINA ADITIVADA;18/03/2025;6,75;VIBRA
LIDER COMERCIO DE COMBUSTIVEIS LTDA;15591357000169;CENTRO;GASOLINA ADITIVADA;18/11/2024;6,45;VIBRA
LIDER COMERCIO DE COMBUSTIVEIS LTDA;15591357000169;CENTRO;GASOLINA ADITIVADA;18/11/2025;6,68;VIBRA
LIDER COMERCIO DE COMBUSTIVEIS LTDA;15591357000169;CENTRO;GASOLINA ADITIVADA;19/05/2025;6,62;VIBRA
LIDER COMERCIO DE COMBUSTIVEIS LTDA;15591357000169;CENTRO;GASOLINA ADITIVADA;19/08/2025;6,80;VIBRA
LIDER COMERCIO DE COMBUSTIVEIS LTDA;15591357000169;CENTRO;GASOLINA ADITIVADA;20/01/2025;6,55;VIBRA
LIDER COMERCIO DE COMBUSTIVEIS LTDA;15591357000169;CENTRO;GASOLINA ADITIVADA;20/05/2026;7,34;VIBRA
LIDER COMERCIO DE COMBUSTIVEIS LTDA;15591357000169;CENTRO;GASOLINA ADITIVADA;20/10/2025;6,80;VIBRA
LIDER COMERCIO DE COMBUSTIVEIS LTDA;15591357000169;CENTRO;GASOLINA ADITIVADA;22/04/2025;6,65;VIBRA
LIDER COMERCIO DE COMBUSTIVEIS LTDA;15591357000169;CENTRO;GASOLINA ADITIVADA;22/07/2025;6,80;VIBRA
LIDER COMERCIO DE COMBUSTIVEIS LTDA;15591357000169;CENTRO;GASOLINA ADITIVADA;22/09/2025;6,80;VIBRA
LIDER COMERCIO DE COMBUSTIVEIS LTDA;15591357000169;CENTRO;GASOLINA ADITIVADA;23/06/2026;7,29;VIBRA
LIDER COMERCIO DE COMBUSTIVEIS LTDA;15591357000169;CENTRO;GASOLINA ADITIVADA;23/12/2024;6,45;VIBRA
LIDER COMERCIO DE COMBUSTIVEIS LTDA;15591357000169;CENTRO;GASOLINA ADITIVADA;24/03/2026;7,40;VIBRA
LIDER COMERCIO DE COMBUSTIVEIS LTDA;15591357000169;CENTRO;GASOLINA ADITIVADA;24/04/2026;7,39;VIBRA
LIDER COMERCIO DE COMBUSTIVEIS LTDA;15591357000169;CENTRO;GASOLINA ADITIVADA;24/06/2025;6,80;VIBRA
LIDER COMERCIO DE COMBUSTIVEIS LTDA;15591357000169;CENTRO;GASOLINA ADITIVADA;25/02/2025;6,75;VIBRA
LIDER COMERCIO DE COMBUSTIVEIS LTDA;15591357000169;CENTRO;GASOLINA ADITIVADA;25/03/2025;6,75;VIBRA
LIDER COMERCIO DE COMBUSTIVEIS LTDA;15591357000169;CENTRO;GASOLINA ADITIVADA;25/11/2024;6,45;VIBRA
LIDER COMERCIO DE COMBUSTIVEIS LTDA;15591357000169;CENTRO;GASOLINA ADITIVADA;25/11/2025;6,68;VIBRA
LIDER COMERCIO DE COMBUSTIVEIS LTDA;15591357000169;CENTRO;GASOLINA ADITIVADA;26/05/2026;7,29;VIBRA
LIDER COMERCIO DE COMBUSTIVEIS LTDA;15591357000169;CENTRO;GASOLINA ADITIVADA;27/05/2025;6,80;VIBRA
LIDER COMERCIO DE COMBUSTIVEIS LTDA;15591357000169;CENTRO;GASOLINA ADITIVADA;27/08/2025;6,80;VIBRA
LIDER COMERCIO DE COMBUSTIVEIS LTDA;15591357000169;CENTRO;GASOLINA ADITIVADA;28/01/2025;6,55;VIBRA
LIDER COMERCIO DE COMBUSTIVEIS LTDA;15591357000169;CENTRO;GASOLINA ADITIVADA;28/07/2025;6,80;VIBRA
LIDER COMERCIO DE COMBUSTIVEIS LTDA;15591357000169;CENTRO;GASOLINA ADITIVADA;29/04/2025;6,75;VIBRA
LIDER COMERCIO DE COMBUSTIVEIS LTDA;15591357000169;CENTRO;GASOLINA ADITIVADA;29/04/2026;7,39;VIBRA
LIDER COMERCIO DE COMBUSTIVEIS LTDA;15591357000169;CENTRO;GASOLINA ADITIVADA;29/10/2025;6,80;VIBRA
LIDER COMERCIO DE COMBUSTIVEIS LTDA;15591357000169;CENTRO;GASOLINA ADITIVADA;30/06/2025;6,80;VIBRA
LIDER COMERCIO DE COMBUSTIVEIS LTDA;15591357000169;CENTRO;GASOLINA ADITIVADA;30/06/2026;7,29;VIBRA
LIDER COMERCIO DE COMBUSTIVEIS LTDA;15591357000169;CENTRO;GASOLINA ADITIVADA;30/09/2025;6,80;VIBRA
LIDER COMERCIO DE COMBUSTIVEIS LTDA;15591357000169;CENTRO;GASOLINA ADITIVADA;30/12/2024;6,45;VIBRA
LIDER COMERCIO DE COMBUSTIVEIS LTDA;15591357000169;CENTRO;GASOLINA ADITIVADA;31/03/2025;6,75;VIBRA
LIDER COMERCIO DE COMBUSTIVEIS LTDA;15591357000169;CENTRO;GASOLINA ADITIVADA;31/03/2026;7,39;VIBRA
REDE DE POSTOS PRESIDENTE LTDA;32864795000172;SANTO ANTONIO;DIESEL;09/02/2026;5,99;VIBRA
REDE DE POSTOS PRESIDENTE LTDA;32864795000172;SANTO ANTONIO;DIESEL;23/03/2026;7,29;VIBRA
REDE DE POSTOS PRESIDENTE LTDA;32864795000172;SANTO ANTONIO;DIESEL;26/05/2026;7,29;VIBRA
REDE DE POSTOS PRESIDENTE LTDA;32864795000172;SANTO ANTONIO;DIESEL;29/04/2026;7,39;VIBRA
REDE DE POSTOS PRESIDENTE LTDA;32864795000172;SANTO ANTONIO;DIESEL;31/03/2026;7,39;VIBRA
REDE DE POSTOS PRESIDENTE LTDA;32864795000172;SANTO ANTONIO;DIESEL S10;23/03/2026;7,69;VIBRA
REDE DE POSTOS PRESIDENTE LTDA;32864795000172;SANTO ANTONIO;DIESEL S10;29/04/2026;7,69;VIBRA
REDE DE POSTOS PRESIDENTE LTDA;32864795000172;SANTO ANTONIO;ETANOL;09/03/2026;5,09;VIBRA
REDE DE POSTOS PRESIDENTE LTDA;32864795000172;SANTO ANTONIO;GASOLINA;02/09/2025;6,69;VIBRA
REDE DE POSTOS PRESIDENTE LTDA;32864795000172;SANTO ANTONIO;GASOLINA;03/02/2025;6,59;VIBRA
REDE DE POSTOS PRESIDENTE LTDA;32864795000172;SANTO ANTONIO;GASOLINA;03/03/2025;6,69;VIBRA
REDE DE POSTOS PRESIDENTE LTDA;32864795000172;SANTO ANTONIO;GASOLINA;03/06/2025;6,69;VIBRA
REDE DE POSTOS PRESIDENTE LTDA;32864795000172;SANTO ANTONIO;GASOLINA;03/06/2026;7,19;VIBRA
REDE DE POSTOS PRESIDENTE LTDA;32864795000172;SANTO ANTONIO;GASOLINA;03/12/2024;6,37;VIBRA
REDE DE POSTOS PRESIDENTE LTDA;32864795000172;SANTO ANTONIO;GASOLINA;04/03/2026;6,59;VIBRA
REDE DE POSTOS PRESIDENTE LTDA;32864795000172;SANTO ANTONIO;GASOLINA;04/11/2024;5,99;VIBRA
REDE DE POSTOS PRESIDENTE LTDA;32864795000172;SANTO ANTONIO;GASOLINA;04/11/2025;6,59;VIBRA
REDE DE POSTOS PRESIDENTE LTDA;32864795000172;SANTO ANTONIO;GASOLINA;05/05/2025;6,69;VIBRA
REDE DE POSTOS PRESIDENTE LTDA;32864795000172;SANTO ANTONIO;GASOLINA;05/08/2025;6,69;VIBRA
REDE DE POSTOS PRESIDENTE LTDA;32864795000172;SANTO ANTONIO;GASOLINA;06/01/2025;6,37;VIBRA
REDE DE POSTOS PRESIDENTE LTDA;32864795000172;SANTO ANTONIO;GASOLINA;06/10/2025;6,69;VIBRA
REDE DE POSTOS PRESIDENTE LTDA;32864795000172;SANTO ANTONIO;GASOLINA;07/05/2026;7,59;VIBRA
REDE DE POSTOS PRESIDENTE LTDA;32864795000172;SANTO ANTONIO;GASOLINA;08/04/2025;6,69;VIBRA
REDE DE POSTOS PRESIDENTE LTDA;32864795000172;SANTO ANTONIO;GASOLINA;08/07/2025;6,69;VIBRA
REDE DE POSTOS PRESIDENTE LTDA;32864795000172;SANTO ANTONIO;GASOLINA;09/02/2026;6,59;VIBRA
REDE DE POSTOS PRESIDENTE LTDA;32864795000172;SANTO ANTONIO;GASOLINA;09/03/2026;6,89;VIBRA
REDE DE POSTOS PRESIDENTE LTDA;32864795000172;SANTO ANTONIO;GASOLINA;09/04/2026;7,29;VIBRA
REDE DE POSTOS PRESIDENTE LTDA;32864795000172;SANTO ANTONIO;GASOLINA;09/06/2025;6,69;VIBRA
REDE DE POSTOS PRESIDENTE LTDA;32864795000172;SANTO ANTONIO;GASOLINA;09/06/2026;7,19;VIBRA
REDE DE POSTOS PRESIDENTE LTDA;32864795000172;SANTO ANTONIO;GASOLINA;09/09/2025;6,69;VIBRA
REDE DE POSTOS PRESIDENTE LTDA;32864795000172;SANTO ANTONIO;GASOLINA;09/12/2024;6,37;VIBRA
REDE DE POSTOS PRESIDENTE LTDA;32864795000172;SANTO ANTONIO;GASOLINA;11/02/2025;6,69;VIBRA
REDE DE POSTOS PRESIDENTE LTDA;32864795000172;SANTO ANTONIO;GASOLINA;11/03/2025;6,69;VIBRA
REDE DE POSTOS PRESIDENTE LTDA;32864795000172;SANTO ANTONIO;GASOLINA;11/11/2024;5,99;VIBRA
REDE DE POSTOS PRESIDENTE LTDA;32864795000172;SANTO ANTONIO;GASOLINA;11/11/2025;6,59;VIBRA
REDE DE POSTOS PRESIDENTE LTDA;32864795000172;SANTO ANTONIO;GASOLINA;12/08/2025;6,69;VIBRA
REDE DE POSTOS PRESIDENTE LTDA;32864795000172;SANTO ANTONIO;GASOLINA;13/01/2025;6,49;VIBRA
REDE DE POSTOS PRESIDENTE LTDA;32864795000172;SANTO ANTONIO;GASOLINA;13/05/2026;7,59;VIBRA
REDE DE POSTOS PRESIDENTE LTDA;32864795000172;SANTO ANTONIO;GASOLINA;13/10/2025;6,69;VIBRA
REDE DE POSTOS PRESIDENTE LTDA;32864795000172;SANTO ANTONIO;GASOLINA;15/04/2025;6,59;VIBRA
REDE DE POSTOS PRESIDENTE LTDA;32864795000172;SANTO ANTONIO;GASOLINA;15/04/2026;7,29;VIBRA
REDE DE POSTOS PRESIDENTE LTDA;32864795000172;SANTO ANTONIO;GASOLINA;15/07/2025;6,69;VIBRA
REDE DE POSTOS PRESIDENTE LTDA;32864795000172;SANTO ANTONIO;GASOLINA;16/06/2025;6,69;VIBRA
REDE DE POSTOS PRESIDENTE LTDA;32864795000172;SANTO ANTONIO;GASOLINA;16/06/2026;7,19;VIBRA
REDE DE POSTOS PRESIDENTE LTDA;32864795000172;SANTO ANTONIO;GASOLINA;16/12/2024;6,37;VIBRA
REDE DE POSTOS PRESIDENTE LTDA;32864795000172;SANTO ANTONIO;GASOLINA;17/09/2025;6,69;VIBRA
REDE DE POSTOS PRESIDENTE LTDA;32864795000172;SANTO ANTONIO;GASOLINA;18/02/2025;6,69;VIBRA
REDE DE POSTOS PRESIDENTE LTDA;32864795000172;SANTO ANTONIO;GASOLINA;18/03/2025;6,69;VIBRA
REDE DE POSTOS PRESIDENTE LTDA;32864795000172;SANTO ANTONIO;GASOLINA;18/11/2024;6,37;VIBRA
REDE DE POSTOS PRESIDENTE LTDA;32864795000172;SANTO ANTONIO;GASOLINA;18/11/2025;6,59;VIBRA
REDE DE POSTOS PRESIDENTE LTDA;32864795000172;SANTO ANTONIO;GASOLINA;19/05/2025;6,69;VIBRA
REDE DE POSTOS PRESIDENTE LTDA;32864795000172;SANTO ANTONIO;GASOLINA;19/08/2025;6,69;VIBRA
REDE DE POSTOS PRESIDENTE LTDA;32864795000172;SANTO ANTONIO;GASOLINA;20/01/2025;6,49;VIBRA
REDE DE POSTOS PRESIDENTE LTDA;32864795000172;SANTO ANTONIO;GASOLINA;20/05/2026;7,19;VIBRA
REDE DE POSTOS PRESIDENTE LTDA;32864795000172;SANTO ANTONIO;GASOLINA;22/04/2025;6,59;VIBRA
REDE DE POSTOS PRESIDENTE LTDA;32864795000172;SANTO ANTONIO;GASOLINA;22/07/2025;6,69;VIBRA
REDE DE POSTOS PRESIDENTE LTDA;32864795000172;SANTO ANTONIO;GASOLINA;22/09/2025;6,69;VIBRA
REDE DE POSTOS PRESIDENTE LTDA;32864795000172;SANTO ANTONIO;GASOLINA;23/03/2026;7,29;VIBRA
REDE DE POSTOS PRESIDENTE LTDA;32864795000172;SANTO ANTONIO;GASOLINA;23/04/2026;7,29;VIBRA
REDE DE POSTOS PRESIDENTE LTDA;32864795000172;SANTO ANTONIO;GASOLINA;23/06/2026;7,19;VIBRA
REDE DE POSTOS PRESIDENTE LTDA;32864795000172;SANTO ANTONIO;GASOLINA;23/12/2024;6,37;VIBRA
REDE DE POSTOS PRESIDENTE LTDA;32864795000172;SANTO ANTONIO;GASOLINA;23/12/2025;6,59;VIBRA
REDE DE POSTOS PRESIDENTE LTDA;32864795000172;SANTO ANTONIO;GASOLINA;24/02/2026;6,59;VIBRA
REDE DE POSTOS PRESIDENTE LTDA;32864795000172;SANTO ANTONIO;GASOLINA;24/06/2025;6,69;VIBRA
REDE DE POSTOS PRESIDENTE LTDA;32864795000172;SANTO ANTONIO;GASOLINA;25/02/2025;6,69;VIBRA
REDE DE POSTOS PRESIDENTE LTDA;32864795000172;SANTO ANTONIO;GASOLINA;25/03/2025;6,69;VIBRA
REDE DE POSTOS PRESIDENTE LTDA;32864795000172;SANTO ANTONIO;GASOLINA;25/11/2024;6,37;VIBRA
REDE DE POSTOS PRESIDENTE LTDA;32864795000172;SANTO ANTONIO;GASOLINA;25/11/2025;6,59;VIBRA
REDE DE POSTOS PRESIDENTE LTDA;32864795000172;SANTO ANTONIO;GASOLINA;26/05/2026;7,19;VIBRA
REDE DE POSTOS PRESIDENTE LTDA;32864795000172;SANTO ANTONIO;GASOLINA;27/05/2025;6,69;VIBRA
REDE DE POSTOS PRESIDENTE LTDA;32864795000172;SANTO ANTONIO;GASOLINA;28/01/2025;6,49;VIBRA
REDE DE POSTOS PRESIDENTE LTDA;32864795000172;SANTO ANTONIO;GASOLINA;28/07/2025;6,69;VIBRA
REDE DE POSTOS PRESIDENTE LTDA;32864795000172;SANTO ANTONIO;GASOLINA;28/10/2025;6,59;VIBRA
REDE DE POSTOS PRESIDENTE LTDA;32864795000172;SANTO ANTONIO;GASOLINA;29/04/2025;6,69;VIBRA
REDE DE POSTOS PRESIDENTE LTDA;32864795000172;SANTO ANTONIO;GASOLINA;29/04/2026;7,29;VIBRA
REDE DE POSTOS PRESIDENTE LTDA;32864795000172;SANTO ANTONIO;GASOLINA;29/06/2026;7,19;VIBRA
REDE DE POSTOS PRESIDENTE LTDA;32864795000172;SANTO ANTONIO;GASOLINA;30/06/2025;6,69;VIBRA
REDE DE POSTOS PRESIDENTE LTDA;32864795000172;SANTO ANTONIO;GASOLINA;30/09/2025;6,69;VIBRA
REDE DE POSTOS PRESIDENTE LTDA;32864795000172;SANTO ANTONIO;GASOLINA;30/12/2024;6,37;VIBRA
REDE DE POSTOS PRESIDENTE LTDA;32864795000172;SANTO ANTONIO;GASOLINA;31/03/2025;6,69;VIBRA
REDE DE POSTOS PRESIDENTE LTDA;32864795000172;SANTO ANTONIO;GASOLINA;31/03/2026;7,29;VIBRA
REDE DE POSTOS PRESIDENTE LTDA;32864795000172;SANTO ANTONIO;GASOLINA ADITIVADA;02/09/2025;6,89;VIBRA
REDE DE POSTOS PRESIDENTE LTDA;32864795000172;SANTO ANTONIO;GASOLINA ADITIVADA;03/02/2025;6,79;VIBRA
REDE DE POSTOS PRESIDENTE LTDA;32864795000172;SANTO ANTONIO;GASOLINA ADITIVADA;03/03/2025;6,89;VIBRA
REDE DE POSTOS PRESIDENTE LTDA;32864795000172;SANTO ANTONIO;GASOLINA ADITIVADA;03/06/2025;6,89;VIBRA
REDE DE POSTOS PRESIDENTE LTDA;32864795000172;SANTO ANTONIO;GASOLINA ADITIVADA;03/06/2026;7,39;VIBRA
REDE DE POSTOS PRESIDENTE LTDA;32864795000172;SANTO ANTONIO;GASOLINA ADITIVADA;03/12/2024;6,57;VIBRA
REDE DE POSTOS PRESIDENTE LTDA;32864795000172;SANTO ANTONIO;GASOLINA ADITIVADA;04/03/2026;6,79;VIBRA
REDE DE POSTOS PRESIDENTE LTDA;32864795000172;SANTO ANTONIO;GASOLINA ADITIVADA;04/11/2024;6,19;VIBRA
REDE DE POSTOS PRESIDENTE LTDA;32864795000172;SANTO ANTONIO;GASOLINA ADITIVADA;04/11/2025;6,79;VIBRA
REDE DE POSTOS PRESIDENTE LTDA;32864795000172;SANTO ANTONIO;GASOLINA ADITIVADA;05/05/2025;6,89;VIBRA
REDE DE POSTOS PRESIDENTE LTDA;32864795000172;SANTO ANTONIO;GASOLINA ADITIVADA;05/08/2025;6,89;VIBRA
REDE DE POSTOS PRESIDENTE LTDA;32864795000172;SANTO ANTONIO;GASOLINA ADITIVADA;06/01/2025;6,57;VIBRA
REDE DE POSTOS PRESIDENTE LTDA;32864795000172;SANTO ANTONIO;GASOLINA ADITIVADA;06/10/2025;6,89;VIBRA
REDE DE POSTOS PRESIDENTE LTDA;32864795000172;SANTO ANTONIO;GASOLINA ADITIVADA;07/05/2026;7,79;VIBRA
REDE DE POSTOS PRESIDENTE LTDA;32864795000172;SANTO ANTONIO;GASOLINA ADITIVADA;08/04/2025;6,89;VIBRA
REDE DE POSTOS PRESIDENTE LTDA;32864795000172;SANTO ANTONIO;GASOLINA ADITIVADA;08/07/2025;6,89;VIBRA
REDE DE POSTOS PRESIDENTE LTDA;32864795000172;SANTO ANTONIO;GASOLINA ADITIVADA;09/02/2026;6,79;VIBRA
REDE DE POSTOS PRESIDENTE LTDA;32864795000172;SANTO ANTONIO;GASOLINA ADITIVADA;09/03/2026;7,09;VIBRA
REDE DE POSTOS PRESIDENTE LTDA;32864795000172;SANTO ANTONIO;GASOLINA ADITIVADA;09/04/2026;7,49;VIBRA
REDE DE POSTOS PRESIDENTE LTDA;32864795000172;SANTO ANTONIO;GASOLINA ADITIVADA;09/06/2025;6,89;VIBRA
REDE DE POSTOS PRESIDENTE LTDA;32864795000172;SANTO ANTONIO;GASOLINA ADITIVADA;09/06/2026;7,39;VIBRA
REDE DE POSTOS PRESIDENTE LTDA;32864795000172;SANTO ANTONIO;GASOLINA ADITIVADA;09/09/2025;6,89;VIBRA
REDE DE POSTOS PRESIDENTE LTDA;32864795000172;SANTO ANTONIO;GASOLINA ADITIVADA;09/12/2024;6,57;VIBRA
REDE DE POSTOS PRESIDENTE LTDA;32864795000172;SANTO ANTONIO;GASOLINA ADITIVADA;11/02/2025;6,89;VIBRA
REDE DE POSTOS PRESIDENTE LTDA;32864795000172;SANTO ANTONIO;GASOLINA ADITIVADA;11/03/2025;6,89;VIBRA
REDE DE POSTOS PRESIDENTE LTDA;32864795000172;SANTO ANTONIO;GASOLINA ADITIVADA;11/11/2024;6,19;VIBRA
REDE DE POSTOS PRESIDENTE LTDA;32864795000172;SANTO ANTONIO;GASOLINA ADITIVADA;11/11/2025;6,79;VIBRA
REDE DE POSTOS PRESIDENTE LTDA;32864795000172;SANTO ANTONIO;GASOLINA ADITIVADA;12/08/2025;6,89;VIBRA
REDE DE POSTOS PRESIDENTE LTDA;32864795000172;SANTO ANTONIO;GASOLINA ADITIVADA;13/01/2025;6,69;VIBRA
REDE DE POSTOS PRESIDENTE LTDA;32864795000172;SANTO ANTONIO;GASOLINA ADITIVADA;13/05/2026;7,79;VIBRA
REDE DE POSTOS PRESIDENTE LTDA;32864795000172;SANTO ANTONIO;GASOLINA ADITIVADA;13/10/2025;6,89;VIBRA
REDE DE POSTOS PRESIDENTE LTDA;32864795000172;SANTO ANTONIO;GASOLINA ADITIVADA;15/04/2025;6,79;VIBRA
REDE DE POSTOS PRESIDENTE LTDA;32864795000172;SANTO ANTONIO;GASOLINA ADITIVADA;15/04/2026;7,49;VIBRA
REDE DE POSTOS PRESIDENTE LTDA;32864795000172;SANTO ANTONIO;GASOLINA ADITIVADA;15/07/2025;6,89;VIBRA
REDE DE POSTOS PRESIDENTE LTDA;32864795000172;SANTO ANTONIO;GASOLINA ADITIVADA;16/06/2025;6,89;VIBRA
REDE DE POSTOS PRESIDENTE LTDA;32864795000172;SANTO ANTONIO;GASOLINA ADITIVADA;16/06/2026;7,39;VIBRA
REDE DE POSTOS PRESIDENTE LTDA;32864795000172;SANTO ANTONIO;GASOLINA ADITIVADA;16/12/2024;6,57;VIBRA
REDE DE POSTOS PRESIDENTE LTDA;32864795000172;SANTO ANTONIO;GASOLINA ADITIVADA;17/09/2025;6,89;VIBRA
REDE DE POSTOS PRESIDENTE LTDA;32864795000172;SANTO ANTONIO;GASOLINA ADITIVADA;18/02/2025;6,89;VIBRA
REDE DE POSTOS PRESIDENTE LTDA;32864795000172;SANTO ANTONIO;GASOLINA ADITIVADA;18/03/2025;6,89;VIBRA
REDE DE POSTOS PRESIDENTE LTDA;32864795000172;SANTO ANTONIO;GASOLINA ADITIVADA;18/11/2024;6,57;VIBRA
REDE DE POSTOS PRESIDENTE LTDA;32864795000172;SANTO ANTONIO;GASOLINA ADITIVADA;18/11/2025;6,79;VIBRA
REDE DE POSTOS PRESIDENTE LTDA;32864795000172;SANTO ANTONIO;GASOLINA ADITIVADA;19/05/2025;6,89;VIBRA
REDE DE POSTOS PRESIDENTE LTDA;32864795000172;SANTO ANTONIO;GASOLINA ADITIVADA;19/08/2025;6,89;VIBRA
REDE DE POSTOS PRESIDENTE LTDA;32864795000172;SANTO ANTONIO;GASOLINA ADITIVADA;20/01/2025;6,69;VIBRA
REDE DE POSTOS PRESIDENTE LTDA;32864795000172;SANTO ANTONIO;GASOLINA ADITIVADA;20/05/2026;7,39;VIBRA
REDE DE POSTOS PRESIDENTE LTDA;32864795000172;SANTO ANTONIO;GASOLINA ADITIVADA;22/04/2025;6,79;VIBRA
REDE DE POSTOS PRESIDENTE LTDA;32864795000172;SANTO ANTONIO;GASOLINA ADITIVADA;22/07/2025;6,89;VIBRA
REDE DE POSTOS PRESIDENTE LTDA;32864795000172;SANTO ANTONIO;GASOLINA ADITIVADA;22/09/2025;6,89;VIBRA
REDE DE POSTOS PRESIDENTE LTDA;32864795000172;SANTO ANTONIO;GASOLINA ADITIVADA;23/03/2026;7,49;VIBRA
REDE DE POSTOS PRESIDENTE LTDA;32864795000172;SANTO ANTONIO;GASOLINA ADITIVADA;23/04/2026;7,49;VIBRA
REDE DE POSTOS PRESIDENTE LTDA;32864795000172;SANTO ANTONIO;GASOLINA ADITIVADA;23/06/2026;7,39;VIBRA
REDE DE POSTOS PRESIDENTE LTDA;32864795000172;SANTO ANTONIO;GASOLINA ADITIVADA;23/12/2024;6,57;VIBRA
REDE DE POSTOS PRESIDENTE LTDA;32864795000172;SANTO ANTONIO;GASOLINA ADITIVADA;23/12/2025;6,79;VIBRA
REDE DE POSTOS PRESIDENTE LTDA;32864795000172;SANTO ANTONIO;GASOLINA ADITIVADA;24/02/2026;6,79;VIBRA
REDE DE POSTOS PRESIDENTE LTDA;32864795000172;SANTO ANTONIO;GASOLINA ADITIVADA;24/06/2025;6,89;VIBRA
REDE DE POSTOS PRESIDENTE LTDA;32864795000172;SANTO ANTONIO;GASOLINA ADITIVADA;25/02/2025;6,89;VIBRA
REDE DE POSTOS PRESIDENTE LTDA;32864795000172;SANTO ANTONIO;GASOLINA ADITIVADA;25/03/2025;6,89;VIBRA
REDE DE POSTOS PRESIDENTE LTDA;32864795000172;SANTO ANTONIO;GASOLINA ADITIVADA;25/11/2024;6,57;VIBRA
REDE DE POSTOS PRESIDENTE LTDA;32864795000172;SANTO ANTONIO;GASOLINA ADITIVADA;25/11/2025;6,79;VIBRA
REDE DE POSTOS PRESIDENTE LTDA;32864795000172;SANTO ANTONIO;GASOLINA ADITIVADA;26/05/2026;7,39;VIBRA
REDE DE POSTOS PRESIDENTE LTDA;32864795000172;SANTO ANTONIO;GASOLINA ADITIVADA;27/05/2025;6,89;VIBRA
REDE DE POSTOS PRESIDENTE LTDA;32864795000172;SANTO ANTONIO;GASOLINA ADITIVADA;28/01/2025;6,69;VIBRA
REDE DE POSTOS PRESIDENTE LTDA;32864795000172;SANTO ANTONIO;GASOLINA ADITIVADA;28/07/2025;6,89;VIBRA
REDE DE POSTOS PRESIDENTE LTDA;32864795000172;SANTO ANTONIO;GASOLINA ADITIVADA;28/10/2025;6,79;VIBRA
REDE DE POSTOS PRESIDENTE LTDA;32864795000172;SANTO ANTONIO;GASOLINA ADITIVADA;29/04/2025;6,89;VIBRA
REDE DE POSTOS PRESIDENTE LTDA;32864795000172;SANTO ANTONIO;GASOLINA ADITIVADA;29/04/2026;7,49;VIBRA
REDE DE POSTOS PRESIDENTE LTDA;32864795000172;SANTO ANTONIO;GASOLINA ADITIVADA;29/06/2026;7,39;VIBRA
REDE DE POSTOS PRESIDENTE LTDA;32864795000172;SANTO ANTONIO;GASOLINA ADITIVADA;30/06/2025;6,89;VIBRA
REDE DE POSTOS PRESIDENTE LTDA;32864795000172;SANTO ANTONIO;GASOLINA ADITIVADA;30/09/2025;6,89;VIBRA
REDE DE POSTOS PRESIDENTE LTDA;32864795000172;SANTO ANTONIO;GASOLINA ADITIVADA;30/12/2024;6,57;VIBRA
REDE DE POSTOS PRESIDENTE LTDA;32864795000172;SANTO ANTONIO;GASOLINA ADITIVADA;31/03/2025;6,89;VIBRA
REDE DE POSTOS PRESIDENTE LTDA;32864795000172;SANTO ANTONIO;GASOLINA ADITIVADA;31/03/2026;7,49;VIBRA
REDE DE POSTOS PRESIDENTE LTDA;32864795000172;SANTO ANTONIO;GNV;02/09/2025;4,69;VIBRA
REDE DE POSTOS PRESIDENTE LTDA;32864795000172;SANTO ANTONIO;GNV;03/02/2025;4,90;VIBRA
REDE DE POSTOS PRESIDENTE LTDA;32864795000172;SANTO ANTONIO;GNV;03/03/2025;4,90;VIBRA
REDE DE POSTOS PRESIDENTE LTDA;32864795000172;SANTO ANTONIO;GNV;03/06/2025;4,99;VIBRA
REDE DE POSTOS PRESIDENTE LTDA;32864795000172;SANTO ANTONIO;GNV;03/06/2026;4,83;VIBRA
REDE DE POSTOS PRESIDENTE LTDA;32864795000172;SANTO ANTONIO;GNV;03/12/2024;4,90;VIBRA
REDE DE POSTOS PRESIDENTE LTDA;32864795000172;SANTO ANTONIO;GNV;04/03/2026;4,61;VIBRA
REDE DE POSTOS PRESIDENTE LTDA;32864795000172;SANTO ANTONIO;GNV;04/11/2024;4,90;VIBRA
REDE DE POSTOS PRESIDENTE LTDA;32864795000172;SANTO ANTONIO;GNV;04/11/2025;4,69;VIBRA
REDE DE POSTOS PRESIDENTE LTDA;32864795000172;SANTO ANTONIO;GNV;05/05/2025;4,90;VIBRA
REDE DE POSTOS PRESIDENTE LTDA;32864795000172;SANTO ANTONIO;GNV;05/08/2025;4,69;VIBRA
REDE DE POSTOS PRESIDENTE LTDA;32864795000172;SANTO ANTONIO;GNV;06/01/2025;4,90;VIBRA
REDE DE POSTOS PRESIDENTE LTDA;32864795000172;SANTO ANTONIO;GNV;06/10/2025;4,69;VIBRA
REDE DE POSTOS PRESIDENTE LTDA;32864795000172;SANTO ANTONIO;GNV;07/05/2026;4,61;VIBRA
REDE DE POSTOS PRESIDENTE LTDA;32864795000172;SANTO ANTONIO;GNV;08/04/2025;4,90;VIBRA
REDE DE POSTOS PRESIDENTE LTDA;32864795000172;SANTO ANTONIO;GNV;08/07/2025;4,99;VIBRA
REDE DE POSTOS PRESIDENTE LTDA;32864795000172;SANTO ANTONIO;GNV;09/02/2026;4,61;VIBRA
REDE DE POSTOS PRESIDENTE LTDA;32864795000172;SANTO ANTONIO;GNV;09/03/2026;4,61;VIBRA
REDE DE POSTOS PRESIDENTE LTDA;32864795000172;SANTO ANTONIO;GNV;09/04/2026;4,61;VIBRA
REDE DE POSTOS PRESIDENTE LTDA;32864795000172;SANTO ANTONIO;GNV;09/06/2025;4,99;VIBRA
REDE DE POSTOS PRESIDENTE LTDA;32864795000172;SANTO ANTONIO;GNV;09/06/2026;4,83;VIBRA
REDE DE POSTOS PRESIDENTE LTDA;32864795000172;SANTO ANTONIO;GNV;09/09/2025;4,69;VIBRA
REDE DE POSTOS PRESIDENTE LTDA;32864795000172;SANTO ANTONIO;GNV;09/12/2024;4,90;VIBRA
REDE DE POSTOS PRESIDENTE LTDA;32864795000172;SANTO ANTONIO;GNV;11/02/2025;4,90;VIBRA
REDE DE POSTOS PRESIDENTE LTDA;32864795000172;SANTO ANTONIO;GNV;11/03/2025;4,90;VIBRA
REDE DE POSTOS PRESIDENTE LTDA;32864795000172;SANTO ANTONIO;GNV;11/11/2024;4,90;VIBRA
REDE DE POSTOS PRESIDENTE LTDA;32864795000172;SANTO ANTONIO;GNV;11/11/2025;4,69;VIBRA
REDE DE POSTOS PRESIDENTE LTDA;32864795000172;SANTO ANTONIO;GNV;12/08/2025;4,69;VIBRA
REDE DE POSTOS PRESIDENTE LTDA;32864795000172;SANTO ANTONIO;GNV;13/01/2025;4,90;VIBRA
REDE DE POSTOS PRESIDENTE LTDA;32864795000172;SANTO ANTONIO;GNV;13/05/2026;4,83;VIBRA
REDE DE POSTOS PRESIDENTE LTDA;32864795000172;SANTO ANTONIO;GNV;13/10/2025;4,69;VIBRA
REDE DE POSTOS PRESIDENTE LTDA;32864795000172;SANTO ANTONIO;GNV;15/04/2025;4,90;VIBRA
REDE DE POSTOS PRESIDENTE LTDA;32864795000172;SANTO ANTONIO;GNV;15/04/2026;4,61;VIBRA
REDE DE POSTOS PRESIDENTE LTDA;32864795000172;SANTO ANTONIO;GNV;15/07/2025;4,99;VIBRA
REDE DE POSTOS PRESIDENTE LTDA;32864795000172;SANTO ANTONIO;GNV;16/06/2025;4,99;VIBRA
REDE DE POSTOS PRESIDENTE LTDA;32864795000172;SANTO ANTONIO;GNV;16/06/2026;4,83;VIBRA
REDE DE POSTOS PRESIDENTE LTDA;32864795000172;SANTO ANTONIO;GNV;16/12/2024;4,90;VIBRA
REDE DE POSTOS PRESIDENTE LTDA;32864795000172;SANTO ANTONIO;GNV;17/09/2025;4,69;VIBRA
REDE DE POSTOS PRESIDENTE LTDA;32864795000172;SANTO ANTONIO;GNV;18/02/2025;4,90;VIBRA
REDE DE POSTOS PRESIDENTE LTDA;32864795000172;SANTO ANTONIO;GNV;18/03/2025;4,90;VIBRA
REDE DE POSTOS PRESIDENTE LTDA;32864795000172;SANTO ANTONIO;GNV;18/11/2024;4,90;VIBRA
REDE DE POSTOS PRESIDENTE LTDA;32864795000172;SANTO ANTONIO;GNV;18/11/2025;4,69;VIBRA
REDE DE POSTOS PRESIDENTE LTDA;32864795000172;SANTO ANTONIO;GNV;19/05/2025;4,99;VIBRA
REDE DE POSTOS PRESIDENTE LTDA;32864795000172;SANTO ANTONIO;GNV;19/08/2025;4,69;VIBRA
REDE DE POSTOS PRESIDENTE LTDA;32864795000172;SANTO ANTONIO;GNV;20/01/2025;4,90;VIBRA
REDE DE POSTOS PRESIDENTE LTDA;32864795000172;SANTO ANTONIO;GNV;20/05/2026;4,83;VIBRA
REDE DE POSTOS PRESIDENTE LTDA;32864795000172;SANTO ANTONIO;GNV;22/04/2025;4,90;VIBRA
REDE DE POSTOS PRESIDENTE LTDA;32864795000172;SANTO ANTONIO;GNV;22/07/2025;4,99;VIBRA
REDE DE POSTOS PRESIDENTE LTDA;32864795000172;SANTO ANTONIO;GNV;22/09/2025;4,69;VIBRA
REDE DE POSTOS PRESIDENTE LTDA;32864795000172;SANTO ANTONIO;GNV;23/03/2026;4,61;VIBRA
REDE DE POSTOS PRESIDENTE LTDA;32864795000172;SANTO ANTONIO;GNV;23/04/2026;4,61;VIBRA
REDE DE POSTOS PRESIDENTE LTDA;32864795000172;SANTO ANTONIO;GNV;23/06/2026;4,83;VIBRA
REDE DE POSTOS PRESIDENTE LTDA;32864795000172;SANTO ANTONIO;GNV;23/12/2024;4,90;VIBRA
REDE DE POSTOS PRESIDENTE LTDA;32864795000172;SANTO ANTONIO;GNV;23/12/2025;4,69;VIBRA
REDE DE POSTOS PRESIDENTE LTDA;32864795000172;SANTO ANTONIO;GNV;24/02/2026;4,61;VIBRA
REDE DE POSTOS PRESIDENTE LTDA;32864795000172;SANTO ANTONIO;GNV;24/06/2025;4,99;VIBRA
REDE DE POSTOS PRESIDENTE LTDA;32864795000172;SANTO ANTONIO;GNV;25/02/2025;4,90;VIBRA
REDE DE POSTOS PRESIDENTE LTDA;32864795000172;SANTO ANTONIO;GNV;25/03/2025;4,90;VIBRA
REDE DE POSTOS PRESIDENTE LTDA;32864795000172;SANTO ANTONIO;GNV;25/11/2024;4,90;VIBRA
REDE DE POSTOS PRESIDENTE LTDA;32864795000172;SANTO ANTONIO;GNV;25/11/2025;4,69;VIBRA
REDE DE POSTOS PRESIDENTE LTDA;32864795000172;SANTO ANTONIO;GNV;26/05/2026;4,83;VIBRA
REDE DE POSTOS PRESIDENTE LTDA;32864795000172;SANTO ANTONIO;GNV;27/05/2025;4,99;VIBRA
REDE DE POSTOS PRESIDENTE LTDA;32864795000172;SANTO ANTONIO;GNV;28/01/2025;4,90;VIBRA
REDE DE POSTOS PRESIDENTE LTDA;32864795000172;SANTO ANTONIO;GNV;28/07/2025;4,99;VIBRA
REDE DE POSTOS PRESIDENTE LTDA;32864795000172;SANTO ANTONIO;GNV;28/10/2025;4,69;VIBRA
REDE DE POSTOS PRESIDENTE LTDA;32864795000172;SANTO ANTONIO;GNV;29/04/2025;4,90;VIBRA
REDE DE POSTOS PRESIDENTE LTDA;32864795000172;SANTO ANTONIO;GNV;29/04/2026;4,61;VIBRA
REDE DE POSTOS PRESIDENTE LTDA;32864795000172;SANTO ANTONIO;GNV;29/06/2026;4,83;VIBRA
REDE DE POSTOS PRESIDENTE LTDA;32864795000172;SANTO ANTONIO;GNV;30/06/2025;4,99;VIBRA
REDE DE POSTOS PRESIDENTE LTDA;32864795000172;SANTO ANTONIO;GNV;30/09/2025;4,69;VIBRA
REDE DE POSTOS PRESIDENTE LTDA;32864795000172;SANTO ANTONIO;GNV;30/12/2024;4,90;VIBRA
REDE DE POSTOS PRESIDENTE LTDA;32864795000172;SANTO ANTONIO;GNV;31/03/2025;4,90;VIBRA
REDE DE POSTOS PRESIDENTE LTDA;32864795000172;SANTO ANTONIO;GNV;31/03/2026;4,61;VIBRA
REDE DE POSTOS PRESIDENTE LTDA;32864795000849;DEZOITO DO FORTE;DIESEL S10;03/06/2026;7,29;VIBRA
REDE DE POSTOS PRESIDENTE LTDA;32864795000849;DEZOITO DO FORTE;DIESEL S10;13/05/2026;7,39;VIBRA
REDE DE POSTOS PRESIDENTE LTDA;32864795000849;DEZOITO DO FORTE;ETANOL;03/06/2026;5,69;VIBRA
REDE DE POSTOS PRESIDENTE LTDA;32864795000849;DEZOITO DO FORTE;ETANOL;13/05/2026;5,69;VIBRA
REDE DE POSTOS PRESIDENTE LTDA;32864795000849;DEZOITO DO FORTE;ETANOL;20/05/2026;5,69;VIBRA
REDE DE POSTOS PRESIDENTE LTDA;32864795000849;DEZOITO DO FORTE;ETANOL;26/05/2026;5,69;VIBRA
REDE DE POSTOS PRESIDENTE LTDA;32864795000849;DEZOITO DO FORTE;GASOLINA;03/06/2026;7,19;VIBRA
REDE DE POSTOS PRESIDENTE LTDA;32864795000849;DEZOITO DO FORTE;GASOLINA;13/05/2026;7,59;VIBRA
REDE DE POSTOS PRESIDENTE LTDA;32864795000849;DEZOITO DO FORTE;GASOLINA;16/06/2026;7,19;VIBRA
REDE DE POSTOS PRESIDENTE LTDA;32864795000849;DEZOITO DO FORTE;GASOLINA;26/05/2026;7,19;VIBRA
REDE DE POSTOS PRESIDENTE LTDA;32864795000849;DEZOITO DO FORTE;GASOLINA ADITIVADA;09/06/2026;7,19;VIBRA
REDE DE POSTOS PRESIDENTE LTDA;32864795000849;DEZOITO DO FORTE;GASOLINA ADITIVADA;20/05/2026;7,19;VIBRA
REDE DE POSTOS PRESIDENTE LTDA;32864795000849;DEZOITO DO FORTE;GASOLINA ADITIVADA;23/06/2026;7,19;VIBRA
REDE DE POSTOS PRESIDENTE LTDA;32864795000849;DEZOITO DO FORTE;GASOLINA ADITIVADA;29/06/2026;7,19;VIBRA
REDE DE POSTOS PRESIDENTE LTDA;32864795001063;GETULIO VARGAS;DIESEL S10;04/03/2026;5,99;VIBRA
REDE DE POSTOS PRESIDENTE LTDA;32864795001063;GETULIO VARGAS;ETANOL;04/03/2026;4,99;VIBRA
REDE DE POSTOS PRESIDENTE LTDA;32864795001063;GETULIO VARGAS;ETANOL;24/02/2026;4,99;VIBRA
REDE DE POSTOS PRESIDENTE LTDA;32864795001063;GETULIO VARGAS;GASOLINA;02/09/2025;6,69;VIBRA
REDE DE POSTOS PRESIDENTE LTDA;32864795001063;GETULIO VARGAS;GASOLINA;03/02/2025;6,59;VIBRA
REDE DE POSTOS PRESIDENTE LTDA;32864795001063;GETULIO VARGAS;GASOLINA;03/03/2025;6,69;VIBRA
REDE DE POSTOS PRESIDENTE LTDA;32864795001063;GETULIO VARGAS;GASOLINA;03/06/2025;6,69;VIBRA
REDE DE POSTOS PRESIDENTE LTDA;32864795001063;GETULIO VARGAS;GASOLINA;03/06/2026;7,19;VIBRA
REDE DE POSTOS PRESIDENTE LTDA;32864795001063;GETULIO VARGAS;GASOLINA;03/12/2024;6,37;VIBRA
REDE DE POSTOS PRESIDENTE LTDA;32864795001063;GETULIO VARGAS;GASOLINA;04/03/2026;6,59;VIBRA
REDE DE POSTOS PRESIDENTE LTDA;32864795001063;GETULIO VARGAS;GASOLINA;04/11/2024;5,95;VIBRA
REDE DE POSTOS PRESIDENTE LTDA;32864795001063;GETULIO VARGAS;GASOLINA;04/11/2025;6,59;VIBRA
REDE DE POSTOS PRESIDENTE LTDA;32864795001063;GETULIO VARGAS;GASOLINA;05/01/2026;6,59;VIBRA
REDE DE POSTOS PRESIDENTE LTDA;32864795001063;GETULIO VARGAS;GASOLINA;05/05/2025;6,69;VIBRA
REDE DE POSTOS PRESIDENTE LTDA;32864795001063;GETULIO VARGAS;GASOLINA;05/08/2025;6,69;VIBRA
REDE DE POSTOS PRESIDENTE LTDA;32864795001063;GETULIO VARGAS;GASOLINA;06/01/2025;6,37;VIBRA
REDE DE POSTOS PRESIDENTE LTDA;32864795001063;GETULIO VARGAS;GASOLINA;06/10/2025;6,69;VIBRA
REDE DE POSTOS PRESIDENTE LTDA;32864795001063;GETULIO VARGAS;GASOLINA;07/05/2026;7,59;VIBRA
REDE DE POSTOS PRESIDENTE LTDA;32864795001063;GETULIO VARGAS;GASOLINA;08/04/2025;6,69;VIBRA
REDE DE POSTOS PRESIDENTE LTDA;32864795001063;GETULIO VARGAS;GASOLINA;08/07/2025;6,69;VIBRA
REDE DE POSTOS PRESIDENTE LTDA;32864795001063;GETULIO VARGAS;GASOLINA;08/12/2025;6,59;VIBRA
REDE DE POSTOS PRESIDENTE LTDA;32864795001063;GETULIO VARGAS;GASOLINA;09/02/2026;6,59;VIBRA
REDE DE POSTOS PRESIDENTE LTDA;32864795001063;GETULIO VARGAS;GASOLINA;09/03/2026;6,89;VIBRA
REDE DE POSTOS PRESIDENTE LTDA;32864795001063;GETULIO VARGAS;GASOLINA;09/04/2026;7,29;VIBRA
REDE DE POSTOS PRESIDENTE LTDA;32864795001063;GETULIO VARGAS;GASOLINA;09/06/2025;6,69;VIBRA
REDE DE POSTOS PRESIDENTE LTDA;32864795001063;GETULIO VARGAS;GASOLINA;09/06/2026;7,19;VIBRA
REDE DE POSTOS PRESIDENTE LTDA;32864795001063;GETULIO VARGAS;GASOLINA;09/09/2025;6,69;VIBRA
REDE DE POSTOS PRESIDENTE LTDA;32864795001063;GETULIO VARGAS;GASOLINA;09/12/2024;6,37;VIBRA
REDE DE POSTOS PRESIDENTE LTDA;32864795001063;GETULIO VARGAS;GASOLINA;11/02/2025;6,69;VIBRA
REDE DE POSTOS PRESIDENTE LTDA;32864795001063;GETULIO VARGAS;GASOLINA;11/03/2025;6,69;VIBRA
REDE DE POSTOS PRESIDENTE LTDA;32864795001063;GETULIO VARGAS;GASOLINA;11/11/2024;5,95;VIBRA
REDE DE POSTOS PRESIDENTE LTDA;32864795001063;GETULIO VARGAS;GASOLINA;11/11/2025;6,59;VIBRA
REDE DE POSTOS PRESIDENTE LTDA;32864795001063;GETULIO VARGAS;GASOLINA;12/05/2025;6,69;VIBRA
REDE DE POSTOS PRESIDENTE LTDA;32864795001063;GETULIO VARGAS;GASOLINA;12/08/2025;6,69;VIBRA
REDE DE POSTOS PRESIDENTE LTDA;32864795001063;GETULIO VARGAS;GASOLINA;13/01/2025;6,49;VIBRA
REDE DE POSTOS PRESIDENTE LTDA;32864795001063;GETULIO VARGAS;GASOLINA;13/05/2026;7,59;VIBRA
REDE DE POSTOS PRESIDENTE LTDA;32864795001063;GETULIO VARGAS;GASOLINA;13/10/2025;6,69;VIBRA
REDE DE POSTOS PRESIDENTE LTDA;32864795001063;GETULIO VARGAS;GASOLINA;15/04/2025;6,59;VIBRA
REDE DE POSTOS PRESIDENTE LTDA;32864795001063;GETULIO VARGAS;GASOLINA;15/04/2026;7,29;VIBRA
REDE DE POSTOS PRESIDENTE LTDA;32864795001063;GETULIO VARGAS;GASOLINA;15/07/2025;6,69;VIBRA
REDE DE POSTOS PRESIDENTE LTDA;32864795001063;GETULIO VARGAS;GASOLINA;15/12/2025;6,59;VIBRA
REDE DE POSTOS PRESIDENTE LTDA;32864795001063;GETULIO VARGAS;GASOLINA;16/06/2025;6,69;VIBRA
REDE DE POSTOS PRESIDENTE LTDA;32864795001063;GETULIO VARGAS;GASOLINA;16/06/2026;7,19;VIBRA
REDE DE POSTOS PRESIDENTE LTDA;32864795001063;GETULIO VARGAS;GASOLINA;16/12/2024;6,37;VIBRA
REDE DE POSTOS PRESIDENTE LTDA;32864795001063;GETULIO VARGAS;GASOLINA;17/09/2025;6,69;VIBRA
REDE DE POSTOS PRESIDENTE LTDA;32864795001063;GETULIO VARGAS;GASOLINA;18/02/2025;6,69;VIBRA
REDE DE POSTOS PRESIDENTE LTDA;32864795001063;GETULIO VARGAS;GASOLINA;18/03/2025;6,69;VIBRA
REDE DE POSTOS PRESIDENTE LTDA;32864795001063;GETULIO VARGAS;GASOLINA;18/11/2024;6,37;VIBRA
REDE DE POSTOS PRESIDENTE LTDA;32864795001063;GETULIO VARGAS;GASOLINA;18/11/2025;6,59;VIBRA
REDE DE POSTOS PRESIDENTE LTDA;32864795001063;GETULIO VARGAS;GASOLINA;19/05/2025;6,69;VIBRA
REDE DE POSTOS PRESIDENTE LTDA;32864795001063;GETULIO VARGAS;GASOLINA;19/08/2025;6,69;VIBRA
REDE DE POSTOS PRESIDENTE LTDA;32864795001063;GETULIO VARGAS;GASOLINA;20/01/2025;6,49;VIBRA
REDE DE POSTOS PRESIDENTE LTDA;32864795001063;GETULIO VARGAS;GASOLINA;20/01/2026;6,59;VIBRA
REDE DE POSTOS PRESIDENTE LTDA;32864795001063;GETULIO VARGAS;GASOLINA;20/03/2026;7,69;VIBRA
REDE DE POSTOS PRESIDENTE LTDA;32864795001063;GETULIO VARGAS;GASOLINA;20/05/2026;7,19;VIBRA
REDE DE POSTOS PRESIDENTE LTDA;32864795001063;GETULIO VARGAS;GASOLINA;20/10/2025;6,69;VIBRA
REDE DE POSTOS PRESIDENTE LTDA;32864795001063;GETULIO VARGAS;GASOLINA;22/04/2025;6,59;VIBRA
REDE DE POSTOS PRESIDENTE LTDA;32864795001063;GETULIO VARGAS;GASOLINA;22/07/2025;6,69;VIBRA
REDE DE POSTOS PRESIDENTE LTDA;32864795001063;GETULIO VARGAS;GASOLINA;22/09/2025;6,69;VIBRA
REDE DE POSTOS PRESIDENTE LTDA;32864795001063;GETULIO VARGAS;GASOLINA;23/06/2026;7,19;VIBRA
REDE DE POSTOS PRESIDENTE LTDA;32864795001063;GETULIO VARGAS;GASOLINA;23/12/2024;6,37;VIBRA
REDE DE POSTOS PRESIDENTE LTDA;32864795001063;GETULIO VARGAS;GASOLINA;23/12/2025;6,59;VIBRA
REDE DE POSTOS PRESIDENTE LTDA;32864795001063;GETULIO VARGAS;GASOLINA;24/02/2026;6,59;VIBRA
REDE DE POSTOS PRESIDENTE LTDA;32864795001063;GETULIO VARGAS;GASOLINA;24/04/2026;7,29;VIBRA
REDE DE POSTOS PRESIDENTE LTDA;32864795001063;GETULIO VARGAS;GASOLINA;24/06/2025;6,69;VIBRA
REDE DE POSTOS PRESIDENTE LTDA;32864795001063;GETULIO VARGAS;GASOLINA;25/02/2025;6,69;VIBRA
REDE DE POSTOS PRESIDENTE LTDA;32864795001063;GETULIO VARGAS;GASOLINA;25/03/2025;6,69;VIBRA
REDE DE POSTOS PRESIDENTE LTDA;32864795001063;GETULIO VARGAS;GASOLINA;25/03/2026;7,29;VIBRA
REDE DE POSTOS PRESIDENTE LTDA;32864795001063;GETULIO VARGAS;GASOLINA;25/11/2024;6,37;VIBRA
REDE DE POSTOS PRESIDENTE LTDA;32864795001063;GETULIO VARGAS;GASOLINA;25/11/2025;6,59;VIBRA
REDE DE POSTOS PRESIDENTE LTDA;32864795001063;GETULIO VARGAS;GASOLINA;26/05/2026;7,19;VIBRA
REDE DE POSTOS PRESIDENTE LTDA;32864795001063;GETULIO VARGAS;GASOLINA;27/05/2025;6,69;VIBRA
REDE DE POSTOS PRESIDENTE LTDA;32864795001063;GETULIO VARGAS;GASOLINA;27/08/2025;6,69;VIBRA
REDE DE POSTOS PRESIDENTE LTDA;32864795001063;GETULIO VARGAS;GASOLINA;28/01/2025;6,49;VIBRA
REDE DE POSTOS PRESIDENTE LTDA;32864795001063;GETULIO VARGAS;GASOLINA;28/07/2025;6,69;VIBRA
REDE DE POSTOS PRESIDENTE LTDA;32864795001063;GETULIO VARGAS;GASOLINA;28/10/2025;6,59;VIBRA
REDE DE POSTOS PRESIDENTE LTDA;32864795001063;GETULIO VARGAS;GASOLINA;29/04/2025;6,69;VIBRA
REDE DE POSTOS PRESIDENTE LTDA;32864795001063;GETULIO VARGAS;GASOLINA;29/04/2026;7,29;VIBRA
REDE DE POSTOS PRESIDENTE LTDA;32864795001063;GETULIO VARGAS;GASOLINA;29/12/2025;6,59;VIBRA
REDE DE POSTOS PRESIDENTE LTDA;32864795001063;GETULIO VARGAS;GASOLINA;30/06/2025;6,69;VIBRA
REDE DE POSTOS PRESIDENTE LTDA;32864795001063;GETULIO VARGAS;GASOLINA;30/06/2026;7,19;VIBRA
REDE DE POSTOS PRESIDENTE LTDA;32864795001063;GETULIO VARGAS;GASOLINA;30/09/2025;6,69;VIBRA
REDE DE POSTOS PRESIDENTE LTDA;32864795001063;GETULIO VARGAS;GASOLINA;30/12/2024;6,37;VIBRA
REDE DE POSTOS PRESIDENTE LTDA;32864795001063;GETULIO VARGAS;GASOLINA;31/03/2025;6,69;VIBRA
REDE DE POSTOS PRESIDENTE LTDA;32864795001063;GETULIO VARGAS;GASOLINA;31/03/2026;7,29;VIBRA
REDE DE POSTOS PRESIDENTE LTDA;32864795001063;GETULIO VARGAS;GASOLINA ADITIVADA;02/09/2025;6,89;VIBRA
REDE DE POSTOS PRESIDENTE LTDA;32864795001063;GETULIO VARGAS;GASOLINA ADITIVADA;03/02/2025;6,79;VIBRA
REDE DE POSTOS PRESIDENTE LTDA;32864795001063;GETULIO VARGAS;GASOLINA ADITIVADA;03/03/2025;6,89;VIBRA
REDE DE POSTOS PRESIDENTE LTDA;32864795001063;GETULIO VARGAS;GASOLINA ADITIVADA;03/06/2025;6,89;VIBRA
REDE DE POSTOS PRESIDENTE LTDA;32864795001063;GETULIO VARGAS;GASOLINA ADITIVADA;03/06/2026;7,39;VIBRA
REDE DE POSTOS PRESIDENTE LTDA;32864795001063;GETULIO VARGAS;GASOLINA ADITIVADA;03/12/2024;6,57;VIBRA
REDE DE POSTOS PRESIDENTE LTDA;32864795001063;GETULIO VARGAS;GASOLINA ADITIVADA;04/03/2026;6,79;VIBRA
REDE DE POSTOS PRESIDENTE LTDA;32864795001063;GETULIO VARGAS;GASOLINA ADITIVADA;04/11/2024;6,15;VIBRA
REDE DE POSTOS PRESIDENTE LTDA;32864795001063;GETULIO VARGAS;GASOLINA ADITIVADA;04/11/2025;6,79;VIBRA
REDE DE POSTOS PRESIDENTE LTDA;32864795001063;GETULIO VARGAS;GASOLINA ADITIVADA;05/01/2026;6,79;VIBRA
REDE DE POSTOS PRESIDENTE LTDA;32864795001063;GETULIO VARGAS;GASOLINA ADITIVADA;05/05/2025;6,89;VIBRA
REDE DE POSTOS PRESIDENTE LTDA;32864795001063;GETULIO VARGAS;GASOLINA ADITIVADA;05/08/2025;6,89;VIBRA
REDE DE POSTOS PRESIDENTE LTDA;32864795001063;GETULIO VARGAS;GASOLINA ADITIVADA;06/01/2025;6,57;VIBRA
REDE DE POSTOS PRESIDENTE LTDA;32864795001063;GETULIO VARGAS;GASOLINA ADITIVADA;06/10/2025;6,89;VIBRA
REDE DE POSTOS PRESIDENTE LTDA;32864795001063;GETULIO VARGAS;GASOLINA ADITIVADA;07/05/2026;7,79;VIBRA
REDE DE POSTOS PRESIDENTE LTDA;32864795001063;GETULIO VARGAS;GASOLINA ADITIVADA;08/04/2025;6,89;VIBRA
REDE DE POSTOS PRESIDENTE LTDA;32864795001063;GETULIO VARGAS;GASOLINA ADITIVADA;08/07/2025;6,89;VIBRA
REDE DE POSTOS PRESIDENTE LTDA;32864795001063;GETULIO VARGAS;GASOLINA ADITIVADA;08/12/2025;6,79;VIBRA
REDE DE POSTOS PRESIDENTE LTDA;32864795001063;GETULIO VARGAS;GASOLINA ADITIVADA;09/02/2026;6,79;VIBRA
REDE DE POSTOS PRESIDENTE LTDA;32864795001063;GETULIO VARGAS;GASOLINA ADITIVADA;09/03/2026;7,09;VIBRA
REDE DE POSTOS PRESIDENTE LTDA;32864795001063;GETULIO VARGAS;GASOLINA ADITIVADA;09/04/2026;7,49;VIBRA
REDE DE POSTOS PRESIDENTE LTDA;32864795001063;GETULIO VARGAS;GASOLINA ADITIVADA;09/06/2025;6,89;VIBRA
REDE DE POSTOS PRESIDENTE LTDA;32864795001063;GETULIO VARGAS;GASOLINA ADITIVADA;09/06/2026;7,39;VIBRA
REDE DE POSTOS PRESIDENTE LTDA;32864795001063;GETULIO VARGAS;GASOLINA ADITIVADA;09/09/2025;6,89;VIBRA
REDE DE POSTOS PRESIDENTE LTDA;32864795001063;GETULIO VARGAS;GASOLINA ADITIVADA;09/12/2024;6,57;VIBRA
REDE DE POSTOS PRESIDENTE LTDA;32864795001063;GETULIO VARGAS;GASOLINA ADITIVADA;11/02/2025;6,89;VIBRA
REDE DE POSTOS PRESIDENTE LTDA;32864795001063;GETULIO VARGAS;GASOLINA ADITIVADA;11/03/2025;6,89;VIBRA
REDE DE POSTOS PRESIDENTE LTDA;32864795001063;GETULIO VARGAS;GASOLINA ADITIVADA;11/11/2024;6,15;VIBRA
REDE DE POSTOS PRESIDENTE LTDA;32864795001063;GETULIO VARGAS;GASOLINA ADITIVADA;11/11/2025;6,79;VIBRA
REDE DE POSTOS PRESIDENTE LTDA;32864795001063;GETULIO VARGAS;GASOLINA ADITIVADA;12/05/2025;6,89;VIBRA
REDE DE POSTOS PRESIDENTE LTDA;32864795001063;GETULIO VARGAS;GASOLINA ADITIVADA;12/08/2025;6,89;VIBRA
REDE DE POSTOS PRESIDENTE LTDA;32864795001063;GETULIO VARGAS;GASOLINA ADITIVADA;13/01/2025;6,69;VIBRA
REDE DE POSTOS PRESIDENTE LTDA;32864795001063;GETULIO VARGAS;GASOLINA ADITIVADA;13/05/2026;7,79;VIBRA
REDE DE POSTOS PRESIDENTE LTDA;32864795001063;GETULIO VARGAS;GASOLINA ADITIVADA;13/10/2025;6,89;VIBRA
REDE DE POSTOS PRESIDENTE LTDA;32864795001063;GETULIO VARGAS;GASOLINA ADITIVADA;15/04/2025;6,79;VIBRA
REDE DE POSTOS PRESIDENTE LTDA;32864795001063;GETULIO VARGAS;GASOLINA ADITIVADA;15/04/2026;7,49;VIBRA
REDE DE POSTOS PRESIDENTE LTDA;32864795001063;GETULIO VARGAS;GASOLINA ADITIVADA;15/07/2025;6,89;VIBRA
REDE DE POSTOS PRESIDENTE LTDA;32864795001063;GETULIO VARGAS;GASOLINA ADITIVADA;15/12/2025;6,79;VIBRA
REDE DE POSTOS PRESIDENTE LTDA;32864795001063;GETULIO VARGAS;GASOLINA ADITIVADA;16/06/2025;6,89;VIBRA
REDE DE POSTOS PRESIDENTE LTDA;32864795001063;GETULIO VARGAS;GASOLINA ADITIVADA;16/06/2026;7,39;VIBRA
REDE DE POSTOS PRESIDENTE LTDA;32864795001063;GETULIO VARGAS;GASOLINA ADITIVADA;16/12/2024;6,57;VIBRA
REDE DE POSTOS PRESIDENTE LTDA;32864795001063;GETULIO VARGAS;GASOLINA ADITIVADA;17/09/2025;6,89;VIBRA
REDE DE POSTOS PRESIDENTE LTDA;32864795001063;GETULIO VARGAS;GASOLINA ADITIVADA;18/02/2025;6,89;VIBRA
REDE DE POSTOS PRESIDENTE LTDA;32864795001063;GETULIO VARGAS;GASOLINA ADITIVADA;18/03/2025;6,89;VIBRA
REDE DE POSTOS PRESIDENTE LTDA;32864795001063;GETULIO VARGAS;GASOLINA ADITIVADA;18/11/2024;6,57;VIBRA
REDE DE POSTOS PRESIDENTE LTDA;32864795001063;GETULIO VARGAS;GASOLINA ADITIVADA;18/11/2025;6,79;VIBRA
REDE DE POSTOS PRESIDENTE LTDA;32864795001063;GETULIO VARGAS;GASOLINA ADITIVADA;19/05/2025;6,89;VIBRA
REDE DE POSTOS PRESIDENTE LTDA;32864795001063;GETULIO VARGAS;GASOLINA ADITIVADA;19/08/2025;6,89;VIBRA
REDE DE POSTOS PRESIDENTE LTDA;32864795001063;GETULIO VARGAS;GASOLINA ADITIVADA;20/01/2025;6,69;VIBRA
REDE DE POSTOS PRESIDENTE LTDA;32864795001063;GETULIO VARGAS;GASOLINA ADITIVADA;20/01/2026;6,79;VIBRA
REDE DE POSTOS PRESIDENTE LTDA;32864795001063;GETULIO VARGAS;GASOLINA ADITIVADA;20/03/2026;7,89;VIBRA
REDE DE POSTOS PRESIDENTE LTDA;32864795001063;GETULIO VARGAS;GASOLINA ADITIVADA;20/05/2026;7,39;VIBRA
REDE DE POSTOS PRESIDENTE LTDA;32864795001063;GETULIO VARGAS;GASOLINA ADITIVADA;20/10/2025;6,89;VIBRA
REDE DE POSTOS PRESIDENTE LTDA;32864795001063;GETULIO VARGAS;GASOLINA ADITIVADA;22/04/2025;6,79;VIBRA
REDE DE POSTOS PRESIDENTE LTDA;32864795001063;GETULIO VARGAS;GASOLINA ADITIVADA;22/07/2025;6,89;VIBRA
REDE DE POSTOS PRESIDENTE LTDA;32864795001063;GETULIO VARGAS;GASOLINA ADITIVADA;22/09/2025;6,89;VIBRA
REDE DE POSTOS PRESIDENTE LTDA;32864795001063;GETULIO VARGAS;GASOLINA ADITIVADA;23/06/2026;7,39;VIBRA
REDE DE POSTOS PRESIDENTE LTDA;32864795001063;GETULIO VARGAS;GASOLINA ADITIVADA;23/12/2024;6,57;VIBRA
REDE DE POSTOS PRESIDENTE LTDA;32864795001063;GETULIO VARGAS;GASOLINA ADITIVADA;23/12/2025;6,79;VIBRA
REDE DE POSTOS PRESIDENTE LTDA;32864795001063;GETULIO VARGAS;GASOLINA ADITIVADA;24/02/2026;6,79;VIBRA
REDE DE POSTOS PRESIDENTE LTDA;32864795001063;GETULIO VARGAS;GASOLINA ADITIVADA;24/04/2026;7,49;VIBRA
REDE DE POSTOS PRESIDENTE LTDA;32864795001063;GETULIO VARGAS;GASOLINA ADITIVADA;24/06/2025;6,89;VIBRA
REDE DE POSTOS PRESIDENTE LTDA;32864795001063;GETULIO VARGAS;GASOLINA ADITIVADA;25/02/2025;6,89;VIBRA
REDE DE POSTOS PRESIDENTE LTDA;32864795001063;GETULIO VARGAS;GASOLINA ADITIVADA;25/03/2025;6,89;VIBRA
REDE DE POSTOS PRESIDENTE LTDA;32864795001063;GETULIO VARGAS;GASOLINA ADITIVADA;25/03/2026;7,49;VIBRA
REDE DE POSTOS PRESIDENTE LTDA;32864795001063;GETULIO VARGAS;GASOLINA ADITIVADA;25/11/2024;6,57;VIBRA
REDE DE POSTOS PRESIDENTE LTDA;32864795001063;GETULIO VARGAS;GASOLINA ADITIVADA;25/11/2025;6,79;VIBRA
REDE DE POSTOS PRESIDENTE LTDA;32864795001063;GETULIO VARGAS;GASOLINA ADITIVADA;26/05/2026;7,39;VIBRA
REDE DE POSTOS PRESIDENTE LTDA;32864795001063;GETULIO VARGAS;GASOLINA ADITIVADA;27/05/2025;6,89;VIBRA
REDE DE POSTOS PRESIDENTE LTDA;32864795001063;GETULIO VARGAS;GASOLINA ADITIVADA;27/08/2025;6,89;VIBRA
REDE DE POSTOS PRESIDENTE LTDA;32864795001063;GETULIO VARGAS;GASOLINA ADITIVADA;28/01/2025;6,69;VIBRA
REDE DE POSTOS PRESIDENTE LTDA;32864795001063;GETULIO VARGAS;GASOLINA ADITIVADA;28/07/2025;6,89;VIBRA
REDE DE POSTOS PRESIDENTE LTDA;32864795001063;GETULIO VARGAS;GASOLINA ADITIVADA;28/10/2025;6,79;VIBRA
REDE DE POSTOS PRESIDENTE LTDA;32864795001063;GETULIO VARGAS;GASOLINA ADITIVADA;29/04/2025;6,89;VIBRA
REDE DE POSTOS PRESIDENTE LTDA;32864795001063;GETULIO VARGAS;GASOLINA ADITIVADA;29/04/2026;7,49;VIBRA
REDE DE POSTOS PRESIDENTE LTDA;32864795001063;GETULIO VARGAS;GASOLINA ADITIVADA;29/12/2025;6,79;VIBRA
REDE DE POSTOS PRESIDENTE LTDA;32864795001063;GETULIO VARGAS;GASOLINA ADITIVADA;30/06/2025;6,89;VIBRA
REDE DE POSTOS PRESIDENTE LTDA;32864795001063;GETULIO VARGAS;GASOLINA ADITIVADA;30/06/2026;7,39;VIBRA
REDE DE POSTOS PRESIDENTE LTDA;32864795001063;GETULIO VARGAS;GASOLINA ADITIVADA;30/09/2025;6,89;VIBRA
REDE DE POSTOS PRESIDENTE LTDA;32864795001063;GETULIO VARGAS;GASOLINA ADITIVADA;30/12/2024;6,57;VIBRA
REDE DE POSTOS PRESIDENTE LTDA;32864795001063;GETULIO VARGAS;GASOLINA ADITIVADA;31/03/2025;6,89;VIBRA
REDE DE POSTOS PRESIDENTE LTDA;32864795001063;GETULIO VARGAS;GASOLINA ADITIVADA;31/03/2026;7,49;VIBRA
REDE DE POSTOS PRESIDENTE LTDA;32864795001063;GETULIO VARGAS;GNV;02/09/2025;4,69;VIBRA
REDE DE POSTOS PRESIDENTE LTDA;32864795001063;GETULIO VARGAS;GNV;03/02/2025;4,90;VIBRA
REDE DE POSTOS PRESIDENTE LTDA;32864795001063;GETULIO VARGAS;GNV;03/03/2025;4,90;VIBRA
REDE DE POSTOS PRESIDENTE LTDA;32864795001063;GETULIO VARGAS;GNV;03/06/2025;4,99;VIBRA
REDE DE POSTOS PRESIDENTE LTDA;32864795001063;GETULIO VARGAS;GNV;03/06/2026;4,83;VIBRA
REDE DE POSTOS PRESIDENTE LTDA;32864795001063;GETULIO VARGAS;GNV;03/12/2024;4,90;VIBRA
REDE DE POSTOS PRESIDENTE LTDA;32864795001063;GETULIO VARGAS;GNV;04/03/2026;4,61;VIBRA
REDE DE POSTOS PRESIDENTE LTDA;32864795001063;GETULIO VARGAS;GNV;04/11/2024;4,90;VIBRA
REDE DE POSTOS PRESIDENTE LTDA;32864795001063;GETULIO VARGAS;GNV;04/11/2025;4,69;VIBRA
REDE DE POSTOS PRESIDENTE LTDA;32864795001063;GETULIO VARGAS;GNV;05/01/2026;4,69;VIBRA
REDE DE POSTOS PRESIDENTE LTDA;32864795001063;GETULIO VARGAS;GNV;05/05/2025;4,90;VIBRA
REDE DE POSTOS PRESIDENTE LTDA;32864795001063;GETULIO VARGAS;GNV;05/08/2025;4,69;VIBRA
REDE DE POSTOS PRESIDENTE LTDA;32864795001063;GETULIO VARGAS;GNV;06/01/2025;4,90;VIBRA
REDE DE POSTOS PRESIDENTE LTDA;32864795001063;GETULIO VARGAS;GNV;06/10/2025;4,69;VIBRA
REDE DE POSTOS PRESIDENTE LTDA;32864795001063;GETULIO VARGAS;GNV;07/05/2026;4,83;VIBRA
REDE DE POSTOS PRESIDENTE LTDA;32864795001063;GETULIO VARGAS;GNV;08/04/2025;4,90;VIBRA
REDE DE POSTOS PRESIDENTE LTDA;32864795001063;GETULIO VARGAS;GNV;08/07/2025;4,99;VIBRA
REDE DE POSTOS PRESIDENTE LTDA;32864795001063;GETULIO VARGAS;GNV;08/12/2025;4,69;VIBRA
REDE DE POSTOS PRESIDENTE LTDA;32864795001063;GETULIO VARGAS;GNV;09/02/2026;4,61;VIBRA
REDE DE POSTOS PRESIDENTE LTDA;32864795001063;GETULIO VARGAS;GNV;09/03/2026;4,61;VIBRA
REDE DE POSTOS PRESIDENTE LTDA;32864795001063;GETULIO VARGAS;GNV;09/04/2026;4,61;VIBRA
REDE DE POSTOS PRESIDENTE LTDA;32864795001063;GETULIO VARGAS;GNV;09/06/2025;4,99;VIBRA
REDE DE POSTOS PRESIDENTE LTDA;32864795001063;GETULIO VARGAS;GNV;09/06/2026;4,83;VIBRA
REDE DE POSTOS PRESIDENTE LTDA;32864795001063;GETULIO VARGAS;GNV;09/09/2025;4,69;VIBRA
REDE DE POSTOS PRESIDENTE LTDA;32864795001063;GETULIO VARGAS;GNV;09/12/2024;4,90;VIBRA
REDE DE POSTOS PRESIDENTE LTDA;32864795001063;GETULIO VARGAS;GNV;11/02/2025;4,90;VIBRA
REDE DE POSTOS PRESIDENTE LTDA;32864795001063;GETULIO VARGAS;GNV;11/03/2025;4,90;VIBRA
REDE DE POSTOS PRESIDENTE LTDA;32864795001063;GETULIO VARGAS;GNV;11/11/2024;4,90;VIBRA
REDE DE POSTOS PRESIDENTE LTDA;32864795001063;GETULIO VARGAS;GNV;11/11/2025;4,69;VIBRA
REDE DE POSTOS PRESIDENTE LTDA;32864795001063;GETULIO VARGAS;GNV;12/05/2025;4,99;VIBRA
REDE DE POSTOS PRESIDENTE LTDA;32864795001063;GETULIO VARGAS;GNV;12/08/2025;4,69;VIBRA
REDE DE POSTOS PRESIDENTE LTDA;32864795001063;GETULIO VARGAS;GNV;13/01/2025;4,90;VIBRA
REDE DE POSTOS PRESIDENTE LTDA;32864795001063;GETULIO VARGAS;GNV;13/05/2026;4,83;VIBRA
REDE DE POSTOS PRESIDENTE LTDA;32864795001063;GETULIO VARGAS;GNV;13/10/2025;4,69;VIBRA
REDE DE POSTOS PRESIDENTE LTDA;32864795001063;GETULIO VARGAS;GNV;15/04/2025;4,90;VIBRA
REDE DE POSTOS PRESIDENTE LTDA;32864795001063;GETULIO VARGAS;GNV;15/04/2026;4,61;VIBRA
REDE DE POSTOS PRESIDENTE LTDA;32864795001063;GETULIO VARGAS;GNV;15/07/2025;4,99;VIBRA
REDE DE POSTOS PRESIDENTE LTDA;32864795001063;GETULIO VARGAS;GNV;15/12/2025;4,69;VIBRA
REDE DE POSTOS PRESIDENTE LTDA;32864795001063;GETULIO VARGAS;GNV;16/06/2025;4,99;VIBRA
REDE DE POSTOS PRESIDENTE LTDA;32864795001063;GETULIO VARGAS;GNV;16/06/2026;4,83;VIBRA
REDE DE POSTOS PRESIDENTE LTDA;32864795001063;GETULIO VARGAS;GNV;16/12/2024;4,90;VIBRA
REDE DE POSTOS PRESIDENTE LTDA;32864795001063;GETULIO VARGAS;GNV;17/09/2025;4,69;VIBRA
REDE DE POSTOS PRESIDENTE LTDA;32864795001063;GETULIO VARGAS;GNV;18/02/2025;4,90;VIBRA
REDE DE POSTOS PRESIDENTE LTDA;32864795001063;GETULIO VARGAS;GNV;18/03/2025;4,90;VIBRA
REDE DE POSTOS PRESIDENTE LTDA;32864795001063;GETULIO VARGAS;GNV;18/11/2024;4,90;VIBRA
REDE DE POSTOS PRESIDENTE LTDA;32864795001063;GETULIO VARGAS;GNV;18/11/2025;4,69;VIBRA
REDE DE POSTOS PRESIDENTE LTDA;32864795001063;GETULIO VARGAS;GNV;19/05/2025;4,99;VIBRA
REDE DE POSTOS PRESIDENTE LTDA;32864795001063;GETULIO VARGAS;GNV;19/08/2025;4,69;VIBRA
REDE DE POSTOS PRESIDENTE LTDA;32864795001063;GETULIO VARGAS;GNV;20/01/2025;4,90;VIBRA
REDE DE POSTOS PRESIDENTE LTDA;32864795001063;GETULIO VARGAS;GNV;20/01/2026;4,69;VIBRA
REDE DE POSTOS PRESIDENTE LTDA;32864795001063;GETULIO VARGAS;GNV;20/05/2026;4,83;VIBRA
REDE DE POSTOS PRESIDENTE LTDA;32864795001063;GETULIO VARGAS;GNV;20/10/2025;4,69;VIBRA
REDE DE POSTOS PRESIDENTE LTDA;32864795001063;GETULIO VARGAS;GNV;22/04/2025;4,90;VIBRA
REDE DE POSTOS PRESIDENTE LTDA;32864795001063;GETULIO VARGAS;GNV;22/07/2025;4,99;VIBRA
REDE DE POSTOS PRESIDENTE LTDA;32864795001063;GETULIO VARGAS;GNV;22/09/2025;4,69;VIBRA
REDE DE POSTOS PRESIDENTE LTDA;32864795001063;GETULIO VARGAS;GNV;23/06/2026;4,83;VIBRA
REDE DE POSTOS PRESIDENTE LTDA;32864795001063;GETULIO VARGAS;GNV;23/12/2024;4,90;VIBRA
REDE DE POSTOS PRESIDENTE LTDA;32864795001063;GETULIO VARGAS;GNV;23/12/2025;4,69;VIBRA
REDE DE POSTOS PRESIDENTE LTDA;32864795001063;GETULIO VARGAS;GNV;24/02/2026;4,61;VIBRA
REDE DE POSTOS PRESIDENTE LTDA;32864795001063;GETULIO VARGAS;GNV;24/04/2026;4,61;VIBRA
REDE DE POSTOS PRESIDENTE LTDA;32864795001063;GETULIO VARGAS;GNV;24/06/2025;4,99;VIBRA
REDE DE POSTOS PRESIDENTE LTDA;32864795001063;GETULIO VARGAS;GNV;25/02/2025;4,90;VIBRA
REDE DE POSTOS PRESIDENTE LTDA;32864795001063;GETULIO VARGAS;GNV;25/03/2025;4,90;VIBRA
REDE DE POSTOS PRESIDENTE LTDA;32864795001063;GETULIO VARGAS;GNV;25/11/2024;4,90;VIBRA
REDE DE POSTOS PRESIDENTE LTDA;32864795001063;GETULIO VARGAS;GNV;25/11/2025;4,69;VIBRA
REDE DE POSTOS PRESIDENTE LTDA;32864795001063;GETULIO VARGAS;GNV;26/05/2026;4,83;VIBRA
REDE DE POSTOS PRESIDENTE LTDA;32864795001063;GETULIO VARGAS;GNV;27/05/2025;4,99;VIBRA
REDE DE POSTOS PRESIDENTE LTDA;32864795001063;GETULIO VARGAS;GNV;28/01/2025;4,90;VIBRA
REDE DE POSTOS PRESIDENTE LTDA;32864795001063;GETULIO VARGAS;GNV;28/07/2025;4,99;VIBRA
REDE DE POSTOS PRESIDENTE LTDA;32864795001063;GETULIO VARGAS;GNV;28/10/2025;4,69;VIBRA
REDE DE POSTOS PRESIDENTE LTDA;32864795001063;GETULIO VARGAS;GNV;29/04/2025;4,90;VIBRA
REDE DE POSTOS PRESIDENTE LTDA;32864795001063;GETULIO VARGAS;GNV;29/04/2026;4,61;VIBRA
REDE DE POSTOS PRESIDENTE LTDA;32864795001063;GETULIO VARGAS;GNV;29/12/2025;4,69;VIBRA
REDE DE POSTOS PRESIDENTE LTDA;32864795001063;GETULIO VARGAS;GNV;30/06/2025;4,99;VIBRA
REDE DE POSTOS PRESIDENTE LTDA;32864795001063;GETULIO VARGAS;GNV;30/06/2026;4,83;VIBRA
REDE DE POSTOS PRESIDENTE LTDA;32864795001063;GETULIO VARGAS;GNV;30/09/2025;4,69;VIBRA
REDE DE POSTOS PRESIDENTE LTDA;32864795001063;GETULIO VARGAS;GNV;30/12/2024;4,90;VIBRA
REDE DE POSTOS PRESIDENTE LTDA;32864795001063;GETULIO VARGAS;GNV;31/03/2025;4,90;VIBRA
REDE DE POSTOS PRESIDENTE LTDA;32864795001063;GETULIO VARGAS;GNV;31/03/2026;4,61;VIBRA
REDE DE POSTOS PRESIDENTE LTDA;32864795002701;INDUSTRIAL;ETANOL;02/06/2026;5,50;BRANCA
REDE DE POSTOS PRESIDENTE LTDA;32864795002701;INDUSTRIAL;ETANOL;07/05/2026;5,60;BRANCA
REDE DE POSTOS PRESIDENTE LTDA;32864795002701;INDUSTRIAL;ETANOL;10/06/2026;5,50;BRANCA
REDE DE POSTOS PRESIDENTE LTDA;32864795002701;INDUSTRIAL;ETANOL;12/05/2026;5,60;BRANCA
REDE DE POSTOS PRESIDENTE LTDA;32864795002701;INDUSTRIAL;ETANOL;18/06/2026;5,50;BRANCA
REDE DE POSTOS PRESIDENTE LTDA;32864795002701;INDUSTRIAL;ETANOL;20/05/2026;5,60;BRANCA
REDE DE POSTOS PRESIDENTE LTDA;32864795002701;INDUSTRIAL;ETANOL;24/04/2026;5,62;BRANCA
REDE DE POSTOS PRESIDENTE LTDA;32864795002701;INDUSTRIAL;ETANOL;25/06/2026;5,50;BRANCA
REDE DE POSTOS PRESIDENTE LTDA;32864795002701;INDUSTRIAL;ETANOL;27/05/2026;5,50;BRANCA
REDE DE POSTOS PRESIDENTE LTDA;32864795002701;INDUSTRIAL;ETANOL;29/04/2026;5,62;BRANCA
REDE DE POSTOS PRESIDENTE LTDA;32864795002701;INDUSTRIAL;ETANOL;30/06/2026;5,50;BRANCA
REDE DE POSTOS PRESIDENTE LTDA;32864795002701;INDUSTRIAL;GASOLINA;02/06/2026;7,17;BRANCA
REDE DE POSTOS PRESIDENTE LTDA;32864795002701;INDUSTRIAL;GASOLINA;07/05/2026;7,52;BRANCA
REDE DE POSTOS PRESIDENTE LTDA;32864795002701;INDUSTRIAL;GASOLINA;10/06/2026;7,17;BRANCA
REDE DE POSTOS PRESIDENTE LTDA;32864795002701;INDUSTRIAL;GASOLINA;12/05/2026;7,52;BRANCA
REDE DE POSTOS PRESIDENTE LTDA;32864795002701;INDUSTRIAL;GASOLINA;18/06/2026;7,12;BRANCA
REDE DE POSTOS PRESIDENTE LTDA;32864795002701;INDUSTRIAL;GASOLINA;20/05/2026;7,17;BRANCA
REDE DE POSTOS PRESIDENTE LTDA;32864795002701;INDUSTRIAL;GASOLINA;24/04/2026;7,24;BRANCA
REDE DE POSTOS PRESIDENTE LTDA;32864795002701;INDUSTRIAL;GASOLINA;25/06/2026;7,12;BRANCA
REDE DE POSTOS PRESIDENTE LTDA;32864795002701;INDUSTRIAL;GASOLINA;27/05/2026;7,17;BRANCA
REDE DE POSTOS PRESIDENTE LTDA;32864795002701;INDUSTRIAL;GASOLINA;29/04/2026;7,24;BRANCA
REDE DE POSTOS PRESIDENTE LTDA;32864795002701;INDUSTRIAL;GASOLINA;30/06/2026;7,12;BRANCA
REDE DE POSTOS PRESIDENTE LTDA;32864795002701;INDUSTRIAL;GASOLINA ADITIVADA;02/06/2026;7,22;BRANCA
REDE DE POSTOS PRESIDENTE LTDA;32864795002701;INDUSTRIAL;GASOLINA ADITIVADA;07/05/2026;7,57;BRANCA
REDE DE POSTOS PRESIDENTE LTDA;32864795002701;INDUSTRIAL;GASOLINA ADITIVADA;10/06/2026;7,22;BRANCA
REDE DE POSTOS PRESIDENTE LTDA;32864795002701;INDUSTRIAL;GASOLINA ADITIVADA;12/05/2026;7,57;BRANCA
REDE DE POSTOS PRESIDENTE LTDA;32864795002701;INDUSTRIAL;GASOLINA ADITIVADA;18/06/2026;7,17;BRANCA
REDE DE POSTOS PRESIDENTE LTDA;32864795002701;INDUSTRIAL;GASOLINA ADITIVADA;20/05/2026;7,22;BRANCA
REDE DE POSTOS PRESIDENTE LTDA;32864795002701;INDUSTRIAL;GASOLINA ADITIVADA;24/04/2026;7,29;BRANCA
REDE DE POSTOS PRESIDENTE LTDA;32864795002701;INDUSTRIAL;GASOLINA ADITIVADA;25/06/2026;7,17;BRANCA
REDE DE POSTOS PRESIDENTE LTDA;32864795002701;INDUSTRIAL;GASOLINA ADITIVADA;27/05/2026;7,22;BRANCA
REDE DE POSTOS PRESIDENTE LTDA;32864795002701;INDUSTRIAL;GASOLINA ADITIVADA;29/04/2026;7,29;BRANCA
REDE DE POSTOS PRESIDENTE LTDA;32864795002701;INDUSTRIAL;GASOLINA ADITIVADA;30/06/2026;7,17;BRANCA
REDE DE POSTOS PRESIDENTE LTDA;32864795002701;INDUSTRIAL;GNV;02/06/2026;4,83;BRANCA
REDE DE POSTOS PRESIDENTE LTDA;32864795002701;INDUSTRIAL;GNV;07/05/2026;4,83;BRANCA
REDE DE POSTOS PRESIDENTE LTDA;32864795002701;INDUSTRIAL;GNV;10/06/2026;4,83;BRANCA
REDE DE POSTOS PRESIDENTE LTDA;32864795002701;INDUSTRIAL;GNV;12/05/2026;4,83;BRANCA
REDE DE POSTOS PRESIDENTE LTDA;32864795002701;INDUSTRIAL;GNV;18/06/2026;4,83;BRANCA
REDE DE POSTOS PRESIDENTE LTDA;32864795002701;INDUSTRIAL;GNV;20/05/2026;4,83;BRANCA
REDE DE POSTOS PRESIDENTE LTDA;32864795002701;INDUSTRIAL;GNV;24/04/2026;4,61;BRANCA
REDE DE POSTOS PRESIDENTE LTDA;32864795002701;INDUSTRIAL;GNV;25/06/2026;4,83;BRANCA
REDE DE POSTOS PRESIDENTE LTDA;32864795002701;INDUSTRIAL;GNV;27/05/2026;4,83;BRANCA
REDE DE POSTOS PRESIDENTE LTDA;32864795002701;INDUSTRIAL;GNV;29/04/2026;4,61;BRANCA
REDE DE POSTOS PRESIDENTE LTDA;32864795002701;INDUSTRIAL;GNV;30/06/2026;4,83;BRANCA
CWS COMBUSTIVEIS LTDA;39283181000146;PORTO D ANTAS;GASOLINA;03/06/2026;7,12;VIBRA
CWS COMBUSTIVEIS LTDA;39283181000146;PORTO D ANTAS;GASOLINA;04/05/2026;7,22;VIBRA
CWS COMBUSTIVEIS LTDA;39283181000146;PORTO D ANTAS;GASOLINA;09/06/2026;7,12;VIBRA
CWS COMBUSTIVEIS LTDA;39283181000146;PORTO D ANTAS;GASOLINA;12/05/2026;7,52;VIBRA
CWS COMBUSTIVEIS LTDA;39283181000146;PORTO D ANTAS;GASOLINA;14/04/2026;7,22;VIBRA
CWS COMBUSTIVEIS LTDA;39283181000146;PORTO D ANTAS;GASOLINA;16/06/2026;7,12;VIBRA
CWS COMBUSTIVEIS LTDA;39283181000146;PORTO D ANTAS;GASOLINA;18/05/2026;7,52;VIBRA
CWS COMBUSTIVEIS LTDA;39283181000146;PORTO D ANTAS;GASOLINA;23/04/2026;7,22;VIBRA
CWS COMBUSTIVEIS LTDA;39283181000146;PORTO D ANTAS;GASOLINA;23/06/2026;7,12;VIBRA
CWS COMBUSTIVEIS LTDA;39283181000146;PORTO D ANTAS;GASOLINA;26/05/2026;7,12;VIBRA
CWS COMBUSTIVEIS LTDA;39283181000146;PORTO D ANTAS;GASOLINA;27/04/2026;7,22;VIBRA
CWS COMBUSTIVEIS LTDA;39283181000146;PORTO D ANTAS;GASOLINA;29/06/2026;7,12;VIBRA
CWS COMBUSTIVEIS LTDA;39283181000146;PORTO D ANTAS;GASOLINA ADITIVADA;03/06/2026;7,12;VIBRA
CWS COMBUSTIVEIS LTDA;39283181000146;PORTO D ANTAS;GASOLINA ADITIVADA;04/05/2026;7,22;VIBRA
CWS COMBUSTIVEIS LTDA;39283181000146;PORTO D ANTAS;GASOLINA ADITIVADA;09/06/2026;7,12;VIBRA
CWS COMBUSTIVEIS LTDA;39283181000146;PORTO D ANTAS;GASOLINA ADITIVADA;12/05/2026;7,52;VIBRA
CWS COMBUSTIVEIS LTDA;39283181000146;PORTO D ANTAS;GASOLINA ADITIVADA;14/04/2026;7,22;VIBRA
CWS COMBUSTIVEIS LTDA;39283181000146;PORTO D ANTAS;GASOLINA ADITIVADA;16/06/2026;7,12;VIBRA
CWS COMBUSTIVEIS LTDA;39283181000146;PORTO D ANTAS;GASOLINA ADITIVADA;18/05/2026;7,52;VIBRA
CWS COMBUSTIVEIS LTDA;39283181000146;PORTO D ANTAS;GASOLINA ADITIVADA;23/04/2026;7,22;VIBRA
CWS COMBUSTIVEIS LTDA;39283181000146;PORTO D ANTAS;GASOLINA ADITIVADA;23/06/2026;7,12;VIBRA
CWS COMBUSTIVEIS LTDA;39283181000146;PORTO D ANTAS;GASOLINA ADITIVADA;26/05/2026;7,12;VIBRA
CWS COMBUSTIVEIS LTDA;39283181000146;PORTO D ANTAS;GASOLINA ADITIVADA;27/04/2026;7,22;VIBRA
CWS COMBUSTIVEIS LTDA;39283181000146;PORTO D ANTAS;GASOLINA ADITIVADA;29/06/2026;7,12;VIBRA
VASPETRO COMBUSTIVEL LTDA;4979182000145;CENTRO;ETANOL;02/09/2025;4,99;BRANCA
VASPETRO COMBUSTIVEL LTDA;4979182000145;CENTRO;ETANOL;05/08/2025;4,99;BRANCA
VASPETRO COMBUSTIVEL LTDA;4979182000145;CENTRO;ETANOL;05/11/2025;4,99;BRANCA
VASPETRO COMBUSTIVEL LTDA;4979182000145;CENTRO;ETANOL;06/10/2025;4,99;BRANCA
VASPETRO COMBUSTIVEL LTDA;4979182000145;CENTRO;ETANOL;08/07/2025;4,99;BRANCA
VASPETRO COMBUSTIVEL LTDA;4979182000145;CENTRO;ETANOL;09/09/2025;4,99;BRANCA
VASPETRO COMBUSTIVEL LTDA;4979182000145;CENTRO;ETANOL;11/11/2025;4,99;BRANCA
VASPETRO COMBUSTIVEL LTDA;4979182000145;CENTRO;ETANOL;12/08/2025;4,99;BRANCA
VASPETRO COMBUSTIVEL LTDA;4979182000145;CENTRO;ETANOL;13/10/2025;4,99;BRANCA
VASPETRO COMBUSTIVEL LTDA;4979182000145;CENTRO;ETANOL;15/07/2025;4,99;BRANCA
VASPETRO COMBUSTIVEL LTDA;4979182000145;CENTRO;ETANOL;17/09/2025;4,99;BRANCA
VASPETRO COMBUSTIVEL LTDA;4979182000145;CENTRO;ETANOL;18/11/2025;4,99;BRANCA
VASPETRO COMBUSTIVEL LTDA;4979182000145;CENTRO;ETANOL;19/08/2025;4,99;BRANCA
VASPETRO COMBUSTIVEL LTDA;4979182000145;CENTRO;ETANOL;20/10/2025;4,99;BRANCA
VASPETRO COMBUSTIVEL LTDA;4979182000145;CENTRO;ETANOL;22/07/2025;4,99;BRANCA
VASPETRO COMBUSTIVEL LTDA;4979182000145;CENTRO;ETANOL;22/09/2025;4,99;BRANCA
VASPETRO COMBUSTIVEL LTDA;4979182000145;CENTRO;ETANOL;25/11/2025;4,80;BRANCA
VASPETRO COMBUSTIVEL LTDA;4979182000145;CENTRO;ETANOL;27/08/2025;4,99;BRANCA
VASPETRO COMBUSTIVEL LTDA;4979182000145;CENTRO;ETANOL;28/07/2025;4,99;BRANCA
VASPETRO COMBUSTIVEL LTDA;4979182000145;CENTRO;ETANOL;29/10/2025;4,99;BRANCA
VASPETRO COMBUSTIVEL LTDA;4979182000145;CENTRO;ETANOL;30/09/2025;4,99;BRANCA
VASPETRO COMBUSTIVEL LTDA;4979182000145;CENTRO;GASOLINA;02/09/2025;6,62;BRANCA
VASPETRO COMBUSTIVEL LTDA;4979182000145;CENTRO;GASOLINA;05/08/2025;6,62;BRANCA
VASPETRO COMBUSTIVEL LTDA;4979182000145;CENTRO;GASOLINA;05/11/2025;6,52;BRANCA
VASPETRO COMBUSTIVEL LTDA;4979182000145;CENTRO;GASOLINA;06/10/2025;6,62;BRANCA
VASPETRO COMBUSTIVEL LTDA;4979182000145;CENTRO;GASOLINA;08/07/2025;6,62;BRANCA
VASPETRO COMBUSTIVEL LTDA;4979182000145;CENTRO;GASOLINA;09/09/2025;6,62;BRANCA
VASPETRO COMBUSTIVEL LTDA;4979182000145;CENTRO;GASOLINA;11/11/2025;6,52;BRANCA
VASPETRO COMBUSTIVEL LTDA;4979182000145;CENTRO;GASOLINA;12/08/2025;6,62;BRANCA
VASPETRO COMBUSTIVEL LTDA;4979182000145;CENTRO;GASOLINA;13/10/2025;6,62;BRANCA
VASPETRO COMBUSTIVEL LTDA;4979182000145;CENTRO;GASOLINA;15/07/2025;6,62;BRANCA
VASPETRO COMBUSTIVEL LTDA;4979182000145;CENTRO;GASOLINA;17/09/2025;6,62;BRANCA
VASPETRO COMBUSTIVEL LTDA;4979182000145;CENTRO;GASOLINA;18/11/2025;6,52;BRANCA
VASPETRO COMBUSTIVEL LTDA;4979182000145;CENTRO;GASOLINA;19/08/2025;6,62;BRANCA
VASPETRO COMBUSTIVEL LTDA;4979182000145;CENTRO;GASOLINA;20/10/2025;6,62;BRANCA
VASPETRO COMBUSTIVEL LTDA;4979182000145;CENTRO;GASOLINA;22/07/2025;6,62;BRANCA
VASPETRO COMBUSTIVEL LTDA;4979182000145;CENTRO;GASOLINA;22/09/2025;6,62;BRANCA
VASPETRO COMBUSTIVEL LTDA;4979182000145;CENTRO;GASOLINA;25/11/2025;6,52;BRANCA
VASPETRO COMBUSTIVEL LTDA;4979182000145;CENTRO;GASOLINA;27/08/2025;6,62;BRANCA
VASPETRO COMBUSTIVEL LTDA;4979182000145;CENTRO;GASOLINA;28/07/2025;6,62;BRANCA
VASPETRO COMBUSTIVEL LTDA;4979182000145;CENTRO;GASOLINA;29/10/2025;6,52;BRANCA
VASPETRO COMBUSTIVEL LTDA;4979182000145;CENTRO;GASOLINA;30/09/2025;6,62;BRANCA
VASPETRO COMBUSTIVEL LTDA;4979182000145;CENTRO;GASOLINA ADITIVADA;02/09/2025;6,62;BRANCA
VASPETRO COMBUSTIVEL LTDA;4979182000145;CENTRO;GASOLINA ADITIVADA;05/08/2025;6,62;BRANCA
VASPETRO COMBUSTIVEL LTDA;4979182000145;CENTRO;GASOLINA ADITIVADA;05/11/2025;6,52;BRANCA
VASPETRO COMBUSTIVEL LTDA;4979182000145;CENTRO;GASOLINA ADITIVADA;06/10/2025;6,62;BRANCA
VASPETRO COMBUSTIVEL LTDA;4979182000145;CENTRO;GASOLINA ADITIVADA;08/07/2025;6,62;BRANCA
VASPETRO COMBUSTIVEL LTDA;4979182000145;CENTRO;GASOLINA ADITIVADA;09/09/2025;6,62;BRANCA
VASPETRO COMBUSTIVEL LTDA;4979182000145;CENTRO;GASOLINA ADITIVADA;11/11/2025;6,52;BRANCA
VASPETRO COMBUSTIVEL LTDA;4979182000145;CENTRO;GASOLINA ADITIVADA;12/08/2025;6,62;BRANCA
VASPETRO COMBUSTIVEL LTDA;4979182000145;CENTRO;GASOLINA ADITIVADA;13/10/2025;6,62;BRANCA
VASPETRO COMBUSTIVEL LTDA;4979182000145;CENTRO;GASOLINA ADITIVADA;15/07/2025;6,62;BRANCA
VASPETRO COMBUSTIVEL LTDA;4979182000145;CENTRO;GASOLINA ADITIVADA;17/09/2025;6,62;BRANCA
VASPETRO COMBUSTIVEL LTDA;4979182000145;CENTRO;GASOLINA ADITIVADA;18/11/2025;6,52;BRANCA
VASPETRO COMBUSTIVEL LTDA;4979182000145;CENTRO;GASOLINA ADITIVADA;19/08/2025;6,62;BRANCA
VASPETRO COMBUSTIVEL LTDA;4979182000145;CENTRO;GASOLINA ADITIVADA;20/10/2025;6,62;BRANCA
VASPETRO COMBUSTIVEL LTDA;4979182000145;CENTRO;GASOLINA ADITIVADA;22/07/2025;6,62;BRANCA
VASPETRO COMBUSTIVEL LTDA;4979182000145;CENTRO;GASOLINA ADITIVADA;22/09/2025;6,62;BRANCA
VASPETRO COMBUSTIVEL LTDA;4979182000145;CENTRO;GASOLINA ADITIVADA;25/11/2025;6,52;BRANCA
VASPETRO COMBUSTIVEL LTDA;4979182000145;CENTRO;GASOLINA ADITIVADA;27/08/2025;6,62;BRANCA
VASPETRO COMBUSTIVEL LTDA;4979182000145;CENTRO;GASOLINA ADITIVADA;28/07/2025;6,62;BRANCA
VASPETRO COMBUSTIVEL LTDA;4979182000145;CENTRO;GASOLINA ADITIVADA;29/10/2025;6,52;BRANCA
VASPETRO COMBUSTIVEL LTDA;4979182000145;CENTRO;GASOLINA ADITIVADA;30/09/2025;6,62;BRANCA
ALPHA COMERCIAL DE COMBUSTIVEIS LTDA;8297710000803;SALGADO FILHO;DIESEL S10;02/09/2025;5,99;VIBRA
ALPHA COMERCIAL DE COMBUSTIVEIS LTDA;8297710000803;SALGADO FILHO;DIESEL S10;06/10/2025;5,99;VIBRA
ALPHA COMERCIAL DE COMBUSTIVEIS LTDA;8297710000803;SALGADO FILHO;DIESEL S10;09/09/2025;5,99;VIBRA
ALPHA COMERCIAL DE COMBUSTIVEIS LTDA;8297710000803;SALGADO FILHO;DIESEL S10;13/10/2025;5,99;VIBRA
ALPHA COMERCIAL DE COMBUSTIVEIS LTDA;8297710000803;SALGADO FILHO;DIESEL S10;22/09/2025;5,99;VIBRA
ALPHA COMERCIAL DE COMBUSTIVEIS LTDA;8297710000803;SALGADO FILHO;DIESEL S10;30/09/2025;5,99;VIBRA
ALPHA COMERCIAL DE COMBUSTIVEIS LTDA;8297710000803;SALGADO FILHO;ETANOL;05/08/2025;4,99;VIBRA
ALPHA COMERCIAL DE COMBUSTIVEIS LTDA;8297710000803;SALGADO FILHO;ETANOL;06/10/2025;4,99;VIBRA
ALPHA COMERCIAL DE COMBUSTIVEIS LTDA;8297710000803;SALGADO FILHO;ETANOL;08/07/2025;4,99;VIBRA
ALPHA COMERCIAL DE COMBUSTIVEIS LTDA;8297710000803;SALGADO FILHO;ETANOL;09/09/2025;4,99;VIBRA
ALPHA COMERCIAL DE COMBUSTIVEIS LTDA;8297710000803;SALGADO FILHO;ETANOL;12/08/2025;4,99;VIBRA
ALPHA COMERCIAL DE COMBUSTIVEIS LTDA;8297710000803;SALGADO FILHO;ETANOL;13/10/2025;4,99;VIBRA
ALPHA COMERCIAL DE COMBUSTIVEIS LTDA;8297710000803;SALGADO FILHO;ETANOL;15/07/2025;4,99;VIBRA
ALPHA COMERCIAL DE COMBUSTIVEIS LTDA;8297710000803;SALGADO FILHO;ETANOL;16/09/2025;4,99;VIBRA
ALPHA COMERCIAL DE COMBUSTIVEIS LTDA;8297710000803;SALGADO FILHO;ETANOL;19/08/2025;4,99;VIBRA
ALPHA COMERCIAL DE COMBUSTIVEIS LTDA;8297710000803;SALGADO FILHO;ETANOL;22/07/2025;4,99;VIBRA
ALPHA COMERCIAL DE COMBUSTIVEIS LTDA;8297710000803;SALGADO FILHO;ETANOL;22/09/2025;4,99;VIBRA
ALPHA COMERCIAL DE COMBUSTIVEIS LTDA;8297710000803;SALGADO FILHO;ETANOL;27/08/2025;4,99;VIBRA
ALPHA COMERCIAL DE COMBUSTIVEIS LTDA;8297710000803;SALGADO FILHO;ETANOL;28/07/2025;4,99;VIBRA
ALPHA COMERCIAL DE COMBUSTIVEIS LTDA;8297710000803;SALGADO FILHO;ETANOL;30/09/2025;4,99;VIBRA
ALPHA COMERCIAL DE COMBUSTIVEIS LTDA;8297710000803;SALGADO FILHO;GASOLINA;02/09/2025;6,69;VIBRA
ALPHA COMERCIAL DE COMBUSTIVEIS LTDA;8297710000803;SALGADO FILHO;GASOLINA;02/12/2025;6,59;VIBRA
ALPHA COMERCIAL DE COMBUSTIVEIS LTDA;8297710000803;SALGADO FILHO;GASOLINA;04/11/2025;6,59;VIBRA
ALPHA COMERCIAL DE COMBUSTIVEIS LTDA;8297710000803;SALGADO FILHO;GASOLINA;05/08/2025;6,69;VIBRA
ALPHA COMERCIAL DE COMBUSTIVEIS LTDA;8297710000803;SALGADO FILHO;GASOLINA;06/10/2025;6,69;VIBRA
ALPHA COMERCIAL DE COMBUSTIVEIS LTDA;8297710000803;SALGADO FILHO;GASOLINA;08/07/2025;6,69;VIBRA
ALPHA COMERCIAL DE COMBUSTIVEIS LTDA;8297710000803;SALGADO FILHO;GASOLINA;09/09/2025;6,69;VIBRA
ALPHA COMERCIAL DE COMBUSTIVEIS LTDA;8297710000803;SALGADO FILHO;GASOLINA;09/12/2025;6,59;VIBRA
ALPHA COMERCIAL DE COMBUSTIVEIS LTDA;8297710000803;SALGADO FILHO;GASOLINA;11/11/2025;6,59;VIBRA
ALPHA COMERCIAL DE COMBUSTIVEIS LTDA;8297710000803;SALGADO FILHO;GASOLINA;12/08/2025;6,69;VIBRA
ALPHA COMERCIAL DE COMBUSTIVEIS LTDA;8297710000803;SALGADO FILHO;GASOLINA;13/10/2025;6,69;VIBRA
ALPHA COMERCIAL DE COMBUSTIVEIS LTDA;8297710000803;SALGADO FILHO;GASOLINA;15/07/2025;6,69;VIBRA
ALPHA COMERCIAL DE COMBUSTIVEIS LTDA;8297710000803;SALGADO FILHO;GASOLINA;16/09/2025;6,69;VIBRA
ALPHA COMERCIAL DE COMBUSTIVEIS LTDA;8297710000803;SALGADO FILHO;GASOLINA;17/12/2025;6,59;VIBRA
ALPHA COMERCIAL DE COMBUSTIVEIS LTDA;8297710000803;SALGADO FILHO;GASOLINA;18/11/2025;6,59;VIBRA
ALPHA COMERCIAL DE COMBUSTIVEIS LTDA;8297710000803;SALGADO FILHO;GASOLINA;19/08/2025;6,69;VIBRA
ALPHA COMERCIAL DE COMBUSTIVEIS LTDA;8297710000803;SALGADO FILHO;GASOLINA;20/10/2025;6,69;VIBRA
ALPHA COMERCIAL DE COMBUSTIVEIS LTDA;8297710000803;SALGADO FILHO;GASOLINA;22/07/2025;6,69;VIBRA
ALPHA COMERCIAL DE COMBUSTIVEIS LTDA;8297710000803;SALGADO FILHO;GASOLINA;22/09/2025;6,69;VIBRA
ALPHA COMERCIAL DE COMBUSTIVEIS LTDA;8297710000803;SALGADO FILHO;GASOLINA;24/12/2025;6,59;VIBRA
ALPHA COMERCIAL DE COMBUSTIVEIS LTDA;8297710000803;SALGADO FILHO;GASOLINA;25/11/2025;6,59;VIBRA
ALPHA COMERCIAL DE COMBUSTIVEIS LTDA;8297710000803;SALGADO FILHO;GASOLINA;27/08/2025;6,69;VIBRA
ALPHA COMERCIAL DE COMBUSTIVEIS LTDA;8297710000803;SALGADO FILHO;GASOLINA;28/07/2025;6,69;VIBRA
ALPHA COMERCIAL DE COMBUSTIVEIS LTDA;8297710000803;SALGADO FILHO;GASOLINA;28/10/2025;6,59;VIBRA
ALPHA COMERCIAL DE COMBUSTIVEIS LTDA;8297710000803;SALGADO FILHO;GASOLINA;30/09/2025;6,69;VIBRA
ALPHA COMERCIAL DE COMBUSTIVEIS LTDA;8297710000803;SALGADO FILHO;GASOLINA;30/12/2025;6,59;VIBRA
ALPHA COMERCIAL DE COMBUSTIVEIS LTDA;8297710000803;SALGADO FILHO;GASOLINA ADITIVADA;02/09/2025;6,89;VIBRA
ALPHA COMERCIAL DE COMBUSTIVEIS LTDA;8297710000803;SALGADO FILHO;GASOLINA ADITIVADA;02/12/2025;6,79;VIBRA
ALPHA COMERCIAL DE COMBUSTIVEIS LTDA;8297710000803;SALGADO FILHO;GASOLINA ADITIVADA;04/11/2025;6,59;VIBRA
ALPHA COMERCIAL DE COMBUSTIVEIS LTDA;8297710000803;SALGADO FILHO;GASOLINA ADITIVADA;05/08/2025;6,89;VIBRA
ALPHA COMERCIAL DE COMBUSTIVEIS LTDA;8297710000803;SALGADO FILHO;GASOLINA ADITIVADA;06/10/2025;6,89;VIBRA
ALPHA COMERCIAL DE COMBUSTIVEIS LTDA;8297710000803;SALGADO FILHO;GASOLINA ADITIVADA;08/07/2025;6,89;VIBRA
ALPHA COMERCIAL DE COMBUSTIVEIS LTDA;8297710000803;SALGADO FILHO;GASOLINA ADITIVADA;09/09/2025;6,89;VIBRA
ALPHA COMERCIAL DE COMBUSTIVEIS LTDA;8297710000803;SALGADO FILHO;GASOLINA ADITIVADA;09/12/2025;6,79;VIBRA
ALPHA COMERCIAL DE COMBUSTIVEIS LTDA;8297710000803;SALGADO FILHO;GASOLINA ADITIVADA;11/11/2025;6,59;VIBRA
ALPHA COMERCIAL DE COMBUSTIVEIS LTDA;8297710000803;SALGADO FILHO;GASOLINA ADITIVADA;12/08/2025;6,89;VIBRA
ALPHA COMERCIAL DE COMBUSTIVEIS LTDA;8297710000803;SALGADO FILHO;GASOLINA ADITIVADA;13/10/2025;6,69;VIBRA
ALPHA COMERCIAL DE COMBUSTIVEIS LTDA;8297710000803;SALGADO FILHO;GASOLINA ADITIVADA;15/07/2025;6,89;VIBRA
ALPHA COMERCIAL DE COMBUSTIVEIS LTDA;8297710000803;SALGADO FILHO;GASOLINA ADITIVADA;16/09/2025;6,89;VIBRA
ALPHA COMERCIAL DE COMBUSTIVEIS LTDA;8297710000803;SALGADO FILHO;GASOLINA ADITIVADA;17/12/2025;6,79;VIBRA
ALPHA COMERCIAL DE COMBUSTIVEIS LTDA;8297710000803;SALGADO FILHO;GASOLINA ADITIVADA;18/11/2025;6,79;VIBRA
ALPHA COMERCIAL DE COMBUSTIVEIS LTDA;8297710000803;SALGADO FILHO;GASOLINA ADITIVADA;19/08/2025;6,89;VIBRA
ALPHA COMERCIAL DE COMBUSTIVEIS LTDA;8297710000803;SALGADO FILHO;GASOLINA ADITIVADA;20/10/2025;6,69;VIBRA
ALPHA COMERCIAL DE COMBUSTIVEIS LTDA;8297710000803;SALGADO FILHO;GASOLINA ADITIVADA;22/07/2025;6,89;VIBRA
ALPHA COMERCIAL DE COMBUSTIVEIS LTDA;8297710000803;SALGADO FILHO;GASOLINA ADITIVADA;22/09/2025;6,89;VIBRA
ALPHA COMERCIAL DE COMBUSTIVEIS LTDA;8297710000803;SALGADO FILHO;GASOLINA ADITIVADA;24/12/2025;6,79;VIBRA
ALPHA COMERCIAL DE COMBUSTIVEIS LTDA;8297710000803;SALGADO FILHO;GASOLINA ADITIVADA;25/11/2025;6,79;VIBRA
ALPHA COMERCIAL DE COMBUSTIVEIS LTDA;8297710000803;SALGADO FILHO;GASOLINA ADITIVADA;27/08/2025;6,89;VIBRA
ALPHA COMERCIAL DE COMBUSTIVEIS LTDA;8297710000803;SALGADO FILHO;GASOLINA ADITIVADA;28/07/2025;6,89;VIBRA
ALPHA COMERCIAL DE COMBUSTIVEIS LTDA;8297710000803;SALGADO FILHO;GASOLINA ADITIVADA;28/10/2025;6,59;VIBRA
ALPHA COMERCIAL DE COMBUSTIVEIS LTDA;8297710000803;SALGADO FILHO;GASOLINA ADITIVADA;30/09/2025;6,89;VIBRA
ALPHA COMERCIAL DE COMBUSTIVEIS LTDA;8297710000803;SALGADO FILHO;GASOLINA ADITIVADA;30/12/2025;6,79;VIBRA
POSTO PIRANEMA LTDA;9258664000391;FAROLANDIA;GASOLINA;02/09/2025;6,69;VIBRA
POSTO PIRANEMA LTDA;9258664000391;FAROLANDIA;GASOLINA;04/11/2025;6,59;VIBRA
POSTO PIRANEMA LTDA;9258664000391;FAROLANDIA;GASOLINA;05/08/2025;6,69;VIBRA
POSTO PIRANEMA LTDA;9258664000391;FAROLANDIA;GASOLINA;06/10/2025;6,69;VIBRA
POSTO PIRANEMA LTDA;9258664000391;FAROLANDIA;GASOLINA;08/07/2025;6,69;VIBRA
POSTO PIRANEMA LTDA;9258664000391;FAROLANDIA;GASOLINA;09/09/2025;6,69;VIBRA
POSTO PIRANEMA LTDA;9258664000391;FAROLANDIA;GASOLINA;11/11/2025;6,59;VIBRA
POSTO PIRANEMA LTDA;9258664000391;FAROLANDIA;GASOLINA;12/08/2025;6,69;VIBRA
POSTO PIRANEMA LTDA;9258664000391;FAROLANDIA;GASOLINA;13/10/2025;6,69;VIBRA
POSTO PIRANEMA LTDA;9258664000391;FAROLANDIA;GASOLINA;15/07/2025;6,69;VIBRA
POSTO PIRANEMA LTDA;9258664000391;FAROLANDIA;GASOLINA;16/09/2025;6,69;VIBRA
POSTO PIRANEMA LTDA;9258664000391;FAROLANDIA;GASOLINA;18/11/2025;6,59;VIBRA
POSTO PIRANEMA LTDA;9258664000391;FAROLANDIA;GASOLINA;19/08/2025;6,69;VIBRA
POSTO PIRANEMA LTDA;9258664000391;FAROLANDIA;GASOLINA;20/10/2025;6,69;VIBRA
POSTO PIRANEMA LTDA;9258664000391;FAROLANDIA;GASOLINA;22/07/2025;6,69;VIBRA
POSTO PIRANEMA LTDA;9258664000391;FAROLANDIA;GASOLINA;22/09/2025;6,69;VIBRA
POSTO PIRANEMA LTDA;9258664000391;FAROLANDIA;GASOLINA;25/11/2025;6,59;VIBRA
POSTO PIRANEMA LTDA;9258664000391;FAROLANDIA;GASOLINA;27/08/2025;6,69;VIBRA
POSTO PIRANEMA LTDA;9258664000391;FAROLANDIA;GASOLINA;28/07/2025;6,69;VIBRA
POSTO PIRANEMA LTDA;9258664000391;FAROLANDIA;GASOLINA;28/10/2025;6,59;VIBRA
POSTO PIRANEMA LTDA;9258664000391;FAROLANDIA;GASOLINA;30/09/2025;6,69;VIBRA
POSTO PIRANEMA LTDA;9258664000391;FAROLANDIA;GASOLINA ADITIVADA;02/09/2025;6,89;VIBRA
POSTO PIRANEMA LTDA;9258664000391;FAROLANDIA;GASOLINA ADITIVADA;04/11/2025;6,79;VIBRA
POSTO PIRANEMA LTDA;9258664000391;FAROLANDIA;GASOLINA ADITIVADA;05/08/2025;6,89;VIBRA
POSTO PIRANEMA LTDA;9258664000391;FAROLANDIA;GASOLINA ADITIVADA;06/10/2025;6,89;VIBRA
POSTO PIRANEMA LTDA;9258664000391;FAROLANDIA;GASOLINA ADITIVADA;08/07/2025;6,89;VIBRA
POSTO PIRANEMA LTDA;9258664000391;FAROLANDIA;GASOLINA ADITIVADA;09/09/2025;6,89;VIBRA
POSTO PIRANEMA LTDA;9258664000391;FAROLANDIA;GASOLINA ADITIVADA;11/11/2025;6,79;VIBRA
POSTO PIRANEMA LTDA;9258664000391;FAROLANDIA;GASOLINA ADITIVADA;12/08/2025;6,89;VIBRA
POSTO PIRANEMA LTDA;9258664000391;FAROLANDIA;GASOLINA ADITIVADA;13/10/2025;6,89;VIBRA
POSTO PIRANEMA LTDA;9258664000391;FAROLANDIA;GASOLINA ADITIVADA;15/07/2025;6,89;VIBRA
POSTO PIRANEMA LTDA;9258664000391;FAROLANDIA;GASOLINA ADITIVADA;16/09/2025;6,89;VIBRA
POSTO PIRANEMA LTDA;9258664000391;FAROLANDIA;GASOLINA ADITIVADA;18/11/2025;6,79;VIBRA
POSTO PIRANEMA LTDA;9258664000391;FAROLANDIA;GASOLINA ADITIVADA;19/08/2025;6,89;VIBRA
POSTO PIRANEMA LTDA;9258664000391;FAROLANDIA;GASOLINA ADITIVADA;20/10/2025;6,89;VIBRA
POSTO PIRANEMA LTDA;9258664000391;FAROLANDIA;GASOLINA ADITIVADA;22/07/2025;6,89;VIBRA
POSTO PIRANEMA LTDA;9258664000391;FAROLANDIA;GASOLINA ADITIVADA;22/09/2025;6,89;VIBRA
POSTO PIRANEMA LTDA;9258664000391;FAROLANDIA;GASOLINA ADITIVADA;25/11/2025;6,79;VIBRA
POSTO PIRANEMA LTDA;9258664000391;FAROLANDIA;GASOLINA ADITIVADA;27/08/2025;6,89;VIBRA
POSTO PIRANEMA LTDA;9258664000391;FAROLANDIA;GASOLINA ADITIVADA;28/07/2025;6,89;VIBRA
POSTO PIRANEMA LTDA;9258664000391;FAROLANDIA;GASOLINA ADITIVADA;28/10/2025;6,79;VIBRA
POSTO PIRANEMA LTDA;9258664000391;FAROLANDIA;GASOLINA ADITIVADA;30/09/2025;6,89;VIBRA
