Regiao - Sigla,Estado - Sigla,Municipio,Revenda,CNPJ da Revenda,Nome da Rua,Numero Rua,Complemento,Bairro,Cep,Produto,Data da Coleta,Valor de Venda,Valor de Compra,Unidade de Medida,Bandeira
NE,SE,ARACAJU,PETROX COMERCIAL LTDA, 05.297.480/0010-09,RUA ESTÂNCIA,745,,CENTRO,49010-180,GASOLINA,09/07/2024,"6,37",,R$ / litro,PETROX DISTRIBUIDORA
NE,SE,ARACAJU,PETROX COMERCIAL LTDA, 05.297.480/0010-09,RUA ESTÂNCIA,745,,CENTRO,49010-180,GASOLINA ADITIVADA,09/07/2024,"6,37",,R$ / litro,PETROX DISTRIBUIDORA
NE,SE,ARACAJU,PETROX COMERCIAL LTDA, 05.297.480/0010-09,RUA ESTÂNCIA,745,,CENTRO,49010-180,DIESEL S10,09/07/2024,"6,19",,R$ / litro,PETROX DISTRIBUIDORA
NE,SE,ARACAJU,PETROX COMERCIAL LTDA, 05.297.480/0010-09,RUA ESTÂNCIA,745,,CENTRO,49010-180,ETANOL,09/07/2024,"4,89",,R$ / litro,PETROX DISTRIBUIDORA
NE,SE,ARACAJU,VASPETRO COMBUSTIVEL LTDA, 04.979.182/0001-45,AVENIDA BARAO DE MARUIM,552,,CENTRO,49010-340,GASOLINA,09/07/2024,"6,30",,R$ / litro,VIBRA
NE,SE,ARACAJU,VASPETRO COMBUSTIVEL LTDA, 04.979.182/0001-45,AVENIDA BARAO DE MARUIM,552,,CENTRO,49010-340,GASOLINA ADITIVADA,09/07/2024,"6,30",,R$ / litro,VIBRA
NE,SE,ARACAJU,VASPETRO COMBUSTIVEL LTDA, 04.979.182/0001-45,AVENIDA BARAO DE MARUIM,552,,CENTRO,49010-340,ETANOL,09/07/2024,"4,80",,R$ / litro,VIBRA
NE,SE,ARACAJU,AUTO POSTO MAR AZUL LTDA, 04.701.795/0001-16,AVENIDA GENERAL EUCLIDES FIGUEIREDO,9,,SOLEDADE,49089-025,GASOLINA,09/07/2024,"6,32",,R$ / litro,RAIZEN
NE,SE,ARACAJU,AUTO POSTO MAR AZUL LTDA, 04.701.795/0001-16,AVENIDA GENERAL EUCLIDES FIGUEIREDO,9,,SOLEDADE,49089-025,GASOLINA ADITIVADA,09/07/2024,"6,49",,R$ / litro,RAIZEN
NE,SE,ARACAJU,AUTO POSTO MAR AZUL LTDA, 04.701.795/0001-16,AVENIDA GENERAL EUCLIDES FIGUEIREDO,9,,SOLEDADE,49089-025,DIESEL S10,09/07/2024,"6,16",,R$ / litro,RAIZEN
NE,SE,ARACAJU,AUTO POSTO MAR AZUL LTDA, 04.701.795/0001-16,AVENIDA GENERAL EUCLIDES FIGUEIREDO,9,,SOLEDADE,49089-025,ETANOL,09/07/2024,"4,82",,R$ / litro,RAIZEN
NE,SE,ARACAJU,AUTO POSTOS ANDRADE LTDA, 13.017.447/0001-15,RUA LARANJEIRAS,760,,CENTRO,49010-000,GASOLINA,09/07/2024,"6,30",,R$ / litro,BRANCA
NE,SE,ARACAJU,AUTO POSTOS ANDRADE LTDA, 13.017.447/0001-15,RUA LARANJEIRAS,760,,CENTRO,49010-000,GASOLINA ADITIVADA,09/07/2024,"6,30",,R$ / litro,BRANCA
NE,SE,ARACAJU,AUTO POSTOS ANDRADE LTDA, 13.017.447/0001-15,RUA LARANJEIRAS,760,,CENTRO,49010-000,DIESEL S10,09/07/2024,"5,80",,R$ / litro,BRANCA
NE,SE,ARACAJU,AUTO POSTOS ANDRADE LTDA, 13.017.447/0001-15,RUA LARANJEIRAS,760,,CENTRO,49010-000,ETANOL,09/07/2024,"4,69",,R$ / litro,BRANCA
NE,SE,ARACAJU,PETROX COMERCIAL LTDA, 05.297.480/0011-90,RUA NESTOR SAMPAIO,195,CONJ  CASTELO BRANCO,PONTO NOVO,49045-000,GASOLINA,10/07/2024,"6,38",,R$ / litro,PETROX DISTRIBUIDORA
NE,SE,ARACAJU,PETROX COMERCIAL LTDA, 05.297.480/0011-90,RUA NESTOR SAMPAIO,195,CONJ  CASTELO BRANCO,PONTO NOVO,49045-000,GASOLINA ADITIVADA,10/07/2024,"6,38",,R$ / litro,PETROX DISTRIBUIDORA
NE,SE,ARACAJU,PETROX COMERCIAL LTDA, 05.297.480/0011-90,RUA NESTOR SAMPAIO,195,CONJ  CASTELO BRANCO,PONTO NOVO,49045-000,DIESEL S10,10/07/2024,"5,99",,R$ / litro,PETROX DISTRIBUIDORA
NE,SE,ARACAJU,PETROX COMERCIAL LTDA, 05.297.480/0011-90,RUA NESTOR SAMPAIO,195,CONJ  CASTELO BRANCO,PONTO NOVO,49045-000,ETANOL,10/07/2024,"4,89",,R$ / litro,PETROX DISTRIBUIDORA
NE,SE,ARACAJU,GAMA E CIA LTDA, 13.007.752/0002-07,AVENIDA AUGUSTO FRANCO,2990,,PONTO NOVO,49047-040,GASOLINA,10/07/2024,"6,32",,R$ / litro,VIBRA
NE,SE,ARACAJU,GAMA E CIA LTDA, 13.007.752/0002-07,AVENIDA AUGUSTO FRANCO,2990,,PONTO NOVO,49047-040,ETANOL,10/07/2024,"4,69",,R$ / litro,VIBRA
NE,SE,ARACAJU,TYRESOLES DE SERGIPE INDUSTRIA COMERCIO E SERVICOS LTDA, 13.007.828/0010-04,AVENIDA GONCALO  ROLLEMBERG LEITE,1721,,LUZIA,49045-280,GASOLINA,10/07/2024,"6,37",,R$ / litro,RAIZEN
NE,SE,ARACAJU,TYRESOLES DE SERGIPE INDUSTRIA COMERCIO E SERVICOS LTDA, 13.007.828/0010-04,AVENIDA GONCALO  ROLLEMBERG LEITE,1721,,LUZIA,49045-280,GASOLINA ADITIVADA,10/07/2024,"6,63",,R$ / litro,RAIZEN
NE,SE,ARACAJU,TYRESOLES DE SERGIPE INDUSTRIA COMERCIO E SERVICOS LTDA, 13.007.828/0010-04,AVENIDA GONCALO  ROLLEMBERG LEITE,1721,,LUZIA,49045-280,ETANOL,10/07/2024,"4,69",,R$ / litro,RAIZEN
NE,SE,ARACAJU,KLEBER SANTOS BATISTA LTDA, 13.042.882/0001-08,AVENIDA DESEMBARGADOR MAYNARD,770,,CIRURGIA,49055-210,GNV,10/07/2024,"4,89",,R$ / m³,BRANCA
NE,SE,ARACAJU,KLEBER SANTOS BATISTA LTDA, 13.042.882/0001-08,AVENIDA DESEMBARGADOR MAYNARD,770,,CIRURGIA,49055-210,GASOLINA,10/07/2024,"6,30",,R$ / litro,BRANCA
NE,SE,ARACAJU,KLEBER SANTOS BATISTA LTDA, 13.042.882/0001-08,AVENIDA DESEMBARGADOR MAYNARD,770,,CIRURGIA,49055-210,GASOLINA ADITIVADA,10/07/2024,"6,30",,R$ / litro,BRANCA
NE,SE,ARACAJU,KLEBER SANTOS BATISTA LTDA, 13.042.882/0001-08,AVENIDA DESEMBARGADOR MAYNARD,770,,CIRURGIA,49055-210,DIESEL S10,10/07/2024,"5,80",,R$ / litro,BRANCA
NE,SE,ARACAJU,KLEBER SANTOS BATISTA LTDA, 13.042.882/0001-08,AVENIDA DESEMBARGADOR MAYNARD,770,,CIRURGIA,49055-210,ETANOL,10/07/2024,"4,69",,R$ / litro,BRANCA
NE,SE,ARACAJU,AMARAL & CIA LTDA, 13.008.610/0001-83,RUA MARIANO SALMERON,709,,SIQUEIRA CAMPOS,49075-370,GASOLINA,10/07/2024,"6,35",,R$ / litro,VIBRA
NE,SE,ARACAJU,AMARAL & CIA LTDA, 13.008.610/0001-83,RUA MARIANO SALMERON,709,,SIQUEIRA CAMPOS,49075-370,GASOLINA ADITIVADA,10/07/2024,"6,45",,R$ / litro,VIBRA
NE,SE,ARACAJU,AMARAL & CIA LTDA, 13.008.610/0001-83,RUA MARIANO SALMERON,709,,SIQUEIRA CAMPOS,49075-370,DIESEL S10,10/07/2024,"6,38",,R$ / litro,VIBRA
NE,SE,ARACAJU,AMARAL & CIA LTDA, 13.008.610/0001-83,RUA MARIANO SALMERON,709,,SIQUEIRA CAMPOS,49075-370,ETANOL,10/07/2024,"4,78",,R$ / litro,VIBRA
NE,SE,ARACAJU,GAMA E CIA LTDA, 13.007.752/0001-26,AVENIDA TANCREDO NEVES,2551,,DISTRITO INDUSTRIAL DE ARACAJU,49095-000,GASOLINA,10/07/2024,"6,30",,R$ / litro,VIBRA
NE,SE,ARACAJU,GAMA E CIA LTDA, 13.007.752/0001-26,AVENIDA TANCREDO NEVES,2551,,DISTRITO INDUSTRIAL DE ARACAJU,49095-000,ETANOL,10/07/2024,"4,69",,R$ / litro,VIBRA
NE,SE,ARACAJU,L. V. COMERCIO DE COMBUSTIVEIS LTDA, 11.433.769/0001-10,RUA SAO CRISTOVAO,1877,,GETULIO VARGAS,49055-620,GASOLINA,10/07/2024,"6,34",,R$ / litro,BRANCA
NE,SE,ARACAJU,L. V. COMERCIO DE COMBUSTIVEIS LTDA, 11.433.769/0001-10,RUA SAO CRISTOVAO,1877,,GETULIO VARGAS,49055-620,DIESEL S10,10/07/2024,"5,80",,R$ / litro,BRANCA
NE,SE,ARACAJU,L. V. COMERCIO DE COMBUSTIVEIS LTDA, 11.433.769/0001-10,RUA SAO CRISTOVAO,1877,,GETULIO VARGAS,49055-620,ETANOL,10/07/2024,"4,69",,R$ / litro,BRANCA
NE,SE,ARACAJU,ALPHA COMERCIAL DE COMBUSTIVEIS LTDA, 08.297.710/0008-03,AVENIDA FRANCISCO PORTO,650,LOJA  BR MANIA DELICATESSE,SALGADO FILHO,49020-120,GASOLINA,10/07/2024,"6,38",,R$ / litro,VIBRA
NE,SE,ARACAJU,ALPHA COMERCIAL DE COMBUSTIVEIS LTDA, 08.297.710/0008-03,AVENIDA FRANCISCO PORTO,650,LOJA  BR MANIA DELICATESSE,SALGADO FILHO,49020-120,GASOLINA ADITIVADA,10/07/2024,"6,39",,R$ / litro,VIBRA
NE,SE,ARACAJU,ALPHA COMERCIAL DE COMBUSTIVEIS LTDA, 08.297.710/0008-03,AVENIDA FRANCISCO PORTO,650,LOJA  BR MANIA DELICATESSE,SALGADO FILHO,49020-120,ETANOL,10/07/2024,"4,98",,R$ / litro,VIBRA
NE,SE,ARACAJU,POSTO PIRANEMA LTDA, 09.258.664/0003-91,AVENIDA PREFEITO HERACLITO ROLLEMBERG,2760,,FAROLANDIA,49030-640,GASOLINA,10/07/2024,"6,39",,R$ / litro,VIBRA
NE,SE,ARACAJU,POSTO PIRANEMA LTDA, 09.258.664/0003-91,AVENIDA PREFEITO HERACLITO ROLLEMBERG,2760,,FAROLANDIA,49030-640,GASOLINA ADITIVADA,10/07/2024,"6,59",,R$ / litro,VIBRA
NE,SE,ARACAJU,POSTO PIRANEMA LTDA, 09.258.664/0003-91,AVENIDA PREFEITO HERACLITO ROLLEMBERG,2760,,FAROLANDIA,49030-640,ETANOL,10/07/2024,"4,89",,R$ / litro,VIBRA
NE,SE,ARACAJU,PETROX COMERCIAL LTDA, 05.297.480/0022-42,AVENIDA PRESIDENTE TANCREDO NEVES,4501,,JABOTIANA,49095-000,GNV,10/07/2024,"4,89",,R$ / m³,PETROX DISTRIBUIDORA
NE,SE,ARACAJU,PETROX COMERCIAL LTDA, 05.297.480/0022-42,AVENIDA PRESIDENTE TANCREDO NEVES,4501,,JABOTIANA,49095-000,GASOLINA,10/07/2024,"6,38",,R$ / litro,PETROX DISTRIBUIDORA
NE,SE,ARACAJU,PETROX COMERCIAL LTDA, 05.297.480/0022-42,AVENIDA PRESIDENTE TANCREDO NEVES,4501,,JABOTIANA,49095-000,GASOLINA ADITIVADA,10/07/2024,"6,38",,R$ / litro,PETROX DISTRIBUIDORA
NE,SE,ARACAJU,PETROX COMERCIAL LTDA, 05.297.480/0022-42,AVENIDA PRESIDENTE TANCREDO NEVES,4501,,JABOTIANA,49095-000,ETANOL,10/07/2024,"4,89",,R$ / litro,PETROX DISTRIBUIDORA
NE,SE,ARACAJU,RPB AUTO POSTO LTDA, 07.075.892/0008-05,AVENIDA DEP PEDRO VALADARES,680,ANEXO O POSTO DE GASOLINA,GRAGERU,49026-115,GASOLINA,10/07/2024,"6,38",,R$ / litro,VIBRA
NE,SE,ARACAJU,RPB AUTO POSTO LTDA, 07.075.892/0008-05,AVENIDA DEP PEDRO VALADARES,680,ANEXO O POSTO DE GASOLINA,GRAGERU,49026-115,GASOLINA ADITIVADA,10/07/2024,"6,58",,R$ / litro,VIBRA
NE,SE,ARACAJU,RPB AUTO POSTO LTDA, 07.075.892/0006-43,AVENIDA PRES TANCREDO NEVES,1052,LOJA  01 POSTO DE COMBUST,JABOTIANA,49095-000,GNV,10/07/2024,"4,89",,R$ / m³,VIBRA
NE,SE,ARACAJU,RPB AUTO POSTO LTDA, 07.075.892/0006-43,AVENIDA PRES TANCREDO NEVES,1052,LOJA  01 POSTO DE COMBUST,JABOTIANA,49095-000,GASOLINA,10/07/2024,"6,37",,R$ / litro,VIBRA
NE,SE,ARACAJU,RPB AUTO POSTO LTDA, 07.075.892/0006-43,AVENIDA PRES TANCREDO NEVES,1052,LOJA  01 POSTO DE COMBUST,JABOTIANA,49095-000,GASOLINA ADITIVADA,10/07/2024,"6,57",,R$ / litro,VIBRA
NE,SE,ARACAJU,RPB AUTO POSTO LTDA, 07.075.892/0011-00,RODOVIA DOS NAUFRAGOS,9232,,SAO JOSE DOS NAUFRAGOS,49005-004,GASOLINA,10/07/2024,"6,39",,R$ / litro,VIBRA
NE,SE,ARACAJU,RPB AUTO POSTO LTDA, 07.075.892/0011-00,RODOVIA DOS NAUFRAGOS,9232,,SAO JOSE DOS NAUFRAGOS,49005-004,GASOLINA ADITIVADA,10/07/2024,"6,59",,R$ / litro,VIBRA
NE,SE,ARACAJU,PETROX COMERCIAL LTDA, 05.297.480/0010-09,RUA ESTÂNCIA,745,,CENTRO,49010-180,GASOLINA,16/07/2024,"6,37",,R$ / litro,PETROX DISTRIBUIDORA
NE,SE,ARACAJU,PETROX COMERCIAL LTDA, 05.297.480/0010-09,RUA ESTÂNCIA,745,,CENTRO,49010-180,ETANOL,16/07/2024,"4,89",,R$ / litro,PETROX DISTRIBUIDORA
NE,SE,ARACAJU,PETROX COMERCIAL LTDA, 05.297.480/0010-09,RUA ESTÂNCIA,745,,CENTRO,49010-180,DIESEL S10,16/07/2024,"6,19",,R$ / litro,PETROX DISTRIBUIDORA
NE,SE,ARACAJU,PETROX COMERCIAL LTDA, 05.297.480/0010-09,RUA ESTÂNCIA,745,,CENTRO,49010-180,GASOLINA ADITIVADA,16/07/2024,"6,37",,R$ / litro,PETROX DISTRIBUIDORA
NE,SE,ARACAJU,VASPETRO COMBUSTIVEL LTDA, 04.979.182/0001-45,AVENIDA BARAO DE MARUIM,552,,CENTRO,49010-340,GASOLINA,16/07/2024,"6,30",,R$ / litro,VIBRA
NE,SE,ARACAJU,VASPETRO COMBUSTIVEL LTDA, 04.979.182/0001-45,AVENIDA BARAO DE MARUIM,552,,CENTRO,49010-340,ETANOL,16/07/2024,"4,80",,R$ / litro,VIBRA
NE,SE,ARACAJU,VASPETRO COMBUSTIVEL LTDA, 04.979.182/0001-45,AVENIDA BARAO DE MARUIM,552,,CENTRO,49010-340,GASOLINA ADITIVADA,16/07/2024,"6,30",,R$ / litro,VIBRA
NE,SE,ARACAJU,AUTO POSTO MAR AZUL LTDA, 04.701.795/0001-16,AVENIDA GENERAL EUCLIDES FIGUEIREDO,9,,SOLEDADE,49089-025,GASOLINA,16/07/2024,"6,32",,R$ / litro,RAIZEN
NE,SE,ARACAJU,AUTO POSTO MAR AZUL LTDA, 04.701.795/0001-16,AVENIDA GENERAL EUCLIDES FIGUEIREDO,9,,SOLEDADE,49089-025,ETANOL,16/07/2024,"4,82",,R$ / litro,RAIZEN
NE,SE,ARACAJU,AUTO POSTO MAR AZUL LTDA, 04.701.795/0001-16,AVENIDA GENERAL EUCLIDES FIGUEIREDO,9,,SOLEDADE,49089-025,DIESEL S10,16/07/2024,"6,16",,R$ / litro,RAIZEN
NE,SE,ARACAJU,AUTO POSTO MAR AZUL LTDA, 04.701.795/0001-16,AVENIDA GENERAL EUCLIDES FIGUEIREDO,9,,SOLEDADE,49089-025,GASOLINA ADITIVADA,16/07/2024,"6,49",,R$ / litro,RAIZEN
NE,SE,ARACAJU,AUTO POSTOS ANDRADE LTDA, 13.017.447/0001-15,RUA LARANJEIRAS,760,,CENTRO,49010-000,GASOLINA,16/07/2024,"6,30",,R$ / litro,BRANCA
NE,SE,ARACAJU,AUTO POSTOS ANDRADE LTDA, 13.017.447/0001-15,RUA LARANJEIRAS,760,,CENTRO,49010-000,ETANOL,16/07/2024,"4,69",,R$ / litro,BRANCA
NE,SE,ARACAJU,AUTO POSTOS ANDRADE LTDA, 13.017.447/0001-15,RUA LARANJEIRAS,760,,CENTRO,49010-000,DIESEL S10,16/07/2024,"5,80",,R$ / litro,BRANCA
NE,SE,ARACAJU,AUTO POSTOS ANDRADE LTDA, 13.017.447/0001-15,RUA LARANJEIRAS,760,,CENTRO,49010-000,GASOLINA ADITIVADA,16/07/2024,"6,30",,R$ / litro,BRANCA
NE,SE,ARACAJU,PETROX COMERCIAL LTDA, 05.297.480/0023-23,AVENIDA CHANC OSVALDO ARANHA,3090,,OLARIA,49092-545,GASOLINA,16/07/2024,"6,37",,R$ / litro,VIBRA
NE,SE,ARACAJU,PETROX COMERCIAL LTDA, 05.297.480/0023-23,AVENIDA CHANC OSVALDO ARANHA,3090,,OLARIA,49092-545,ETANOL,16/07/2024,"4,89",,R$ / litro,VIBRA
NE,SE,ARACAJU,PETROX COMERCIAL LTDA, 05.297.480/0023-23,AVENIDA CHANC OSVALDO ARANHA,3090,,OLARIA,49092-545,GNV,16/07/2024,"4,89",,R$ / m³,VIBRA
NE,SE,ARACAJU,PETROX COMERCIAL LTDA, 05.297.480/0023-23,AVENIDA CHANC OSVALDO ARANHA,3090,,OLARIA,49092-545,GASOLINA ADITIVADA,16/07/2024,"6,37",,R$ / litro,VIBRA
NE,SE,ARACAJU,PETROX COMERCIAL LTDA, 05.297.480/0011-90,RUA NESTOR SAMPAIO,195,CONJ  CASTELO BRANCO,PONTO NOVO,49045-000,GASOLINA,17/07/2024,"6,38",,R$ / litro,PETROX DISTRIBUIDORA
NE,SE,ARACAJU,PETROX COMERCIAL LTDA, 05.297.480/0011-90,RUA NESTOR SAMPAIO,195,CONJ  CASTELO BRANCO,PONTO NOVO,49045-000,ETANOL,17/07/2024,"4,89",,R$ / litro,PETROX DISTRIBUIDORA
NE,SE,ARACAJU,PETROX COMERCIAL LTDA, 05.297.480/0011-90,RUA NESTOR SAMPAIO,195,CONJ  CASTELO BRANCO,PONTO NOVO,49045-000,DIESEL S10,17/07/2024,"5,99",,R$ / litro,PETROX DISTRIBUIDORA
NE,SE,ARACAJU,PETROX COMERCIAL LTDA, 05.297.480/0011-90,RUA NESTOR SAMPAIO,195,CONJ  CASTELO BRANCO,PONTO NOVO,49045-000,GASOLINA ADITIVADA,17/07/2024,"6,38",,R$ / litro,PETROX DISTRIBUIDORA
NE,SE,ARACAJU,GAMA E CIA LTDA, 13.007.752/0002-07,AVENIDA AUGUSTO FRANCO,2990,,PONTO NOVO,49047-040,GASOLINA,17/07/2024,"6,32",,R$ / litro,VIBRA
NE,SE,ARACAJU,GAMA E CIA LTDA, 13.007.752/0002-07,AVENIDA AUGUSTO FRANCO,2990,,PONTO NOVO,49047-040,ETANOL,17/07/2024,"4,69",,R$ / litro,VIBRA
NE,SE,ARACAJU,TYRESOLES DE SERGIPE INDUSTRIA COMERCIO E SERVICOS LTDA, 13.007.828/0010-04,AVENIDA GONCALO  ROLLEMBERG LEITE,1721,,LUZIA,49045-280,GASOLINA,17/07/2024,"6,37",,R$ / litro,RAIZEN
NE,SE,ARACAJU,TYRESOLES DE SERGIPE INDUSTRIA COMERCIO E SERVICOS LTDA, 13.007.828/0010-04,AVENIDA GONCALO  ROLLEMBERG LEITE,1721,,LUZIA,49045-280,ETANOL,17/07/2024,"4,69",,R$ / litro,RAIZEN
NE,SE,ARACAJU,TYRESOLES DE SERGIPE INDUSTRIA COMERCIO E SERVICOS LTDA, 13.007.828/0010-04,AVENIDA GONCALO  ROLLEMBERG LEITE,1721,,LUZIA,49045-280,GASOLINA ADITIVADA,17/07/2024,"6,63",,R$ / litro,RAIZEN
NE,SE,ARACAJU,AMARAL & CIA LTDA, 13.008.610/0001-83,RUA MARIANO SALMERON,709,,SIQUEIRA CAMPOS,49075-370,GASOLINA,17/07/2024,"6,35",,R$ / litro,VIBRA
NE,SE,ARACAJU,AMARAL & CIA LTDA, 13.008.610/0001-83,RUA MARIANO SALMERON,709,,SIQUEIRA CAMPOS,49075-370,ETANOL,17/07/2024,"4,78",,R$ / litro,VIBRA
NE,SE,ARACAJU,AMARAL & CIA LTDA, 13.008.610/0001-83,RUA MARIANO SALMERON,709,,SIQUEIRA CAMPOS,49075-370,DIESEL S10,17/07/2024,"6,38",,R$ / litro,VIBRA
NE,SE,ARACAJU,AMARAL & CIA LTDA, 13.008.610/0001-83,RUA MARIANO SALMERON,709,,SIQUEIRA CAMPOS,49075-370,GASOLINA ADITIVADA,17/07/2024,"6,45",,R$ / litro,VIBRA
NE,SE,ARACAJU,GAMA E CIA LTDA, 13.007.752/0001-26,AVENIDA TANCREDO NEVES,2551,,DISTRITO INDUSTRIAL DE ARACAJU,49095-000,GASOLINA,17/07/2024,"6,30",,R$ / litro,VIBRA
NE,SE,ARACAJU,GAMA E CIA LTDA, 13.007.752/0001-26,AVENIDA TANCREDO NEVES,2551,,DISTRITO INDUSTRIAL DE ARACAJU,49095-000,ETANOL,17/07/2024,"4,69",,R$ / litro,VIBRA
NE,SE,ARACAJU,L. V. COMERCIO DE COMBUSTIVEIS LTDA, 11.433.769/0001-10,RUA SAO CRISTOVAO,1877,,GETULIO VARGAS,49055-620,GASOLINA,17/07/2024,"6,34",,R$ / litro,BRANCA
NE,SE,ARACAJU,L. V. COMERCIO DE COMBUSTIVEIS LTDA, 11.433.769/0001-10,RUA SAO CRISTOVAO,1877,,GETULIO VARGAS,49055-620,ETANOL,17/07/2024,"4,69",,R$ / litro,BRANCA
NE,SE,ARACAJU,L. V. COMERCIO DE COMBUSTIVEIS LTDA, 11.433.769/0001-10,RUA SAO CRISTOVAO,1877,,GETULIO VARGAS,49055-620,DIESEL S10,17/07/2024,"5,80",,R$ / litro,BRANCA
NE,SE,ARACAJU,ALPHA COMERCIAL DE COMBUSTIVEIS LTDA, 08.297.710/0008-03,AVENIDA FRANCISCO PORTO,650,LOJA  BR MANIA DELICATESSE,SALGADO FILHO,49020-120,GASOLINA,17/07/2024,"6,38",,R$ / litro,VIBRA
NE,SE,ARACAJU,ALPHA COMERCIAL DE COMBUSTIVEIS LTDA, 08.297.710/0008-03,AVENIDA FRANCISCO PORTO,650,LOJA  BR MANIA DELICATESSE,SALGADO FILHO,49020-120,ETANOL,17/07/2024,"4,99",,R$ / litro,VIBRA
NE,SE,ARACAJU,ALPHA COMERCIAL DE COMBUSTIVEIS LTDA, 08.297.710/0008-03,AVENIDA FRANCISCO PORTO,650,LOJA  BR MANIA DELICATESSE,SALGADO FILHO,49020-120,GASOLINA ADITIVADA,17/07/2024,"6,39",,R$ / litro,VIBRA
NE,SE,ARACAJU,POSTO PIRANEMA LTDA, 09.258.664/0003-91,AVENIDA PREFEITO HERACLITO ROLLEMBERG,2760,,FAROLANDIA,49030-640,GASOLINA,17/07/2024,"6,39",,R$ / litro,VIBRA
NE,SE,ARACAJU,POSTO PIRANEMA LTDA, 09.258.664/0003-91,AVENIDA PREFEITO HERACLITO ROLLEMBERG,2760,,FAROLANDIA,49030-640,ETANOL,17/07/2024,"4,89",,R$ / litro,VIBRA
NE,SE,ARACAJU,POSTO PIRANEMA LTDA, 09.258.664/0003-91,AVENIDA PREFEITO HERACLITO ROLLEMBERG,2760,,FAROLANDIA,49030-640,GASOLINA ADITIVADA,17/07/2024,"6,59",,R$ / litro,VIBRA
NE,SE,ARACAJU,PETROX COMERCIAL LTDA, 05.297.480/0022-42,AVENIDA PRESIDENTE TANCREDO NEVES,4501,,JABOTIANA,49095-000,GASOLINA,17/07/2024,"6,38",,R$ / litro,PETROX DISTRIBUIDORA
NE,SE,ARACAJU,PETROX COMERCIAL LTDA, 05.297.480/0022-42,AVENIDA PRESIDENTE TANCREDO NEVES,4501,,JABOTIANA,49095-000,ETANOL,17/07/2024,"4,89",,R$ / litro,PETROX DISTRIBUIDORA
NE,SE,ARACAJU,PETROX COMERCIAL LTDA, 05.297.480/0022-42,AVENIDA PRESIDENTE TANCREDO NEVES,4501,,JABOTIANA,49095-000,GNV,17/07/2024,"4,89",,R$ / m³,PETROX DISTRIBUIDORA
NE,SE,ARACAJU,PETROX COMERCIAL LTDA, 05.297.480/0022-42,AVENIDA PRESIDENTE TANCREDO NEVES,4501,,JABOTIANA,49095-000,GASOLINA ADITIVADA,17/07/2024,"6,38",,R$ / litro,PETROX DISTRIBUIDORA
NE,SE,ARACAJU,RPB AUTO POSTO LTDA, 07.075.892/0008-05,AVENIDA DEP PEDRO VALADARES,680,ANEXO O POSTO DE GASOLINA,GRAGERU,49026-115,GASOLINA,17/07/2024,"6,38",,R$ / litro,VIBRA
NE,SE,ARACAJU,RPB AUTO POSTO LTDA, 07.075.892/0008-05,AVENIDA DEP PEDRO VALADARES,680,ANEXO O POSTO DE GASOLINA,GRAGERU,49026-115,GASOLINA ADITIVADA,17/07/2024,"6,58",,R$ / litro,VIBRA
NE,SE,ARACAJU,RPB AUTO POSTO LTDA, 07.075.892/0006-43,AVENIDA PRES TANCREDO NEVES,1052,LOJA  01 POSTO DE COMBUST,JABOTIANA,49095-000,GASOLINA,17/07/2024,"6,37",,R$ / litro,VIBRA
NE,SE,ARACAJU,RPB AUTO POSTO LTDA, 07.075.892/0006-43,AVENIDA PRES TANCREDO NEVES,1052,LOJA  01 POSTO DE COMBUST,JABOTIANA,49095-000,GNV,17/07/2024,"4,89",,R$ / m³,VIBRA
NE,SE,ARACAJU,RPB AUTO POSTO LTDA, 07.075.892/0006-43,AVENIDA PRES TANCREDO NEVES,1052,LOJA  01 POSTO DE COMBUST,JABOTIANA,49095-000,GASOLINA ADITIVADA,17/07/2024,"6,57",,R$ / litro,VIBRA
NE,SE,ARACAJU,RPB AUTO POSTO LTDA, 07.075.892/0011-00,RODOVIA DOS NAUFRAGOS,9232,,SAO JOSE DOS NAUFRAGOS,49005-004,GASOLINA,17/07/2024,"6,39",,R$ / litro,VIBRA
NE,SE,ARACAJU,RPB AUTO POSTO LTDA, 07.075.892/0011-00,RODOVIA DOS NAUFRAGOS,9232,,SAO JOSE DOS NAUFRAGOS,49005-004,GASOLINA ADITIVADA,17/07/2024,"6,59",,R$ / litro,VIBRA
NE,SE,ARACAJU,PETROX COMERCIAL LTDA, 05.297.480/0010-09,RUA ESTÂNCIA,745,,CENTRO,49010-180,ETANOL,22/07/2024,"4,89",,R$ / litro,PETROX DISTRIBUIDORA
NE,SE,ARACAJU,PETROX COMERCIAL LTDA, 05.297.480/0010-09,RUA ESTÂNCIA,745,,CENTRO,49010-180,GASOLINA,22/07/2024,"6,37",,R$ / litro,PETROX DISTRIBUIDORA
NE,SE,ARACAJU,PETROX COMERCIAL LTDA, 05.297.480/0010-09,RUA ESTÂNCIA,745,,CENTRO,49010-180,GASOLINA ADITIVADA,22/07/2024,"6,37",,R$ / litro,PETROX DISTRIBUIDORA
NE,SE,ARACAJU,PETROX COMERCIAL LTDA, 05.297.480/0010-09,RUA ESTÂNCIA,745,,CENTRO,49010-180,DIESEL S10,22/07/2024,"6,19",,R$ / litro,PETROX DISTRIBUIDORA
NE,SE,ARACAJU,VASPETRO COMBUSTIVEL LTDA, 04.979.182/0001-45,AVENIDA BARAO DE MARUIM,552,,CENTRO,49010-340,GASOLINA,22/07/2024,"6,30",,R$ / litro,VIBRA
NE,SE,ARACAJU,VASPETRO COMBUSTIVEL LTDA, 04.979.182/0001-45,AVENIDA BARAO DE MARUIM,552,,CENTRO,49010-340,GASOLINA ADITIVADA,22/07/2024,"6,30",,R$ / litro,VIBRA
NE,SE,ARACAJU,VASPETRO COMBUSTIVEL LTDA, 04.979.182/0001-45,AVENIDA BARAO DE MARUIM,552,,CENTRO,49010-340,ETANOL,22/07/2024,"4,80",,R$ / litro,VIBRA
NE,SE,ARACAJU,AUTO POSTO MAR AZUL LTDA, 04.701.795/0001-16,AVENIDA GENERAL EUCLIDES FIGUEIREDO,9,,SOLEDADE,49089-025,GASOLINA,22/07/2024,"6,32",,R$ / litro,RAIZEN
NE,SE,ARACAJU,AUTO POSTO MAR AZUL LTDA, 04.701.795/0001-16,AVENIDA GENERAL EUCLIDES FIGUEIREDO,9,,SOLEDADE,49089-025,GASOLINA ADITIVADA,22/07/2024,"6,49",,R$ / litro,RAIZEN
NE,SE,ARACAJU,AUTO POSTO MAR AZUL LTDA, 04.701.795/0001-16,AVENIDA GENERAL EUCLIDES FIGUEIREDO,9,,SOLEDADE,49089-025,DIESEL S10,22/07/2024,"6,16",,R$ / litro,RAIZEN
NE,SE,ARACAJU,AUTO POSTO MAR AZUL LTDA, 04.701.795/0001-16,AVENIDA GENERAL EUCLIDES FIGUEIREDO,9,,SOLEDADE,49089-025,ETANOL,22/07/2024,"4,82",,R$ / litro,RAIZEN
NE,SE,ARACAJU,KLEBER SANTOS BATISTA LTDA, 13.042.882/0001-08,AVENIDA DESEMBARGADOR MAYNARD,770,,CIRURGIA,49055-210,GNV,22/07/2024,"4,89",,R$ / m³,BRANCA
NE,SE,ARACAJU,KLEBER SANTOS BATISTA LTDA, 13.042.882/0001-08,AVENIDA DESEMBARGADOR MAYNARD,770,,CIRURGIA,49055-210,GASOLINA,22/07/2024,"6,30",,R$ / litro,BRANCA
NE,SE,ARACAJU,KLEBER SANTOS BATISTA LTDA, 13.042.882/0001-08,AVENIDA DESEMBARGADOR MAYNARD,770,,CIRURGIA,49055-210,GASOLINA ADITIVADA,22/07/2024,"6,30",,R$ / litro,BRANCA
NE,SE,ARACAJU,KLEBER SANTOS BATISTA LTDA, 13.042.882/0001-08,AVENIDA DESEMBARGADOR MAYNARD,770,,CIRURGIA,49055-210,DIESEL S10,22/07/2024,"5,80",,R$ / litro,BRANCA
NE,SE,ARACAJU,KLEBER SANTOS BATISTA LTDA, 13.042.882/0001-08,AVENIDA DESEMBARGADOR MAYNARD,770,,CIRURGIA,49055-210,ETANOL,22/07/2024,"4,69",,R$ / litro,BRANCA
NE,SE,ARACAJU,AUTO POSTOS ANDRADE LTDA, 13.017.447/0001-15,RUA LARANJEIRAS,760,,CENTRO,49010-000,GASOLINA,22/07/2024,"6,30",,R$ / litro,BRANCA
NE,SE,ARACAJU,AUTO POSTOS ANDRADE LTDA, 13.017.447/0001-15,RUA LARANJEIRAS,760,,CENTRO,49010-000,GASOLINA ADITIVADA,22/07/2024,"6,30",,R$ / litro,BRANCA
NE,SE,ARACAJU,AUTO POSTOS ANDRADE LTDA, 13.017.447/0001-15,RUA LARANJEIRAS,760,,CENTRO,49010-000,DIESEL S10,22/07/2024,"5,80",,R$ / litro,BRANCA
NE,SE,ARACAJU,AUTO POSTOS ANDRADE LTDA, 13.017.447/0001-15,RUA LARANJEIRAS,760,,CENTRO,49010-000,ETANOL,22/07/2024,"4,69",,R$ / litro,BRANCA
NE,SE,ARACAJU,L. V. COMERCIO DE COMBUSTIVEIS LTDA, 11.433.769/0001-10,RUA SAO CRISTOVAO,1877,,GETULIO VARGAS,49055-620,GASOLINA,22/07/2024,"6,34",,R$ / litro,BRANCA
NE,SE,ARACAJU,L. V. COMERCIO DE COMBUSTIVEIS LTDA, 11.433.769/0001-10,RUA SAO CRISTOVAO,1877,,GETULIO VARGAS,49055-620,DIESEL S10,22/07/2024,"5,80",,R$ / litro,BRANCA
NE,SE,ARACAJU,L. V. COMERCIO DE COMBUSTIVEIS LTDA, 11.433.769/0001-10,RUA SAO CRISTOVAO,1877,,GETULIO VARGAS,49055-620,ETANOL,22/07/2024,"4,69",,R$ / litro,BRANCA
NE,SE,ARACAJU,PETROX COMERCIAL LTDA, 05.297.480/0023-23,AVENIDA CHANC OSVALDO ARANHA,3090,,OLARIA,49092-545,GNV,22/07/2024,"4,89",,R$ / m³,VIBRA
NE,SE,ARACAJU,PETROX COMERCIAL LTDA, 05.297.480/0023-23,AVENIDA CHANC OSVALDO ARANHA,3090,,OLARIA,49092-545,GASOLINA,22/07/2024,"6,37",,R$ / litro,VIBRA
NE,SE,ARACAJU,PETROX COMERCIAL LTDA, 05.297.480/0023-23,AVENIDA CHANC OSVALDO ARANHA,3090,,OLARIA,49092-545,GASOLINA ADITIVADA,22/07/2024,"6,37",,R$ / litro,VIBRA
NE,SE,ARACAJU,PETROX COMERCIAL LTDA, 05.297.480/0023-23,AVENIDA CHANC OSVALDO ARANHA,3090,,OLARIA,49092-545,ETANOL,22/07/2024,"4,89",,R$ / litro,VIBRA
NE,SE,ARACAJU,PETROX COMERCIAL LTDA, 05.297.480/0011-90,RUA NESTOR SAMPAIO,195,CONJ  CASTELO BRANCO,PONTO NOVO,49045-000,GASOLINA,23/07/2024,"6,58",,R$ / litro,PETROX DISTRIBUIDORA
NE,SE,ARACAJU,PETROX COMERCIAL LTDA, 05.297.480/0011-90,RUA NESTOR SAMPAIO,195,CONJ  CASTELO BRANCO,PONTO NOVO,49045-000,GASOLINA ADITIVADA,23/07/2024,"6,58",,R$ / litro,PETROX DISTRIBUIDORA
NE,SE,ARACAJU,PETROX COMERCIAL LTDA, 05.297.480/0011-90,RUA NESTOR SAMPAIO,195,CONJ  CASTELO BRANCO,PONTO NOVO,49045-000,DIESEL S10,23/07/2024,"5,99",,R$ / litro,PETROX DISTRIBUIDORA
NE,SE,ARACAJU,PETROX COMERCIAL LTDA, 05.297.480/0011-90,RUA NESTOR SAMPAIO,195,CONJ  CASTELO BRANCO,PONTO NOVO,49045-000,ETANOL,23/07/2024,"4,99",,R$ / litro,PETROX DISTRIBUIDORA
NE,SE,ARACAJU,GAMA E CIA LTDA, 13.007.752/0002-07,AVENIDA AUGUSTO FRANCO,2990,,PONTO NOVO,49047-040,GASOLINA,23/07/2024,"6,32",,R$ / litro,VIBRA
NE,SE,ARACAJU,GAMA E CIA LTDA, 13.007.752/0002-07,AVENIDA AUGUSTO FRANCO,2990,,PONTO NOVO,49047-040,ETANOL,23/07/2024,"4,69",,R$ / litro,VIBRA
NE,SE,ARACAJU,TYRESOLES DE SERGIPE INDUSTRIA COMERCIO E SERVICOS LTDA, 13.007.828/0010-04,AVENIDA GONCALO  ROLLEMBERG LEITE,1721,,LUZIA,49045-280,GASOLINA,23/07/2024,"6,37",,R$ / litro,RAIZEN
NE,SE,ARACAJU,TYRESOLES DE SERGIPE INDUSTRIA COMERCIO E SERVICOS LTDA, 13.007.828/0010-04,AVENIDA GONCALO  ROLLEMBERG LEITE,1721,,LUZIA,49045-280,GASOLINA ADITIVADA,23/07/2024,"6,63",,R$ / litro,RAIZEN
NE,SE,ARACAJU,TYRESOLES DE SERGIPE INDUSTRIA COMERCIO E SERVICOS LTDA, 13.007.828/0010-04,AVENIDA GONCALO  ROLLEMBERG LEITE,1721,,LUZIA,49045-280,ETANOL,23/07/2024,"4,84",,R$ / litro,RAIZEN
NE,SE,ARACAJU,AMARAL & CIA LTDA, 13.008.610/0001-83,RUA MARIANO SALMERON,709,,SIQUEIRA CAMPOS,49075-370,GASOLINA,23/07/2024,"6,35",,R$ / litro,VIBRA
NE,SE,ARACAJU,AMARAL & CIA LTDA, 13.008.610/0001-83,RUA MARIANO SALMERON,709,,SIQUEIRA CAMPOS,49075-370,GASOLINA ADITIVADA,23/07/2024,"6,45",,R$ / litro,VIBRA
NE,SE,ARACAJU,AMARAL & CIA LTDA, 13.008.610/0001-83,RUA MARIANO SALMERON,709,,SIQUEIRA CAMPOS,49075-370,DIESEL S10,23/07/2024,"6,38",,R$ / litro,VIBRA
NE,SE,ARACAJU,AMARAL & CIA LTDA, 13.008.610/0001-83,RUA MARIANO SALMERON,709,,SIQUEIRA CAMPOS,49075-370,ETANOL,23/07/2024,"4,78",,R$ / litro,VIBRA
NE,SE,ARACAJU,ALPHA COMERCIAL DE COMBUSTIVEIS LTDA, 08.297.710/0008-03,AVENIDA FRANCISCO PORTO,650,LOJA  BR MANIA DELICATESSE,SALGADO FILHO,49020-120,GASOLINA,23/07/2024,"6,58",,R$ / litro,VIBRA
NE,SE,ARACAJU,ALPHA COMERCIAL DE COMBUSTIVEIS LTDA, 08.297.710/0008-03,AVENIDA FRANCISCO PORTO,650,LOJA  BR MANIA DELICATESSE,SALGADO FILHO,49020-120,GASOLINA ADITIVADA,23/07/2024,"6,59",,R$ / litro,VIBRA
NE,SE,ARACAJU,ALPHA COMERCIAL DE COMBUSTIVEIS LTDA, 08.297.710/0008-03,AVENIDA FRANCISCO PORTO,650,LOJA  BR MANIA DELICATESSE,SALGADO FILHO,49020-120,ETANOL,23/07/2024,"4,99",,R$ / litro,VIBRA
NE,SE,ARACAJU,POSTO PIRANEMA LTDA, 09.258.664/0003-91,AVENIDA PREFEITO HERACLITO ROLLEMBERG,2760,,FAROLANDIA,49030-640,ETANOL,23/07/2024,"4,99",,R$ / litro,VIBRA
NE,SE,ARACAJU,POSTO PIRANEMA LTDA, 09.258.664/0003-91,AVENIDA PREFEITO HERACLITO ROLLEMBERG,2760,,FAROLANDIA,49030-640,GASOLINA,23/07/2024,"6,59",,R$ / litro,VIBRA
NE,SE,ARACAJU,POSTO PIRANEMA LTDA, 09.258.664/0003-91,AVENIDA PREFEITO HERACLITO ROLLEMBERG,2760,,FAROLANDIA,49030-640,GASOLINA ADITIVADA,23/07/2024,"6,79",,R$ / litro,VIBRA
NE,SE,ARACAJU,PETROX COMERCIAL LTDA, 05.297.480/0022-42,AVENIDA PRESIDENTE TANCREDO NEVES,4501,,JABOTIANA,49095-000,GNV,23/07/2024,"4,89",,R$ / m³,PETROX DISTRIBUIDORA
NE,SE,ARACAJU,PETROX COMERCIAL LTDA, 05.297.480/0022-42,AVENIDA PRESIDENTE TANCREDO NEVES,4501,,JABOTIANA,49095-000,GASOLINA,23/07/2024,"6,58",,R$ / litro,PETROX DISTRIBUIDORA
NE,SE,ARACAJU,PETROX COMERCIAL LTDA, 05.297.480/0022-42,AVENIDA PRESIDENTE TANCREDO NEVES,4501,,JABOTIANA,49095-000,GASOLINA ADITIVADA,23/07/2024,"6,58",,R$ / litro,PETROX DISTRIBUIDORA
NE,SE,ARACAJU,PETROX COMERCIAL LTDA, 05.297.480/0022-42,AVENIDA PRESIDENTE TANCREDO NEVES,4501,,JABOTIANA,49095-000,ETANOL,23/07/2024,"4,99",,R$ / litro,PETROX DISTRIBUIDORA
NE,SE,ARACAJU,RPB AUTO POSTO LTDA, 07.075.892/0008-05,AVENIDA DEP PEDRO VALADARES,680,ANEXO O POSTO DE GASOLINA,GRAGERU,49026-115,GASOLINA,23/07/2024,"6,57",,R$ / litro,VIBRA
NE,SE,ARACAJU,RPB AUTO POSTO LTDA, 07.075.892/0008-05,AVENIDA DEP PEDRO VALADARES,680,ANEXO O POSTO DE GASOLINA,GRAGERU,49026-115,GASOLINA ADITIVADA,23/07/2024,"6,77",,R$ / litro,VIBRA
NE,SE,ARACAJU,RPB AUTO POSTO LTDA, 07.075.892/0006-43,AVENIDA PRES TANCREDO NEVES,1052,LOJA  01 POSTO DE COMBUST,JABOTIANA,49095-000,GNV,23/07/2024,"4,89",,R$ / m³,VIBRA
NE,SE,ARACAJU,RPB AUTO POSTO LTDA, 07.075.892/0006-43,AVENIDA PRES TANCREDO NEVES,1052,LOJA  01 POSTO DE COMBUST,JABOTIANA,49095-000,GASOLINA,23/07/2024,"6,56",,R$ / litro,VIBRA
NE,SE,ARACAJU,RPB AUTO POSTO LTDA, 07.075.892/0006-43,AVENIDA PRES TANCREDO NEVES,1052,LOJA  01 POSTO DE COMBUST,JABOTIANA,49095-000,GASOLINA ADITIVADA,23/07/2024,"6,76",,R$ / litro,VIBRA
NE,SE,ARACAJU,RPB AUTO POSTO LTDA, 07.075.892/0011-00,RODOVIA DOS NAUFRAGOS,9232,,SAO JOSE DOS NAUFRAGOS,49005-004,GASOLINA,23/07/2024,"6,58",,R$ / litro,VIBRA
NE,SE,ARACAJU,RPB AUTO POSTO LTDA, 07.075.892/0011-00,RODOVIA DOS NAUFRAGOS,9232,,SAO JOSE DOS NAUFRAGOS,49005-004,GASOLINA ADITIVADA,23/07/2024,"6,78",,R$ / litro,VIBRA
NE,SE,ARACAJU,PETROX COMERCIAL LTDA, 05.297.480/0010-09,RUA ESTÂNCIA,745,,CENTRO,49010-180,GASOLINA,29/07/2024,"6,53",,R$ / litro,PETROX DISTRIBUIDORA
NE,SE,ARACAJU,PETROX COMERCIAL LTDA, 05.297.480/0010-09,RUA ESTÂNCIA,745,,CENTRO,49010-180,GASOLINA ADITIVADA,29/07/2024,"6,53",,R$ / litro,PETROX DISTRIBUIDORA
NE,SE,ARACAJU,PETROX COMERCIAL LTDA, 05.297.480/0010-09,RUA ESTÂNCIA,745,,CENTRO,49010-180,DIESEL S10,29/07/2024,"6,29",,R$ / litro,PETROX DISTRIBUIDORA
NE,SE,ARACAJU,PETROX COMERCIAL LTDA, 05.297.480/0010-09,RUA ESTÂNCIA,745,,CENTRO,49010-180,ETANOL,29/07/2024,"4,89",,R$ / litro,PETROX DISTRIBUIDORA
NE,SE,ARACAJU,VASPETRO COMBUSTIVEL LTDA, 04.979.182/0001-45,AVENIDA BARAO DE MARUIM,552,,CENTRO,49010-340,GASOLINA,29/07/2024,"6,48",,R$ / litro,VIBRA
NE,SE,ARACAJU,VASPETRO COMBUSTIVEL LTDA, 04.979.182/0001-45,AVENIDA BARAO DE MARUIM,552,,CENTRO,49010-340,GASOLINA ADITIVADA,29/07/2024,"6,48",,R$ / litro,VIBRA
NE,SE,ARACAJU,VASPETRO COMBUSTIVEL LTDA, 04.979.182/0001-45,AVENIDA BARAO DE MARUIM,552,,CENTRO,49010-340,ETANOL,29/07/2024,"4,99",,R$ / litro,VIBRA
NE,SE,ARACAJU,AUTO POSTO MAR AZUL LTDA, 04.701.795/0001-16,AVENIDA GENERAL EUCLIDES FIGUEIREDO,9,,SOLEDADE,49089-025,GASOLINA,29/07/2024,"6,50",,R$ / litro,RAIZEN
NE,SE,ARACAJU,AUTO POSTO MAR AZUL LTDA, 04.701.795/0001-16,AVENIDA GENERAL EUCLIDES FIGUEIREDO,9,,SOLEDADE,49089-025,GASOLINA ADITIVADA,29/07/2024,"6,67",,R$ / litro,RAIZEN
NE,SE,ARACAJU,AUTO POSTO MAR AZUL LTDA, 04.701.795/0001-16,AVENIDA GENERAL EUCLIDES FIGUEIREDO,9,,SOLEDADE,49089-025,DIESEL S10,29/07/2024,"6,26",,R$ / litro,RAIZEN
NE,SE,ARACAJU,AUTO POSTO MAR AZUL LTDA, 04.701.795/0001-16,AVENIDA GENERAL EUCLIDES FIGUEIREDO,9,,SOLEDADE,49089-025,ETANOL,29/07/2024,"4,89",,R$ / litro,RAIZEN
NE,SE,ARACAJU,AUTO POSTOS ANDRADE LTDA, 13.017.447/0001-15,RUA LARANJEIRAS,760,,CENTRO,49010-000,GASOLINA,29/07/2024,"6,48",,R$ / litro,BRANCA
NE,SE,ARACAJU,AUTO POSTOS ANDRADE LTDA, 13.017.447/0001-15,RUA LARANJEIRAS,760,,CENTRO,49010-000,GASOLINA ADITIVADA,29/07/2024,"6,48",,R$ / litro,BRANCA
NE,SE,ARACAJU,AUTO POSTOS ANDRADE LTDA, 13.017.447/0001-15,RUA LARANJEIRAS,760,,CENTRO,49010-000,DIESEL S10,29/07/2024,"5,80",,R$ / litro,BRANCA
NE,SE,ARACAJU,AUTO POSTOS ANDRADE LTDA, 13.017.447/0001-15,RUA LARANJEIRAS,760,,CENTRO,49010-000,ETANOL,29/07/2024,"4,80",,R$ / litro,BRANCA
NE,SE,ARACAJU,L. V. COMERCIO DE COMBUSTIVEIS LTDA, 11.433.769/0001-10,RUA SAO CRISTOVAO,1877,,GETULIO VARGAS,49055-620,GASOLINA,29/07/2024,"6,52",,R$ / litro,BRANCA
NE,SE,ARACAJU,L. V. COMERCIO DE COMBUSTIVEIS LTDA, 11.433.769/0001-10,RUA SAO CRISTOVAO,1877,,GETULIO VARGAS,49055-620,DIESEL S10,29/07/2024,"5,80",,R$ / litro,BRANCA
NE,SE,ARACAJU,L. V. COMERCIO DE COMBUSTIVEIS LTDA, 11.433.769/0001-10,RUA SAO CRISTOVAO,1877,,GETULIO VARGAS,49055-620,ETANOL,29/07/2024,"4,80",,R$ / litro,BRANCA
NE,SE,ARACAJU,PETROX COMERCIAL LTDA, 05.297.480/0023-23,AVENIDA CHANC OSVALDO ARANHA,3090,,OLARIA,49092-545,GNV,29/07/2024,"4,89",,R$ / m³,VIBRA
NE,SE,ARACAJU,PETROX COMERCIAL LTDA, 05.297.480/0023-23,AVENIDA CHANC OSVALDO ARANHA,3090,,OLARIA,49092-545,GASOLINA,29/07/2024,"6,53",,R$ / litro,VIBRA
NE,SE,ARACAJU,PETROX COMERCIAL LTDA, 05.297.480/0023-23,AVENIDA CHANC OSVALDO ARANHA,3090,,OLARIA,49092-545,GASOLINA ADITIVADA,29/07/2024,"6,53",,R$ / litro,VIBRA
NE,SE,ARACAJU,PETROX COMERCIAL LTDA, 05.297.480/0023-23,AVENIDA CHANC OSVALDO ARANHA,3090,,OLARIA,49092-545,ETANOL,29/07/2024,"4,89",,R$ / litro,VIBRA
NE,SE,ARACAJU,PETROX COMERCIAL LTDA, 05.297.480/0011-90,RUA NESTOR SAMPAIO,195,CONJ  CASTELO BRANCO,PONTO NOVO,49045-000,GASOLINA,30/07/2024,"6,53",,R$ / litro,PETROX DISTRIBUIDORA
NE,SE,ARACAJU,PETROX COMERCIAL LTDA, 05.297.480/0011-90,RUA NESTOR SAMPAIO,195,CONJ  CASTELO BRANCO,PONTO NOVO,49045-000,GASOLINA ADITIVADA,30/07/2024,"6,53",,R$ / litro,PETROX DISTRIBUIDORA
NE,SE,ARACAJU,PETROX COMERCIAL LTDA, 05.297.480/0011-90,RUA NESTOR SAMPAIO,195,CONJ  CASTELO BRANCO,PONTO NOVO,49045-000,DIESEL S10,30/07/2024,"6,29",,R$ / litro,PETROX DISTRIBUIDORA
NE,SE,ARACAJU,PETROX COMERCIAL LTDA, 05.297.480/0011-90,RUA NESTOR SAMPAIO,195,CONJ  CASTELO BRANCO,PONTO NOVO,49045-000,ETANOL,30/07/2024,"4,89",,R$ / litro,PETROX DISTRIBUIDORA
NE,SE,ARACAJU,GAMA E CIA LTDA, 13.007.752/0002-07,AVENIDA AUGUSTO FRANCO,2990,,PONTO NOVO,49047-040,GASOLINA,30/07/2024,"6,49",,R$ / litro,VIBRA
NE,SE,ARACAJU,GAMA E CIA LTDA, 13.007.752/0002-07,AVENIDA AUGUSTO FRANCO,2990,,PONTO NOVO,49047-040,ETANOL,30/07/2024,"4,78",,R$ / litro,VIBRA
NE,SE,ARACAJU,TYRESOLES DE SERGIPE INDUSTRIA COMERCIO E SERVICOS LTDA, 13.007.828/0010-04,AVENIDA GONCALO  ROLLEMBERG LEITE,1721,,LUZIA,49045-280,GASOLINA,30/07/2024,"6,53",,R$ / litro,RAIZEN
NE,SE,ARACAJU,TYRESOLES DE SERGIPE INDUSTRIA COMERCIO E SERVICOS LTDA, 13.007.828/0010-04,AVENIDA GONCALO  ROLLEMBERG LEITE,1721,,LUZIA,49045-280,GASOLINA ADITIVADA,30/07/2024,"6,79",,R$ / litro,RAIZEN
NE,SE,ARACAJU,TYRESOLES DE SERGIPE INDUSTRIA COMERCIO E SERVICOS LTDA, 13.007.828/0010-04,AVENIDA GONCALO  ROLLEMBERG LEITE,1721,,LUZIA,49045-280,ETANOL,30/07/2024,"4,89",,R$ / litro,RAIZEN
NE,SE,ARACAJU,AMARAL & CIA LTDA, 13.008.610/0001-83,RUA MARIANO SALMERON,709,,SIQUEIRA CAMPOS,49075-370,GASOLINA,30/07/2024,"6,48",,R$ / litro,VIBRA
NE,SE,ARACAJU,AMARAL & CIA LTDA, 13.008.610/0001-83,RUA MARIANO SALMERON,709,,SIQUEIRA CAMPOS,49075-370,GASOLINA ADITIVADA,30/07/2024,"6,58",,R$ / litro,VIBRA
NE,SE,ARACAJU,AMARAL & CIA LTDA, 13.008.610/0001-83,RUA MARIANO SALMERON,709,,SIQUEIRA CAMPOS,49075-370,DIESEL S10,30/07/2024,"6,38",,R$ / litro,VIBRA
NE,SE,ARACAJU,AMARAL & CIA LTDA, 13.008.610/0001-83,RUA MARIANO SALMERON,709,,SIQUEIRA CAMPOS,49075-370,ETANOL,30/07/2024,"4,88",,R$ / litro,VIBRA
NE,SE,ARACAJU,GAMA E CIA LTDA, 13.007.752/0001-26,AVENIDA TANCREDO NEVES,2551,,DISTRITO INDUSTRIAL DE ARACAJU,49095-000,GASOLINA,30/07/2024,"6,48",,R$ / litro,VIBRA
NE,SE,ARACAJU,GAMA E CIA LTDA, 13.007.752/0001-26,AVENIDA TANCREDO NEVES,2551,,DISTRITO INDUSTRIAL DE ARACAJU,49095-000,ETANOL,30/07/2024,"4,78",,R$ / litro,VIBRA
NE,SE,ARACAJU,ALPHA COMERCIAL DE COMBUSTIVEIS LTDA, 08.297.710/0008-03,AVENIDA FRANCISCO PORTO,650,LOJA  BR MANIA DELICATESSE,SALGADO FILHO,49020-120,GASOLINA,30/07/2024,"6,53",,R$ / litro,VIBRA
NE,SE,ARACAJU,ALPHA COMERCIAL DE COMBUSTIVEIS LTDA, 08.297.710/0008-03,AVENIDA FRANCISCO PORTO,650,LOJA  BR MANIA DELICATESSE,SALGADO FILHO,49020-120,GASOLINA ADITIVADA,30/07/2024,"6,54",,R$ / litro,VIBRA
NE,SE,ARACAJU,ALPHA COMERCIAL DE COMBUSTIVEIS LTDA, 08.297.710/0008-03,AVENIDA FRANCISCO PORTO,650,LOJA  BR MANIA DELICATESSE,SALGADO FILHO,49020-120,ETANOL,30/07/2024,"4,98",,R$ / litro,VIBRA
NE,SE,ARACAJU,POSTO PIRANEMA LTDA, 09.258.664/0003-91,AVENIDA PREFEITO HERACLITO ROLLEMBERG,2760,,FAROLANDIA,49030-640,GASOLINA,30/07/2024,"6,53",,R$ / litro,VIBRA
NE,SE,ARACAJU,POSTO PIRANEMA LTDA, 09.258.664/0003-91,AVENIDA PREFEITO HERACLITO ROLLEMBERG,2760,,FAROLANDIA,49030-640,GASOLINA ADITIVADA,30/07/2024,"6,73",,R$ / litro,VIBRA
NE,SE,ARACAJU,POSTO PIRANEMA LTDA, 09.258.664/0003-91,AVENIDA PREFEITO HERACLITO ROLLEMBERG,2760,,FAROLANDIA,49030-640,ETANOL,30/07/2024,"4,99",,R$ / litro,VIBRA
NE,SE,ARACAJU,PETROX COMERCIAL LTDA, 05.297.480/0022-42,AVENIDA PRESIDENTE TANCREDO NEVES,4501,,JABOTIANA,49095-000,GNV,30/07/2024,"4,89",,R$ / m³,PETROX DISTRIBUIDORA
NE,SE,ARACAJU,PETROX COMERCIAL LTDA, 05.297.480/0022-42,AVENIDA PRESIDENTE TANCREDO NEVES,4501,,JABOTIANA,49095-000,GASOLINA,30/07/2024,"6,53",,R$ / litro,PETROX DISTRIBUIDORA
NE,SE,ARACAJU,PETROX COMERCIAL LTDA, 05.297.480/0022-42,AVENIDA PRESIDENTE TANCREDO NEVES,4501,,JABOTIANA,49095-000,GASOLINA ADITIVADA,30/07/2024,"6,53",,R$ / litro,PETROX DISTRIBUIDORA
NE,SE,ARACAJU,PETROX COMERCIAL LTDA, 05.297.480/0022-42,AVENIDA PRESIDENTE TANCREDO NEVES,4501,,JABOTIANA,49095-000,ETANOL,30/07/2024,"4,89",,R$ / litro,PETROX DISTRIBUIDORA
NE,SE,ARACAJU,RPB AUTO POSTO LTDA, 07.075.892/0008-05,AVENIDA DEP PEDRO VALADARES,680,ANEXO O POSTO DE GASOLINA,GRAGERU,49026-115,GASOLINA,30/07/2024,"6,49",,R$ / litro,VIBRA
NE,SE,ARACAJU,RPB AUTO POSTO LTDA, 07.075.892/0008-05,AVENIDA DEP PEDRO VALADARES,680,ANEXO O POSTO DE GASOLINA,GRAGERU,49026-115,GASOLINA ADITIVADA,30/07/2024,"6,69",,R$ / litro,VIBRA
NE,SE,ARACAJU,RPB AUTO POSTO LTDA, 07.075.892/0006-43,AVENIDA PRES TANCREDO NEVES,1052,LOJA  01 POSTO DE COMBUST,JABOTIANA,49095-000,GNV,30/07/2024,"4,89",,R$ / m³,VIBRA
NE,SE,ARACAJU,RPB AUTO POSTO LTDA, 07.075.892/0006-43,AVENIDA PRES TANCREDO NEVES,1052,LOJA  01 POSTO DE COMBUST,JABOTIANA,49095-000,GASOLINA,30/07/2024,"6,49",,R$ / litro,VIBRA
NE,SE,ARACAJU,RPB AUTO POSTO LTDA, 07.075.892/0006-43,AVENIDA PRES TANCREDO NEVES,1052,LOJA  01 POSTO DE COMBUST,JABOTIANA,49095-000,GASOLINA ADITIVADA,30/07/2024,"6,69",,R$ / litro,VIBRA
NE,SE,ARACAJU,RPB AUTO POSTO LTDA, 07.075.892/0011-00,RODOVIA DOS NAUFRAGOS,9232,,SAO JOSE DOS NAUFRAGOS,49005-004,GASOLINA,30/07/2024,"6,50",,R$ / litro,VIBRA
NE,SE,ARACAJU,RPB AUTO POSTO LTDA, 07.075.892/0011-00,RODOVIA DOS NAUFRAGOS,9232,,SAO JOSE DOS NAUFRAGOS,49005-004,GASOLINA ADITIVADA,30/07/2024,"6,70",,R$ / litro,VIBRA
NE,SE,ARACAJU,PETROX COMERCIAL LTDA, 05.297.480/0010-09,RUA ESTÂNCIA,745,,CENTRO,49010-180,GASOLINA,06/08/2024,"6,53",,R$ / litro,PETROX DISTRIBUIDORA
NE,SE,ARACAJU,PETROX COMERCIAL LTDA, 05.297.480/0010-09,RUA ESTÂNCIA,745,,CENTRO,49010-180,GASOLINA ADITIVADA,06/08/2024,"6,53",,R$ / litro,PETROX DISTRIBUIDORA
NE,SE,ARACAJU,PETROX COMERCIAL LTDA, 05.297.480/0010-09,RUA ESTÂNCIA,745,,CENTRO,49010-180,DIESEL S10,06/08/2024,"6,29",,R$ / litro,PETROX DISTRIBUIDORA
NE,SE,ARACAJU,PETROX COMERCIAL LTDA, 05.297.480/0010-09,RUA ESTÂNCIA,745,,CENTRO,49010-180,ETANOL,06/08/2024,"4,89",,R$ / litro,PETROX DISTRIBUIDORA
NE,SE,ARACAJU,PETROX COMERCIAL LTDA, 05.297.480/0011-90,RUA NESTOR SAMPAIO,195,CONJ  CASTELO BRANCO,PONTO NOVO,49045-000,GASOLINA,06/08/2024,"6,53",,R$ / litro,PETROX DISTRIBUIDORA
NE,SE,ARACAJU,PETROX COMERCIAL LTDA, 05.297.480/0011-90,RUA NESTOR SAMPAIO,195,CONJ  CASTELO BRANCO,PONTO NOVO,49045-000,GASOLINA ADITIVADA,06/08/2024,"6,53",,R$ / litro,PETROX DISTRIBUIDORA
NE,SE,ARACAJU,PETROX COMERCIAL LTDA, 05.297.480/0011-90,RUA NESTOR SAMPAIO,195,CONJ  CASTELO BRANCO,PONTO NOVO,49045-000,DIESEL S10,06/08/2024,"6,29",,R$ / litro,PETROX DISTRIBUIDORA
NE,SE,ARACAJU,PETROX COMERCIAL LTDA, 05.297.480/0011-90,RUA NESTOR SAMPAIO,195,CONJ  CASTELO BRANCO,PONTO NOVO,49045-000,ETANOL,06/08/2024,"4,89",,R$ / litro,PETROX DISTRIBUIDORA
NE,SE,ARACAJU,VASPETRO COMBUSTIVEL LTDA, 04.979.182/0001-45,AVENIDA BARAO DE MARUIM,552,,CENTRO,49010-340,GASOLINA,06/08/2024,"6,45",,R$ / litro,VIBRA
NE,SE,ARACAJU,VASPETRO COMBUSTIVEL LTDA, 04.979.182/0001-45,AVENIDA BARAO DE MARUIM,552,,CENTRO,49010-340,GASOLINA ADITIVADA,06/08/2024,"6,45",,R$ / litro,VIBRA
NE,SE,ARACAJU,VASPETRO COMBUSTIVEL LTDA, 04.979.182/0001-45,AVENIDA BARAO DE MARUIM,552,,CENTRO,49010-340,ETANOL,06/08/2024,"4,99",,R$ / litro,VIBRA
NE,SE,ARACAJU,GAMA E CIA LTDA, 13.007.752/0002-07,AVENIDA AUGUSTO FRANCO,2990,,PONTO NOVO,49047-040,GASOLINA,06/08/2024,"6,45",,R$ / litro,VIBRA
NE,SE,ARACAJU,GAMA E CIA LTDA, 13.007.752/0002-07,AVENIDA AUGUSTO FRANCO,2990,,PONTO NOVO,49047-040,ETANOL,06/08/2024,"4,75",,R$ / litro,VIBRA
NE,SE,ARACAJU,AUTO POSTO MAR AZUL LTDA, 04.701.795/0001-16,AVENIDA GENERAL EUCLIDES FIGUEIREDO,9,,SOLEDADE,49089-025,ETANOL,06/08/2024,"4,89",,R$ / litro,RAIZEN
NE,SE,ARACAJU,AUTO POSTO MAR AZUL LTDA, 04.701.795/0001-16,AVENIDA GENERAL EUCLIDES FIGUEIREDO,9,,SOLEDADE,49089-025,GASOLINA,06/08/2024,"6,50",,R$ / litro,RAIZEN
NE,SE,ARACAJU,AUTO POSTO MAR AZUL LTDA, 04.701.795/0001-16,AVENIDA GENERAL EUCLIDES FIGUEIREDO,9,,SOLEDADE,49089-025,GASOLINA ADITIVADA,06/08/2024,"6,67",,R$ / litro,RAIZEN
NE,SE,ARACAJU,AUTO POSTO MAR AZUL LTDA, 04.701.795/0001-16,AVENIDA GENERAL EUCLIDES FIGUEIREDO,9,,SOLEDADE,49089-025,DIESEL S10,06/08/2024,"6,26",,R$ / litro,RAIZEN
NE,SE,ARACAJU,TYRESOLES DE SERGIPE INDUSTRIA COMERCIO E SERVICOS LTDA, 13.007.828/0010-04,AVENIDA GONCALO  ROLLEMBERG LEITE,1721,,LUZIA,49045-280,GASOLINA,06/08/2024,"6,53",,R$ / litro,RAIZEN
NE,SE,ARACAJU,TYRESOLES DE SERGIPE INDUSTRIA COMERCIO E SERVICOS LTDA, 13.007.828/0010-04,AVENIDA GONCALO  ROLLEMBERG LEITE,1721,,LUZIA,49045-280,GASOLINA ADITIVADA,06/08/2024,"6,79",,R$ / litro,RAIZEN
NE,SE,ARACAJU,TYRESOLES DE SERGIPE INDUSTRIA COMERCIO E SERVICOS LTDA, 13.007.828/0010-04,AVENIDA GONCALO  ROLLEMBERG LEITE,1721,,LUZIA,49045-280,ETANOL,06/08/2024,"4,89",,R$ / litro,RAIZEN
NE,SE,ARACAJU,AUTO POSTOS ANDRADE LTDA, 13.017.447/0001-15,RUA LARANJEIRAS,760,,CENTRO,49010-000,GASOLINA,06/08/2024,"6,45",,R$ / litro,BRANCA
NE,SE,ARACAJU,AUTO POSTOS ANDRADE LTDA, 13.017.447/0001-15,RUA LARANJEIRAS,760,,CENTRO,49010-000,GASOLINA ADITIVADA,06/08/2024,"6,45",,R$ / litro,BRANCA
NE,SE,ARACAJU,AUTO POSTOS ANDRADE LTDA, 13.017.447/0001-15,RUA LARANJEIRAS,760,,CENTRO,49010-000,DIESEL S10,06/08/2024,"5,80",,R$ / litro,BRANCA
NE,SE,ARACAJU,AUTO POSTOS ANDRADE LTDA, 13.017.447/0001-15,RUA LARANJEIRAS,760,,CENTRO,49010-000,ETANOL,06/08/2024,"4,75",,R$ / litro,BRANCA
NE,SE,ARACAJU,AMARAL & CIA LTDA, 13.008.610/0001-83,RUA MARIANO SALMERON,709,,SIQUEIRA CAMPOS,49075-370,GASOLINA,06/08/2024,"6,48",,R$ / litro,VIBRA
NE,SE,ARACAJU,AMARAL & CIA LTDA, 13.008.610/0001-83,RUA MARIANO SALMERON,709,,SIQUEIRA CAMPOS,49075-370,GASOLINA ADITIVADA,06/08/2024,"6,58",,R$ / litro,VIBRA
NE,SE,ARACAJU,AMARAL & CIA LTDA, 13.008.610/0001-83,RUA MARIANO SALMERON,709,,SIQUEIRA CAMPOS,49075-370,DIESEL S10,06/08/2024,"6,38",,R$ / litro,VIBRA
NE,SE,ARACAJU,AMARAL & CIA LTDA, 13.008.610/0001-83,RUA MARIANO SALMERON,709,,SIQUEIRA CAMPOS,49075-370,ETANOL,06/08/2024,"4,88",,R$ / litro,VIBRA
NE,SE,ARACAJU,GAMA E CIA LTDA, 13.007.752/0001-26,AVENIDA TANCREDO NEVES,2551,,DISTRITO INDUSTRIAL DE ARACAJU,49095-000,GASOLINA,06/08/2024,"6,45",,R$ / litro,VIBRA
NE,SE,ARACAJU,GAMA E CIA LTDA, 13.007.752/0001-26,AVENIDA TANCREDO NEVES,2551,,DISTRITO INDUSTRIAL DE ARACAJU,49095-000,ETANOL,06/08/2024,"4,75",,R$ / litro,VIBRA
NE,SE,ARACAJU,L. V. COMERCIO DE COMBUSTIVEIS LTDA, 11.433.769/0001-10,RUA SAO CRISTOVAO,1877,,GETULIO VARGAS,49055-620,GASOLINA,06/08/2024,"6,48",,R$ / litro,BRANCA
NE,SE,ARACAJU,L. V. COMERCIO DE COMBUSTIVEIS LTDA, 11.433.769/0001-10,RUA SAO CRISTOVAO,1877,,GETULIO VARGAS,49055-620,DIESEL S10,06/08/2024,"5,80",,R$ / litro,BRANCA
NE,SE,ARACAJU,L. V. COMERCIO DE COMBUSTIVEIS LTDA, 11.433.769/0001-10,RUA SAO CRISTOVAO,1877,,GETULIO VARGAS,49055-620,ETANOL,06/08/2024,"4,75",,R$ / litro,BRANCA
NE,SE,ARACAJU,ALPHA COMERCIAL DE COMBUSTIVEIS LTDA, 08.297.710/0008-03,AVENIDA FRANCISCO PORTO,650,LOJA  BR MANIA DELICATESSE,SALGADO FILHO,49020-120,GASOLINA,06/08/2024,"6,53",,R$ / litro,VIBRA
NE,SE,ARACAJU,ALPHA COMERCIAL DE COMBUSTIVEIS LTDA, 08.297.710/0008-03,AVENIDA FRANCISCO PORTO,650,LOJA  BR MANIA DELICATESSE,SALGADO FILHO,49020-120,GASOLINA ADITIVADA,06/08/2024,"6,54",,R$ / litro,VIBRA
NE,SE,ARACAJU,ALPHA COMERCIAL DE COMBUSTIVEIS LTDA, 08.297.710/0008-03,AVENIDA FRANCISCO PORTO,650,LOJA  BR MANIA DELICATESSE,SALGADO FILHO,49020-120,ETANOL,06/08/2024,"4,98",,R$ / litro,VIBRA
NE,SE,ARACAJU,POSTO PIRANEMA LTDA, 09.258.664/0003-91,AVENIDA PREFEITO HERACLITO ROLLEMBERG,2760,,FAROLANDIA,49030-640,GASOLINA,06/08/2024,"6,53",,R$ / litro,VIBRA
NE,SE,ARACAJU,POSTO PIRANEMA LTDA, 09.258.664/0003-91,AVENIDA PREFEITO HERACLITO ROLLEMBERG,2760,,FAROLANDIA,49030-640,GASOLINA ADITIVADA,06/08/2024,"6,73",,R$ / litro,VIBRA
NE,SE,ARACAJU,POSTO PIRANEMA LTDA, 09.258.664/0003-91,AVENIDA PREFEITO HERACLITO ROLLEMBERG,2760,,FAROLANDIA,49030-640,ETANOL,06/08/2024,"4,99",,R$ / litro,VIBRA
NE,SE,ARACAJU,PETROX COMERCIAL LTDA, 05.297.480/0022-42,AVENIDA PRESIDENTE TANCREDO NEVES,4501,,JABOTIANA,49095-000,GNV,06/08/2024,"4,89",,R$ / m³,PETROX DISTRIBUIDORA
NE,SE,ARACAJU,PETROX COMERCIAL LTDA, 05.297.480/0022-42,AVENIDA PRESIDENTE TANCREDO NEVES,4501,,JABOTIANA,49095-000,GASOLINA,06/08/2024,"6,53",,R$ / litro,PETROX DISTRIBUIDORA
NE,SE,ARACAJU,PETROX COMERCIAL LTDA, 05.297.480/0022-42,AVENIDA PRESIDENTE TANCREDO NEVES,4501,,JABOTIANA,49095-000,GASOLINA ADITIVADA,06/08/2024,"6,53",,R$ / litro,PETROX DISTRIBUIDORA
NE,SE,ARACAJU,PETROX COMERCIAL LTDA, 05.297.480/0022-42,AVENIDA PRESIDENTE TANCREDO NEVES,4501,,JABOTIANA,49095-000,ETANOL,06/08/2024,"4,89",,R$ / litro,PETROX DISTRIBUIDORA
NE,SE,ARACAJU,PETROX COMERCIAL LTDA, 05.297.480/0023-23,AVENIDA CHANC OSVALDO ARANHA,3090,,OLARIA,49092-545,GNV,06/08/2024,"4,89",,R$ / m³,VIBRA
NE,SE,ARACAJU,PETROX COMERCIAL LTDA, 05.297.480/0023-23,AVENIDA CHANC OSVALDO ARANHA,3090,,OLARIA,49092-545,GASOLINA,06/08/2024,"6,53",,R$ / litro,VIBRA
NE,SE,ARACAJU,PETROX COMERCIAL LTDA, 05.297.480/0023-23,AVENIDA CHANC OSVALDO ARANHA,3090,,OLARIA,49092-545,GASOLINA ADITIVADA,06/08/2024,"6,53",,R$ / litro,VIBRA
NE,SE,ARACAJU,PETROX COMERCIAL LTDA, 05.297.480/0023-23,AVENIDA CHANC OSVALDO ARANHA,3090,,OLARIA,49092-545,ETANOL,06/08/2024,"4,89",,R$ / litro,VIBRA
NE,SE,ARACAJU,RPB AUTO POSTO LTDA, 07.075.892/0008-05,AVENIDA DEP PEDRO VALADARES,680,ANEXO O POSTO DE GASOLINA,GRAGERU,49026-115,GASOLINA,06/08/2024,"6,49",,R$ / litro,VIBRA
NE,SE,ARACAJU,RPB AUTO POSTO LTDA, 07.075.892/0008-05,AVENIDA DEP PEDRO VALADARES,680,ANEXO O POSTO DE GASOLINA,GRAGERU,49026-115,GASOLINA ADITIVADA,06/08/2024,"6,69",,R$ / litro,VIBRA
NE,SE,ARACAJU,RPB AUTO POSTO LTDA, 07.075.892/0006-43,AVENIDA PRES TANCREDO NEVES,1052,LOJA  01 POSTO DE COMBUST,JABOTIANA,49095-000,GNV,06/08/2024,"4,89",,R$ / m³,VIBRA
NE,SE,ARACAJU,RPB AUTO POSTO LTDA, 07.075.892/0006-43,AVENIDA PRES TANCREDO NEVES,1052,LOJA  01 POSTO DE COMBUST,JABOTIANA,49095-000,GASOLINA,06/08/2024,"6,49",,R$ / litro,VIBRA
NE,SE,ARACAJU,RPB AUTO POSTO LTDA, 07.075.892/0006-43,AVENIDA PRES TANCREDO NEVES,1052,LOJA  01 POSTO DE COMBUST,JABOTIANA,49095-000,GASOLINA ADITIVADA,06/08/2024,"6,69",,R$ / litro,VIBRA
NE,SE,ARACAJU,RPB AUTO POSTO LTDA, 07.075.892/0011-00,RODOVIA DOS NAUFRAGOS,9232,,SAO JOSE DOS NAUFRAGOS,49005-004,GASOLINA,06/08/2024,"6,49",,R$ / litro,VIBRA
NE,SE,ARACAJU,RPB AUTO POSTO LTDA, 07.075.892/0011-00,RODOVIA DOS NAUFRAGOS,9232,,SAO JOSE DOS NAUFRAGOS,49005-004,GASOLINA ADITIVADA,06/08/2024,"6,69",,R$ / litro,VIBRA
NE,SE,ARACAJU,PETROX COMERCIAL LTDA, 05.297.480/0010-09,RUA ESTÂNCIA,745,,CENTRO,49010-180,GASOLINA,12/08/2024,"6,49",,R$ / litro,PETROX DISTRIBUIDORA
NE,SE,ARACAJU,PETROX COMERCIAL LTDA, 05.297.480/0010-09,RUA ESTÂNCIA,745,,CENTRO,49010-180,GASOLINA ADITIVADA,12/08/2024,"6,49",,R$ / litro,PETROX DISTRIBUIDORA
NE,SE,ARACAJU,PETROX COMERCIAL LTDA, 05.297.480/0010-09,RUA ESTÂNCIA,745,,CENTRO,49010-180,DIESEL S10,12/08/2024,"6,29",,R$ / litro,PETROX DISTRIBUIDORA
NE,SE,ARACAJU,PETROX COMERCIAL LTDA, 05.297.480/0010-09,RUA ESTÂNCIA,745,,CENTRO,49010-180,ETANOL,12/08/2024,"4,89",,R$ / litro,PETROX DISTRIBUIDORA
NE,SE,ARACAJU,PETROX COMERCIAL LTDA, 05.297.480/0011-90,RUA NESTOR SAMPAIO,195,CONJ  CASTELO BRANCO,PONTO NOVO,49045-000,GASOLINA,12/08/2024,"6,49",,R$ / litro,PETROX DISTRIBUIDORA
NE,SE,ARACAJU,PETROX COMERCIAL LTDA, 05.297.480/0011-90,RUA NESTOR SAMPAIO,195,CONJ  CASTELO BRANCO,PONTO NOVO,49045-000,GASOLINA ADITIVADA,12/08/2024,"6,49",,R$ / litro,PETROX DISTRIBUIDORA
NE,SE,ARACAJU,PETROX COMERCIAL LTDA, 05.297.480/0011-90,RUA NESTOR SAMPAIO,195,CONJ  CASTELO BRANCO,PONTO NOVO,49045-000,DIESEL S10,12/08/2024,"6,29",,R$ / litro,PETROX DISTRIBUIDORA
NE,SE,ARACAJU,PETROX COMERCIAL LTDA, 05.297.480/0011-90,RUA NESTOR SAMPAIO,195,CONJ  CASTELO BRANCO,PONTO NOVO,49045-000,ETANOL,12/08/2024,"4,89",,R$ / litro,PETROX DISTRIBUIDORA
NE,SE,ARACAJU,VASPETRO COMBUSTIVEL LTDA, 04.979.182/0001-45,AVENIDA BARAO DE MARUIM,552,,CENTRO,49010-340,GASOLINA,12/08/2024,"6,40",,R$ / litro,VIBRA
NE,SE,ARACAJU,VASPETRO COMBUSTIVEL LTDA, 04.979.182/0001-45,AVENIDA BARAO DE MARUIM,552,,CENTRO,49010-340,GASOLINA ADITIVADA,12/08/2024,"6,40",,R$ / litro,VIBRA
NE,SE,ARACAJU,VASPETRO COMBUSTIVEL LTDA, 04.979.182/0001-45,AVENIDA BARAO DE MARUIM,552,,CENTRO,49010-340,ETANOL,12/08/2024,"4,99",,R$ / litro,VIBRA
NE,SE,ARACAJU,GAMA E CIA LTDA, 13.007.752/0002-07,AVENIDA AUGUSTO FRANCO,2990,,PONTO NOVO,49047-040,GASOLINA,12/08/2024,"6,42",,R$ / litro,VIBRA
NE,SE,ARACAJU,GAMA E CIA LTDA, 13.007.752/0002-07,AVENIDA AUGUSTO FRANCO,2990,,PONTO NOVO,49047-040,ETANOL,12/08/2024,"4,75",,R$ / litro,VIBRA
NE,SE,ARACAJU,AUTO POSTO MAR AZUL LTDA, 04.701.795/0001-16,AVENIDA GENERAL EUCLIDES FIGUEIREDO,9,,SOLEDADE,49089-025,GASOLINA,12/08/2024,"6,44",,R$ / litro,RAIZEN
NE,SE,ARACAJU,AUTO POSTO MAR AZUL LTDA, 04.701.795/0001-16,AVENIDA GENERAL EUCLIDES FIGUEIREDO,9,,SOLEDADE,49089-025,GASOLINA ADITIVADA,12/08/2024,"6,61",,R$ / litro,RAIZEN
NE,SE,ARACAJU,AUTO POSTO MAR AZUL LTDA, 04.701.795/0001-16,AVENIDA GENERAL EUCLIDES FIGUEIREDO,9,,SOLEDADE,49089-025,DIESEL S10,12/08/2024,"6,26",,R$ / litro,RAIZEN
NE,SE,ARACAJU,AUTO POSTO MAR AZUL LTDA, 04.701.795/0001-16,AVENIDA GENERAL EUCLIDES FIGUEIREDO,9,,SOLEDADE,49089-025,ETANOL,12/08/2024,"4,89",,R$ / litro,RAIZEN
NE,SE,ARACAJU,TYRESOLES DE SERGIPE INDUSTRIA COMERCIO E SERVICOS LTDA, 13.007.828/0010-04,AVENIDA GONCALO  ROLLEMBERG LEITE,1721,,LUZIA,49045-280,GASOLINA,12/08/2024,"6,47",,R$ / litro,RAIZEN
NE,SE,ARACAJU,TYRESOLES DE SERGIPE INDUSTRIA COMERCIO E SERVICOS LTDA, 13.007.828/0010-04,AVENIDA GONCALO  ROLLEMBERG LEITE,1721,,LUZIA,49045-280,GASOLINA ADITIVADA,12/08/2024,"6,73",,R$ / litro,RAIZEN
NE,SE,ARACAJU,TYRESOLES DE SERGIPE INDUSTRIA COMERCIO E SERVICOS LTDA, 13.007.828/0010-04,AVENIDA GONCALO  ROLLEMBERG LEITE,1721,,LUZIA,49045-280,ETANOL,12/08/2024,"4,89",,R$ / litro,RAIZEN
NE,SE,ARACAJU,AUTO POSTOS ANDRADE LTDA, 13.017.447/0001-15,RUA LARANJEIRAS,760,,CENTRO,49010-000,GASOLINA,12/08/2024,"6,40",,R$ / litro,BRANCA
NE,SE,ARACAJU,AUTO POSTOS ANDRADE LTDA, 13.017.447/0001-15,RUA LARANJEIRAS,760,,CENTRO,49010-000,GASOLINA ADITIVADA,12/08/2024,"6,40",,R$ / litro,BRANCA
NE,SE,ARACAJU,AUTO POSTOS ANDRADE LTDA, 13.017.447/0001-15,RUA LARANJEIRAS,760,,CENTRO,49010-000,DIESEL S10,12/08/2024,"5,80",,R$ / litro,BRANCA
NE,SE,ARACAJU,AUTO POSTOS ANDRADE LTDA, 13.017.447/0001-15,RUA LARANJEIRAS,760,,CENTRO,49010-000,ETANOL,12/08/2024,"4,75",,R$ / litro,BRANCA
NE,SE,ARACAJU,AMARAL & CIA LTDA, 13.008.610/0001-83,RUA MARIANO SALMERON,709,,SIQUEIRA CAMPOS,49075-370,GASOLINA,12/08/2024,"6,48",,R$ / litro,VIBRA
NE,SE,ARACAJU,AMARAL & CIA LTDA, 13.008.610/0001-83,RUA MARIANO SALMERON,709,,SIQUEIRA CAMPOS,49075-370,GASOLINA ADITIVADA,12/08/2024,"6,58",,R$ / litro,VIBRA
NE,SE,ARACAJU,AMARAL & CIA LTDA, 13.008.610/0001-83,RUA MARIANO SALMERON,709,,SIQUEIRA CAMPOS,49075-370,DIESEL S10,12/08/2024,"6,38",,R$ / litro,VIBRA
NE,SE,ARACAJU,AMARAL & CIA LTDA, 13.008.610/0001-83,RUA MARIANO SALMERON,709,,SIQUEIRA CAMPOS,49075-370,ETANOL,12/08/2024,"4,88",,R$ / litro,VIBRA
NE,SE,ARACAJU,GAMA E CIA LTDA, 13.007.752/0001-26,AVENIDA TANCREDO NEVES,2551,,DISTRITO INDUSTRIAL DE ARACAJU,49095-000,GASOLINA,12/08/2024,"6,40",,R$ / litro,VIBRA
NE,SE,ARACAJU,GAMA E CIA LTDA, 13.007.752/0001-26,AVENIDA TANCREDO NEVES,2551,,DISTRITO INDUSTRIAL DE ARACAJU,49095-000,ETANOL,12/08/2024,"4,75",,R$ / litro,VIBRA
NE,SE,ARACAJU,L. V. COMERCIO DE COMBUSTIVEIS LTDA, 11.433.769/0001-10,RUA SAO CRISTOVAO,1877,,GETULIO VARGAS,49055-620,GASOLINA,12/08/2024,"6,45",,R$ / litro,BRANCA
NE,SE,ARACAJU,L. V. COMERCIO DE COMBUSTIVEIS LTDA, 11.433.769/0001-10,RUA SAO CRISTOVAO,1877,,GETULIO VARGAS,49055-620,DIESEL S10,12/08/2024,"5,80",,R$ / litro,BRANCA
NE,SE,ARACAJU,L. V. COMERCIO DE COMBUSTIVEIS LTDA, 11.433.769/0001-10,RUA SAO CRISTOVAO,1877,,GETULIO VARGAS,49055-620,ETANOL,12/08/2024,"4,75",,R$ / litro,BRANCA
NE,SE,ARACAJU,ALPHA COMERCIAL DE COMBUSTIVEIS LTDA, 08.297.710/0008-03,AVENIDA FRANCISCO PORTO,650,LOJA  BR MANIA DELICATESSE,SALGADO FILHO,49020-120,GASOLINA,12/08/2024,"6,48",,R$ / litro,VIBRA
NE,SE,ARACAJU,ALPHA COMERCIAL DE COMBUSTIVEIS LTDA, 08.297.710/0008-03,AVENIDA FRANCISCO PORTO,650,LOJA  BR MANIA DELICATESSE,SALGADO FILHO,49020-120,GASOLINA ADITIVADA,12/08/2024,"6,49",,R$ / litro,VIBRA
NE,SE,ARACAJU,ALPHA COMERCIAL DE COMBUSTIVEIS LTDA, 08.297.710/0008-03,AVENIDA FRANCISCO PORTO,650,LOJA  BR MANIA DELICATESSE,SALGADO FILHO,49020-120,ETANOL,12/08/2024,"4,98",,R$ / litro,VIBRA
NE,SE,ARACAJU,POSTO PIRANEMA LTDA, 09.258.664/0003-91,AVENIDA PREFEITO HERACLITO ROLLEMBERG,2760,,FAROLANDIA,49030-640,GASOLINA,12/08/2024,"6,47",,R$ / litro,VIBRA
NE,SE,ARACAJU,POSTO PIRANEMA LTDA, 09.258.664/0003-91,AVENIDA PREFEITO HERACLITO ROLLEMBERG,2760,,FAROLANDIA,49030-640,GASOLINA ADITIVADA,12/08/2024,"6,67",,R$ / litro,VIBRA
NE,SE,ARACAJU,POSTO PIRANEMA LTDA, 09.258.664/0003-91,AVENIDA PREFEITO HERACLITO ROLLEMBERG,2760,,FAROLANDIA,49030-640,ETANOL,12/08/2024,"4,99",,R$ / litro,VIBRA
NE,SE,ARACAJU,PETROX COMERCIAL LTDA, 05.297.480/0022-42,AVENIDA PRESIDENTE TANCREDO NEVES,4501,,JABOTIANA,49095-000,GNV,12/08/2024,"4,99",,R$ / m³,PETROX DISTRIBUIDORA
NE,SE,ARACAJU,PETROX COMERCIAL LTDA, 05.297.480/0022-42,AVENIDA PRESIDENTE TANCREDO NEVES,4501,,JABOTIANA,49095-000,GASOLINA,12/08/2024,"6,47",,R$ / litro,PETROX DISTRIBUIDORA
NE,SE,ARACAJU,PETROX COMERCIAL LTDA, 05.297.480/0022-42,AVENIDA PRESIDENTE TANCREDO NEVES,4501,,JABOTIANA,49095-000,GASOLINA ADITIVADA,12/08/2024,"6,47",,R$ / litro,PETROX DISTRIBUIDORA
NE,SE,ARACAJU,PETROX COMERCIAL LTDA, 05.297.480/0022-42,AVENIDA PRESIDENTE TANCREDO NEVES,4501,,JABOTIANA,49095-000,ETANOL,12/08/2024,"4,89",,R$ / litro,PETROX DISTRIBUIDORA
NE,SE,ARACAJU,PETROX COMERCIAL LTDA, 05.297.480/0023-23,AVENIDA CHANC OSVALDO ARANHA,3090,,OLARIA,49092-545,GNV,12/08/2024,"4,99",,R$ / m³,VIBRA
NE,SE,ARACAJU,PETROX COMERCIAL LTDA, 05.297.480/0023-23,AVENIDA CHANC OSVALDO ARANHA,3090,,OLARIA,49092-545,GASOLINA,12/08/2024,"6,49",,R$ / litro,VIBRA
NE,SE,ARACAJU,PETROX COMERCIAL LTDA, 05.297.480/0023-23,AVENIDA CHANC OSVALDO ARANHA,3090,,OLARIA,49092-545,GASOLINA ADITIVADA,12/08/2024,"6,49",,R$ / litro,VIBRA
NE,SE,ARACAJU,PETROX COMERCIAL LTDA, 05.297.480/0023-23,AVENIDA CHANC OSVALDO ARANHA,3090,,OLARIA,49092-545,ETANOL,12/08/2024,"4,89",,R$ / litro,VIBRA
NE,SE,ARACAJU,RPB AUTO POSTO LTDA, 07.075.892/0008-05,AVENIDA DEP PEDRO VALADARES,680,ANEXO O POSTO DE GASOLINA,GRAGERU,49026-115,GASOLINA,12/08/2024,"6,48",,R$ / litro,VIBRA
NE,SE,ARACAJU,RPB AUTO POSTO LTDA, 07.075.892/0008-05,AVENIDA DEP PEDRO VALADARES,680,ANEXO O POSTO DE GASOLINA,GRAGERU,49026-115,GASOLINA ADITIVADA,12/08/2024,"6,68",,R$ / litro,VIBRA
NE,SE,ARACAJU,RPB AUTO POSTO LTDA, 07.075.892/0006-43,AVENIDA PRES TANCREDO NEVES,1052,LOJA  01 POSTO DE COMBUST,JABOTIANA,49095-000,GNV,12/08/2024,"4,99",,R$ / m³,VIBRA
NE,SE,ARACAJU,RPB AUTO POSTO LTDA, 07.075.892/0006-43,AVENIDA PRES TANCREDO NEVES,1052,LOJA  01 POSTO DE COMBUST,JABOTIANA,49095-000,GASOLINA,12/08/2024,"6,48",,R$ / litro,VIBRA
NE,SE,ARACAJU,RPB AUTO POSTO LTDA, 07.075.892/0006-43,AVENIDA PRES TANCREDO NEVES,1052,LOJA  01 POSTO DE COMBUST,JABOTIANA,49095-000,GASOLINA ADITIVADA,12/08/2024,"6,68",,R$ / litro,VIBRA
NE,SE,ARACAJU,RPB AUTO POSTO LTDA, 07.075.892/0011-00,RODOVIA DOS NAUFRAGOS,9232,,SAO JOSE DOS NAUFRAGOS,49005-004,GASOLINA,12/08/2024,"6,47",,R$ / litro,VIBRA
NE,SE,ARACAJU,RPB AUTO POSTO LTDA, 07.075.892/0011-00,RODOVIA DOS NAUFRAGOS,9232,,SAO JOSE DOS NAUFRAGOS,49005-004,GASOLINA ADITIVADA,12/08/2024,"6,67",,R$ / litro,VIBRA
NE,SE,ARACAJU,PETROX COMERCIAL LTDA, 05.297.480/0010-09,RUA ESTÂNCIA,745,,CENTRO,49010-180,GASOLINA,19/08/2024,"6,49",,R$ / litro,PETROX DISTRIBUIDORA
NE,SE,ARACAJU,PETROX COMERCIAL LTDA, 05.297.480/0010-09,RUA ESTÂNCIA,745,,CENTRO,49010-180,GASOLINA ADITIVADA,19/08/2024,"6,49",,R$ / litro,PETROX DISTRIBUIDORA
NE,SE,ARACAJU,PETROX COMERCIAL LTDA, 05.297.480/0010-09,RUA ESTÂNCIA,745,,CENTRO,49010-180,DIESEL S10,19/08/2024,"6,29",,R$ / litro,PETROX DISTRIBUIDORA
NE,SE,ARACAJU,PETROX COMERCIAL LTDA, 05.297.480/0010-09,RUA ESTÂNCIA,745,,CENTRO,49010-180,ETANOL,19/08/2024,"4,89",,R$ / litro,PETROX DISTRIBUIDORA
NE,SE,ARACAJU,PETROX COMERCIAL LTDA, 05.297.480/0011-90,RUA NESTOR SAMPAIO,195,CONJ  CASTELO BRANCO,PONTO NOVO,49045-000,GASOLINA,19/08/2024,"6,49",,R$ / litro,PETROX DISTRIBUIDORA
NE,SE,ARACAJU,PETROX COMERCIAL LTDA, 05.297.480/0011-90,RUA NESTOR SAMPAIO,195,CONJ  CASTELO BRANCO,PONTO NOVO,49045-000,GASOLINA ADITIVADA,19/08/2024,"6,49",,R$ / litro,PETROX DISTRIBUIDORA
NE,SE,ARACAJU,PETROX COMERCIAL LTDA, 05.297.480/0011-90,RUA NESTOR SAMPAIO,195,CONJ  CASTELO BRANCO,PONTO NOVO,49045-000,DIESEL S10,19/08/2024,"6,29",,R$ / litro,PETROX DISTRIBUIDORA
NE,SE,ARACAJU,PETROX COMERCIAL LTDA, 05.297.480/0011-90,RUA NESTOR SAMPAIO,195,CONJ  CASTELO BRANCO,PONTO NOVO,49045-000,ETANOL,19/08/2024,"4,89",,R$ / litro,PETROX DISTRIBUIDORA
NE,SE,ARACAJU,VASPETRO COMBUSTIVEL LTDA, 04.979.182/0001-45,AVENIDA BARAO DE MARUIM,552,,CENTRO,49010-340,ETANOL,19/08/2024,"4,99",,R$ / litro,VIBRA
NE,SE,ARACAJU,VASPETRO COMBUSTIVEL LTDA, 04.979.182/0001-45,AVENIDA BARAO DE MARUIM,552,,CENTRO,49010-340,GASOLINA,19/08/2024,"6,40",,R$ / litro,VIBRA
NE,SE,ARACAJU,VASPETRO COMBUSTIVEL LTDA, 04.979.182/0001-45,AVENIDA BARAO DE MARUIM,552,,CENTRO,49010-340,GASOLINA ADITIVADA,19/08/2024,"6,40",,R$ / litro,VIBRA
NE,SE,ARACAJU,GAMA E CIA LTDA, 13.007.752/0002-07,AVENIDA AUGUSTO FRANCO,2990,,PONTO NOVO,49047-040,GASOLINA,19/08/2024,"6,42",,R$ / litro,VIBRA
NE,SE,ARACAJU,GAMA E CIA LTDA, 13.007.752/0002-07,AVENIDA AUGUSTO FRANCO,2990,,PONTO NOVO,49047-040,ETANOL,19/08/2024,"4,75",,R$ / litro,VIBRA
NE,SE,ARACAJU,AUTO POSTO MAR AZUL LTDA, 04.701.795/0001-16,AVENIDA GENERAL EUCLIDES FIGUEIREDO,9,,SOLEDADE,49089-025,GASOLINA,19/08/2024,"6,44",,R$ / litro,RAIZEN
NE,SE,ARACAJU,AUTO POSTO MAR AZUL LTDA, 04.701.795/0001-16,AVENIDA GENERAL EUCLIDES FIGUEIREDO,9,,SOLEDADE,49089-025,GASOLINA ADITIVADA,19/08/2024,"6,61",,R$ / litro,RAIZEN
NE,SE,ARACAJU,AUTO POSTO MAR AZUL LTDA, 04.701.795/0001-16,AVENIDA GENERAL EUCLIDES FIGUEIREDO,9,,SOLEDADE,49089-025,DIESEL S10,19/08/2024,"6,26",,R$ / litro,RAIZEN
NE,SE,ARACAJU,AUTO POSTO MAR AZUL LTDA, 04.701.795/0001-16,AVENIDA GENERAL EUCLIDES FIGUEIREDO,9,,SOLEDADE,49089-025,ETANOL,19/08/2024,"4,89",,R$ / litro,RAIZEN
NE,SE,ARACAJU,TYRESOLES DE SERGIPE INDUSTRIA COMERCIO E SERVICOS LTDA, 13.007.828/0010-04,AVENIDA GONCALO  ROLLEMBERG LEITE,1721,,LUZIA,49045-280,GASOLINA,19/08/2024,"6,47",,R$ / litro,RAIZEN
NE,SE,ARACAJU,TYRESOLES DE SERGIPE INDUSTRIA COMERCIO E SERVICOS LTDA, 13.007.828/0010-04,AVENIDA GONCALO  ROLLEMBERG LEITE,1721,,LUZIA,49045-280,GASOLINA ADITIVADA,19/08/2024,"6,73",,R$ / litro,RAIZEN
NE,SE,ARACAJU,TYRESOLES DE SERGIPE INDUSTRIA COMERCIO E SERVICOS LTDA, 13.007.828/0010-04,AVENIDA GONCALO  ROLLEMBERG LEITE,1721,,LUZIA,49045-280,ETANOL,19/08/2024,"4,89",,R$ / litro,RAIZEN
NE,SE,ARACAJU,AUTO POSTOS ANDRADE LTDA, 13.017.447/0001-15,RUA LARANJEIRAS,760,,CENTRO,49010-000,GASOLINA,19/08/2024,"6,40",,R$ / litro,BRANCA
NE,SE,ARACAJU,AUTO POSTOS ANDRADE LTDA, 13.017.447/0001-15,RUA LARANJEIRAS,760,,CENTRO,49010-000,GASOLINA ADITIVADA,19/08/2024,"6,40",,R$ / litro,BRANCA
NE,SE,ARACAJU,AUTO POSTOS ANDRADE LTDA, 13.017.447/0001-15,RUA LARANJEIRAS,760,,CENTRO,49010-000,DIESEL S10,19/08/2024,"5,80",,R$ / litro,BRANCA
NE,SE,ARACAJU,AUTO POSTOS ANDRADE LTDA, 13.017.447/0001-15,RUA LARANJEIRAS,760,,CENTRO,49010-000,ETANOL,19/08/2024,"4,75",,R$ / litro,BRANCA
NE,SE,ARACAJU,AMARAL & CIA LTDA, 13.008.610/0001-83,RUA MARIANO SALMERON,709,,SIQUEIRA CAMPOS,49075-370,GASOLINA,19/08/2024,"6,45",,R$ / litro,VIBRA
NE,SE,ARACAJU,AMARAL & CIA LTDA, 13.008.610/0001-83,RUA MARIANO SALMERON,709,,SIQUEIRA CAMPOS,49075-370,GASOLINA ADITIVADA,19/08/2024,"6,55",,R$ / litro,VIBRA
NE,SE,ARACAJU,AMARAL & CIA LTDA, 13.008.610/0001-83,RUA MARIANO SALMERON,709,,SIQUEIRA CAMPOS,49075-370,DIESEL S10,19/08/2024,"6,38",,R$ / litro,VIBRA
NE,SE,ARACAJU,AMARAL & CIA LTDA, 13.008.610/0001-83,RUA MARIANO SALMERON,709,,SIQUEIRA CAMPOS,49075-370,ETANOL,19/08/2024,"4,88",,R$ / litro,VIBRA
NE,SE,ARACAJU,GAMA E CIA LTDA, 13.007.752/0001-26,AVENIDA TANCREDO NEVES,2551,,DISTRITO INDUSTRIAL DE ARACAJU,49095-000,GASOLINA,19/08/2024,"6,40",,R$ / litro,VIBRA
NE,SE,ARACAJU,GAMA E CIA LTDA, 13.007.752/0001-26,AVENIDA TANCREDO NEVES,2551,,DISTRITO INDUSTRIAL DE ARACAJU,49095-000,ETANOL,19/08/2024,"4,75",,R$ / litro,VIBRA
NE,SE,ARACAJU,L. V. COMERCIO DE COMBUSTIVEIS LTDA, 11.433.769/0001-10,RUA SAO CRISTOVAO,1877,,GETULIO VARGAS,49055-620,GASOLINA,19/08/2024,"6,45",,R$ / litro,BRANCA
NE,SE,ARACAJU,L. V. COMERCIO DE COMBUSTIVEIS LTDA, 11.433.769/0001-10,RUA SAO CRISTOVAO,1877,,GETULIO VARGAS,49055-620,DIESEL S10,19/08/2024,"5,80",,R$ / litro,BRANCA
NE,SE,ARACAJU,L. V. COMERCIO DE COMBUSTIVEIS LTDA, 11.433.769/0001-10,RUA SAO CRISTOVAO,1877,,GETULIO VARGAS,49055-620,ETANOL,19/08/2024,"4,75",,R$ / litro,BRANCA
NE,SE,ARACAJU,ALPHA COMERCIAL DE COMBUSTIVEIS LTDA, 08.297.710/0008-03,AVENIDA FRANCISCO PORTO,650,LOJA  BR MANIA DELICATESSE,SALGADO FILHO,49020-120,GASOLINA,19/08/2024,"6,48",,R$ / litro,VIBRA
NE,SE,ARACAJU,ALPHA COMERCIAL DE COMBUSTIVEIS LTDA, 08.297.710/0008-03,AVENIDA FRANCISCO PORTO,650,LOJA  BR MANIA DELICATESSE,SALGADO FILHO,49020-120,GASOLINA ADITIVADA,19/08/2024,"6,49",,R$ / litro,VIBRA
NE,SE,ARACAJU,ALPHA COMERCIAL DE COMBUSTIVEIS LTDA, 08.297.710/0008-03,AVENIDA FRANCISCO PORTO,650,LOJA  BR MANIA DELICATESSE,SALGADO FILHO,49020-120,ETANOL,19/08/2024,"4,98",,R$ / litro,VIBRA
NE,SE,ARACAJU,POSTO PIRANEMA LTDA, 09.258.664/0003-91,AVENIDA PREFEITO HERACLITO ROLLEMBERG,2760,,FAROLANDIA,49030-640,GASOLINA,19/08/2024,"6,47",,R$ / litro,VIBRA
NE,SE,ARACAJU,POSTO PIRANEMA LTDA, 09.258.664/0003-91,AVENIDA PREFEITO HERACLITO ROLLEMBERG,2760,,FAROLANDIA,49030-640,GASOLINA ADITIVADA,19/08/2024,"6,67",,R$ / litro,VIBRA
NE,SE,ARACAJU,POSTO PIRANEMA LTDA, 09.258.664/0003-91,AVENIDA PREFEITO HERACLITO ROLLEMBERG,2760,,FAROLANDIA,49030-640,ETANOL,19/08/2024,"4,99",,R$ / litro,VIBRA
NE,SE,ARACAJU,PETROX COMERCIAL LTDA, 05.297.480/0022-42,AVENIDA PRESIDENTE TANCREDO NEVES,4501,,JABOTIANA,49095-000,GNV,19/08/2024,"4,99",,R$ / m³,PETROX DISTRIBUIDORA
NE,SE,ARACAJU,PETROX COMERCIAL LTDA, 05.297.480/0022-42,AVENIDA PRESIDENTE TANCREDO NEVES,4501,,JABOTIANA,49095-000,GASOLINA,19/08/2024,"6,47",,R$ / litro,PETROX DISTRIBUIDORA
NE,SE,ARACAJU,PETROX COMERCIAL LTDA, 05.297.480/0022-42,AVENIDA PRESIDENTE TANCREDO NEVES,4501,,JABOTIANA,49095-000,GASOLINA ADITIVADA,19/08/2024,"6,47",,R$ / litro,PETROX DISTRIBUIDORA
NE,SE,ARACAJU,PETROX COMERCIAL LTDA, 05.297.480/0022-42,AVENIDA PRESIDENTE TANCREDO NEVES,4501,,JABOTIANA,49095-000,ETANOL,19/08/2024,"4,89",,R$ / litro,PETROX DISTRIBUIDORA
NE,SE,ARACAJU,PETROX COMERCIAL LTDA, 05.297.480/0023-23,AVENIDA CHANC OSVALDO ARANHA,3090,,OLARIA,49092-545,GNV,19/08/2024,"4,99",,R$ / m³,VIBRA
NE,SE,ARACAJU,PETROX COMERCIAL LTDA, 05.297.480/0023-23,AVENIDA CHANC OSVALDO ARANHA,3090,,OLARIA,49092-545,GASOLINA,19/08/2024,"6,49",,R$ / litro,VIBRA
NE,SE,ARACAJU,PETROX COMERCIAL LTDA, 05.297.480/0023-23,AVENIDA CHANC OSVALDO ARANHA,3090,,OLARIA,49092-545,GASOLINA ADITIVADA,19/08/2024,"6,49",,R$ / litro,VIBRA
NE,SE,ARACAJU,PETROX COMERCIAL LTDA, 05.297.480/0023-23,AVENIDA CHANC OSVALDO ARANHA,3090,,OLARIA,49092-545,ETANOL,19/08/2024,"4,89",,R$ / litro,VIBRA
NE,SE,ARACAJU,RPB AUTO POSTO LTDA, 07.075.892/0008-05,AVENIDA DEP PEDRO VALADARES,680,ANEXO O POSTO DE GASOLINA,GRAGERU,49026-115,GASOLINA,19/08/2024,"6,48",,R$ / litro,VIBRA
NE,SE,ARACAJU,RPB AUTO POSTO LTDA, 07.075.892/0008-05,AVENIDA DEP PEDRO VALADARES,680,ANEXO O POSTO DE GASOLINA,GRAGERU,49026-115,GASOLINA ADITIVADA,19/08/2024,"6,68",,R$ / litro,VIBRA
NE,SE,ARACAJU,RPB AUTO POSTO LTDA, 07.075.892/0006-43,AVENIDA PRES TANCREDO NEVES,1052,LOJA  01 POSTO DE COMBUST,JABOTIANA,49095-000,GNV,19/08/2024,"4,80",,R$ / m³,VIBRA
NE,SE,ARACAJU,RPB AUTO POSTO LTDA, 07.075.892/0006-43,AVENIDA PRES TANCREDO NEVES,1052,LOJA  01 POSTO DE COMBUST,JABOTIANA,49095-000,GASOLINA,19/08/2024,"6,48",,R$ / litro,VIBRA
NE,SE,ARACAJU,RPB AUTO POSTO LTDA, 07.075.892/0006-43,AVENIDA PRES TANCREDO NEVES,1052,LOJA  01 POSTO DE COMBUST,JABOTIANA,49095-000,GASOLINA ADITIVADA,19/08/2024,"6,68",,R$ / litro,VIBRA
NE,SE,ARACAJU,RPB AUTO POSTO LTDA, 07.075.892/0011-00,RODOVIA DOS NAUFRAGOS,9232,,SAO JOSE DOS NAUFRAGOS,49005-004,GASOLINA,19/08/2024,"6,47",,R$ / litro,VIBRA
NE,SE,ARACAJU,RPB AUTO POSTO LTDA, 07.075.892/0011-00,RODOVIA DOS NAUFRAGOS,9232,,SAO JOSE DOS NAUFRAGOS,49005-004,GASOLINA ADITIVADA,19/08/2024,"6,67",,R$ / litro,VIBRA
NE,SE,ARACAJU,PETROX COMERCIAL LTDA, 05.297.480/0010-09,RUA ESTÂNCIA,745,,CENTRO,49010-180,GASOLINA,26/08/2024,"6,49",,R$ / litro,PETROX DISTRIBUIDORA
NE,SE,ARACAJU,PETROX COMERCIAL LTDA, 05.297.480/0010-09,RUA ESTÂNCIA,745,,CENTRO,49010-180,GASOLINA ADITIVADA,26/08/2024,"6,49",,R$ / litro,PETROX DISTRIBUIDORA
NE,SE,ARACAJU,PETROX COMERCIAL LTDA, 05.297.480/0010-09,RUA ESTÂNCIA,745,,CENTRO,49010-180,DIESEL S10,26/08/2024,"6,29",,R$ / litro,PETROX DISTRIBUIDORA
NE,SE,ARACAJU,PETROX COMERCIAL LTDA, 05.297.480/0010-09,RUA ESTÂNCIA,745,,CENTRO,49010-180,ETANOL,26/08/2024,"4,89",,R$ / litro,PETROX DISTRIBUIDORA
NE,SE,ARACAJU,PETROX COMERCIAL LTDA, 05.297.480/0011-90,RUA NESTOR SAMPAIO,195,CONJ  CASTELO BRANCO,PONTO NOVO,49045-000,GASOLINA,26/08/2024,"6,49",,R$ / litro,PETROX DISTRIBUIDORA
NE,SE,ARACAJU,PETROX COMERCIAL LTDA, 05.297.480/0011-90,RUA NESTOR SAMPAIO,195,CONJ  CASTELO BRANCO,PONTO NOVO,49045-000,GASOLINA ADITIVADA,26/08/2024,"6,49",,R$ / litro,PETROX DISTRIBUIDORA
NE,SE,ARACAJU,PETROX COMERCIAL LTDA, 05.297.480/0011-90,RUA NESTOR SAMPAIO,195,CONJ  CASTELO BRANCO,PONTO NOVO,49045-000,DIESEL S10,26/08/2024,"6,29",,R$ / litro,PETROX DISTRIBUIDORA
NE,SE,ARACAJU,PETROX COMERCIAL LTDA, 05.297.480/0011-90,RUA NESTOR SAMPAIO,195,CONJ  CASTELO BRANCO,PONTO NOVO,49045-000,ETANOL,26/08/2024,"4,89",,R$ / litro,PETROX DISTRIBUIDORA
NE,SE,ARACAJU,VASPETRO COMBUSTIVEL LTDA, 04.979.182/0001-45,AVENIDA BARAO DE MARUIM,552,,CENTRO,49010-340,GASOLINA,26/08/2024,"6,40",,R$ / litro,VIBRA
NE,SE,ARACAJU,VASPETRO COMBUSTIVEL LTDA, 04.979.182/0001-45,AVENIDA BARAO DE MARUIM,552,,CENTRO,49010-340,GASOLINA ADITIVADA,26/08/2024,"6,40",,R$ / litro,VIBRA
NE,SE,ARACAJU,VASPETRO COMBUSTIVEL LTDA, 04.979.182/0001-45,AVENIDA BARAO DE MARUIM,552,,CENTRO,49010-340,ETANOL,26/08/2024,"4,99",,R$ / litro,VIBRA
NE,SE,ARACAJU,GAMA E CIA LTDA, 13.007.752/0002-07,AVENIDA AUGUSTO FRANCO,2990,,PONTO NOVO,49047-040,GASOLINA,26/08/2024,"6,40",,R$ / litro,VIBRA
NE,SE,ARACAJU,GAMA E CIA LTDA, 13.007.752/0002-07,AVENIDA AUGUSTO FRANCO,2990,,PONTO NOVO,49047-040,ETANOL,26/08/2024,"4,75",,R$ / litro,VIBRA
NE,SE,ARACAJU,AUTO POSTO MAR AZUL LTDA, 04.701.795/0001-16,AVENIDA GENERAL EUCLIDES FIGUEIREDO,9,,SOLEDADE,49089-025,GASOLINA,26/08/2024,"6,44",,R$ / litro,RAIZEN
NE,SE,ARACAJU,AUTO POSTO MAR AZUL LTDA, 04.701.795/0001-16,AVENIDA GENERAL EUCLIDES FIGUEIREDO,9,,SOLEDADE,49089-025,GASOLINA ADITIVADA,26/08/2024,"6,61",,R$ / litro,RAIZEN
NE,SE,ARACAJU,AUTO POSTO MAR AZUL LTDA, 04.701.795/0001-16,AVENIDA GENERAL EUCLIDES FIGUEIREDO,9,,SOLEDADE,49089-025,DIESEL S10,26/08/2024,"6,26",,R$ / litro,RAIZEN
NE,SE,ARACAJU,AUTO POSTO MAR AZUL LTDA, 04.701.795/0001-16,AVENIDA GENERAL EUCLIDES FIGUEIREDO,9,,SOLEDADE,49089-025,ETANOL,26/08/2024,"4,89",,R$ / litro,RAIZEN
NE,SE,ARACAJU,TYRESOLES DE SERGIPE INDUSTRIA COMERCIO E SERVICOS LTDA, 13.007.828/0010-04,AVENIDA GONCALO  ROLLEMBERG LEITE,1721,,LUZIA,49045-280,GASOLINA,26/08/2024,"6,47",,R$ / litro,RAIZEN
NE,SE,ARACAJU,TYRESOLES DE SERGIPE INDUSTRIA COMERCIO E SERVICOS LTDA, 13.007.828/0010-04,AVENIDA GONCALO  ROLLEMBERG LEITE,1721,,LUZIA,49045-280,GASOLINA ADITIVADA,26/08/2024,"6,73",,R$ / litro,RAIZEN
NE,SE,ARACAJU,TYRESOLES DE SERGIPE INDUSTRIA COMERCIO E SERVICOS LTDA, 13.007.828/0010-04,AVENIDA GONCALO  ROLLEMBERG LEITE,1721,,LUZIA,49045-280,ETANOL,26/08/2024,"4,89",,R$ / litro,RAIZEN
NE,SE,ARACAJU,AUTO POSTOS ANDRADE LTDA, 13.017.447/0001-15,RUA LARANJEIRAS,760,,CENTRO,49010-000,GASOLINA,26/08/2024,"6,40",,R$ / litro,BRANCA
NE,SE,ARACAJU,AUTO POSTOS ANDRADE LTDA, 13.017.447/0001-15,RUA LARANJEIRAS,760,,CENTRO,49010-000,GASOLINA ADITIVADA,26/08/2024,"6,40",,R$ / litro,BRANCA
NE,SE,ARACAJU,AUTO POSTOS ANDRADE LTDA, 13.017.447/0001-15,RUA LARANJEIRAS,760,,CENTRO,49010-000,DIESEL S10,26/08/2024,"5,80",,R$ / litro,BRANCA
NE,SE,ARACAJU,AUTO POSTOS ANDRADE LTDA, 13.017.447/0001-15,RUA LARANJEIRAS,760,,CENTRO,49010-000,ETANOL,26/08/2024,"4,75",,R$ / litro,BRANCA
NE,SE,ARACAJU,AMARAL & CIA LTDA, 13.008.610/0001-83,RUA MARIANO SALMERON,709,,SIQUEIRA CAMPOS,49075-370,DIESEL S10,26/08/2024,"6,38",,R$ / litro,VIBRA
NE,SE,ARACAJU,AMARAL & CIA LTDA, 13.008.610/0001-83,RUA MARIANO SALMERON,709,,SIQUEIRA CAMPOS,49075-370,ETANOL,26/08/2024,"4,88",,R$ / litro,VIBRA
NE,SE,ARACAJU,AMARAL & CIA LTDA, 13.008.610/0001-83,RUA MARIANO SALMERON,709,,SIQUEIRA CAMPOS,49075-370,GASOLINA,26/08/2024,"6,45",,R$ / litro,VIBRA
NE,SE,ARACAJU,AMARAL & CIA LTDA, 13.008.610/0001-83,RUA MARIANO SALMERON,709,,SIQUEIRA CAMPOS,49075-370,GASOLINA ADITIVADA,26/08/2024,"6,55",,R$ / litro,VIBRA
NE,SE,ARACAJU,GAMA E CIA LTDA, 13.007.752/0001-26,AVENIDA TANCREDO NEVES,2551,,DISTRITO INDUSTRIAL DE ARACAJU,49095-000,GASOLINA,26/08/2024,"6,40",,R$ / litro,VIBRA
NE,SE,ARACAJU,GAMA E CIA LTDA, 13.007.752/0001-26,AVENIDA TANCREDO NEVES,2551,,DISTRITO INDUSTRIAL DE ARACAJU,49095-000,ETANOL,26/08/2024,"4,75",,R$ / litro,VIBRA
NE,SE,ARACAJU,L. V. COMERCIO DE COMBUSTIVEIS LTDA, 11.433.769/0001-10,RUA SAO CRISTOVAO,1877,,GETULIO VARGAS,49055-620,DIESEL S10,26/08/2024,"5,80",,R$ / litro,BRANCA
NE,SE,ARACAJU,L. V. COMERCIO DE COMBUSTIVEIS LTDA, 11.433.769/0001-10,RUA SAO CRISTOVAO,1877,,GETULIO VARGAS,49055-620,ETANOL,26/08/2024,"4,75",,R$ / litro,BRANCA
NE,SE,ARACAJU,L. V. COMERCIO DE COMBUSTIVEIS LTDA, 11.433.769/0001-10,RUA SAO CRISTOVAO,1877,,GETULIO VARGAS,49055-620,GASOLINA,26/08/2024,"6,45",,R$ / litro,BRANCA
NE,SE,ARACAJU,ALPHA COMERCIAL DE COMBUSTIVEIS LTDA, 08.297.710/0008-03,AVENIDA FRANCISCO PORTO,650,LOJA  BR MANIA DELICATESSE,SALGADO FILHO,49020-120,GASOLINA,26/08/2024,"6,48",,R$ / litro,VIBRA
NE,SE,ARACAJU,ALPHA COMERCIAL DE COMBUSTIVEIS LTDA, 08.297.710/0008-03,AVENIDA FRANCISCO PORTO,650,LOJA  BR MANIA DELICATESSE,SALGADO FILHO,49020-120,GASOLINA ADITIVADA,26/08/2024,"6,49",,R$ / litro,VIBRA
NE,SE,ARACAJU,ALPHA COMERCIAL DE COMBUSTIVEIS LTDA, 08.297.710/0008-03,AVENIDA FRANCISCO PORTO,650,LOJA  BR MANIA DELICATESSE,SALGADO FILHO,49020-120,ETANOL,26/08/2024,"4,98",,R$ / litro,VIBRA
NE,SE,ARACAJU,POSTO PIRANEMA LTDA, 09.258.664/0003-91,AVENIDA PREFEITO HERACLITO ROLLEMBERG,2760,,FAROLANDIA,49030-640,GASOLINA,26/08/2024,"6,47",,R$ / litro,VIBRA
NE,SE,ARACAJU,POSTO PIRANEMA LTDA, 09.258.664/0003-91,AVENIDA PREFEITO HERACLITO ROLLEMBERG,2760,,FAROLANDIA,49030-640,GASOLINA ADITIVADA,26/08/2024,"6,67",,R$ / litro,VIBRA
NE,SE,ARACAJU,POSTO PIRANEMA LTDA, 09.258.664/0003-91,AVENIDA PREFEITO HERACLITO ROLLEMBERG,2760,,FAROLANDIA,49030-640,ETANOL,26/08/2024,"4,99",,R$ / litro,VIBRA
NE,SE,ARACAJU,PETROX COMERCIAL LTDA, 05.297.480/0022-42,AVENIDA PRESIDENTE TANCREDO NEVES,4501,,JABOTIANA,49095-000,GNV,26/08/2024,"4,99",,R$ / m³,PETROX DISTRIBUIDORA
NE,SE,ARACAJU,PETROX COMERCIAL LTDA, 05.297.480/0022-42,AVENIDA PRESIDENTE TANCREDO NEVES,4501,,JABOTIANA,49095-000,GASOLINA,26/08/2024,"6,47",,R$ / litro,PETROX DISTRIBUIDORA
NE,SE,ARACAJU,PETROX COMERCIAL LTDA, 05.297.480/0022-42,AVENIDA PRESIDENTE TANCREDO NEVES,4501,,JABOTIANA,49095-000,GASOLINA ADITIVADA,26/08/2024,"6,47",,R$ / litro,PETROX DISTRIBUIDORA
NE,SE,ARACAJU,PETROX COMERCIAL LTDA, 05.297.480/0022-42,AVENIDA PRESIDENTE TANCREDO NEVES,4501,,JABOTIANA,49095-000,ETANOL,26/08/2024,"4,89",,R$ / litro,PETROX DISTRIBUIDORA
NE,SE,ARACAJU,PETROX COMERCIAL LTDA, 05.297.480/0023-23,AVENIDA CHANC OSVALDO ARANHA,3090,,OLARIA,49092-545,GNV,26/08/2024,"4,99",,R$ / m³,VIBRA
NE,SE,ARACAJU,PETROX COMERCIAL LTDA, 05.297.480/0023-23,AVENIDA CHANC OSVALDO ARANHA,3090,,OLARIA,49092-545,GASOLINA,26/08/2024,"6,49",,R$ / litro,VIBRA
NE,SE,ARACAJU,PETROX COMERCIAL LTDA, 05.297.480/0023-23,AVENIDA CHANC OSVALDO ARANHA,3090,,OLARIA,49092-545,GASOLINA ADITIVADA,26/08/2024,"6,49",,R$ / litro,VIBRA
NE,SE,ARACAJU,PETROX COMERCIAL LTDA, 05.297.480/0023-23,AVENIDA CHANC OSVALDO ARANHA,3090,,OLARIA,49092-545,ETANOL,26/08/2024,"4,89",,R$ / litro,VIBRA
NE,SE,ARACAJU,RPB AUTO POSTO LTDA, 07.075.892/0008-05,AVENIDA DEP PEDRO VALADARES,680,ANEXO O POSTO DE GASOLINA,GRAGERU,49026-115,GASOLINA ADITIVADA,26/08/2024,"6,68",,R$ / litro,VIBRA
NE,SE,ARACAJU,RPB AUTO POSTO LTDA, 07.075.892/0008-05,AVENIDA DEP PEDRO VALADARES,680,ANEXO O POSTO DE GASOLINA,GRAGERU,49026-115,GASOLINA,26/08/2024,"6,48",,R$ / litro,VIBRA
NE,SE,ARACAJU,RPB AUTO POSTO LTDA, 07.075.892/0006-43,AVENIDA PRES TANCREDO NEVES,1052,LOJA  01 POSTO DE COMBUST,JABOTIANA,49095-000,GNV,26/08/2024,"4,99",,R$ / m³,VIBRA
NE,SE,ARACAJU,RPB AUTO POSTO LTDA, 07.075.892/0006-43,AVENIDA PRES TANCREDO NEVES,1052,LOJA  01 POSTO DE COMBUST,JABOTIANA,49095-000,GASOLINA,26/08/2024,"6,48",,R$ / litro,VIBRA
NE,SE,ARACAJU,RPB AUTO POSTO LTDA, 07.075.892/0006-43,AVENIDA PRES TANCREDO NEVES,1052,LOJA  01 POSTO DE COMBUST,JABOTIANA,49095-000,GASOLINA ADITIVADA,26/08/2024,"6,68",,R$ / litro,VIBRA
NE,SE,ARACAJU,RPB AUTO POSTO LTDA, 07.075.892/0011-00,RODOVIA DOS NAUFRAGOS,9232,,SAO JOSE DOS NAUFRAGOS,49005-004,GASOLINA,26/08/2024,"6,47",,R$ / litro,VIBRA
NE,SE,ARACAJU,RPB AUTO POSTO LTDA, 07.075.892/0011-00,RODOVIA DOS NAUFRAGOS,9232,,SAO JOSE DOS NAUFRAGOS,49005-004,GASOLINA ADITIVADA,26/08/2024,"6,67",,R$ / litro,VIBRA
NE,SE,ARACAJU,PETROX COMERCIAL LTDA, 05.297.480/0010-09,RUA ESTÂNCIA,745,,CENTRO,49010-180,GASOLINA,03/09/2024,"6,49",,R$ / litro,PETROX DISTRIBUIDORA
NE,SE,ARACAJU,PETROX COMERCIAL LTDA, 05.297.480/0010-09,RUA ESTÂNCIA,745,,CENTRO,49010-180,GASOLINA ADITIVADA,03/09/2024,"6,49",,R$ / litro,PETROX DISTRIBUIDORA
NE,SE,ARACAJU,PETROX COMERCIAL LTDA, 05.297.480/0010-09,RUA ESTÂNCIA,745,,CENTRO,49010-180,DIESEL S10,03/09/2024,"6,29",,R$ / litro,PETROX DISTRIBUIDORA
NE,SE,ARACAJU,PETROX COMERCIAL LTDA, 05.297.480/0010-09,RUA ESTÂNCIA,745,,CENTRO,49010-180,ETANOL,03/09/2024,"4,89",,R$ / litro,PETROX DISTRIBUIDORA
NE,SE,ARACAJU,PETROX COMERCIAL LTDA, 05.297.480/0011-90,RUA NESTOR SAMPAIO,195,CONJ  CASTELO BRANCO,PONTO NOVO,49045-000,GASOLINA,03/09/2024,"6,49",,R$ / litro,PETROX DISTRIBUIDORA
NE,SE,ARACAJU,PETROX COMERCIAL LTDA, 05.297.480/0011-90,RUA NESTOR SAMPAIO,195,CONJ  CASTELO BRANCO,PONTO NOVO,49045-000,GASOLINA ADITIVADA,03/09/2024,"6,49",,R$ / litro,PETROX DISTRIBUIDORA
NE,SE,ARACAJU,PETROX COMERCIAL LTDA, 05.297.480/0011-90,RUA NESTOR SAMPAIO,195,CONJ  CASTELO BRANCO,PONTO NOVO,49045-000,DIESEL S10,03/09/2024,"6,29",,R$ / litro,PETROX DISTRIBUIDORA
NE,SE,ARACAJU,PETROX COMERCIAL LTDA, 05.297.480/0011-90,RUA NESTOR SAMPAIO,195,CONJ  CASTELO BRANCO,PONTO NOVO,49045-000,ETANOL,03/09/2024,"4,89",,R$ / litro,PETROX DISTRIBUIDORA
NE,SE,ARACAJU,VASPETRO COMBUSTIVEL LTDA, 04.979.182/0001-45,AVENIDA BARAO DE MARUIM,552,,CENTRO,49010-340,GASOLINA,03/09/2024,"6,40",,R$ / litro,VIBRA
NE,SE,ARACAJU,VASPETRO COMBUSTIVEL LTDA, 04.979.182/0001-45,AVENIDA BARAO DE MARUIM,552,,CENTRO,49010-340,GASOLINA ADITIVADA,03/09/2024,"6,40",,R$ / litro,VIBRA
NE,SE,ARACAJU,VASPETRO COMBUSTIVEL LTDA, 04.979.182/0001-45,AVENIDA BARAO DE MARUIM,552,,CENTRO,49010-340,ETANOL,03/09/2024,"4,99",,R$ / litro,VIBRA
NE,SE,ARACAJU,GAMA E CIA LTDA, 13.007.752/0002-07,AVENIDA AUGUSTO FRANCO,2990,,PONTO NOVO,49047-040,GASOLINA,03/09/2024,"6,40",,R$ / litro,VIBRA
NE,SE,ARACAJU,GAMA E CIA LTDA, 13.007.752/0002-07,AVENIDA AUGUSTO FRANCO,2990,,PONTO NOVO,49047-040,ETANOL,03/09/2024,"4,75",,R$ / litro,VIBRA
NE,SE,ARACAJU,AUTO POSTO MAR AZUL LTDA, 04.701.795/0001-16,AVENIDA GENERAL EUCLIDES FIGUEIREDO,9,,SOLEDADE,49089-025,GASOLINA,03/09/2024,"6,44",,R$ / litro,RAIZEN
NE,SE,ARACAJU,AUTO POSTO MAR AZUL LTDA, 04.701.795/0001-16,AVENIDA GENERAL EUCLIDES FIGUEIREDO,9,,SOLEDADE,49089-025,GASOLINA ADITIVADA,03/09/2024,"6,61",,R$ / litro,RAIZEN
NE,SE,ARACAJU,AUTO POSTO MAR AZUL LTDA, 04.701.795/0001-16,AVENIDA GENERAL EUCLIDES FIGUEIREDO,9,,SOLEDADE,49089-025,DIESEL S10,03/09/2024,"6,26",,R$ / litro,RAIZEN
NE,SE,ARACAJU,AUTO POSTO MAR AZUL LTDA, 04.701.795/0001-16,AVENIDA GENERAL EUCLIDES FIGUEIREDO,9,,SOLEDADE,49089-025,ETANOL,03/09/2024,"4,89",,R$ / litro,RAIZEN
NE,SE,ARACAJU,TYRESOLES DE SERGIPE INDUSTRIA COMERCIO E SERVICOS LTDA, 13.007.828/0010-04,AVENIDA GONCALO  ROLLEMBERG LEITE,1721,,LUZIA,49045-280,GASOLINA,03/09/2024,"6,47",,R$ / litro,RAIZEN
NE,SE,ARACAJU,TYRESOLES DE SERGIPE INDUSTRIA COMERCIO E SERVICOS LTDA, 13.007.828/0010-04,AVENIDA GONCALO  ROLLEMBERG LEITE,1721,,LUZIA,49045-280,GASOLINA ADITIVADA,03/09/2024,"6,73",,R$ / litro,RAIZEN
NE,SE,ARACAJU,TYRESOLES DE SERGIPE INDUSTRIA COMERCIO E SERVICOS LTDA, 13.007.828/0010-04,AVENIDA GONCALO  ROLLEMBERG LEITE,1721,,LUZIA,49045-280,ETANOL,03/09/2024,"4,89",,R$ / litro,RAIZEN
NE,SE,ARACAJU,AUTO POSTOS ANDRADE LTDA, 13.017.447/0001-15,RUA LARANJEIRAS,760,,CENTRO,49010-000,GASOLINA,03/09/2024,"6,40",,R$ / litro,BRANCA
NE,SE,ARACAJU,AUTO POSTOS ANDRADE LTDA, 13.017.447/0001-15,RUA LARANJEIRAS,760,,CENTRO,49010-000,GASOLINA ADITIVADA,03/09/2024,"6,40",,R$ / litro,BRANCA
NE,SE,ARACAJU,AUTO POSTOS ANDRADE LTDA, 13.017.447/0001-15,RUA LARANJEIRAS,760,,CENTRO,49010-000,DIESEL S10,03/09/2024,"5,80",,R$ / litro,BRANCA
NE,SE,ARACAJU,AUTO POSTOS ANDRADE LTDA, 13.017.447/0001-15,RUA LARANJEIRAS,760,,CENTRO,49010-000,ETANOL,03/09/2024,"4,75",,R$ / litro,BRANCA
NE,SE,ARACAJU,AMARAL & CIA LTDA, 13.008.610/0001-83,RUA MARIANO SALMERON,709,,SIQUEIRA CAMPOS,49075-370,GASOLINA,03/09/2024,"6,45",,R$ / litro,VIBRA
NE,SE,ARACAJU,AMARAL & CIA LTDA, 13.008.610/0001-83,RUA MARIANO SALMERON,709,,SIQUEIRA CAMPOS,49075-370,GASOLINA ADITIVADA,03/09/2024,"6,55",,R$ / litro,VIBRA
NE,SE,ARACAJU,AMARAL & CIA LTDA, 13.008.610/0001-83,RUA MARIANO SALMERON,709,,SIQUEIRA CAMPOS,49075-370,DIESEL S10,03/09/2024,"6,38",,R$ / litro,VIBRA
NE,SE,ARACAJU,AMARAL & CIA LTDA, 13.008.610/0001-83,RUA MARIANO SALMERON,709,,SIQUEIRA CAMPOS,49075-370,ETANOL,03/09/2024,"4,88",,R$ / litro,VIBRA
NE,SE,ARACAJU,GAMA E CIA LTDA, 13.007.752/0001-26,AVENIDA TANCREDO NEVES,2551,,DISTRITO INDUSTRIAL DE ARACAJU,49095-000,GASOLINA,03/09/2024,"6,40",,R$ / litro,VIBRA
NE,SE,ARACAJU,GAMA E CIA LTDA, 13.007.752/0001-26,AVENIDA TANCREDO NEVES,2551,,DISTRITO INDUSTRIAL DE ARACAJU,49095-000,ETANOL,03/09/2024,"4,75",,R$ / litro,VIBRA
NE,SE,ARACAJU,L. V. COMERCIO DE COMBUSTIVEIS LTDA, 11.433.769/0001-10,RUA SAO CRISTOVAO,1877,,GETULIO VARGAS,49055-620,GASOLINA,03/09/2024,"6,41",,R$ / litro,BRANCA
NE,SE,ARACAJU,L. V. COMERCIO DE COMBUSTIVEIS LTDA, 11.433.769/0001-10,RUA SAO CRISTOVAO,1877,,GETULIO VARGAS,49055-620,DIESEL S10,03/09/2024,"5,80",,R$ / litro,BRANCA
NE,SE,ARACAJU,L. V. COMERCIO DE COMBUSTIVEIS LTDA, 11.433.769/0001-10,RUA SAO CRISTOVAO,1877,,GETULIO VARGAS,49055-620,ETANOL,03/09/2024,"4,75",,R$ / litro,BRANCA
NE,SE,ARACAJU,ALPHA COMERCIAL DE COMBUSTIVEIS LTDA, 08.297.710/0008-03,AVENIDA FRANCISCO PORTO,650,LOJA  BR MANIA DELICATESSE,SALGADO FILHO,49020-120,GASOLINA,03/09/2024,"6,48",,R$ / litro,VIBRA
NE,SE,ARACAJU,ALPHA COMERCIAL DE COMBUSTIVEIS LTDA, 08.297.710/0008-03,AVENIDA FRANCISCO PORTO,650,LOJA  BR MANIA DELICATESSE,SALGADO FILHO,49020-120,GASOLINA ADITIVADA,03/09/2024,"6,49",,R$ / litro,VIBRA
NE,SE,ARACAJU,ALPHA COMERCIAL DE COMBUSTIVEIS LTDA, 08.297.710/0008-03,AVENIDA FRANCISCO PORTO,650,LOJA  BR MANIA DELICATESSE,SALGADO FILHO,49020-120,ETANOL,03/09/2024,"4,98",,R$ / litro,VIBRA
NE,SE,ARACAJU,POSTO PIRANEMA LTDA, 09.258.664/0003-91,AVENIDA PREFEITO HERACLITO ROLLEMBERG,2760,,FAROLANDIA,49030-640,GASOLINA,03/09/2024,"6,47",,R$ / litro,VIBRA
NE,SE,ARACAJU,POSTO PIRANEMA LTDA, 09.258.664/0003-91,AVENIDA PREFEITO HERACLITO ROLLEMBERG,2760,,FAROLANDIA,49030-640,GASOLINA ADITIVADA,03/09/2024,"6,67",,R$ / litro,VIBRA
NE,SE,ARACAJU,POSTO PIRANEMA LTDA, 09.258.664/0003-91,AVENIDA PREFEITO HERACLITO ROLLEMBERG,2760,,FAROLANDIA,49030-640,ETANOL,03/09/2024,"4,99",,R$ / litro,VIBRA
NE,SE,ARACAJU,PETROX COMERCIAL LTDA, 05.297.480/0022-42,AVENIDA PRESIDENTE TANCREDO NEVES,4501,,JABOTIANA,49095-000,GNV,03/09/2024,"4,99",,R$ / m³,PETROX DISTRIBUIDORA
NE,SE,ARACAJU,PETROX COMERCIAL LTDA, 05.297.480/0022-42,AVENIDA PRESIDENTE TANCREDO NEVES,4501,,JABOTIANA,49095-000,GASOLINA,03/09/2024,"6,47",,R$ / litro,PETROX DISTRIBUIDORA
NE,SE,ARACAJU,PETROX COMERCIAL LTDA, 05.297.480/0022-42,AVENIDA PRESIDENTE TANCREDO NEVES,4501,,JABOTIANA,49095-000,GASOLINA ADITIVADA,03/09/2024,"6,47",,R$ / litro,PETROX DISTRIBUIDORA
NE,SE,ARACAJU,PETROX COMERCIAL LTDA, 05.297.480/0022-42,AVENIDA PRESIDENTE TANCREDO NEVES,4501,,JABOTIANA,49095-000,ETANOL,03/09/2024,"4,89",,R$ / litro,PETROX DISTRIBUIDORA
NE,SE,ARACAJU,PETROX COMERCIAL LTDA, 05.297.480/0023-23,AVENIDA CHANC OSVALDO ARANHA,3090,,OLARIA,49092-545,GNV,03/09/2024,"4,99",,R$ / m³,VIBRA
NE,SE,ARACAJU,PETROX COMERCIAL LTDA, 05.297.480/0023-23,AVENIDA CHANC OSVALDO ARANHA,3090,,OLARIA,49092-545,GASOLINA,03/09/2024,"6,49",,R$ / litro,VIBRA
NE,SE,ARACAJU,PETROX COMERCIAL LTDA, 05.297.480/0023-23,AVENIDA CHANC OSVALDO ARANHA,3090,,OLARIA,49092-545,GASOLINA ADITIVADA,03/09/2024,"6,49",,R$ / litro,VIBRA
NE,SE,ARACAJU,PETROX COMERCIAL LTDA, 05.297.480/0023-23,AVENIDA CHANC OSVALDO ARANHA,3090,,OLARIA,49092-545,ETANOL,03/09/2024,"4,89",,R$ / litro,VIBRA
NE,SE,ARACAJU,RPB AUTO POSTO LTDA, 07.075.892/0008-05,AVENIDA DEP PEDRO VALADARES,680,ANEXO O POSTO DE GASOLINA,GRAGERU,49026-115,GASOLINA,03/09/2024,"6,48",,R$ / litro,VIBRA
NE,SE,ARACAJU,RPB AUTO POSTO LTDA, 07.075.892/0008-05,AVENIDA DEP PEDRO VALADARES,680,ANEXO O POSTO DE GASOLINA,GRAGERU,49026-115,GASOLINA ADITIVADA,03/09/2024,"6,68",,R$ / litro,VIBRA
NE,SE,ARACAJU,RPB AUTO POSTO LTDA, 07.075.892/0006-43,AVENIDA PRES TANCREDO NEVES,1052,LOJA  01 POSTO DE COMBUST,JABOTIANA,49095-000,GNV,03/09/2024,"4,99",,R$ / m³,VIBRA
NE,SE,ARACAJU,RPB AUTO POSTO LTDA, 07.075.892/0006-43,AVENIDA PRES TANCREDO NEVES,1052,LOJA  01 POSTO DE COMBUST,JABOTIANA,49095-000,GASOLINA,03/09/2024,"6,48",,R$ / litro,VIBRA
NE,SE,ARACAJU,RPB AUTO POSTO LTDA, 07.075.892/0006-43,AVENIDA PRES TANCREDO NEVES,1052,LOJA  01 POSTO DE COMBUST,JABOTIANA,49095-000,GASOLINA ADITIVADA,03/09/2024,"6,68",,R$ / litro,VIBRA
NE,SE,ARACAJU,RPB AUTO POSTO LTDA, 07.075.892/0011-00,RODOVIA DOS NAUFRAGOS,9232,,SAO JOSE DOS NAUFRAGOS,49005-004,GASOLINA,03/09/2024,"6,47",,R$ / litro,VIBRA
NE,SE,ARACAJU,RPB AUTO POSTO LTDA, 07.075.892/0011-00,RODOVIA DOS NAUFRAGOS,9232,,SAO JOSE DOS NAUFRAGOS,49005-004,GASOLINA ADITIVADA,03/09/2024,"6,67",,R$ / litro,VIBRA
NE,SE,ARACAJU,PETROX COMERCIAL LTDA, 05.297.480/0010-09,RUA ESTÂNCIA,745,,CENTRO,49010-180,GASOLINA,09/09/2024,"6,49",,R$ / litro,PETROX DISTRIBUIDORA
NE,SE,ARACAJU,PETROX COMERCIAL LTDA, 05.297.480/0010-09,RUA ESTÂNCIA,745,,CENTRO,49010-180,GASOLINA ADITIVADA,09/09/2024,"6,49",,R$ / litro,PETROX DISTRIBUIDORA
NE,SE,ARACAJU,PETROX COMERCIAL LTDA, 05.297.480/0010-09,RUA ESTÂNCIA,745,,CENTRO,49010-180,DIESEL S10,09/09/2024,"6,29",,R$ / litro,PETROX DISTRIBUIDORA
NE,SE,ARACAJU,PETROX COMERCIAL LTDA, 05.297.480/0010-09,RUA ESTÂNCIA,745,,CENTRO,49010-180,ETANOL,09/09/2024,"4,89",,R$ / litro,PETROX DISTRIBUIDORA
NE,SE,ARACAJU,PETROX COMERCIAL LTDA, 05.297.480/0011-90,RUA NESTOR SAMPAIO,195,CONJ  CASTELO BRANCO,PONTO NOVO,49045-000,GASOLINA,09/09/2024,"6,49",,R$ / litro,PETROX DISTRIBUIDORA
NE,SE,ARACAJU,PETROX COMERCIAL LTDA, 05.297.480/0011-90,RUA NESTOR SAMPAIO,195,CONJ  CASTELO BRANCO,PONTO NOVO,49045-000,GASOLINA ADITIVADA,09/09/2024,"6,49",,R$ / litro,PETROX DISTRIBUIDORA
NE,SE,ARACAJU,PETROX COMERCIAL LTDA, 05.297.480/0011-90,RUA NESTOR SAMPAIO,195,CONJ  CASTELO BRANCO,PONTO NOVO,49045-000,DIESEL S10,09/09/2024,"6,29",,R$ / litro,PETROX DISTRIBUIDORA
NE,SE,ARACAJU,PETROX COMERCIAL LTDA, 05.297.480/0011-90,RUA NESTOR SAMPAIO,195,CONJ  CASTELO BRANCO,PONTO NOVO,49045-000,ETANOL,09/09/2024,"4,89",,R$ / litro,PETROX DISTRIBUIDORA
NE,SE,ARACAJU,VASPETRO COMBUSTIVEL LTDA, 04.979.182/0001-45,AVENIDA BARAO DE MARUIM,552,,CENTRO,49010-340,GASOLINA,09/09/2024,"6,40",,R$ / litro,VIBRA
NE,SE,ARACAJU,VASPETRO COMBUSTIVEL LTDA, 04.979.182/0001-45,AVENIDA BARAO DE MARUIM,552,,CENTRO,49010-340,GASOLINA ADITIVADA,09/09/2024,"6,40",,R$ / litro,VIBRA
NE,SE,ARACAJU,VASPETRO COMBUSTIVEL LTDA, 04.979.182/0001-45,AVENIDA BARAO DE MARUIM,552,,CENTRO,49010-340,ETANOL,09/09/2024,"4,99",,R$ / litro,VIBRA
NE,SE,ARACAJU,GAMA E CIA LTDA, 13.007.752/0002-07,AVENIDA AUGUSTO FRANCO,2990,,PONTO NOVO,49047-040,GASOLINA,09/09/2024,"6,40",,R$ / litro,VIBRA
NE,SE,ARACAJU,GAMA E CIA LTDA, 13.007.752/0002-07,AVENIDA AUGUSTO FRANCO,2990,,PONTO NOVO,49047-040,ETANOL,09/09/2024,"4,79",,R$ / litro,VIBRA
NE,SE,ARACAJU,AUTO POSTO MAR AZUL LTDA, 04.701.795/0001-16,AVENIDA GENERAL EUCLIDES FIGUEIREDO,9,,SOLEDADE,49089-025,GASOLINA,09/09/2024,"6,44",,R$ / litro,RAIZEN
NE,SE,ARACAJU,AUTO POSTO MAR AZUL LTDA, 04.701.795/0001-16,AVENIDA GENERAL EUCLIDES FIGUEIREDO,9,,SOLEDADE,49089-025,GASOLINA ADITIVADA,09/09/2024,"6,61",,R$ / litro,RAIZEN
NE,SE,ARACAJU,AUTO POSTO MAR AZUL LTDA, 04.701.795/0001-16,AVENIDA GENERAL EUCLIDES FIGUEIREDO,9,,SOLEDADE,49089-025,DIESEL S10,09/09/2024,"6,26",,R$ / litro,RAIZEN
NE,SE,ARACAJU,AUTO POSTO MAR AZUL LTDA, 04.701.795/0001-16,AVENIDA GENERAL EUCLIDES FIGUEIREDO,9,,SOLEDADE,49089-025,ETANOL,09/09/2024,"4,89",,R$ / litro,RAIZEN
NE,SE,ARACAJU,TYRESOLES DE SERGIPE INDUSTRIA COMERCIO E SERVICOS LTDA, 13.007.828/0010-04,AVENIDA GONCALO  ROLLEMBERG LEITE,1721,,LUZIA,49045-280,GASOLINA,09/09/2024,"6,47",,R$ / litro,RAIZEN
NE,SE,ARACAJU,TYRESOLES DE SERGIPE INDUSTRIA COMERCIO E SERVICOS LTDA, 13.007.828/0010-04,AVENIDA GONCALO  ROLLEMBERG LEITE,1721,,LUZIA,49045-280,GASOLINA ADITIVADA,09/09/2024,"6,73",,R$ / litro,RAIZEN
NE,SE,ARACAJU,TYRESOLES DE SERGIPE INDUSTRIA COMERCIO E SERVICOS LTDA, 13.007.828/0010-04,AVENIDA GONCALO  ROLLEMBERG LEITE,1721,,LUZIA,49045-280,ETANOL,09/09/2024,"4,89",,R$ / litro,RAIZEN
NE,SE,ARACAJU,AUTO POSTOS ANDRADE LTDA, 13.017.447/0001-15,RUA LARANJEIRAS,760,,CENTRO,49010-000,GASOLINA,09/09/2024,"6,40",,R$ / litro,BRANCA
NE,SE,ARACAJU,AUTO POSTOS ANDRADE LTDA, 13.017.447/0001-15,RUA LARANJEIRAS,760,,CENTRO,49010-000,GASOLINA ADITIVADA,09/09/2024,"6,40",,R$ / litro,BRANCA
NE,SE,ARACAJU,AUTO POSTOS ANDRADE LTDA, 13.017.447/0001-15,RUA LARANJEIRAS,760,,CENTRO,49010-000,DIESEL S10,09/09/2024,"5,80",,R$ / litro,BRANCA
NE,SE,ARACAJU,AUTO POSTOS ANDRADE LTDA, 13.017.447/0001-15,RUA LARANJEIRAS,760,,CENTRO,49010-000,ETANOL,09/09/2024,"4,75",,R$ / litro,BRANCA
NE,SE,ARACAJU,AMARAL & CIA LTDA, 13.008.610/0001-83,RUA MARIANO SALMERON,709,,SIQUEIRA CAMPOS,49075-370,GASOLINA,09/09/2024,"6,45",,R$ / litro,VIBRA
NE,SE,ARACAJU,AMARAL & CIA LTDA, 13.008.610/0001-83,RUA MARIANO SALMERON,709,,SIQUEIRA CAMPOS,49075-370,GASOLINA ADITIVADA,09/09/2024,"6,55",,R$ / litro,VIBRA
NE,SE,ARACAJU,AMARAL & CIA LTDA, 13.008.610/0001-83,RUA MARIANO SALMERON,709,,SIQUEIRA CAMPOS,49075-370,DIESEL S10,09/09/2024,"6,38",,R$ / litro,VIBRA
NE,SE,ARACAJU,AMARAL & CIA LTDA, 13.008.610/0001-83,RUA MARIANO SALMERON,709,,SIQUEIRA CAMPOS,49075-370,ETANOL,09/09/2024,"4,88",,R$ / litro,VIBRA
NE,SE,ARACAJU,GAMA E CIA LTDA, 13.007.752/0001-26,AVENIDA TANCREDO NEVES,2551,,DISTRITO INDUSTRIAL DE ARACAJU,49095-000,GASOLINA,09/09/2024,"6,40",,R$ / litro,VIBRA
NE,SE,ARACAJU,GAMA E CIA LTDA, 13.007.752/0001-26,AVENIDA TANCREDO NEVES,2551,,DISTRITO INDUSTRIAL DE ARACAJU,49095-000,ETANOL,09/09/2024,"4,79",,R$ / litro,VIBRA
NE,SE,ARACAJU,L. V. COMERCIO DE COMBUSTIVEIS LTDA, 11.433.769/0001-10,RUA SAO CRISTOVAO,1877,,GETULIO VARGAS,49055-620,GASOLINA,09/09/2024,"6,41",,R$ / litro,BRANCA
NE,SE,ARACAJU,L. V. COMERCIO DE COMBUSTIVEIS LTDA, 11.433.769/0001-10,RUA SAO CRISTOVAO,1877,,GETULIO VARGAS,49055-620,DIESEL S10,09/09/2024,"5,80",,R$ / litro,BRANCA
NE,SE,ARACAJU,L. V. COMERCIO DE COMBUSTIVEIS LTDA, 11.433.769/0001-10,RUA SAO CRISTOVAO,1877,,GETULIO VARGAS,49055-620,ETANOL,09/09/2024,"4,75",,R$ / litro,BRANCA
NE,SE,ARACAJU,ALPHA COMERCIAL DE COMBUSTIVEIS LTDA, 08.297.710/0008-03,AVENIDA FRANCISCO PORTO,650,LOJA  BR MANIA DELICATESSE,SALGADO FILHO,49020-120,GASOLINA,09/09/2024,"6,48",,R$ / litro,VIBRA
NE,SE,ARACAJU,ALPHA COMERCIAL DE COMBUSTIVEIS LTDA, 08.297.710/0008-03,AVENIDA FRANCISCO PORTO,650,LOJA  BR MANIA DELICATESSE,SALGADO FILHO,49020-120,GASOLINA ADITIVADA,09/09/2024,"6,49",,R$ / litro,VIBRA
NE,SE,ARACAJU,ALPHA COMERCIAL DE COMBUSTIVEIS LTDA, 08.297.710/0008-03,AVENIDA FRANCISCO PORTO,650,LOJA  BR MANIA DELICATESSE,SALGADO FILHO,49020-120,ETANOL,09/09/2024,"4,98",,R$ / litro,VIBRA
NE,SE,ARACAJU,POSTO PIRANEMA LTDA, 09.258.664/0003-91,AVENIDA PREFEITO HERACLITO ROLLEMBERG,2760,,FAROLANDIA,49030-640,GASOLINA,09/09/2024,"6,47",,R$ / litro,VIBRA
NE,SE,ARACAJU,POSTO PIRANEMA LTDA, 09.258.664/0003-91,AVENIDA PREFEITO HERACLITO ROLLEMBERG,2760,,FAROLANDIA,49030-640,GASOLINA ADITIVADA,09/09/2024,"6,67",,R$ / litro,VIBRA
NE,SE,ARACAJU,POSTO PIRANEMA LTDA, 09.258.664/0003-91,AVENIDA PREFEITO HERACLITO ROLLEMBERG,2760,,FAROLANDIA,49030-640,ETANOL,09/09/2024,"4,99",,R$ / litro,VIBRA
NE,SE,ARACAJU,PETROX COMERCIAL LTDA, 05.297.480/0022-42,AVENIDA PRESIDENTE TANCREDO NEVES,4501,,JABOTIANA,49095-000,GASOLINA,09/09/2024,"6,47",,R$ / litro,PETROX DISTRIBUIDORA
NE,SE,ARACAJU,PETROX COMERCIAL LTDA, 05.297.480/0022-42,AVENIDA PRESIDENTE TANCREDO NEVES,4501,,JABOTIANA,49095-000,GASOLINA ADITIVADA,09/09/2024,"6,47",,R$ / litro,PETROX DISTRIBUIDORA
NE,SE,ARACAJU,PETROX COMERCIAL LTDA, 05.297.480/0022-42,AVENIDA PRESIDENTE TANCREDO NEVES,4501,,JABOTIANA,49095-000,ETANOL,09/09/2024,"4,89",,R$ / litro,PETROX DISTRIBUIDORA
NE,SE,ARACAJU,PETROX COMERCIAL LTDA, 05.297.480/0022-42,AVENIDA PRESIDENTE TANCREDO NEVES,4501,,JABOTIANA,49095-000,GNV,09/09/2024,"4,99",,R$ / m³,PETROX DISTRIBUIDORA
NE,SE,ARACAJU,PETROX COMERCIAL LTDA, 05.297.480/0023-23,AVENIDA CHANC OSVALDO ARANHA,3090,,OLARIA,49092-545,GNV,09/09/2024,"4,99",,R$ / m³,VIBRA
NE,SE,ARACAJU,PETROX COMERCIAL LTDA, 05.297.480/0023-23,AVENIDA CHANC OSVALDO ARANHA,3090,,OLARIA,49092-545,GASOLINA,09/09/2024,"6,49",,R$ / litro,VIBRA
NE,SE,ARACAJU,PETROX COMERCIAL LTDA, 05.297.480/0023-23,AVENIDA CHANC OSVALDO ARANHA,3090,,OLARIA,49092-545,GASOLINA ADITIVADA,09/09/2024,"6,49",,R$ / litro,VIBRA
NE,SE,ARACAJU,PETROX COMERCIAL LTDA, 05.297.480/0023-23,AVENIDA CHANC OSVALDO ARANHA,3090,,OLARIA,49092-545,ETANOL,09/09/2024,"4,89",,R$ / litro,VIBRA
NE,SE,ARACAJU,RPB AUTO POSTO LTDA, 07.075.892/0008-05,AVENIDA DEP PEDRO VALADARES,680,ANEXO O POSTO DE GASOLINA,GRAGERU,49026-115,GASOLINA,09/09/2024,"6,48",,R$ / litro,VIBRA
NE,SE,ARACAJU,RPB AUTO POSTO LTDA, 07.075.892/0008-05,AVENIDA DEP PEDRO VALADARES,680,ANEXO O POSTO DE GASOLINA,GRAGERU,49026-115,GASOLINA ADITIVADA,09/09/2024,"6,68",,R$ / litro,VIBRA
NE,SE,ARACAJU,RPB AUTO POSTO LTDA, 07.075.892/0006-43,AVENIDA PRES TANCREDO NEVES,1052,LOJA  01 POSTO DE COMBUST,JABOTIANA,49095-000,GNV,09/09/2024,"4,99",,R$ / m³,VIBRA
NE,SE,ARACAJU,RPB AUTO POSTO LTDA, 07.075.892/0006-43,AVENIDA PRES TANCREDO NEVES,1052,LOJA  01 POSTO DE COMBUST,JABOTIANA,49095-000,GASOLINA,09/09/2024,"6,48",,R$ / litro,VIBRA
NE,SE,ARACAJU,RPB AUTO POSTO LTDA, 07.075.892/0006-43,AVENIDA PRES TANCREDO NEVES,1052,LOJA  01 POSTO DE COMBUST,JABOTIANA,49095-000,GASOLINA ADITIVADA,09/09/2024,"6,68",,R$ / litro,VIBRA
NE,SE,ARACAJU,RPB AUTO POSTO LTDA, 07.075.892/0011-00,RODOVIA DOS NAUFRAGOS,9232,,SAO JOSE DOS NAUFRAGOS,49005-004,GASOLINA,09/09/2024,"6,47",,R$ / litro,VIBRA
NE,SE,ARACAJU,RPB AUTO POSTO LTDA, 07.075.892/0011-00,RODOVIA DOS NAUFRAGOS,9232,,SAO JOSE DOS NAUFRAGOS,49005-004,GASOLINA ADITIVADA,09/09/2024,"6,67",,R$ / litro,VIBRA
NE,SE,ARACAJU,PETROX COMERCIAL LTDA, 05.297.480/0010-09,RUA ESTÂNCIA,745,,CENTRO,49010-180,GASOLINA,17/09/2024,"6,27",,R$ / litro,PETROX DISTRIBUIDORA
NE,SE,ARACAJU,PETROX COMERCIAL LTDA, 05.297.480/0010-09,RUA ESTÂNCIA,745,,CENTRO,49010-180,GASOLINA ADITIVADA,17/09/2024,"6,27",,R$ / litro,PETROX DISTRIBUIDORA
NE,SE,ARACAJU,PETROX COMERCIAL LTDA, 05.297.480/0010-09,RUA ESTÂNCIA,745,,CENTRO,49010-180,DIESEL S10,17/09/2024,"6,08",,R$ / litro,PETROX DISTRIBUIDORA
NE,SE,ARACAJU,PETROX COMERCIAL LTDA, 05.297.480/0010-09,RUA ESTÂNCIA,745,,CENTRO,49010-180,ETANOL,17/09/2024,"4,75",,R$ / litro,PETROX DISTRIBUIDORA
NE,SE,ARACAJU,PETROX COMERCIAL LTDA, 05.297.480/0011-90,RUA NESTOR SAMPAIO,195,CONJ  CASTELO BRANCO,PONTO NOVO,49045-000,GASOLINA,17/09/2024,"6,27",,R$ / litro,PETROX DISTRIBUIDORA
NE,SE,ARACAJU,PETROX COMERCIAL LTDA, 05.297.480/0011-90,RUA NESTOR SAMPAIO,195,CONJ  CASTELO BRANCO,PONTO NOVO,49045-000,GASOLINA ADITIVADA,17/09/2024,"6,27",,R$ / litro,PETROX DISTRIBUIDORA
NE,SE,ARACAJU,PETROX COMERCIAL LTDA, 05.297.480/0011-90,RUA NESTOR SAMPAIO,195,CONJ  CASTELO BRANCO,PONTO NOVO,49045-000,DIESEL S10,17/09/2024,"6,08",,R$ / litro,PETROX DISTRIBUIDORA
NE,SE,ARACAJU,PETROX COMERCIAL LTDA, 05.297.480/0011-90,RUA NESTOR SAMPAIO,195,CONJ  CASTELO BRANCO,PONTO NOVO,49045-000,ETANOL,17/09/2024,"4,75",,R$ / litro,PETROX DISTRIBUIDORA
NE,SE,ARACAJU,VASPETRO COMBUSTIVEL LTDA, 04.979.182/0001-45,AVENIDA BARAO DE MARUIM,552,,CENTRO,49010-340,GASOLINA,17/09/2024,"6,20",,R$ / litro,VIBRA
NE,SE,ARACAJU,VASPETRO COMBUSTIVEL LTDA, 04.979.182/0001-45,AVENIDA BARAO DE MARUIM,552,,CENTRO,49010-340,GASOLINA ADITIVADA,17/09/2024,"6,20",,R$ / litro,VIBRA
NE,SE,ARACAJU,GAMA E CIA LTDA, 13.007.752/0002-07,AVENIDA AUGUSTO FRANCO,2990,,PONTO NOVO,49047-040,GASOLINA,17/09/2024,"6,20",,R$ / litro,VIBRA
NE,SE,ARACAJU,GAMA E CIA LTDA, 13.007.752/0002-07,AVENIDA AUGUSTO FRANCO,2990,,PONTO NOVO,49047-040,ETANOL,17/09/2024,"4,79",,R$ / litro,VIBRA
NE,SE,ARACAJU,AUTO POSTO MAR AZUL LTDA, 04.701.795/0001-16,AVENIDA GENERAL EUCLIDES FIGUEIREDO,9,,SOLEDADE,49089-025,GASOLINA,17/09/2024,"6,25",,R$ / litro,RAIZEN
NE,SE,ARACAJU,AUTO POSTO MAR AZUL LTDA, 04.701.795/0001-16,AVENIDA GENERAL EUCLIDES FIGUEIREDO,9,,SOLEDADE,49089-025,GASOLINA ADITIVADA,17/09/2024,"6,43",,R$ / litro,RAIZEN
NE,SE,ARACAJU,AUTO POSTO MAR AZUL LTDA, 04.701.795/0001-16,AVENIDA GENERAL EUCLIDES FIGUEIREDO,9,,SOLEDADE,49089-025,DIESEL S10,17/09/2024,"6,26",,R$ / litro,RAIZEN
NE,SE,ARACAJU,AUTO POSTO MAR AZUL LTDA, 04.701.795/0001-16,AVENIDA GENERAL EUCLIDES FIGUEIREDO,9,,SOLEDADE,49089-025,ETANOL,17/09/2024,"4,89",,R$ / litro,RAIZEN
NE,SE,ARACAJU,TYRESOLES DE SERGIPE INDUSTRIA COMERCIO E SERVICOS LTDA, 13.007.828/0010-04,AVENIDA GONCALO  ROLLEMBERG LEITE,1721,,LUZIA,49045-280,GASOLINA,17/09/2024,"6,27",,R$ / litro,RAIZEN
NE,SE,ARACAJU,TYRESOLES DE SERGIPE INDUSTRIA COMERCIO E SERVICOS LTDA, 13.007.828/0010-04,AVENIDA GONCALO  ROLLEMBERG LEITE,1721,,LUZIA,49045-280,GASOLINA ADITIVADA,17/09/2024,"6,53",,R$ / litro,RAIZEN
NE,SE,ARACAJU,TYRESOLES DE SERGIPE INDUSTRIA COMERCIO E SERVICOS LTDA, 13.007.828/0010-04,AVENIDA GONCALO  ROLLEMBERG LEITE,1721,,LUZIA,49045-280,ETANOL,17/09/2024,"4,89",,R$ / litro,RAIZEN
NE,SE,ARACAJU,AUTO POSTOS ANDRADE LTDA, 13.017.447/0001-15,RUA LARANJEIRAS,760,,CENTRO,49010-000,GASOLINA,17/09/2024,"6,20",,R$ / litro,BRANCA
NE,SE,ARACAJU,AUTO POSTOS ANDRADE LTDA, 13.017.447/0001-15,RUA LARANJEIRAS,760,,CENTRO,49010-000,GASOLINA ADITIVADA,17/09/2024,"6,20",,R$ / litro,BRANCA
NE,SE,ARACAJU,AUTO POSTOS ANDRADE LTDA, 13.017.447/0001-15,RUA LARANJEIRAS,760,,CENTRO,49010-000,DIESEL S10,17/09/2024,"5,69",,R$ / litro,BRANCA
NE,SE,ARACAJU,AUTO POSTOS ANDRADE LTDA, 13.017.447/0001-15,RUA LARANJEIRAS,760,,CENTRO,49010-000,ETANOL,17/09/2024,"4,69",,R$ / litro,BRANCA
NE,SE,ARACAJU,AMARAL & CIA LTDA, 13.008.610/0001-83,RUA MARIANO SALMERON,709,,SIQUEIRA CAMPOS,49075-370,GASOLINA,17/09/2024,"6,25",,R$ / litro,VIBRA
NE,SE,ARACAJU,AMARAL & CIA LTDA, 13.008.610/0001-83,RUA MARIANO SALMERON,709,,SIQUEIRA CAMPOS,49075-370,GASOLINA ADITIVADA,17/09/2024,"6,35",,R$ / litro,VIBRA
NE,SE,ARACAJU,AMARAL & CIA LTDA, 13.008.610/0001-83,RUA MARIANO SALMERON,709,,SIQUEIRA CAMPOS,49075-370,DIESEL S10,17/09/2024,"6,28",,R$ / litro,VIBRA
NE,SE,ARACAJU,AMARAL & CIA LTDA, 13.008.610/0001-83,RUA MARIANO SALMERON,709,,SIQUEIRA CAMPOS,49075-370,ETANOL,17/09/2024,"4,88",,R$ / litro,VIBRA
NE,SE,ARACAJU,GAMA E CIA LTDA, 13.007.752/0001-26,AVENIDA TANCREDO NEVES,2551,,DISTRITO INDUSTRIAL DE ARACAJU,49095-000,GASOLINA,17/09/2024,"6,20",,R$ / litro,VIBRA
NE,SE,ARACAJU,GAMA E CIA LTDA, 13.007.752/0001-26,AVENIDA TANCREDO NEVES,2551,,DISTRITO INDUSTRIAL DE ARACAJU,49095-000,ETANOL,17/09/2024,"4,79",,R$ / litro,VIBRA
NE,SE,ARACAJU,L. V. COMERCIO DE COMBUSTIVEIS LTDA, 11.433.769/0001-10,RUA SAO CRISTOVAO,1877,,GETULIO VARGAS,49055-620,GASOLINA,17/09/2024,"6,20",,R$ / litro,BRANCA
NE,SE,ARACAJU,L. V. COMERCIO DE COMBUSTIVEIS LTDA, 11.433.769/0001-10,RUA SAO CRISTOVAO,1877,,GETULIO VARGAS,49055-620,DIESEL S10,17/09/2024,"5,69",,R$ / litro,BRANCA
NE,SE,ARACAJU,L. V. COMERCIO DE COMBUSTIVEIS LTDA, 11.433.769/0001-10,RUA SAO CRISTOVAO,1877,,GETULIO VARGAS,49055-620,ETANOL,17/09/2024,"4,69",,R$ / litro,BRANCA
NE,SE,ARACAJU,ALPHA COMERCIAL DE COMBUSTIVEIS LTDA, 08.297.710/0008-03,AVENIDA FRANCISCO PORTO,650,LOJA  BR MANIA DELICATESSE,SALGADO FILHO,49020-120,GASOLINA,17/09/2024,"6,28",,R$ / litro,VIBRA
NE,SE,ARACAJU,ALPHA COMERCIAL DE COMBUSTIVEIS LTDA, 08.297.710/0008-03,AVENIDA FRANCISCO PORTO,650,LOJA  BR MANIA DELICATESSE,SALGADO FILHO,49020-120,GASOLINA ADITIVADA,17/09/2024,"6,29",,R$ / litro,VIBRA
NE,SE,ARACAJU,ALPHA COMERCIAL DE COMBUSTIVEIS LTDA, 08.297.710/0008-03,AVENIDA FRANCISCO PORTO,650,LOJA  BR MANIA DELICATESSE,SALGADO FILHO,49020-120,ETANOL,17/09/2024,"4,98",,R$ / litro,VIBRA
NE,SE,ARACAJU,POSTO PIRANEMA LTDA, 09.258.664/0003-91,AVENIDA PREFEITO HERACLITO ROLLEMBERG,2760,,FAROLANDIA,49030-640,GASOLINA,17/09/2024,"6,27",,R$ / litro,VIBRA
NE,SE,ARACAJU,POSTO PIRANEMA LTDA, 09.258.664/0003-91,AVENIDA PREFEITO HERACLITO ROLLEMBERG,2760,,FAROLANDIA,49030-640,GASOLINA ADITIVADA,17/09/2024,"6,47",,R$ / litro,VIBRA
NE,SE,ARACAJU,POSTO PIRANEMA LTDA, 09.258.664/0003-91,AVENIDA PREFEITO HERACLITO ROLLEMBERG,2760,,FAROLANDIA,49030-640,ETANOL,17/09/2024,"4,99",,R$ / litro,VIBRA
NE,SE,ARACAJU,PETROX COMERCIAL LTDA, 05.297.480/0022-42,AVENIDA PRESIDENTE TANCREDO NEVES,4501,,JABOTIANA,49095-000,GNV,17/09/2024,"4,99",,R$ / m³,PETROX DISTRIBUIDORA
NE,SE,ARACAJU,PETROX COMERCIAL LTDA, 05.297.480/0022-42,AVENIDA PRESIDENTE TANCREDO NEVES,4501,,JABOTIANA,49095-000,GASOLINA,17/09/2024,"6,27",,R$ / litro,PETROX DISTRIBUIDORA
NE,SE,ARACAJU,PETROX COMERCIAL LTDA, 05.297.480/0022-42,AVENIDA PRESIDENTE TANCREDO NEVES,4501,,JABOTIANA,49095-000,GASOLINA ADITIVADA,17/09/2024,"6,27",,R$ / litro,PETROX DISTRIBUIDORA
NE,SE,ARACAJU,PETROX COMERCIAL LTDA, 05.297.480/0022-42,AVENIDA PRESIDENTE TANCREDO NEVES,4501,,JABOTIANA,49095-000,ETANOL,17/09/2024,"4,75",,R$ / litro,PETROX DISTRIBUIDORA
NE,SE,ARACAJU,PETROX COMERCIAL LTDA, 05.297.480/0023-23,AVENIDA CHANC OSVALDO ARANHA,3090,,OLARIA,49092-545,GNV,17/09/2024,"4,99",,R$ / m³,VIBRA
NE,SE,ARACAJU,PETROX COMERCIAL LTDA, 05.297.480/0023-23,AVENIDA CHANC OSVALDO ARANHA,3090,,OLARIA,49092-545,GASOLINA,17/09/2024,"6,27",,R$ / litro,VIBRA
NE,SE,ARACAJU,PETROX COMERCIAL LTDA, 05.297.480/0023-23,AVENIDA CHANC OSVALDO ARANHA,3090,,OLARIA,49092-545,GASOLINA ADITIVADA,17/09/2024,"6,27",,R$ / litro,VIBRA
NE,SE,ARACAJU,PETROX COMERCIAL LTDA, 05.297.480/0023-23,AVENIDA CHANC OSVALDO ARANHA,3090,,OLARIA,49092-545,ETANOL,17/09/2024,"4,75",,R$ / litro,VIBRA
NE,SE,ARACAJU,RPB AUTO POSTO LTDA, 07.075.892/0008-05,AVENIDA DEP PEDRO VALADARES,680,ANEXO O POSTO DE GASOLINA,GRAGERU,49026-115,GASOLINA,17/09/2024,"6,28",,R$ / litro,VIBRA
NE,SE,ARACAJU,RPB AUTO POSTO LTDA, 07.075.892/0008-05,AVENIDA DEP PEDRO VALADARES,680,ANEXO O POSTO DE GASOLINA,GRAGERU,49026-115,GASOLINA ADITIVADA,17/09/2024,"6,48",,R$ / litro,VIBRA
NE,SE,ARACAJU,RPB AUTO POSTO LTDA, 07.075.892/0006-43,AVENIDA PRES TANCREDO NEVES,1052,LOJA  01 POSTO DE COMBUST,JABOTIANA,49095-000,GNV,17/09/2024,"4,80",,R$ / m³,VIBRA
NE,SE,ARACAJU,RPB AUTO POSTO LTDA, 07.075.892/0006-43,AVENIDA PRES TANCREDO NEVES,1052,LOJA  01 POSTO DE COMBUST,JABOTIANA,49095-000,GASOLINA,17/09/2024,"6,27",,R$ / litro,VIBRA
NE,SE,ARACAJU,RPB AUTO POSTO LTDA, 07.075.892/0006-43,AVENIDA PRES TANCREDO NEVES,1052,LOJA  01 POSTO DE COMBUST,JABOTIANA,49095-000,GASOLINA ADITIVADA,17/09/2024,"6,47",,R$ / litro,VIBRA
NE,SE,ARACAJU,RPB AUTO POSTO LTDA, 07.075.892/0011-00,RODOVIA DOS NAUFRAGOS,9232,,SAO JOSE DOS NAUFRAGOS,49005-004,GASOLINA,17/09/2024,"6,27",,R$ / litro,VIBRA
NE,SE,ARACAJU,RPB AUTO POSTO LTDA, 07.075.892/0011-00,RODOVIA DOS NAUFRAGOS,9232,,SAO JOSE DOS NAUFRAGOS,49005-004,GASOLINA ADITIVADA,17/09/2024,"6,47",,R$ / litro,VIBRA
NE,SE,ARACAJU,PETROX COMERCIAL LTDA, 05.297.480/0010-09,RUA ESTÂNCIA,745,,CENTRO,49010-180,GASOLINA,24/09/2024,"6,27",,R$ / litro,PETROX DISTRIBUIDORA
NE,SE,ARACAJU,PETROX COMERCIAL LTDA, 05.297.480/0010-09,RUA ESTÂNCIA,745,,CENTRO,49010-180,GASOLINA ADITIVADA,24/09/2024,"6,27",,R$ / litro,PETROX DISTRIBUIDORA
NE,SE,ARACAJU,PETROX COMERCIAL LTDA, 05.297.480/0010-09,RUA ESTÂNCIA,745,,CENTRO,49010-180,DIESEL S10,24/09/2024,"6,08",,R$ / litro,PETROX DISTRIBUIDORA
NE,SE,ARACAJU,PETROX COMERCIAL LTDA, 05.297.480/0010-09,RUA ESTÂNCIA,745,,CENTRO,49010-180,ETANOL,24/09/2024,"4,75",,R$ / litro,PETROX DISTRIBUIDORA
NE,SE,ARACAJU,PETROX COMERCIAL LTDA, 05.297.480/0011-90,RUA NESTOR SAMPAIO,195,CONJ  CASTELO BRANCO,PONTO NOVO,49045-000,GASOLINA,24/09/2024,"6,27",,R$ / litro,PETROX DISTRIBUIDORA
NE,SE,ARACAJU,PETROX COMERCIAL LTDA, 05.297.480/0011-90,RUA NESTOR SAMPAIO,195,CONJ  CASTELO BRANCO,PONTO NOVO,49045-000,GASOLINA ADITIVADA,24/09/2024,"6,27",,R$ / litro,PETROX DISTRIBUIDORA
NE,SE,ARACAJU,PETROX COMERCIAL LTDA, 05.297.480/0011-90,RUA NESTOR SAMPAIO,195,CONJ  CASTELO BRANCO,PONTO NOVO,49045-000,DIESEL S10,24/09/2024,"6,08",,R$ / litro,PETROX DISTRIBUIDORA
NE,SE,ARACAJU,PETROX COMERCIAL LTDA, 05.297.480/0011-90,RUA NESTOR SAMPAIO,195,CONJ  CASTELO BRANCO,PONTO NOVO,49045-000,ETANOL,24/09/2024,"4,75",,R$ / litro,PETROX DISTRIBUIDORA
NE,SE,ARACAJU,VASPETRO COMBUSTIVEL LTDA, 04.979.182/0001-45,AVENIDA BARAO DE MARUIM,552,,CENTRO,49010-340,GASOLINA,24/09/2024,"6,20",,R$ / litro,VIBRA
NE,SE,ARACAJU,VASPETRO COMBUSTIVEL LTDA, 04.979.182/0001-45,AVENIDA BARAO DE MARUIM,552,,CENTRO,49010-340,GASOLINA ADITIVADA,24/09/2024,"6,20",,R$ / litro,VIBRA
NE,SE,ARACAJU,VASPETRO COMBUSTIVEL LTDA, 04.979.182/0001-45,AVENIDA BARAO DE MARUIM,552,,CENTRO,49010-340,ETANOL,24/09/2024,"4,99",,R$ / litro,VIBRA
NE,SE,ARACAJU,GAMA E CIA LTDA, 13.007.752/0002-07,AVENIDA AUGUSTO FRANCO,2990,,PONTO NOVO,49047-040,GASOLINA,24/09/2024,"6,20",,R$ / litro,VIBRA
NE,SE,ARACAJU,GAMA E CIA LTDA, 13.007.752/0002-07,AVENIDA AUGUSTO FRANCO,2990,,PONTO NOVO,49047-040,ETANOL,24/09/2024,"4,75",,R$ / litro,VIBRA
NE,SE,ARACAJU,AUTO POSTO MAR AZUL LTDA, 04.701.795/0001-16,AVENIDA GENERAL EUCLIDES FIGUEIREDO,9,,SOLEDADE,49089-025,GASOLINA,24/09/2024,"6,24",,R$ / litro,RAIZEN
NE,SE,ARACAJU,AUTO POSTO MAR AZUL LTDA, 04.701.795/0001-16,AVENIDA GENERAL EUCLIDES FIGUEIREDO,9,,SOLEDADE,49089-025,GASOLINA ADITIVADA,24/09/2024,"6,42",,R$ / litro,RAIZEN
NE,SE,ARACAJU,AUTO POSTO MAR AZUL LTDA, 04.701.795/0001-16,AVENIDA GENERAL EUCLIDES FIGUEIREDO,9,,SOLEDADE,49089-025,DIESEL S10,24/09/2024,"6,26",,R$ / litro,RAIZEN
NE,SE,ARACAJU,AUTO POSTO MAR AZUL LTDA, 04.701.795/0001-16,AVENIDA GENERAL EUCLIDES FIGUEIREDO,9,,SOLEDADE,49089-025,ETANOL,24/09/2024,"4,89",,R$ / litro,RAIZEN
NE,SE,ARACAJU,TYRESOLES DE SERGIPE INDUSTRIA COMERCIO E SERVICOS LTDA, 13.007.828/0010-04,AVENIDA GONCALO  ROLLEMBERG LEITE,1721,,LUZIA,49045-280,GASOLINA,24/09/2024,"6,27",,R$ / litro,RAIZEN
NE,SE,ARACAJU,TYRESOLES DE SERGIPE INDUSTRIA COMERCIO E SERVICOS LTDA, 13.007.828/0010-04,AVENIDA GONCALO  ROLLEMBERG LEITE,1721,,LUZIA,49045-280,GASOLINA ADITIVADA,24/09/2024,"6,53",,R$ / litro,RAIZEN
NE,SE,ARACAJU,TYRESOLES DE SERGIPE INDUSTRIA COMERCIO E SERVICOS LTDA, 13.007.828/0010-04,AVENIDA GONCALO  ROLLEMBERG LEITE,1721,,LUZIA,49045-280,ETANOL,24/09/2024,"4,69",,R$ / litro,RAIZEN
NE,SE,ARACAJU,AUTO POSTOS ANDRADE LTDA, 13.017.447/0001-15,RUA LARANJEIRAS,760,,CENTRO,49010-000,GASOLINA,24/09/2024,"6,20",,R$ / litro,BRANCA
NE,SE,ARACAJU,AUTO POSTOS ANDRADE LTDA, 13.017.447/0001-15,RUA LARANJEIRAS,760,,CENTRO,49010-000,GASOLINA ADITIVADA,24/09/2024,"6,20",,R$ / litro,BRANCA
NE,SE,ARACAJU,AUTO POSTOS ANDRADE LTDA, 13.017.447/0001-15,RUA LARANJEIRAS,760,,CENTRO,49010-000,DIESEL S10,24/09/2024,"5,69",,R$ / litro,BRANCA
NE,SE,ARACAJU,AUTO POSTOS ANDRADE LTDA, 13.017.447/0001-15,RUA LARANJEIRAS,760,,CENTRO,49010-000,ETANOL,24/09/2024,"4,59",,R$ / litro,BRANCA
NE,SE,ARACAJU,AMARAL & CIA LTDA, 13.008.610/0001-83,RUA MARIANO SALMERON,709,,SIQUEIRA CAMPOS,49075-370,GASOLINA,24/09/2024,"6,25",,R$ / litro,VIBRA
NE,SE,ARACAJU,AMARAL & CIA LTDA, 13.008.610/0001-83,RUA MARIANO SALMERON,709,,SIQUEIRA CAMPOS,49075-370,GASOLINA ADITIVADA,24/09/2024,"6,35",,R$ / litro,VIBRA
NE,SE,ARACAJU,AMARAL & CIA LTDA, 13.008.610/0001-83,RUA MARIANO SALMERON,709,,SIQUEIRA CAMPOS,49075-370,DIESEL S10,24/09/2024,"6,28",,R$ / litro,VIBRA
NE,SE,ARACAJU,AMARAL & CIA LTDA, 13.008.610/0001-83,RUA MARIANO SALMERON,709,,SIQUEIRA CAMPOS,49075-370,ETANOL,24/09/2024,"4,88",,R$ / litro,VIBRA
NE,SE,ARACAJU,GAMA E CIA LTDA, 13.007.752/0001-26,AVENIDA TANCREDO NEVES,2551,,DISTRITO INDUSTRIAL DE ARACAJU,49095-000,GASOLINA,24/09/2024,"6,20",,R$ / litro,VIBRA
NE,SE,ARACAJU,GAMA E CIA LTDA, 13.007.752/0001-26,AVENIDA TANCREDO NEVES,2551,,DISTRITO INDUSTRIAL DE ARACAJU,49095-000,ETANOL,24/09/2024,"4,75",,R$ / litro,VIBRA
NE,SE,ARACAJU,L. V. COMERCIO DE COMBUSTIVEIS LTDA, 11.433.769/0001-10,RUA SAO CRISTOVAO,1877,,GETULIO VARGAS,49055-620,GASOLINA,24/09/2024,"6,20",,R$ / litro,BRANCA
NE,SE,ARACAJU,L. V. COMERCIO DE COMBUSTIVEIS LTDA, 11.433.769/0001-10,RUA SAO CRISTOVAO,1877,,GETULIO VARGAS,49055-620,DIESEL S10,24/09/2024,"5,69",,R$ / litro,BRANCA
NE,SE,ARACAJU,L. V. COMERCIO DE COMBUSTIVEIS LTDA, 11.433.769/0001-10,RUA SAO CRISTOVAO,1877,,GETULIO VARGAS,49055-620,ETANOL,24/09/2024,"4,69",,R$ / litro,BRANCA
NE,SE,ARACAJU,ALPHA COMERCIAL DE COMBUSTIVEIS LTDA, 08.297.710/0008-03,AVENIDA FRANCISCO PORTO,650,LOJA  BR MANIA DELICATESSE,SALGADO FILHO,49020-120,GASOLINA,24/09/2024,"6,28",,R$ / litro,VIBRA
NE,SE,ARACAJU,ALPHA COMERCIAL DE COMBUSTIVEIS LTDA, 08.297.710/0008-03,AVENIDA FRANCISCO PORTO,650,LOJA  BR MANIA DELICATESSE,SALGADO FILHO,49020-120,GASOLINA ADITIVADA,24/09/2024,"6,30",,R$ / litro,VIBRA
NE,SE,ARACAJU,ALPHA COMERCIAL DE COMBUSTIVEIS LTDA, 08.297.710/0008-03,AVENIDA FRANCISCO PORTO,650,LOJA  BR MANIA DELICATESSE,SALGADO FILHO,49020-120,ETANOL,24/09/2024,"4,89",,R$ / litro,VIBRA
NE,SE,ARACAJU,POSTO PIRANEMA LTDA, 09.258.664/0003-91,AVENIDA PREFEITO HERACLITO ROLLEMBERG,2760,,FAROLANDIA,49030-640,GASOLINA,24/09/2024,"6,27",,R$ / litro,VIBRA
NE,SE,ARACAJU,POSTO PIRANEMA LTDA, 09.258.664/0003-91,AVENIDA PREFEITO HERACLITO ROLLEMBERG,2760,,FAROLANDIA,49030-640,GASOLINA ADITIVADA,24/09/2024,"6,47",,R$ / litro,VIBRA
NE,SE,ARACAJU,POSTO PIRANEMA LTDA, 09.258.664/0003-91,AVENIDA PREFEITO HERACLITO ROLLEMBERG,2760,,FAROLANDIA,49030-640,ETANOL,24/09/2024,"4,99",,R$ / litro,VIBRA
NE,SE,ARACAJU,PETROX COMERCIAL LTDA, 05.297.480/0022-42,AVENIDA PRESIDENTE TANCREDO NEVES,4501,,JABOTIANA,49095-000,GNV,24/09/2024,"4,99",,R$ / m³,PETROX DISTRIBUIDORA
NE,SE,ARACAJU,PETROX COMERCIAL LTDA, 05.297.480/0022-42,AVENIDA PRESIDENTE TANCREDO NEVES,4501,,JABOTIANA,49095-000,GASOLINA,24/09/2024,"6,27",,R$ / litro,PETROX DISTRIBUIDORA
NE,SE,ARACAJU,PETROX COMERCIAL LTDA, 05.297.480/0022-42,AVENIDA PRESIDENTE TANCREDO NEVES,4501,,JABOTIANA,49095-000,GASOLINA ADITIVADA,24/09/2024,"6,27",,R$ / litro,PETROX DISTRIBUIDORA
NE,SE,ARACAJU,PETROX COMERCIAL LTDA, 05.297.480/0022-42,AVENIDA PRESIDENTE TANCREDO NEVES,4501,,JABOTIANA,49095-000,ETANOL,24/09/2024,"4,75",,R$ / litro,PETROX DISTRIBUIDORA
NE,SE,ARACAJU,PETROX COMERCIAL LTDA, 05.297.480/0023-23,AVENIDA CHANC OSVALDO ARANHA,3090,,OLARIA,49092-545,GNV,24/09/2024,"4,99",,R$ / m³,VIBRA
NE,SE,ARACAJU,PETROX COMERCIAL LTDA, 05.297.480/0023-23,AVENIDA CHANC OSVALDO ARANHA,3090,,OLARIA,49092-545,GASOLINA,24/09/2024,"6,27",,R$ / litro,VIBRA
NE,SE,ARACAJU,PETROX COMERCIAL LTDA, 05.297.480/0023-23,AVENIDA CHANC OSVALDO ARANHA,3090,,OLARIA,49092-545,GASOLINA ADITIVADA,24/09/2024,"6,27",,R$ / litro,VIBRA
NE,SE,ARACAJU,PETROX COMERCIAL LTDA, 05.297.480/0023-23,AVENIDA CHANC OSVALDO ARANHA,3090,,OLARIA,49092-545,ETANOL,24/09/2024,"4,75",,R$ / litro,VIBRA
NE,SE,ARACAJU,RPB AUTO POSTO LTDA, 07.075.892/0008-05,AVENIDA DEP PEDRO VALADARES,680,ANEXO O POSTO DE GASOLINA,GRAGERU,49026-115,GASOLINA,24/09/2024,"6,27",,R$ / litro,VIBRA
NE,SE,ARACAJU,RPB AUTO POSTO LTDA, 07.075.892/0008-05,AVENIDA DEP PEDRO VALADARES,680,ANEXO O POSTO DE GASOLINA,GRAGERU,49026-115,GASOLINA ADITIVADA,24/09/2024,"6,47",,R$ / litro,VIBRA
NE,SE,ARACAJU,RPB AUTO POSTO LTDA, 07.075.892/0006-43,AVENIDA PRES TANCREDO NEVES,1052,LOJA  01 POSTO DE COMBUST,JABOTIANA,49095-000,GNV,24/09/2024,"4,80",,R$ / m³,VIBRA
NE,SE,ARACAJU,RPB AUTO POSTO LTDA, 07.075.892/0006-43,AVENIDA PRES TANCREDO NEVES,1052,LOJA  01 POSTO DE COMBUST,JABOTIANA,49095-000,GASOLINA,24/09/2024,"6,25",,R$ / litro,VIBRA
NE,SE,ARACAJU,RPB AUTO POSTO LTDA, 07.075.892/0006-43,AVENIDA PRES TANCREDO NEVES,1052,LOJA  01 POSTO DE COMBUST,JABOTIANA,49095-000,GASOLINA ADITIVADA,24/09/2024,"6,45",,R$ / litro,VIBRA
NE,SE,ARACAJU,RPB AUTO POSTO LTDA, 07.075.892/0011-00,RODOVIA DOS NAUFRAGOS,9232,,SAO JOSE DOS NAUFRAGOS,49005-004,GASOLINA,24/09/2024,"6,27",,R$ / litro,VIBRA
NE,SE,ARACAJU,RPB AUTO POSTO LTDA, 07.075.892/0011-00,RODOVIA DOS NAUFRAGOS,9232,,SAO JOSE DOS NAUFRAGOS,49005-004,GASOLINA ADITIVADA,24/09/2024,"6,47",,R$ / litro,VIBRA
NE,SE,ARACAJU,PETROX COMERCIAL LTDA, 05.297.480/0010-09,RUA ESTÂNCIA,745,,CENTRO,49010-180,GASOLINA,30/09/2024,"6,27",,R$ / litro,PETROX DISTRIBUIDORA
NE,SE,ARACAJU,PETROX COMERCIAL LTDA, 05.297.480/0010-09,RUA ESTÂNCIA,745,,CENTRO,49010-180,GASOLINA ADITIVADA,30/09/2024,"6,27",,R$ / litro,PETROX DISTRIBUIDORA
NE,SE,ARACAJU,PETROX COMERCIAL LTDA, 05.297.480/0010-09,RUA ESTÂNCIA,745,,CENTRO,49010-180,DIESEL S10,30/09/2024,"6,08",,R$ / litro,PETROX DISTRIBUIDORA
NE,SE,ARACAJU,PETROX COMERCIAL LTDA, 05.297.480/0010-09,RUA ESTÂNCIA,745,,CENTRO,49010-180,ETANOL,30/09/2024,"4,75",,R$ / litro,PETROX DISTRIBUIDORA
NE,SE,ARACAJU,PETROX COMERCIAL LTDA, 05.297.480/0011-90,RUA NESTOR SAMPAIO,195,CONJ  CASTELO BRANCO,PONTO NOVO,49045-000,GASOLINA,30/09/2024,"6,27",,R$ / litro,PETROX DISTRIBUIDORA
NE,SE,ARACAJU,PETROX COMERCIAL LTDA, 05.297.480/0011-90,RUA NESTOR SAMPAIO,195,CONJ  CASTELO BRANCO,PONTO NOVO,49045-000,GASOLINA ADITIVADA,30/09/2024,"6,27",,R$ / litro,PETROX DISTRIBUIDORA
NE,SE,ARACAJU,PETROX COMERCIAL LTDA, 05.297.480/0011-90,RUA NESTOR SAMPAIO,195,CONJ  CASTELO BRANCO,PONTO NOVO,49045-000,DIESEL S10,30/09/2024,"6,08",,R$ / litro,PETROX DISTRIBUIDORA
NE,SE,ARACAJU,PETROX COMERCIAL LTDA, 05.297.480/0011-90,RUA NESTOR SAMPAIO,195,CONJ  CASTELO BRANCO,PONTO NOVO,49045-000,ETANOL,30/09/2024,"4,75",,R$ / litro,PETROX DISTRIBUIDORA
NE,SE,ARACAJU,VASPETRO COMBUSTIVEL LTDA, 04.979.182/0001-45,AVENIDA BARAO DE MARUIM,552,,CENTRO,49010-340,GASOLINA,30/09/2024,"6,20",,R$ / litro,VIBRA
NE,SE,ARACAJU,VASPETRO COMBUSTIVEL LTDA, 04.979.182/0001-45,AVENIDA BARAO DE MARUIM,552,,CENTRO,49010-340,GASOLINA ADITIVADA,30/09/2024,"6,20",,R$ / litro,VIBRA
NE,SE,ARACAJU,VASPETRO COMBUSTIVEL LTDA, 04.979.182/0001-45,AVENIDA BARAO DE MARUIM,552,,CENTRO,49010-340,ETANOL,30/09/2024,"4,99",,R$ / litro,VIBRA
NE,SE,ARACAJU,GAMA E CIA LTDA, 13.007.752/0002-07,AVENIDA AUGUSTO FRANCO,2990,,PONTO NOVO,49047-040,GASOLINA,30/09/2024,"6,20",,R$ / litro,VIBRA
NE,SE,ARACAJU,GAMA E CIA LTDA, 13.007.752/0002-07,AVENIDA AUGUSTO FRANCO,2990,,PONTO NOVO,49047-040,ETANOL,30/09/2024,"4,59",,R$ / litro,VIBRA
NE,SE,ARACAJU,AUTO POSTO MAR AZUL LTDA, 04.701.795/0001-16,AVENIDA GENERAL EUCLIDES FIGUEIREDO,9,,SOLEDADE,49089-025,GASOLINA,30/09/2024,"6,24",,R$ / litro,RAIZEN
NE,SE,ARACAJU,AUTO POSTO MAR AZUL LTDA, 04.701.795/0001-16,AVENIDA GENERAL EUCLIDES FIGUEIREDO,9,,SOLEDADE,49089-025,GASOLINA ADITIVADA,30/09/2024,"6,42",,R$ / litro,RAIZEN
NE,SE,ARACAJU,AUTO POSTO MAR AZUL LTDA, 04.701.795/0001-16,AVENIDA GENERAL EUCLIDES FIGUEIREDO,9,,SOLEDADE,49089-025,DIESEL S10,30/09/2024,"6,26",,R$ / litro,RAIZEN
NE,SE,ARACAJU,AUTO POSTO MAR AZUL LTDA, 04.701.795/0001-16,AVENIDA GENERAL EUCLIDES FIGUEIREDO,9,,SOLEDADE,49089-025,ETANOL,30/09/2024,"4,89",,R$ / litro,RAIZEN
NE,SE,ARACAJU,TYRESOLES DE SERGIPE INDUSTRIA COMERCIO E SERVICOS LTDA, 13.007.828/0010-04,AVENIDA GONCALO  ROLLEMBERG LEITE,1721,,LUZIA,49045-280,GASOLINA,30/09/2024,"6,27",,R$ / litro,RAIZEN
NE,SE,ARACAJU,TYRESOLES DE SERGIPE INDUSTRIA COMERCIO E SERVICOS LTDA, 13.007.828/0010-04,AVENIDA GONCALO  ROLLEMBERG LEITE,1721,,LUZIA,49045-280,GASOLINA ADITIVADA,30/09/2024,"6,53",,R$ / litro,RAIZEN
NE,SE,ARACAJU,TYRESOLES DE SERGIPE INDUSTRIA COMERCIO E SERVICOS LTDA, 13.007.828/0010-04,AVENIDA GONCALO  ROLLEMBERG LEITE,1721,,LUZIA,49045-280,ETANOL,30/09/2024,"4,69",,R$ / litro,RAIZEN
NE,SE,ARACAJU,AUTO POSTOS ANDRADE LTDA, 13.017.447/0001-15,RUA LARANJEIRAS,760,,CENTRO,49010-000,GASOLINA,30/09/2024,"6,20",,R$ / litro,BRANCA
NE,SE,ARACAJU,AUTO POSTOS ANDRADE LTDA, 13.017.447/0001-15,RUA LARANJEIRAS,760,,CENTRO,49010-000,GASOLINA ADITIVADA,30/09/2024,"6,20",,R$ / litro,BRANCA
NE,SE,ARACAJU,AUTO POSTOS ANDRADE LTDA, 13.017.447/0001-15,RUA LARANJEIRAS,760,,CENTRO,49010-000,DIESEL S10,30/09/2024,"5,69",,R$ / litro,BRANCA
NE,SE,ARACAJU,AUTO POSTOS ANDRADE LTDA, 13.017.447/0001-15,RUA LARANJEIRAS,760,,CENTRO,49010-000,ETANOL,30/09/2024,"4,49",,R$ / litro,BRANCA
NE,SE,ARACAJU,AMARAL & CIA LTDA, 13.008.610/0001-83,RUA MARIANO SALMERON,709,,SIQUEIRA CAMPOS,49075-370,GASOLINA,30/09/2024,"6,25",,R$ / litro,VIBRA
NE,SE,ARACAJU,AMARAL & CIA LTDA, 13.008.610/0001-83,RUA MARIANO SALMERON,709,,SIQUEIRA CAMPOS,49075-370,GASOLINA ADITIVADA,30/09/2024,"6,35",,R$ / litro,VIBRA
NE,SE,ARACAJU,AMARAL & CIA LTDA, 13.008.610/0001-83,RUA MARIANO SALMERON,709,,SIQUEIRA CAMPOS,49075-370,DIESEL S10,30/09/2024,"6,28",,R$ / litro,VIBRA
NE,SE,ARACAJU,AMARAL & CIA LTDA, 13.008.610/0001-83,RUA MARIANO SALMERON,709,,SIQUEIRA CAMPOS,49075-370,ETANOL,30/09/2024,"4,79",,R$ / litro,VIBRA
NE,SE,ARACAJU,GAMA E CIA LTDA, 13.007.752/0001-26,AVENIDA TANCREDO NEVES,2551,,DISTRITO INDUSTRIAL DE ARACAJU,49095-000,GASOLINA,30/09/2024,"6,20",,R$ / litro,VIBRA
NE,SE,ARACAJU,GAMA E CIA LTDA, 13.007.752/0001-26,AVENIDA TANCREDO NEVES,2551,,DISTRITO INDUSTRIAL DE ARACAJU,49095-000,ETANOL,30/09/2024,"4,59",,R$ / litro,VIBRA
NE,SE,ARACAJU,L. V. COMERCIO DE COMBUSTIVEIS LTDA, 11.433.769/0001-10,RUA SAO CRISTOVAO,1877,,GETULIO VARGAS,49055-620,DIESEL S10,30/09/2024,"5,69",,R$ / litro,BRANCA
NE,SE,ARACAJU,L. V. COMERCIO DE COMBUSTIVEIS LTDA, 11.433.769/0001-10,RUA SAO CRISTOVAO,1877,,GETULIO VARGAS,49055-620,ETANOL,30/09/2024,"4,69",,R$ / litro,BRANCA
NE,SE,ARACAJU,L. V. COMERCIO DE COMBUSTIVEIS LTDA, 11.433.769/0001-10,RUA SAO CRISTOVAO,1877,,GETULIO VARGAS,49055-620,GASOLINA,30/09/2024,"6,20",,R$ / litro,BRANCA
NE,SE,ARACAJU,ALPHA COMERCIAL DE COMBUSTIVEIS LTDA, 08.297.710/0008-03,AVENIDA FRANCISCO PORTO,650,LOJA  BR MANIA DELICATESSE,SALGADO FILHO,49020-120,GASOLINA,30/09/2024,"6,28",,R$ / litro,VIBRA
NE,SE,ARACAJU,ALPHA COMERCIAL DE COMBUSTIVEIS LTDA, 08.297.710/0008-03,AVENIDA FRANCISCO PORTO,650,LOJA  BR MANIA DELICATESSE,SALGADO FILHO,49020-120,GASOLINA ADITIVADA,30/09/2024,"6,30",,R$ / litro,VIBRA
NE,SE,ARACAJU,ALPHA COMERCIAL DE COMBUSTIVEIS LTDA, 08.297.710/0008-03,AVENIDA FRANCISCO PORTO,650,LOJA  BR MANIA DELICATESSE,SALGADO FILHO,49020-120,ETANOL,30/09/2024,"4,89",,R$ / litro,VIBRA
NE,SE,ARACAJU,POSTO PIRANEMA LTDA, 09.258.664/0003-91,AVENIDA PREFEITO HERACLITO ROLLEMBERG,2760,,FAROLANDIA,49030-640,GASOLINA,30/09/2024,"6,27",,R$ / litro,VIBRA
NE,SE,ARACAJU,POSTO PIRANEMA LTDA, 09.258.664/0003-91,AVENIDA PREFEITO HERACLITO ROLLEMBERG,2760,,FAROLANDIA,49030-640,GASOLINA ADITIVADA,30/09/2024,"6,47",,R$ / litro,VIBRA
NE,SE,ARACAJU,POSTO PIRANEMA LTDA, 09.258.664/0003-91,AVENIDA PREFEITO HERACLITO ROLLEMBERG,2760,,FAROLANDIA,49030-640,ETANOL,30/09/2024,"4,99",,R$ / litro,VIBRA
NE,SE,ARACAJU,PETROX COMERCIAL LTDA, 05.297.480/0022-42,AVENIDA PRESIDENTE TANCREDO NEVES,4501,,JABOTIANA,49095-000,GNV,30/09/2024,"4,99",,R$ / m³,PETROX DISTRIBUIDORA
NE,SE,ARACAJU,PETROX COMERCIAL LTDA, 05.297.480/0022-42,AVENIDA PRESIDENTE TANCREDO NEVES,4501,,JABOTIANA,49095-000,GASOLINA,30/09/2024,"6,27",,R$ / litro,PETROX DISTRIBUIDORA
NE,SE,ARACAJU,PETROX COMERCIAL LTDA, 05.297.480/0022-42,AVENIDA PRESIDENTE TANCREDO NEVES,4501,,JABOTIANA,49095-000,GASOLINA ADITIVADA,30/09/2024,"6,27",,R$ / litro,PETROX DISTRIBUIDORA
NE,SE,ARACAJU,PETROX COMERCIAL LTDA, 05.297.480/0022-42,AVENIDA PRESIDENTE TANCREDO NEVES,4501,,JABOTIANA,49095-000,ETANOL,30/09/2024,"4,75",,R$ / litro,PETROX DISTRIBUIDORA
NE,SE,ARACAJU,PETROX COMERCIAL LTDA, 05.297.480/0023-23,AVENIDA CHANC OSVALDO ARANHA,3090,,OLARIA,49092-545,GNV,30/09/2024,"4,80",,R$ / m³,VIBRA
NE,SE,ARACAJU,PETROX COMERCIAL LTDA, 05.297.480/0023-23,AVENIDA CHANC OSVALDO ARANHA,3090,,OLARIA,49092-545,GASOLINA,30/09/2024,"6,27",,R$ / litro,VIBRA
NE,SE,ARACAJU,PETROX COMERCIAL LTDA, 05.297.480/0023-23,AVENIDA CHANC OSVALDO ARANHA,3090,,OLARIA,49092-545,GASOLINA ADITIVADA,30/09/2024,"6,27",,R$ / litro,VIBRA
NE,SE,ARACAJU,PETROX COMERCIAL LTDA, 05.297.480/0023-23,AVENIDA CHANC OSVALDO ARANHA,3090,,OLARIA,49092-545,ETANOL,30/09/2024,"4,75",,R$ / litro,VIBRA
NE,SE,ARACAJU,RPB AUTO POSTO LTDA, 07.075.892/0008-05,AVENIDA DEP PEDRO VALADARES,680,ANEXO O POSTO DE GASOLINA,GRAGERU,49026-115,GASOLINA,30/09/2024,"6,27",,R$ / litro,VIBRA
NE,SE,ARACAJU,RPB AUTO POSTO LTDA, 07.075.892/0008-05,AVENIDA DEP PEDRO VALADARES,680,ANEXO O POSTO DE GASOLINA,GRAGERU,49026-115,GASOLINA ADITIVADA,30/09/2024,"6,47",,R$ / litro,VIBRA
NE,SE,ARACAJU,RPB AUTO POSTO LTDA, 07.075.892/0006-43,AVENIDA PRES TANCREDO NEVES,1052,LOJA  01 POSTO DE COMBUST,JABOTIANA,49095-000,GNV,30/09/2024,"4,80",,R$ / m³,VIBRA
NE,SE,ARACAJU,RPB AUTO POSTO LTDA, 07.075.892/0006-43,AVENIDA PRES TANCREDO NEVES,1052,LOJA  01 POSTO DE COMBUST,JABOTIANA,49095-000,GASOLINA,30/09/2024,"6,25",,R$ / litro,VIBRA
NE,SE,ARACAJU,RPB AUTO POSTO LTDA, 07.075.892/0006-43,AVENIDA PRES TANCREDO NEVES,1052,LOJA  01 POSTO DE COMBUST,JABOTIANA,49095-000,GASOLINA ADITIVADA,30/09/2024,"6,45",,R$ / litro,VIBRA
NE,SE,ARACAJU,RPB AUTO POSTO LTDA, 07.075.892/0011-00,RODOVIA DOS NAUFRAGOS,9232,,SAO JOSE DOS NAUFRAGOS,49005-004,GASOLINA,30/09/2024,"6,27",,R$ / litro,VIBRA
NE,SE,ARACAJU,RPB AUTO POSTO LTDA, 07.075.892/0011-00,RODOVIA DOS NAUFRAGOS,9232,,SAO JOSE DOS NAUFRAGOS,49005-004,GASOLINA ADITIVADA,30/09/2024,"6,47",,R$ / litro,VIBRA
NE,SE,ARACAJU,PETROX COMERCIAL LTDA, 05.297.480/0010-09,RUA ESTÂNCIA,745,,CENTRO,49010-180,GASOLINA,07/10/2024,"6,27",,R$ / litro,PETROX DISTRIBUIDORA
NE,SE,ARACAJU,PETROX COMERCIAL LTDA, 05.297.480/0010-09,RUA ESTÂNCIA,745,,CENTRO,49010-180,GASOLINA ADITIVADA,07/10/2024,"6,27",,R$ / litro,PETROX DISTRIBUIDORA
NE,SE,ARACAJU,PETROX COMERCIAL LTDA, 05.297.480/0010-09,RUA ESTÂNCIA,745,,CENTRO,49010-180,DIESEL S10,07/10/2024,"6,08",,R$ / litro,PETROX DISTRIBUIDORA
NE,SE,ARACAJU,PETROX COMERCIAL LTDA, 05.297.480/0010-09,RUA ESTÂNCIA,745,,CENTRO,49010-180,ETANOL,07/10/2024,"4,57",,R$ / litro,PETROX DISTRIBUIDORA
NE,SE,ARACAJU,PETROX COMERCIAL LTDA, 05.297.480/0011-90,RUA NESTOR SAMPAIO,195,CONJ  CASTELO BRANCO,PONTO NOVO,49045-000,GASOLINA,07/10/2024,"6,27",,R$ / litro,PETROX DISTRIBUIDORA
NE,SE,ARACAJU,PETROX COMERCIAL LTDA, 05.297.480/0011-90,RUA NESTOR SAMPAIO,195,CONJ  CASTELO BRANCO,PONTO NOVO,49045-000,GASOLINA ADITIVADA,07/10/2024,"6,27",,R$ / litro,PETROX DISTRIBUIDORA
NE,SE,ARACAJU,PETROX COMERCIAL LTDA, 05.297.480/0011-90,RUA NESTOR SAMPAIO,195,CONJ  CASTELO BRANCO,PONTO NOVO,49045-000,DIESEL S10,07/10/2024,"6,08",,R$ / litro,PETROX DISTRIBUIDORA
NE,SE,ARACAJU,PETROX COMERCIAL LTDA, 05.297.480/0011-90,RUA NESTOR SAMPAIO,195,CONJ  CASTELO BRANCO,PONTO NOVO,49045-000,ETANOL,07/10/2024,"4,57",,R$ / litro,PETROX DISTRIBUIDORA
NE,SE,ARACAJU,VASPETRO COMBUSTIVEL LTDA, 04.979.182/0001-45,AVENIDA BARAO DE MARUIM,552,,CENTRO,49010-340,GASOLINA,07/10/2024,"6,20",,R$ / litro,VIBRA
NE,SE,ARACAJU,VASPETRO COMBUSTIVEL LTDA, 04.979.182/0001-45,AVENIDA BARAO DE MARUIM,552,,CENTRO,49010-340,GASOLINA ADITIVADA,07/10/2024,"6,20",,R$ / litro,VIBRA
NE,SE,ARACAJU,VASPETRO COMBUSTIVEL LTDA, 04.979.182/0001-45,AVENIDA BARAO DE MARUIM,552,,CENTRO,49010-340,ETANOL,07/10/2024,"4,79",,R$ / litro,VIBRA
NE,SE,ARACAJU,GAMA E CIA LTDA, 13.007.752/0002-07,AVENIDA AUGUSTO FRANCO,2990,,PONTO NOVO,49047-040,GASOLINA,07/10/2024,"6,20",,R$ / litro,VIBRA
NE,SE,ARACAJU,GAMA E CIA LTDA, 13.007.752/0002-07,AVENIDA AUGUSTO FRANCO,2990,,PONTO NOVO,49047-040,ETANOL,07/10/2024,"4,59",,R$ / litro,VIBRA
NE,SE,ARACAJU,AUTO POSTO MAR AZUL LTDA, 04.701.795/0001-16,AVENIDA GENERAL EUCLIDES FIGUEIREDO,9,,SOLEDADE,49089-025,GASOLINA,07/10/2024,"6,22",,R$ / litro,RAIZEN
NE,SE,ARACAJU,AUTO POSTO MAR AZUL LTDA, 04.701.795/0001-16,AVENIDA GENERAL EUCLIDES FIGUEIREDO,9,,SOLEDADE,49089-025,GASOLINA ADITIVADA,07/10/2024,"6,39",,R$ / litro,RAIZEN
NE,SE,ARACAJU,AUTO POSTO MAR AZUL LTDA, 04.701.795/0001-16,AVENIDA GENERAL EUCLIDES FIGUEIREDO,9,,SOLEDADE,49089-025,DIESEL S10,07/10/2024,"6,22",,R$ / litro,RAIZEN
NE,SE,ARACAJU,AUTO POSTO MAR AZUL LTDA, 04.701.795/0001-16,AVENIDA GENERAL EUCLIDES FIGUEIREDO,9,,SOLEDADE,49089-025,ETANOL,07/10/2024,"4,89",,R$ / litro,RAIZEN
NE,SE,ARACAJU,TYRESOLES DE SERGIPE INDUSTRIA COMERCIO E SERVICOS LTDA, 13.007.828/0010-04,AVENIDA GONCALO  ROLLEMBERG LEITE,1721,,LUZIA,49045-280,GASOLINA,07/10/2024,"6,27",,R$ / litro,RAIZEN
NE,SE,ARACAJU,TYRESOLES DE SERGIPE INDUSTRIA COMERCIO E SERVICOS LTDA, 13.007.828/0010-04,AVENIDA GONCALO  ROLLEMBERG LEITE,1721,,LUZIA,49045-280,GASOLINA ADITIVADA,07/10/2024,"6,53",,R$ / litro,RAIZEN
NE,SE,ARACAJU,TYRESOLES DE SERGIPE INDUSTRIA COMERCIO E SERVICOS LTDA, 13.007.828/0010-04,AVENIDA GONCALO  ROLLEMBERG LEITE,1721,,LUZIA,49045-280,ETANOL,07/10/2024,"4,69",,R$ / litro,RAIZEN
NE,SE,ARACAJU,AUTO POSTOS ANDRADE LTDA, 13.017.447/0001-15,RUA LARANJEIRAS,760,,CENTRO,49010-000,GASOLINA,07/10/2024,"6,20",,R$ / litro,BRANCA
NE,SE,ARACAJU,AUTO POSTOS ANDRADE LTDA, 13.017.447/0001-15,RUA LARANJEIRAS,760,,CENTRO,49010-000,GASOLINA ADITIVADA,07/10/2024,"6,20",,R$ / litro,BRANCA
NE,SE,ARACAJU,AUTO POSTOS ANDRADE LTDA, 13.017.447/0001-15,RUA LARANJEIRAS,760,,CENTRO,49010-000,DIESEL S10,07/10/2024,"5,69",,R$ / litro,BRANCA
NE,SE,ARACAJU,AUTO POSTOS ANDRADE LTDA, 13.017.447/0001-15,RUA LARANJEIRAS,760,,CENTRO,49010-000,ETANOL,07/10/2024,"4,49",,R$ / litro,BRANCA
NE,SE,ARACAJU,AMARAL & CIA LTDA, 13.008.610/0001-83,RUA MARIANO SALMERON,709,,SIQUEIRA CAMPOS,49075-370,GASOLINA,07/10/2024,"6,25",,R$ / litro,VIBRA
NE,SE,ARACAJU,AMARAL & CIA LTDA, 13.008.610/0001-83,RUA MARIANO SALMERON,709,,SIQUEIRA CAMPOS,49075-370,GASOLINA ADITIVADA,07/10/2024,"6,35",,R$ / litro,VIBRA
NE,SE,ARACAJU,AMARAL & CIA LTDA, 13.008.610/0001-83,RUA MARIANO SALMERON,709,,SIQUEIRA CAMPOS,49075-370,DIESEL S10,07/10/2024,"6,28",,R$ / litro,VIBRA
NE,SE,ARACAJU,AMARAL & CIA LTDA, 13.008.610/0001-83,RUA MARIANO SALMERON,709,,SIQUEIRA CAMPOS,49075-370,ETANOL,07/10/2024,"4,79",,R$ / litro,VIBRA
NE,SE,ARACAJU,GAMA E CIA LTDA, 13.007.752/0001-26,AVENIDA TANCREDO NEVES,2551,,DISTRITO INDUSTRIAL DE ARACAJU,49095-000,GASOLINA,07/10/2024,"6,20",,R$ / litro,VIBRA
NE,SE,ARACAJU,GAMA E CIA LTDA, 13.007.752/0001-26,AVENIDA TANCREDO NEVES,2551,,DISTRITO INDUSTRIAL DE ARACAJU,49095-000,ETANOL,07/10/2024,"4,59",,R$ / litro,VIBRA
NE,SE,ARACAJU,L. V. COMERCIO DE COMBUSTIVEIS LTDA, 11.433.769/0001-10,RUA SAO CRISTOVAO,1877,,GETULIO VARGAS,49055-620,GASOLINA,07/10/2024,"6,20",,R$ / litro,BRANCA
NE,SE,ARACAJU,L. V. COMERCIO DE COMBUSTIVEIS LTDA, 11.433.769/0001-10,RUA SAO CRISTOVAO,1877,,GETULIO VARGAS,49055-620,DIESEL S10,07/10/2024,"5,69",,R$ / litro,BRANCA
NE,SE,ARACAJU,L. V. COMERCIO DE COMBUSTIVEIS LTDA, 11.433.769/0001-10,RUA SAO CRISTOVAO,1877,,GETULIO VARGAS,49055-620,ETANOL,07/10/2024,"4,49",,R$ / litro,BRANCA
NE,SE,ARACAJU,ALPHA COMERCIAL DE COMBUSTIVEIS LTDA, 08.297.710/0008-03,AVENIDA FRANCISCO PORTO,650,LOJA  BR MANIA DELICATESSE,SALGADO FILHO,49020-120,GASOLINA,07/10/2024,"6,28",,R$ / litro,VIBRA
NE,SE,ARACAJU,ALPHA COMERCIAL DE COMBUSTIVEIS LTDA, 08.297.710/0008-03,AVENIDA FRANCISCO PORTO,650,LOJA  BR MANIA DELICATESSE,SALGADO FILHO,49020-120,GASOLINA ADITIVADA,07/10/2024,"6,30",,R$ / litro,VIBRA
NE,SE,ARACAJU,ALPHA COMERCIAL DE COMBUSTIVEIS LTDA, 08.297.710/0008-03,AVENIDA FRANCISCO PORTO,650,LOJA  BR MANIA DELICATESSE,SALGADO FILHO,49020-120,ETANOL,07/10/2024,"4,79",,R$ / litro,VIBRA
NE,SE,ARACAJU,POSTO PIRANEMA LTDA, 09.258.664/0003-91,AVENIDA PREFEITO HERACLITO ROLLEMBERG,2760,,FAROLANDIA,49030-640,GASOLINA,07/10/2024,"6,27",,R$ / litro,VIBRA
NE,SE,ARACAJU,POSTO PIRANEMA LTDA, 09.258.664/0003-91,AVENIDA PREFEITO HERACLITO ROLLEMBERG,2760,,FAROLANDIA,49030-640,GASOLINA ADITIVADA,07/10/2024,"6,47",,R$ / litro,VIBRA
NE,SE,ARACAJU,POSTO PIRANEMA LTDA, 09.258.664/0003-91,AVENIDA PREFEITO HERACLITO ROLLEMBERG,2760,,FAROLANDIA,49030-640,ETANOL,07/10/2024,"4,99",,R$ / litro,VIBRA
NE,SE,ARACAJU,PETROX COMERCIAL LTDA, 05.297.480/0022-42,AVENIDA PRESIDENTE TANCREDO NEVES,4501,,JABOTIANA,49095-000,GNV,07/10/2024,"4,99",,R$ / m³,PETROX DISTRIBUIDORA
NE,SE,ARACAJU,PETROX COMERCIAL LTDA, 05.297.480/0022-42,AVENIDA PRESIDENTE TANCREDO NEVES,4501,,JABOTIANA,49095-000,GASOLINA,07/10/2024,"6,27",,R$ / litro,PETROX DISTRIBUIDORA
NE,SE,ARACAJU,PETROX COMERCIAL LTDA, 05.297.480/0022-42,AVENIDA PRESIDENTE TANCREDO NEVES,4501,,JABOTIANA,49095-000,GASOLINA ADITIVADA,07/10/2024,"6,27",,R$ / litro,PETROX DISTRIBUIDORA
NE,SE,ARACAJU,PETROX COMERCIAL LTDA, 05.297.480/0022-42,AVENIDA PRESIDENTE TANCREDO NEVES,4501,,JABOTIANA,49095-000,ETANOL,07/10/2024,"4,57",,R$ / litro,PETROX DISTRIBUIDORA
NE,SE,ARACAJU,PETROX COMERCIAL LTDA, 05.297.480/0023-23,AVENIDA CHANC OSVALDO ARANHA,3090,,OLARIA,49092-545,GNV,07/10/2024,"4,80",,R$ / m³,VIBRA
NE,SE,ARACAJU,PETROX COMERCIAL LTDA, 05.297.480/0023-23,AVENIDA CHANC OSVALDO ARANHA,3090,,OLARIA,49092-545,GASOLINA,07/10/2024,"6,27",,R$ / litro,VIBRA
NE,SE,ARACAJU,PETROX COMERCIAL LTDA, 05.297.480/0023-23,AVENIDA CHANC OSVALDO ARANHA,3090,,OLARIA,49092-545,GASOLINA ADITIVADA,07/10/2024,"6,27",,R$ / litro,VIBRA
NE,SE,ARACAJU,PETROX COMERCIAL LTDA, 05.297.480/0023-23,AVENIDA CHANC OSVALDO ARANHA,3090,,OLARIA,49092-545,ETANOL,07/10/2024,"4,57",,R$ / litro,VIBRA
NE,SE,ARACAJU,RPB AUTO POSTO LTDA, 07.075.892/0008-05,AVENIDA DEP PEDRO VALADARES,680,ANEXO O POSTO DE GASOLINA,GRAGERU,49026-115,GASOLINA,07/10/2024,"6,27",,R$ / litro,VIBRA
NE,SE,ARACAJU,RPB AUTO POSTO LTDA, 07.075.892/0008-05,AVENIDA DEP PEDRO VALADARES,680,ANEXO O POSTO DE GASOLINA,GRAGERU,49026-115,GASOLINA ADITIVADA,07/10/2024,"6,47",,R$ / litro,VIBRA
NE,SE,ARACAJU,RPB AUTO POSTO LTDA, 07.075.892/0006-43,AVENIDA PRES TANCREDO NEVES,1052,LOJA  01 POSTO DE COMBUST,JABOTIANA,49095-000,GNV,07/10/2024,"4,80",,R$ / m³,VIBRA
NE,SE,ARACAJU,RPB AUTO POSTO LTDA, 07.075.892/0006-43,AVENIDA PRES TANCREDO NEVES,1052,LOJA  01 POSTO DE COMBUST,JABOTIANA,49095-000,GASOLINA,07/10/2024,"6,25",,R$ / litro,VIBRA
NE,SE,ARACAJU,RPB AUTO POSTO LTDA, 07.075.892/0006-43,AVENIDA PRES TANCREDO NEVES,1052,LOJA  01 POSTO DE COMBUST,JABOTIANA,49095-000,GASOLINA ADITIVADA,07/10/2024,"6,45",,R$ / litro,VIBRA
NE,SE,ARACAJU,RPB AUTO POSTO LTDA, 07.075.892/0011-00,RODOVIA DOS NAUFRAGOS,9232,,SAO JOSE DOS NAUFRAGOS,49005-004,GASOLINA,07/10/2024,"6,27",,R$ / litro,VIBRA
NE,SE,ARACAJU,RPB AUTO POSTO LTDA, 07.075.892/0011-00,RODOVIA DOS NAUFRAGOS,9232,,SAO JOSE DOS NAUFRAGOS,49005-004,GASOLINA ADITIVADA,07/10/2024,"6,47",,R$ / litro,VIBRA
NE,SE,ARACAJU,PETROX COMERCIAL LTDA, 05.297.480/0010-09,RUA ESTÂNCIA,745,,CENTRO,49010-180,GASOLINA,15/10/2024,"6,27",,R$ / litro,PETROX DISTRIBUIDORA
NE,SE,ARACAJU,PETROX COMERCIAL LTDA, 05.297.480/0010-09,RUA ESTÂNCIA,745,,CENTRO,49010-180,GASOLINA ADITIVADA,15/10/2024,"6,27",,R$ / litro,PETROX DISTRIBUIDORA
NE,SE,ARACAJU,PETROX COMERCIAL LTDA, 05.297.480/0010-09,RUA ESTÂNCIA,745,,CENTRO,49010-180,DIESEL S10,15/10/2024,"6,08",,R$ / litro,PETROX DISTRIBUIDORA
NE,SE,ARACAJU,PETROX COMERCIAL LTDA, 05.297.480/0010-09,RUA ESTÂNCIA,745,,CENTRO,49010-180,ETANOL,15/10/2024,"4,57",,R$ / litro,PETROX DISTRIBUIDORA
NE,SE,ARACAJU,PETROX COMERCIAL LTDA, 05.297.480/0011-90,RUA NESTOR SAMPAIO,195,CONJ  CASTELO BRANCO,PONTO NOVO,49045-000,GASOLINA,15/10/2024,"6,27",,R$ / litro,PETROX DISTRIBUIDORA
NE,SE,ARACAJU,PETROX COMERCIAL LTDA, 05.297.480/0011-90,RUA NESTOR SAMPAIO,195,CONJ  CASTELO BRANCO,PONTO NOVO,49045-000,GASOLINA ADITIVADA,15/10/2024,"6,27",,R$ / litro,PETROX DISTRIBUIDORA
NE,SE,ARACAJU,PETROX COMERCIAL LTDA, 05.297.480/0011-90,RUA NESTOR SAMPAIO,195,CONJ  CASTELO BRANCO,PONTO NOVO,49045-000,DIESEL S10,15/10/2024,"6,08",,R$ / litro,PETROX DISTRIBUIDORA
NE,SE,ARACAJU,PETROX COMERCIAL LTDA, 05.297.480/0011-90,RUA NESTOR SAMPAIO,195,CONJ  CASTELO BRANCO,PONTO NOVO,49045-000,ETANOL,15/10/2024,"4,57",,R$ / litro,PETROX DISTRIBUIDORA
NE,SE,ARACAJU,VASPETRO COMBUSTIVEL LTDA, 04.979.182/0001-45,AVENIDA BARAO DE MARUIM,552,,CENTRO,49010-340,GASOLINA,15/10/2024,"6,20",,R$ / litro,VIBRA
NE,SE,ARACAJU,VASPETRO COMBUSTIVEL LTDA, 04.979.182/0001-45,AVENIDA BARAO DE MARUIM,552,,CENTRO,49010-340,GASOLINA ADITIVADA,15/10/2024,"6,20",,R$ / litro,VIBRA
NE,SE,ARACAJU,VASPETRO COMBUSTIVEL LTDA, 04.979.182/0001-45,AVENIDA BARAO DE MARUIM,552,,CENTRO,49010-340,ETANOL,15/10/2024,"4,49",,R$ / litro,VIBRA
NE,SE,ARACAJU,GAMA E CIA LTDA, 13.007.752/0002-07,AVENIDA AUGUSTO FRANCO,2990,,PONTO NOVO,49047-040,GASOLINA,15/10/2024,"6,20",,R$ / litro,VIBRA
NE,SE,ARACAJU,GAMA E CIA LTDA, 13.007.752/0002-07,AVENIDA AUGUSTO FRANCO,2990,,PONTO NOVO,49047-040,ETANOL,15/10/2024,"4,55",,R$ / litro,VIBRA
NE,SE,ARACAJU,AUTO POSTO MAR AZUL LTDA, 04.701.795/0001-16,AVENIDA GENERAL EUCLIDES FIGUEIREDO,9,,SOLEDADE,49089-025,GASOLINA,15/10/2024,"6,22",,R$ / litro,RAIZEN
NE,SE,ARACAJU,AUTO POSTO MAR AZUL LTDA, 04.701.795/0001-16,AVENIDA GENERAL EUCLIDES FIGUEIREDO,9,,SOLEDADE,49089-025,GASOLINA ADITIVADA,15/10/2024,"6,39",,R$ / litro,RAIZEN
NE,SE,ARACAJU,AUTO POSTO MAR AZUL LTDA, 04.701.795/0001-16,AVENIDA GENERAL EUCLIDES FIGUEIREDO,9,,SOLEDADE,49089-025,DIESEL S10,15/10/2024,"6,22",,R$ / litro,RAIZEN
NE,SE,ARACAJU,AUTO POSTO MAR AZUL LTDA, 04.701.795/0001-16,AVENIDA GENERAL EUCLIDES FIGUEIREDO,9,,SOLEDADE,49089-025,ETANOL,15/10/2024,"4,89",,R$ / litro,RAIZEN
NE,SE,ARACAJU,TYRESOLES DE SERGIPE INDUSTRIA COMERCIO E SERVICOS LTDA, 13.007.828/0010-04,AVENIDA GONCALO  ROLLEMBERG LEITE,1721,,LUZIA,49045-280,GASOLINA,15/10/2024,"6,27",,R$ / litro,RAIZEN
NE,SE,ARACAJU,TYRESOLES DE SERGIPE INDUSTRIA COMERCIO E SERVICOS LTDA, 13.007.828/0010-04,AVENIDA GONCALO  ROLLEMBERG LEITE,1721,,LUZIA,49045-280,GASOLINA ADITIVADA,15/10/2024,"6,53",,R$ / litro,RAIZEN
NE,SE,ARACAJU,TYRESOLES DE SERGIPE INDUSTRIA COMERCIO E SERVICOS LTDA, 13.007.828/0010-04,AVENIDA GONCALO  ROLLEMBERG LEITE,1721,,LUZIA,49045-280,ETANOL,15/10/2024,"4,59",,R$ / litro,RAIZEN
NE,SE,ARACAJU,COMERCIAL MARIVAN LTDA, 13.179.247/0001-69,AVENIDA ADELIA FRANCO,2234,,LUZIA,49048-010,GASOLINA,15/10/2024,"6,20",,R$ / litro,VIBRA
NE,SE,ARACAJU,COMERCIAL MARIVAN LTDA, 13.179.247/0001-69,AVENIDA ADELIA FRANCO,2234,,LUZIA,49048-010,GASOLINA ADITIVADA,15/10/2024,"6,27",,R$ / litro,VIBRA
NE,SE,ARACAJU,COMERCIAL MARIVAN LTDA, 13.179.247/0001-69,AVENIDA ADELIA FRANCO,2234,,LUZIA,49048-010,ETANOL,15/10/2024,"4,55",,R$ / litro,VIBRA
NE,SE,ARACAJU,J. L. OLIVEIRA & BARROS LTDA, 13.113.477/0004-78,AVENIDA GENTIL TAVARES,381,CASA,GETULIO VARGAS,49055-670,GASOLINA,15/10/2024,"6,27",,R$ / litro,VIBRA
NE,SE,ARACAJU,J. L. OLIVEIRA & BARROS LTDA, 13.113.477/0004-78,AVENIDA GENTIL TAVARES,381,CASA,GETULIO VARGAS,49055-670,DIESEL S10,15/10/2024,"6,09",,R$ / litro,VIBRA
NE,SE,ARACAJU,J. L. OLIVEIRA & BARROS LTDA, 13.113.477/0004-78,AVENIDA GENTIL TAVARES,381,CASA,GETULIO VARGAS,49055-670,ETANOL,15/10/2024,"4,74",,R$ / litro,VIBRA
NE,SE,ARACAJU,POSTO CARMOPOLIS LTDA, 13.077.342/0001-51,AVENIDA JOAO RIBEIRO,680/684,0,SANTO ANTÔNIO,49060-330,GASOLINA,15/10/2024,"6,20",,R$ / litro,VIBRA
NE,SE,ARACAJU,POSTO CARMOPOLIS LTDA, 13.077.342/0001-51,AVENIDA JOAO RIBEIRO,680/684,0,SANTO ANTÔNIO,49060-330,GASOLINA ADITIVADA,15/10/2024,"6,20",,R$ / litro,VIBRA
NE,SE,ARACAJU,POSTO CARMOPOLIS LTDA, 13.077.342/0001-51,AVENIDA JOAO RIBEIRO,680/684,0,SANTO ANTÔNIO,49060-330,ETANOL,15/10/2024,"4,49",,R$ / litro,VIBRA
NE,SE,ARACAJU,KLEBER SANTOS BATISTA LTDA, 13.042.882/0001-08,AVENIDA DESEMBARGADOR MAYNARD,770,,CIRURGIA,49055-210,GNV,15/10/2024,"4,80",,R$ / m³,BRANCA
NE,SE,ARACAJU,KLEBER SANTOS BATISTA LTDA, 13.042.882/0001-08,AVENIDA DESEMBARGADOR MAYNARD,770,,CIRURGIA,49055-210,GASOLINA,15/10/2024,"6,20",,R$ / litro,BRANCA
NE,SE,ARACAJU,KLEBER SANTOS BATISTA LTDA, 13.042.882/0001-08,AVENIDA DESEMBARGADOR MAYNARD,770,,CIRURGIA,49055-210,GASOLINA ADITIVADA,15/10/2024,"6,20",,R$ / litro,BRANCA
NE,SE,ARACAJU,KLEBER SANTOS BATISTA LTDA, 13.042.882/0001-08,AVENIDA DESEMBARGADOR MAYNARD,770,,CIRURGIA,49055-210,DIESEL S10,15/10/2024,"5,87",,R$ / litro,BRANCA
NE,SE,ARACAJU,KLEBER SANTOS BATISTA LTDA, 13.042.882/0001-08,AVENIDA DESEMBARGADOR MAYNARD,770,,CIRURGIA,49055-210,ETANOL,15/10/2024,"4,49",,R$ / litro,BRANCA
NE,SE,ARACAJU,AUTO POSTOS ANDRADE LTDA, 13.017.447/0001-15,RUA LARANJEIRAS,760,,CENTRO,49010-000,GASOLINA,15/10/2024,"6,20",,R$ / litro,BRANCA
NE,SE,ARACAJU,AUTO POSTOS ANDRADE LTDA, 13.017.447/0001-15,RUA LARANJEIRAS,760,,CENTRO,49010-000,GASOLINA ADITIVADA,15/10/2024,"6,20",,R$ / litro,BRANCA
NE,SE,ARACAJU,AUTO POSTOS ANDRADE LTDA, 13.017.447/0001-15,RUA LARANJEIRAS,760,,CENTRO,49010-000,DIESEL S10,15/10/2024,"5,87",,R$ / litro,BRANCA
NE,SE,ARACAJU,AUTO POSTOS ANDRADE LTDA, 13.017.447/0001-15,RUA LARANJEIRAS,760,,CENTRO,49010-000,ETANOL,15/10/2024,"4,49",,R$ / litro,BRANCA
NE,SE,ARACAJU,AMARAL & CIA LTDA, 13.008.610/0001-83,RUA MARIANO SALMERON,709,,SIQUEIRA CAMPOS,49075-370,GASOLINA,15/10/2024,"6,25",,R$ / litro,VIBRA
NE,SE,ARACAJU,AMARAL & CIA LTDA, 13.008.610/0001-83,RUA MARIANO SALMERON,709,,SIQUEIRA CAMPOS,49075-370,GASOLINA ADITIVADA,15/10/2024,"6,35",,R$ / litro,VIBRA
NE,SE,ARACAJU,AMARAL & CIA LTDA, 13.008.610/0001-83,RUA MARIANO SALMERON,709,,SIQUEIRA CAMPOS,49075-370,DIESEL S10,15/10/2024,"6,28",,R$ / litro,VIBRA
NE,SE,ARACAJU,AMARAL & CIA LTDA, 13.008.610/0001-83,RUA MARIANO SALMERON,709,,SIQUEIRA CAMPOS,49075-370,ETANOL,15/10/2024,"4,79",,R$ / litro,VIBRA
NE,SE,ARACAJU,GAMA E CIA LTDA, 13.007.752/0001-26,AVENIDA TANCREDO NEVES,2551,,DISTRITO INDUSTRIAL DE ARACAJU,49095-000,GASOLINA,15/10/2024,"6,20",,R$ / litro,VIBRA
NE,SE,ARACAJU,GAMA E CIA LTDA, 13.007.752/0001-26,AVENIDA TANCREDO NEVES,2551,,DISTRITO INDUSTRIAL DE ARACAJU,49095-000,ETANOL,15/10/2024,"4,55",,R$ / litro,VIBRA
NE,SE,ARACAJU,L. V. COMERCIO DE COMBUSTIVEIS LTDA, 11.433.769/0001-10,RUA SAO CRISTOVAO,1877,,GETULIO VARGAS,49055-620,GASOLINA,15/10/2024,"6,20",,R$ / litro,BRANCA
NE,SE,ARACAJU,L. V. COMERCIO DE COMBUSTIVEIS LTDA, 11.433.769/0001-10,RUA SAO CRISTOVAO,1877,,GETULIO VARGAS,49055-620,DIESEL S10,15/10/2024,"5,87",,R$ / litro,BRANCA
NE,SE,ARACAJU,L. V. COMERCIO DE COMBUSTIVEIS LTDA, 11.433.769/0001-10,RUA SAO CRISTOVAO,1877,,GETULIO VARGAS,49055-620,ETANOL,15/10/2024,"4,49",,R$ / litro,BRANCA
NE,SE,ARACAJU,ALPHA COMERCIAL DE COMBUSTIVEIS LTDA, 08.297.710/0008-03,AVENIDA FRANCISCO PORTO,650,LOJA  BR MANIA DELICATESSE,SALGADO FILHO,49020-120,GASOLINA,15/10/2024,"6,28",,R$ / litro,VIBRA
NE,SE,ARACAJU,ALPHA COMERCIAL DE COMBUSTIVEIS LTDA, 08.297.710/0008-03,AVENIDA FRANCISCO PORTO,650,LOJA  BR MANIA DELICATESSE,SALGADO FILHO,49020-120,GASOLINA ADITIVADA,15/10/2024,"6,30",,R$ / litro,VIBRA
NE,SE,ARACAJU,ALPHA COMERCIAL DE COMBUSTIVEIS LTDA, 08.297.710/0008-03,AVENIDA FRANCISCO PORTO,650,LOJA  BR MANIA DELICATESSE,SALGADO FILHO,49020-120,ETANOL,15/10/2024,"4,79",,R$ / litro,VIBRA
NE,SE,ARACAJU,POSTO PIRANEMA LTDA, 09.258.664/0003-91,AVENIDA PREFEITO HERACLITO ROLLEMBERG,2760,,FAROLANDIA,49030-640,GASOLINA,15/10/2024,"6,27",,R$ / litro,VIBRA
NE,SE,ARACAJU,POSTO PIRANEMA LTDA, 09.258.664/0003-91,AVENIDA PREFEITO HERACLITO ROLLEMBERG,2760,,FAROLANDIA,49030-640,GASOLINA ADITIVADA,15/10/2024,"6,47",,R$ / litro,VIBRA
NE,SE,ARACAJU,POSTO PIRANEMA LTDA, 09.258.664/0003-91,AVENIDA PREFEITO HERACLITO ROLLEMBERG,2760,,FAROLANDIA,49030-640,ETANOL,15/10/2024,"4,79",,R$ / litro,VIBRA
NE,SE,ARACAJU,RPB AUTO POSTO LTDA, 07.075.892/0011-00,RODOVIA DOS NAUFRAGOS,9232,,SAO JOSE DOS NAUFRAGOS,49005-004,GASOLINA,15/10/2024,"6,27",,R$ / litro,VIBRA
NE,SE,ARACAJU,RPB AUTO POSTO LTDA, 07.075.892/0011-00,RODOVIA DOS NAUFRAGOS,9232,,SAO JOSE DOS NAUFRAGOS,49005-004,GASOLINA ADITIVADA,15/10/2024,"6,47",,R$ / litro,VIBRA
NE,SE,ARACAJU,PETROX COMERCIAL LTDA, 05.297.480/0010-09,RUA ESTÂNCIA,745,,CENTRO,49010-180,GASOLINA,21/10/2024,"5,99",,R$ / litro,PETROX DISTRIBUIDORA
NE,SE,ARACAJU,PETROX COMERCIAL LTDA, 05.297.480/0010-09,RUA ESTÂNCIA,745,,CENTRO,49010-180,GASOLINA ADITIVADA,21/10/2024,"5,99",,R$ / litro,PETROX DISTRIBUIDORA
NE,SE,ARACAJU,PETROX COMERCIAL LTDA, 05.297.480/0010-09,RUA ESTÂNCIA,745,,CENTRO,49010-180,DIESEL S10,21/10/2024,"5,99",,R$ / litro,PETROX DISTRIBUIDORA
NE,SE,ARACAJU,PETROX COMERCIAL LTDA, 05.297.480/0010-09,RUA ESTÂNCIA,745,,CENTRO,49010-180,ETANOL,21/10/2024,"4,49",,R$ / litro,PETROX DISTRIBUIDORA
NE,SE,ARACAJU,PETROX COMERCIAL LTDA, 05.297.480/0011-90,RUA NESTOR SAMPAIO,195,CONJ  CASTELO BRANCO,PONTO NOVO,49045-000,GASOLINA,21/10/2024,"5,99",,R$ / litro,PETROX DISTRIBUIDORA
NE,SE,ARACAJU,PETROX COMERCIAL LTDA, 05.297.480/0011-90,RUA NESTOR SAMPAIO,195,CONJ  CASTELO BRANCO,PONTO NOVO,49045-000,GASOLINA ADITIVADA,21/10/2024,"5,99",,R$ / litro,PETROX DISTRIBUIDORA
NE,SE,ARACAJU,PETROX COMERCIAL LTDA, 05.297.480/0011-90,RUA NESTOR SAMPAIO,195,CONJ  CASTELO BRANCO,PONTO NOVO,49045-000,DIESEL S10,21/10/2024,"5,95",,R$ / litro,PETROX DISTRIBUIDORA
NE,SE,ARACAJU,PETROX COMERCIAL LTDA, 05.297.480/0011-90,RUA NESTOR SAMPAIO,195,CONJ  CASTELO BRANCO,PONTO NOVO,49045-000,ETANOL,21/10/2024,"4,49",,R$ / litro,PETROX DISTRIBUIDORA
NE,SE,ARACAJU,VASPETRO COMBUSTIVEL LTDA, 04.979.182/0001-45,AVENIDA BARAO DE MARUIM,552,,CENTRO,49010-340,GASOLINA,21/10/2024,"5,90",,R$ / litro,VIBRA
NE,SE,ARACAJU,VASPETRO COMBUSTIVEL LTDA, 04.979.182/0001-45,AVENIDA BARAO DE MARUIM,552,,CENTRO,49010-340,GASOLINA ADITIVADA,21/10/2024,"5,90",,R$ / litro,VIBRA
NE,SE,ARACAJU,VASPETRO COMBUSTIVEL LTDA, 04.979.182/0001-45,AVENIDA BARAO DE MARUIM,552,,CENTRO,49010-340,ETANOL,21/10/2024,"4,49",,R$ / litro,VIBRA
NE,SE,ARACAJU,GAMA E CIA LTDA, 13.007.752/0002-07,AVENIDA AUGUSTO FRANCO,2990,,PONTO NOVO,49047-040,GASOLINA,21/10/2024,"5,90",,R$ / litro,VIBRA
NE,SE,ARACAJU,GAMA E CIA LTDA, 13.007.752/0002-07,AVENIDA AUGUSTO FRANCO,2990,,PONTO NOVO,49047-040,ETANOL,21/10/2024,"4,39",,R$ / litro,VIBRA
NE,SE,ARACAJU,AUTO POSTO MAR AZUL LTDA, 04.701.795/0001-16,AVENIDA GENERAL EUCLIDES FIGUEIREDO,9,,SOLEDADE,49089-025,GASOLINA,21/10/2024,"5,95",,R$ / litro,RAIZEN
NE,SE,ARACAJU,AUTO POSTO MAR AZUL LTDA, 04.701.795/0001-16,AVENIDA GENERAL EUCLIDES FIGUEIREDO,9,,SOLEDADE,49089-025,GASOLINA ADITIVADA,21/10/2024,"6,13",,R$ / litro,RAIZEN
NE,SE,ARACAJU,AUTO POSTO MAR AZUL LTDA, 04.701.795/0001-16,AVENIDA GENERAL EUCLIDES FIGUEIREDO,9,,SOLEDADE,49089-025,DIESEL S10,21/10/2024,"6,19",,R$ / litro,RAIZEN
NE,SE,ARACAJU,AUTO POSTO MAR AZUL LTDA, 04.701.795/0001-16,AVENIDA GENERAL EUCLIDES FIGUEIREDO,9,,SOLEDADE,49089-025,ETANOL,21/10/2024,"4,69",,R$ / litro,RAIZEN
NE,SE,ARACAJU,TYRESOLES DE SERGIPE INDUSTRIA COMERCIO E SERVICOS LTDA, 13.007.828/0010-04,AVENIDA GONCALO  ROLLEMBERG LEITE,1721,,LUZIA,49045-280,GASOLINA,21/10/2024,"5,95",,R$ / litro,RAIZEN
NE,SE,ARACAJU,TYRESOLES DE SERGIPE INDUSTRIA COMERCIO E SERVICOS LTDA, 13.007.828/0010-04,AVENIDA GONCALO  ROLLEMBERG LEITE,1721,,LUZIA,49045-280,GASOLINA ADITIVADA,21/10/2024,"6,21",,R$ / litro,RAIZEN
NE,SE,ARACAJU,TYRESOLES DE SERGIPE INDUSTRIA COMERCIO E SERVICOS LTDA, 13.007.828/0010-04,AVENIDA GONCALO  ROLLEMBERG LEITE,1721,,LUZIA,49045-280,ETANOL,21/10/2024,"4,49",,R$ / litro,RAIZEN
NE,SE,ARACAJU,COMERCIAL MARIVAN LTDA, 13.179.247/0001-69,AVENIDA ADELIA FRANCO,2234,,LUZIA,49048-010,GASOLINA,21/10/2024,"5,90",,R$ / litro,VIBRA
NE,SE,ARACAJU,COMERCIAL MARIVAN LTDA, 13.179.247/0001-69,AVENIDA ADELIA FRANCO,2234,,LUZIA,49048-010,GASOLINA ADITIVADA,21/10/2024,"5,97",,R$ / litro,VIBRA
NE,SE,ARACAJU,COMERCIAL MARIVAN LTDA, 13.179.247/0001-69,AVENIDA ADELIA FRANCO,2234,,LUZIA,49048-010,ETANOL,21/10/2024,"4,39",,R$ / litro,VIBRA
NE,SE,ARACAJU,J. L. OLIVEIRA & BARROS LTDA, 13.113.477/0004-78,AVENIDA GENTIL TAVARES,381,CASA,GETULIO VARGAS,49055-670,GASOLINA,21/10/2024,"5,95",,R$ / litro,VIBRA
NE,SE,ARACAJU,J. L. OLIVEIRA & BARROS LTDA, 13.113.477/0004-78,AVENIDA GENTIL TAVARES,381,CASA,GETULIO VARGAS,49055-670,DIESEL S10,21/10/2024,"6,09",,R$ / litro,VIBRA
NE,SE,ARACAJU,J. L. OLIVEIRA & BARROS LTDA, 13.113.477/0004-78,AVENIDA GENTIL TAVARES,381,CASA,GETULIO VARGAS,49055-670,ETANOL,21/10/2024,"4,54",,R$ / litro,VIBRA
NE,SE,ARACAJU,POSTO CARMOPOLIS LTDA, 13.077.342/0001-51,AVENIDA JOAO RIBEIRO,680/684,0,SANTO ANTÔNIO,49060-330,GASOLINA,21/10/2024,"5,90",,R$ / litro,VIBRA
NE,SE,ARACAJU,POSTO CARMOPOLIS LTDA, 13.077.342/0001-51,AVENIDA JOAO RIBEIRO,680/684,0,SANTO ANTÔNIO,49060-330,GASOLINA ADITIVADA,21/10/2024,"5,90",,R$ / litro,VIBRA
NE,SE,ARACAJU,POSTO CARMOPOLIS LTDA, 13.077.342/0001-51,AVENIDA JOAO RIBEIRO,680/684,0,SANTO ANTÔNIO,49060-330,ETANOL,21/10/2024,"4,39",,R$ / litro,VIBRA
NE,SE,ARACAJU,KLEBER SANTOS BATISTA LTDA, 13.042.882/0001-08,AVENIDA DESEMBARGADOR MAYNARD,770,,CIRURGIA,49055-210,GNV,21/10/2024,"4,80",,R$ / m³,BRANCA
NE,SE,ARACAJU,KLEBER SANTOS BATISTA LTDA, 13.042.882/0001-08,AVENIDA DESEMBARGADOR MAYNARD,770,,CIRURGIA,49055-210,GASOLINA,21/10/2024,"5,90",,R$ / litro,BRANCA
NE,SE,ARACAJU,KLEBER SANTOS BATISTA LTDA, 13.042.882/0001-08,AVENIDA DESEMBARGADOR MAYNARD,770,,CIRURGIA,49055-210,GASOLINA ADITIVADA,21/10/2024,"5,90",,R$ / litro,BRANCA
NE,SE,ARACAJU,KLEBER SANTOS BATISTA LTDA, 13.042.882/0001-08,AVENIDA DESEMBARGADOR MAYNARD,770,,CIRURGIA,49055-210,DIESEL S10,21/10/2024,"5,69",,R$ / litro,BRANCA
NE,SE,ARACAJU,KLEBER SANTOS BATISTA LTDA, 13.042.882/0001-08,AVENIDA DESEMBARGADOR MAYNARD,770,,CIRURGIA,49055-210,ETANOL,21/10/2024,"4,39",,R$ / litro,BRANCA
NE,SE,ARACAJU,AUTO POSTOS ANDRADE LTDA, 13.017.447/0001-15,RUA LARANJEIRAS,760,,CENTRO,49010-000,GASOLINA,21/10/2024,"5,90",,R$ / litro,BRANCA
NE,SE,ARACAJU,AUTO POSTOS ANDRADE LTDA, 13.017.447/0001-15,RUA LARANJEIRAS,760,,CENTRO,49010-000,GASOLINA ADITIVADA,21/10/2024,"5,90",,R$ / litro,BRANCA
NE,SE,ARACAJU,AUTO POSTOS ANDRADE LTDA, 13.017.447/0001-15,RUA LARANJEIRAS,760,,CENTRO,49010-000,DIESEL S10,21/10/2024,"5,69",,R$ / litro,BRANCA
NE,SE,ARACAJU,AUTO POSTOS ANDRADE LTDA, 13.017.447/0001-15,RUA LARANJEIRAS,760,,CENTRO,49010-000,ETANOL,21/10/2024,"4,39",,R$ / litro,BRANCA
NE,SE,ARACAJU,AMARAL & CIA LTDA, 13.008.610/0001-83,RUA MARIANO SALMERON,709,,SIQUEIRA CAMPOS,49075-370,GASOLINA,21/10/2024,"5,99",,R$ / litro,VIBRA
NE,SE,ARACAJU,AMARAL & CIA LTDA, 13.008.610/0001-83,RUA MARIANO SALMERON,709,,SIQUEIRA CAMPOS,49075-370,GASOLINA ADITIVADA,21/10/2024,"6,09",,R$ / litro,VIBRA
NE,SE,ARACAJU,AMARAL & CIA LTDA, 13.008.610/0001-83,RUA MARIANO SALMERON,709,,SIQUEIRA CAMPOS,49075-370,DIESEL S10,21/10/2024,"6,19",,R$ / litro,VIBRA
NE,SE,ARACAJU,AMARAL & CIA LTDA, 13.008.610/0001-83,RUA MARIANO SALMERON,709,,SIQUEIRA CAMPOS,49075-370,ETANOL,21/10/2024,"4,49",,R$ / litro,VIBRA
NE,SE,ARACAJU,GAMA E CIA LTDA, 13.007.752/0001-26,AVENIDA TANCREDO NEVES,2551,,DISTRITO INDUSTRIAL DE ARACAJU,49095-000,GASOLINA,21/10/2024,"5,90",,R$ / litro,VIBRA
NE,SE,ARACAJU,GAMA E CIA LTDA, 13.007.752/0001-26,AVENIDA TANCREDO NEVES,2551,,DISTRITO INDUSTRIAL DE ARACAJU,49095-000,ETANOL,21/10/2024,"4,39",,R$ / litro,VIBRA
NE,SE,ARACAJU,L. V. COMERCIO DE COMBUSTIVEIS LTDA, 11.433.769/0001-10,RUA SAO CRISTOVAO,1877,,GETULIO VARGAS,49055-620,GASOLINA,21/10/2024,"5,90",,R$ / litro,BRANCA
NE,SE,ARACAJU,L. V. COMERCIO DE COMBUSTIVEIS LTDA, 11.433.769/0001-10,RUA SAO CRISTOVAO,1877,,GETULIO VARGAS,49055-620,DIESEL S10,21/10/2024,"5,69",,R$ / litro,BRANCA
NE,SE,ARACAJU,L. V. COMERCIO DE COMBUSTIVEIS LTDA, 11.433.769/0001-10,RUA SAO CRISTOVAO,1877,,GETULIO VARGAS,49055-620,ETANOL,21/10/2024,"4,39",,R$ / litro,BRANCA
NE,SE,ARACAJU,ALPHA COMERCIAL DE COMBUSTIVEIS LTDA, 08.297.710/0008-03,AVENIDA FRANCISCO PORTO,650,LOJA  BR MANIA DELICATESSE,SALGADO FILHO,49020-120,GASOLINA,21/10/2024,"6,08",,R$ / litro,VIBRA
NE,SE,ARACAJU,ALPHA COMERCIAL DE COMBUSTIVEIS LTDA, 08.297.710/0008-03,AVENIDA FRANCISCO PORTO,650,LOJA  BR MANIA DELICATESSE,SALGADO FILHO,49020-120,GASOLINA ADITIVADA,21/10/2024,"6,18",,R$ / litro,VIBRA
NE,SE,ARACAJU,ALPHA COMERCIAL DE COMBUSTIVEIS LTDA, 08.297.710/0008-03,AVENIDA FRANCISCO PORTO,650,LOJA  BR MANIA DELICATESSE,SALGADO FILHO,49020-120,ETANOL,21/10/2024,"4,59",,R$ / litro,VIBRA
NE,SE,ARACAJU,POSTO PIRANEMA LTDA, 09.258.664/0003-91,AVENIDA PREFEITO HERACLITO ROLLEMBERG,2760,,FAROLANDIA,49030-640,GASOLINA,21/10/2024,"5,99",,R$ / litro,VIBRA
NE,SE,ARACAJU,POSTO PIRANEMA LTDA, 09.258.664/0003-91,AVENIDA PREFEITO HERACLITO ROLLEMBERG,2760,,FAROLANDIA,49030-640,GASOLINA ADITIVADA,21/10/2024,"6,19",,R$ / litro,VIBRA
NE,SE,ARACAJU,POSTO PIRANEMA LTDA, 09.258.664/0003-91,AVENIDA PREFEITO HERACLITO ROLLEMBERG,2760,,FAROLANDIA,49030-640,ETANOL,21/10/2024,"4,79",,R$ / litro,VIBRA
NE,SE,ARACAJU,RPB AUTO POSTO LTDA, 07.075.892/0011-00,RODOVIA DOS NAUFRAGOS,9232,,SAO JOSE DOS NAUFRAGOS,49005-004,GASOLINA,21/10/2024,"5,99",,R$ / litro,VIBRA
NE,SE,ARACAJU,RPB AUTO POSTO LTDA, 07.075.892/0011-00,RODOVIA DOS NAUFRAGOS,9232,,SAO JOSE DOS NAUFRAGOS,49005-004,GASOLINA ADITIVADA,21/10/2024,"6,19",,R$ / litro,VIBRA
NE,SE,ARACAJU,PETROX COMERCIAL LTDA, 05.297.480/0010-09,RUA ESTÂNCIA,745,,CENTRO,49010-180,GASOLINA,28/10/2024,"5,99",,R$ / litro,PETROX DISTRIBUIDORA
NE,SE,ARACAJU,PETROX COMERCIAL LTDA, 05.297.480/0010-09,RUA ESTÂNCIA,745,,CENTRO,49010-180,GASOLINA ADITIVADA,28/10/2024,"5,99",,R$ / litro,PETROX DISTRIBUIDORA
NE,SE,ARACAJU,PETROX COMERCIAL LTDA, 05.297.480/0010-09,RUA ESTÂNCIA,745,,CENTRO,49010-180,DIESEL S10,28/10/2024,"5,95",,R$ / litro,PETROX DISTRIBUIDORA
NE,SE,ARACAJU,PETROX COMERCIAL LTDA, 05.297.480/0010-09,RUA ESTÂNCIA,745,,CENTRO,49010-180,ETANOL,28/10/2024,"4,39",,R$ / litro,PETROX DISTRIBUIDORA
NE,SE,ARACAJU,PETROX COMERCIAL LTDA, 05.297.480/0011-90,RUA NESTOR SAMPAIO,195,CONJ  CASTELO BRANCO,PONTO NOVO,49045-000,GASOLINA,28/10/2024,"5,99",,R$ / litro,PETROX DISTRIBUIDORA
NE,SE,ARACAJU,PETROX COMERCIAL LTDA, 05.297.480/0011-90,RUA NESTOR SAMPAIO,195,CONJ  CASTELO BRANCO,PONTO NOVO,49045-000,GASOLINA ADITIVADA,28/10/2024,"5,99",,R$ / litro,PETROX DISTRIBUIDORA
NE,SE,ARACAJU,PETROX COMERCIAL LTDA, 05.297.480/0011-90,RUA NESTOR SAMPAIO,195,CONJ  CASTELO BRANCO,PONTO NOVO,49045-000,DIESEL S10,28/10/2024,"5,95",,R$ / litro,PETROX DISTRIBUIDORA
NE,SE,ARACAJU,PETROX COMERCIAL LTDA, 05.297.480/0011-90,RUA NESTOR SAMPAIO,195,CONJ  CASTELO BRANCO,PONTO NOVO,49045-000,ETANOL,28/10/2024,"4,39",,R$ / litro,PETROX DISTRIBUIDORA
NE,SE,ARACAJU,VASPETRO COMBUSTIVEL LTDA, 04.979.182/0001-45,AVENIDA BARAO DE MARUIM,552,,CENTRO,49010-340,GASOLINA,28/10/2024,"5,90",,R$ / litro,VIBRA
NE,SE,ARACAJU,VASPETRO COMBUSTIVEL LTDA, 04.979.182/0001-45,AVENIDA BARAO DE MARUIM,552,,CENTRO,49010-340,GASOLINA ADITIVADA,28/10/2024,"5,90",,R$ / litro,VIBRA
NE,SE,ARACAJU,VASPETRO COMBUSTIVEL LTDA, 04.979.182/0001-45,AVENIDA BARAO DE MARUIM,552,,CENTRO,49010-340,ETANOL,28/10/2024,"4,49",,R$ / litro,VIBRA
NE,SE,ARACAJU,GAMA E CIA LTDA, 13.007.752/0002-07,AVENIDA AUGUSTO FRANCO,2990,,PONTO NOVO,49047-040,GASOLINA,28/10/2024,"5,90",,R$ / litro,VIBRA
NE,SE,ARACAJU,GAMA E CIA LTDA, 13.007.752/0002-07,AVENIDA AUGUSTO FRANCO,2990,,PONTO NOVO,49047-040,ETANOL,28/10/2024,"4,39",,R$ / litro,VIBRA
NE,SE,ARACAJU,AUTO POSTO MAR AZUL LTDA, 04.701.795/0001-16,AVENIDA GENERAL EUCLIDES FIGUEIREDO,9,,SOLEDADE,49089-025,GASOLINA,28/10/2024,"5,92",,R$ / litro,RAIZEN
NE,SE,ARACAJU,AUTO POSTO MAR AZUL LTDA, 04.701.795/0001-16,AVENIDA GENERAL EUCLIDES FIGUEIREDO,9,,SOLEDADE,49089-025,GASOLINA ADITIVADA,28/10/2024,"6,10",,R$ / litro,RAIZEN
NE,SE,ARACAJU,AUTO POSTO MAR AZUL LTDA, 04.701.795/0001-16,AVENIDA GENERAL EUCLIDES FIGUEIREDO,9,,SOLEDADE,49089-025,DIESEL S10,28/10/2024,"6,19",,R$ / litro,RAIZEN
NE,SE,ARACAJU,AUTO POSTO MAR AZUL LTDA, 04.701.795/0001-16,AVENIDA GENERAL EUCLIDES FIGUEIREDO,9,,SOLEDADE,49089-025,ETANOL,28/10/2024,"4,59",,R$ / litro,RAIZEN
NE,SE,ARACAJU,TYRESOLES DE SERGIPE INDUSTRIA COMERCIO E SERVICOS LTDA, 13.007.828/0010-04,AVENIDA GONCALO  ROLLEMBERG LEITE,1721,,LUZIA,49045-280,GASOLINA,28/10/2024,"5,95",,R$ / litro,RAIZEN
NE,SE,ARACAJU,TYRESOLES DE SERGIPE INDUSTRIA COMERCIO E SERVICOS LTDA, 13.007.828/0010-04,AVENIDA GONCALO  ROLLEMBERG LEITE,1721,,LUZIA,49045-280,GASOLINA ADITIVADA,28/10/2024,"6,21",,R$ / litro,RAIZEN
NE,SE,ARACAJU,TYRESOLES DE SERGIPE INDUSTRIA COMERCIO E SERVICOS LTDA, 13.007.828/0010-04,AVENIDA GONCALO  ROLLEMBERG LEITE,1721,,LUZIA,49045-280,ETANOL,28/10/2024,"4,49",,R$ / litro,RAIZEN
NE,SE,ARACAJU,COMERCIAL MARIVAN LTDA, 13.179.247/0001-69,AVENIDA ADELIA FRANCO,2234,,LUZIA,49048-010,GASOLINA,28/10/2024,"5,90",,R$ / litro,VIBRA
NE,SE,ARACAJU,COMERCIAL MARIVAN LTDA, 13.179.247/0001-69,AVENIDA ADELIA FRANCO,2234,,LUZIA,49048-010,GASOLINA ADITIVADA,28/10/2024,"5,97",,R$ / litro,VIBRA
NE,SE,ARACAJU,COMERCIAL MARIVAN LTDA, 13.179.247/0001-69,AVENIDA ADELIA FRANCO,2234,,LUZIA,49048-010,ETANOL,28/10/2024,"4,39",,R$ / litro,VIBRA
NE,SE,ARACAJU,J. L. OLIVEIRA & BARROS LTDA, 13.113.477/0004-78,AVENIDA GENTIL TAVARES,381,CASA,GETULIO VARGAS,49055-670,GASOLINA,28/10/2024,"5,95",,R$ / litro,VIBRA
NE,SE,ARACAJU,J. L. OLIVEIRA & BARROS LTDA, 13.113.477/0004-78,AVENIDA GENTIL TAVARES,381,CASA,GETULIO VARGAS,49055-670,DIESEL S10,28/10/2024,"6,09",,R$ / litro,VIBRA
NE,SE,ARACAJU,J. L. OLIVEIRA & BARROS LTDA, 13.113.477/0004-78,AVENIDA GENTIL TAVARES,381,CASA,GETULIO VARGAS,49055-670,ETANOL,28/10/2024,"4,54",,R$ / litro,VIBRA
NE,SE,ARACAJU,POSTO CARMOPOLIS LTDA, 13.077.342/0001-51,AVENIDA JOAO RIBEIRO,680/684,0,SANTO ANTÔNIO,49060-330,GASOLINA,28/10/2024,"5,90",,R$ / litro,VIBRA
NE,SE,ARACAJU,POSTO CARMOPOLIS LTDA, 13.077.342/0001-51,AVENIDA JOAO RIBEIRO,680/684,0,SANTO ANTÔNIO,49060-330,GASOLINA ADITIVADA,28/10/2024,"5,90",,R$ / litro,VIBRA
NE,SE,ARACAJU,POSTO CARMOPOLIS LTDA, 13.077.342/0001-51,AVENIDA JOAO RIBEIRO,680/684,0,SANTO ANTÔNIO,49060-330,ETANOL,28/10/2024,"4,29",,R$ / litro,VIBRA
NE,SE,ARACAJU,KLEBER SANTOS BATISTA LTDA, 13.042.882/0001-08,AVENIDA DESEMBARGADOR MAYNARD,770,,CIRURGIA,49055-210,GNV,28/10/2024,"4,80",,R$ / m³,BRANCA
NE,SE,ARACAJU,KLEBER SANTOS BATISTA LTDA, 13.042.882/0001-08,AVENIDA DESEMBARGADOR MAYNARD,770,,CIRURGIA,49055-210,GASOLINA,28/10/2024,"5,90",,R$ / litro,BRANCA
NE,SE,ARACAJU,KLEBER SANTOS BATISTA LTDA, 13.042.882/0001-08,AVENIDA DESEMBARGADOR MAYNARD,770,,CIRURGIA,49055-210,GASOLINA ADITIVADA,28/10/2024,"5,90",,R$ / litro,BRANCA
NE,SE,ARACAJU,KLEBER SANTOS BATISTA LTDA, 13.042.882/0001-08,AVENIDA DESEMBARGADOR MAYNARD,770,,CIRURGIA,49055-210,DIESEL S10,28/10/2024,"5,69",,R$ / litro,BRANCA
NE,SE,ARACAJU,KLEBER SANTOS BATISTA LTDA, 13.042.882/0001-08,AVENIDA DESEMBARGADOR MAYNARD,770,,CIRURGIA,49055-210,ETANOL,28/10/2024,"4,29",,R$ / litro,BRANCA
NE,SE,ARACAJU,AUTO POSTOS ANDRADE LTDA, 13.017.447/0001-15,RUA LARANJEIRAS,760,,CENTRO,49010-000,GASOLINA,28/10/2024,"5,90",,R$ / litro,BRANCA
NE,SE,ARACAJU,AUTO POSTOS ANDRADE LTDA, 13.017.447/0001-15,RUA LARANJEIRAS,760,,CENTRO,49010-000,GASOLINA ADITIVADA,28/10/2024,"5,90",,R$ / litro,BRANCA
NE,SE,ARACAJU,AUTO POSTOS ANDRADE LTDA, 13.017.447/0001-15,RUA LARANJEIRAS,760,,CENTRO,49010-000,DIESEL S10,28/10/2024,"5,69",,R$ / litro,BRANCA
NE,SE,ARACAJU,AUTO POSTOS ANDRADE LTDA, 13.017.447/0001-15,RUA LARANJEIRAS,760,,CENTRO,49010-000,ETANOL,28/10/2024,"4,29",,R$ / litro,BRANCA
NE,SE,ARACAJU,AMARAL & CIA LTDA, 13.008.610/0001-83,RUA MARIANO SALMERON,709,,SIQUEIRA CAMPOS,49075-370,GASOLINA,28/10/2024,"5,99",,R$ / litro,VIBRA
NE,SE,ARACAJU,AMARAL & CIA LTDA, 13.008.610/0001-83,RUA MARIANO SALMERON,709,,SIQUEIRA CAMPOS,49075-370,GASOLINA ADITIVADA,28/10/2024,"6,09",,R$ / litro,VIBRA
NE,SE,ARACAJU,AMARAL & CIA LTDA, 13.008.610/0001-83,RUA MARIANO SALMERON,709,,SIQUEIRA CAMPOS,49075-370,DIESEL S10,28/10/2024,"6,19",,R$ / litro,VIBRA
NE,SE,ARACAJU,AMARAL & CIA LTDA, 13.008.610/0001-83,RUA MARIANO SALMERON,709,,SIQUEIRA CAMPOS,49075-370,ETANOL,28/10/2024,"4,49",,R$ / litro,VIBRA
NE,SE,ARACAJU,GAMA E CIA LTDA, 13.007.752/0001-26,AVENIDA TANCREDO NEVES,2551,,DISTRITO INDUSTRIAL DE ARACAJU,49095-000,GASOLINA,28/10/2024,"5,90",,R$ / litro,VIBRA
NE,SE,ARACAJU,GAMA E CIA LTDA, 13.007.752/0001-26,AVENIDA TANCREDO NEVES,2551,,DISTRITO INDUSTRIAL DE ARACAJU,49095-000,ETANOL,28/10/2024,"4,39",,R$ / litro,VIBRA
NE,SE,ARACAJU,L. V. COMERCIO DE COMBUSTIVEIS LTDA, 11.433.769/0001-10,RUA SAO CRISTOVAO,1877,,GETULIO VARGAS,49055-620,GASOLINA,28/10/2024,"5,92",,R$ / litro,BRANCA
NE,SE,ARACAJU,L. V. COMERCIO DE COMBUSTIVEIS LTDA, 11.433.769/0001-10,RUA SAO CRISTOVAO,1877,,GETULIO VARGAS,49055-620,DIESEL S10,28/10/2024,"5,69",,R$ / litro,BRANCA
NE,SE,ARACAJU,L. V. COMERCIO DE COMBUSTIVEIS LTDA, 11.433.769/0001-10,RUA SAO CRISTOVAO,1877,,GETULIO VARGAS,49055-620,ETANOL,28/10/2024,"4,39",,R$ / litro,BRANCA
NE,SE,ARACAJU,ALPHA COMERCIAL DE COMBUSTIVEIS LTDA, 08.297.710/0008-03,AVENIDA FRANCISCO PORTO,650,LOJA  BR MANIA DELICATESSE,SALGADO FILHO,49020-120,GASOLINA,28/10/2024,"6,08",,R$ / litro,VIBRA
NE,SE,ARACAJU,ALPHA COMERCIAL DE COMBUSTIVEIS LTDA, 08.297.710/0008-03,AVENIDA FRANCISCO PORTO,650,LOJA  BR MANIA DELICATESSE,SALGADO FILHO,49020-120,GASOLINA ADITIVADA,28/10/2024,"6,18",,R$ / litro,VIBRA
NE,SE,ARACAJU,ALPHA COMERCIAL DE COMBUSTIVEIS LTDA, 08.297.710/0008-03,AVENIDA FRANCISCO PORTO,650,LOJA  BR MANIA DELICATESSE,SALGADO FILHO,49020-120,ETANOL,28/10/2024,"4,59",,R$ / litro,VIBRA
NE,SE,ARACAJU,POSTO PIRANEMA LTDA, 09.258.664/0003-91,AVENIDA PREFEITO HERACLITO ROLLEMBERG,2760,,FAROLANDIA,49030-640,GASOLINA,28/10/2024,"5,99",,R$ / litro,VIBRA
NE,SE,ARACAJU,POSTO PIRANEMA LTDA, 09.258.664/0003-91,AVENIDA PREFEITO HERACLITO ROLLEMBERG,2760,,FAROLANDIA,49030-640,GASOLINA ADITIVADA,28/10/2024,"6,19",,R$ / litro,VIBRA
NE,SE,ARACAJU,POSTO PIRANEMA LTDA, 09.258.664/0003-91,AVENIDA PREFEITO HERACLITO ROLLEMBERG,2760,,FAROLANDIA,49030-640,ETANOL,28/10/2024,"4,79",,R$ / litro,VIBRA
NE,SE,ARACAJU,RPB AUTO POSTO LTDA, 07.075.892/0011-00,RODOVIA DOS NAUFRAGOS,9232,,SAO JOSE DOS NAUFRAGOS,49005-004,GASOLINA,28/10/2024,"5,99",,R$ / litro,VIBRA
NE,SE,ARACAJU,RPB AUTO POSTO LTDA, 07.075.892/0011-00,RODOVIA DOS NAUFRAGOS,9232,,SAO JOSE DOS NAUFRAGOS,49005-004,GASOLINA ADITIVADA,28/10/2024,"6,19",,R$ / litro,VIBRA
NE,SE,ARACAJU,VASPETRO COMBUSTIVEL LTDA, 04.979.182/0001-45,AVENIDA BARAO DE MARUIM,552,,CENTRO,49010-340,GASOLINA,04/11/2024,"5,90",,R$ / litro,VIBRA
NE,SE,ARACAJU,VASPETRO COMBUSTIVEL LTDA, 04.979.182/0001-45,AVENIDA BARAO DE MARUIM,552,,CENTRO,49010-340,GASOLINA ADITIVADA,04/11/2024,"5,90",,R$ / litro,VIBRA
NE,SE,ARACAJU,VASPETRO COMBUSTIVEL LTDA, 04.979.182/0001-45,AVENIDA BARAO DE MARUIM,552,,CENTRO,49010-340,ETANOL,04/11/2024,"4,49",,R$ / litro,VIBRA
NE,SE,ARACAJU,GAMA E CIA LTDA, 13.007.752/0002-07,AVENIDA AUGUSTO FRANCO,2990,,PONTO NOVO,49047-040,GASOLINA,04/11/2024,"5,90",,R$ / litro,VIBRA
NE,SE,ARACAJU,GAMA E CIA LTDA, 13.007.752/0002-07,AVENIDA AUGUSTO FRANCO,2990,,PONTO NOVO,49047-040,ETANOL,04/11/2024,"4,39",,R$ / litro,VIBRA
NE,SE,ARACAJU,TYRESOLES DE SERGIPE INDUSTRIA COMERCIO E SERVICOS LTDA, 13.007.828/0010-04,AVENIDA GONCALO  ROLLEMBERG LEITE,1721,,LUZIA,49045-280,GASOLINA,04/11/2024,"5,95",,R$ / litro,RAIZEN
NE,SE,ARACAJU,TYRESOLES DE SERGIPE INDUSTRIA COMERCIO E SERVICOS LTDA, 13.007.828/0010-04,AVENIDA GONCALO  ROLLEMBERG LEITE,1721,,LUZIA,49045-280,GASOLINA ADITIVADA,04/11/2024,"6,21",,R$ / litro,RAIZEN
NE,SE,ARACAJU,TYRESOLES DE SERGIPE INDUSTRIA COMERCIO E SERVICOS LTDA, 13.007.828/0010-04,AVENIDA GONCALO  ROLLEMBERG LEITE,1721,,LUZIA,49045-280,ETANOL,04/11/2024,"4,38",,R$ / litro,RAIZEN
NE,SE,ARACAJU,REDE DE POSTOS PRESIDENTE LTDA, 32.864.795/0001-72,AVENIDA COELHO E CAMPOS,1254,,SANTO ANTONIO,49060-000,GNV,04/11/2024,"4,90",,R$ / m³,VIBRA
NE,SE,ARACAJU,REDE DE POSTOS PRESIDENTE LTDA, 32.864.795/0001-72,AVENIDA COELHO E CAMPOS,1254,,SANTO ANTONIO,49060-000,GASOLINA,04/11/2024,"5,99",,R$ / litro,VIBRA
NE,SE,ARACAJU,REDE DE POSTOS PRESIDENTE LTDA, 32.864.795/0001-72,AVENIDA COELHO E CAMPOS,1254,,SANTO ANTONIO,49060-000,GASOLINA ADITIVADA,04/11/2024,"6,19",,R$ / litro,VIBRA
NE,SE,ARACAJU,LIDER COMERCIO DE COMBUSTIVEIS LTDA, 15.591.357/0001-69,PRACA DA BANDEIRA,171,,CENTRO,49055-090,GASOLINA,04/11/2024,"5,90",,R$ / litro,VIBRA
NE,SE,ARACAJU,LIDER COMERCIO DE COMBUSTIVEIS LTDA, 15.591.357/0001-69,PRACA DA BANDEIRA,171,,CENTRO,49055-090,GASOLINA ADITIVADA,04/11/2024,"5,99",,R$ / litro,VIBRA
NE,SE,ARACAJU,LIDER COMERCIO DE COMBUSTIVEIS LTDA, 15.591.357/0001-69,PRACA DA BANDEIRA,171,,CENTRO,49055-090,ETANOL,04/11/2024,"4,29",,R$ / litro,VIBRA
NE,SE,ARACAJU,POSTO ARIBE EIRELI, 15.083.140/0001-48,AVENIDA PROF JOSE O DE L NETO,150,,AMERICA,49080-480,GASOLINA,04/11/2024,"5,93",,R$ / litro,VIBRA
NE,SE,ARACAJU,POSTO ARIBE EIRELI, 15.083.140/0001-48,AVENIDA PROF JOSE O DE L NETO,150,,AMERICA,49080-480,GASOLINA ADITIVADA,04/11/2024,"6,17",,R$ / litro,VIBRA
NE,SE,ARACAJU,POSTO ARIBE EIRELI, 15.083.140/0001-48,AVENIDA PROF JOSE O DE L NETO,150,,AMERICA,49080-480,ETANOL,04/11/2024,"4,58",,R$ / litro,VIBRA
NE,SE,ARACAJU,LUBRIFICANTES E ACESSÓRIOS LTDA., 13.257.050/0001-09,AVENIDA BEIRA MAR,6,,13 DE JULHO,49020-010,GASOLINA,04/11/2024,"5,90",,R$ / litro,VIBRA
NE,SE,ARACAJU,LUBRIFICANTES E ACESSÓRIOS LTDA., 13.257.050/0001-09,AVENIDA BEIRA MAR,6,,13 DE JULHO,49020-010,GASOLINA ADITIVADA,04/11/2024,"5,90",,R$ / litro,VIBRA
NE,SE,ARACAJU,LUBRIFICANTES E ACESSÓRIOS LTDA., 13.257.050/0001-09,AVENIDA BEIRA MAR,6,,13 DE JULHO,49020-010,ETANOL,04/11/2024,"4,50",,R$ / litro,VIBRA
NE,SE,ARACAJU,COMERCIAL MARIVAN LTDA, 13.179.247/0001-69,AVENIDA ADELIA FRANCO,2234,,LUZIA,49048-010,GASOLINA,04/11/2024,"5,90",,R$ / litro,VIBRA
NE,SE,ARACAJU,COMERCIAL MARIVAN LTDA, 13.179.247/0001-69,AVENIDA ADELIA FRANCO,2234,,LUZIA,49048-010,GASOLINA ADITIVADA,04/11/2024,"5,97",,R$ / litro,VIBRA
NE,SE,ARACAJU,COMERCIAL MARIVAN LTDA, 13.179.247/0001-69,AVENIDA ADELIA FRANCO,2234,,LUZIA,49048-010,ETANOL,04/11/2024,"4,39",,R$ / litro,VIBRA
NE,SE,ARACAJU,J. L. OLIVEIRA & BARROS LTDA, 13.113.477/0004-78,AVENIDA GENTIL TAVARES,381,CASA,GETULIO VARGAS,49055-670,GASOLINA,04/11/2024,"5,95",,R$ / litro,VIBRA
NE,SE,ARACAJU,J. L. OLIVEIRA & BARROS LTDA, 13.113.477/0004-78,AVENIDA GENTIL TAVARES,381,CASA,GETULIO VARGAS,49055-670,DIESEL S10,04/11/2024,"6,09",,R$ / litro,VIBRA
NE,SE,ARACAJU,J. L. OLIVEIRA & BARROS LTDA, 13.113.477/0004-78,AVENIDA GENTIL TAVARES,381,CASA,GETULIO VARGAS,49055-670,ETANOL,04/11/2024,"4,54",,R$ / litro,VIBRA
NE,SE,ARACAJU,POSTO CARMOPOLIS LTDA, 13.077.342/0001-51,AVENIDA JOAO RIBEIRO,680/684,0,SANTO ANTÔNIO,49060-330,GASOLINA,04/11/2024,"5,90",,R$ / litro,VIBRA
NE,SE,ARACAJU,POSTO CARMOPOLIS LTDA, 13.077.342/0001-51,AVENIDA JOAO RIBEIRO,680/684,0,SANTO ANTÔNIO,49060-330,GASOLINA ADITIVADA,04/11/2024,"5,90",,R$ / litro,VIBRA
NE,SE,ARACAJU,POSTO CARMOPOLIS LTDA, 13.077.342/0001-51,AVENIDA JOAO RIBEIRO,680/684,0,SANTO ANTÔNIO,49060-330,ETANOL,04/11/2024,"4,29",,R$ / litro,VIBRA
NE,SE,ARACAJU,KLEBER SANTOS BATISTA LTDA, 13.042.882/0001-08,AVENIDA DESEMBARGADOR MAYNARD,770,,CIRURGIA,49055-210,GNV,04/11/2024,"4,80",,R$ / m³,BRANCA
NE,SE,ARACAJU,KLEBER SANTOS BATISTA LTDA, 13.042.882/0001-08,AVENIDA DESEMBARGADOR MAYNARD,770,,CIRURGIA,49055-210,GASOLINA,04/11/2024,"5,90",,R$ / litro,BRANCA
NE,SE,ARACAJU,KLEBER SANTOS BATISTA LTDA, 13.042.882/0001-08,AVENIDA DESEMBARGADOR MAYNARD,770,,CIRURGIA,49055-210,GASOLINA ADITIVADA,04/11/2024,"5,90",,R$ / litro,BRANCA
NE,SE,ARACAJU,KLEBER SANTOS BATISTA LTDA, 13.042.882/0001-08,AVENIDA DESEMBARGADOR MAYNARD,770,,CIRURGIA,49055-210,DIESEL S10,04/11/2024,"5,69",,R$ / litro,BRANCA
NE,SE,ARACAJU,KLEBER SANTOS BATISTA LTDA, 13.042.882/0001-08,AVENIDA DESEMBARGADOR MAYNARD,770,,CIRURGIA,49055-210,ETANOL,04/11/2024,"4,29",,R$ / litro,BRANCA
NE,SE,ARACAJU,AMARAL & CIA LTDA, 13.008.610/0001-83,RUA MARIANO SALMERON,709,,SIQUEIRA CAMPOS,49075-370,GASOLINA,04/11/2024,"5,99",,R$ / litro,VIBRA
NE,SE,ARACAJU,AMARAL & CIA LTDA, 13.008.610/0001-83,RUA MARIANO SALMERON,709,,SIQUEIRA CAMPOS,49075-370,GASOLINA ADITIVADA,04/11/2024,"6,09",,R$ / litro,VIBRA
NE,SE,ARACAJU,AMARAL & CIA LTDA, 13.008.610/0001-83,RUA MARIANO SALMERON,709,,SIQUEIRA CAMPOS,49075-370,DIESEL S10,04/11/2024,"6,19",,R$ / litro,VIBRA
NE,SE,ARACAJU,AMARAL & CIA LTDA, 13.008.610/0001-83,RUA MARIANO SALMERON,709,,SIQUEIRA CAMPOS,49075-370,ETANOL,04/11/2024,"4,49",,R$ / litro,VIBRA
NE,SE,ARACAJU,GAMA E CIA LTDA, 13.007.752/0001-26,AVENIDA TANCREDO NEVES,2551,,DISTRITO INDUSTRIAL DE ARACAJU,49095-000,GASOLINA,04/11/2024,"5,90",,R$ / litro,VIBRA
NE,SE,ARACAJU,GAMA E CIA LTDA, 13.007.752/0001-26,AVENIDA TANCREDO NEVES,2551,,DISTRITO INDUSTRIAL DE ARACAJU,49095-000,ETANOL,04/11/2024,"4,39",,R$ / litro,VIBRA
NE,SE,ARACAJU,L. V. COMERCIO DE COMBUSTIVEIS LTDA, 11.433.769/0001-10,RUA SAO CRISTOVAO,1877,,GETULIO VARGAS,49055-620,GASOLINA,04/11/2024,"5,92",,R$ / litro,BRANCA
NE,SE,ARACAJU,L. V. COMERCIO DE COMBUSTIVEIS LTDA, 11.433.769/0001-10,RUA SAO CRISTOVAO,1877,,GETULIO VARGAS,49055-620,DIESEL S10,04/11/2024,"5,69",,R$ / litro,BRANCA
NE,SE,ARACAJU,L. V. COMERCIO DE COMBUSTIVEIS LTDA, 11.433.769/0001-10,RUA SAO CRISTOVAO,1877,,GETULIO VARGAS,49055-620,ETANOL,04/11/2024,"4,39",,R$ / litro,BRANCA
NE,SE,ARACAJU,ALPHA COMERCIAL DE COMBUSTIVEIS LTDA, 08.297.710/0008-03,AVENIDA FRANCISCO PORTO,650,LOJA  BR MANIA DELICATESSE,SALGADO FILHO,49020-120,GASOLINA,04/11/2024,"6,08",,R$ / litro,VIBRA
NE,SE,ARACAJU,ALPHA COMERCIAL DE COMBUSTIVEIS LTDA, 08.297.710/0008-03,AVENIDA FRANCISCO PORTO,650,LOJA  BR MANIA DELICATESSE,SALGADO FILHO,49020-120,GASOLINA ADITIVADA,04/11/2024,"6,18",,R$ / litro,VIBRA
NE,SE,ARACAJU,ALPHA COMERCIAL DE COMBUSTIVEIS LTDA, 08.297.710/0008-03,AVENIDA FRANCISCO PORTO,650,LOJA  BR MANIA DELICATESSE,SALGADO FILHO,49020-120,ETANOL,04/11/2024,"4,59",,R$ / litro,VIBRA
NE,SE,ARACAJU,REDE DE POSTOS PRESIDENTE LTDA, 32.864.795/0010-63,RUA LARANJEIRAS,1781,,GETULIO VARGAS,49055-380,GNV,04/11/2024,"4,90",,R$ / m³,VIBRA
NE,SE,ARACAJU,REDE DE POSTOS PRESIDENTE LTDA, 32.864.795/0010-63,RUA LARANJEIRAS,1781,,GETULIO VARGAS,49055-380,GASOLINA,04/11/2024,"5,95",,R$ / litro,VIBRA
NE,SE,ARACAJU,REDE DE POSTOS PRESIDENTE LTDA, 32.864.795/0010-63,RUA LARANJEIRAS,1781,,GETULIO VARGAS,49055-380,GASOLINA ADITIVADA,04/11/2024,"6,15",,R$ / litro,VIBRA
NE,SE,ARACAJU,POSTO PIRANEMA LTDA, 09.258.664/0003-91,AVENIDA PREFEITO HERACLITO ROLLEMBERG,2760,,FAROLANDIA,49030-640,GASOLINA,04/11/2024,"5,99",,R$ / litro,VIBRA
NE,SE,ARACAJU,POSTO PIRANEMA LTDA, 09.258.664/0003-91,AVENIDA PREFEITO HERACLITO ROLLEMBERG,2760,,FAROLANDIA,49030-640,GASOLINA ADITIVADA,04/11/2024,"6,19",,R$ / litro,VIBRA
NE,SE,ARACAJU,POSTO PIRANEMA LTDA, 09.258.664/0003-91,AVENIDA PREFEITO HERACLITO ROLLEMBERG,2760,,FAROLANDIA,49030-640,ETANOL,04/11/2024,"4,79",,R$ / litro,VIBRA
NE,SE,ARACAJU,VASPETRO COMBUSTIVEL LTDA, 04.979.182/0001-45,AVENIDA BARAO DE MARUIM,552,,CENTRO,49010-340,GASOLINA,11/11/2024,"5,90",,R$ / litro,VIBRA
NE,SE,ARACAJU,VASPETRO COMBUSTIVEL LTDA, 04.979.182/0001-45,AVENIDA BARAO DE MARUIM,552,,CENTRO,49010-340,GASOLINA ADITIVADA,11/11/2024,"5,99",,R$ / litro,VIBRA
NE,SE,ARACAJU,VASPETRO COMBUSTIVEL LTDA, 04.979.182/0001-45,AVENIDA BARAO DE MARUIM,552,,CENTRO,49010-340,ETANOL,11/11/2024,"4,49",,R$ / litro,VIBRA
NE,SE,ARACAJU,GAMA E CIA LTDA, 13.007.752/0002-07,AVENIDA AUGUSTO FRANCO,2990,,PONTO NOVO,49047-040,GASOLINA,11/11/2024,"5,90",,R$ / litro,VIBRA
NE,SE,ARACAJU,GAMA E CIA LTDA, 13.007.752/0002-07,AVENIDA AUGUSTO FRANCO,2990,,PONTO NOVO,49047-040,ETANOL,11/11/2024,"4,39",,R$ / litro,VIBRA
NE,SE,ARACAJU,TYRESOLES DE SERGIPE INDUSTRIA COMERCIO E SERVICOS LTDA, 13.007.828/0010-04,AVENIDA GONCALO  ROLLEMBERG LEITE,1721,,LUZIA,49045-280,GASOLINA,11/11/2024,"5,95",,R$ / litro,RAIZEN
NE,SE,ARACAJU,TYRESOLES DE SERGIPE INDUSTRIA COMERCIO E SERVICOS LTDA, 13.007.828/0010-04,AVENIDA GONCALO  ROLLEMBERG LEITE,1721,,LUZIA,49045-280,GASOLINA ADITIVADA,11/11/2024,"6,21",,R$ / litro,RAIZEN
NE,SE,ARACAJU,TYRESOLES DE SERGIPE INDUSTRIA COMERCIO E SERVICOS LTDA, 13.007.828/0010-04,AVENIDA GONCALO  ROLLEMBERG LEITE,1721,,LUZIA,49045-280,ETANOL,11/11/2024,"4,38",,R$ / litro,RAIZEN
NE,SE,ARACAJU,REDE DE POSTOS PRESIDENTE LTDA, 32.864.795/0001-72,AVENIDA COELHO E CAMPOS,1254,,SANTO ANTONIO,49060-000,GNV,11/11/2024,"4,90",,R$ / m³,VIBRA
NE,SE,ARACAJU,REDE DE POSTOS PRESIDENTE LTDA, 32.864.795/0001-72,AVENIDA COELHO E CAMPOS,1254,,SANTO ANTONIO,49060-000,GASOLINA,11/11/2024,"5,99",,R$ / litro,VIBRA
NE,SE,ARACAJU,REDE DE POSTOS PRESIDENTE LTDA, 32.864.795/0001-72,AVENIDA COELHO E CAMPOS,1254,,SANTO ANTONIO,49060-000,GASOLINA ADITIVADA,11/11/2024,"6,19",,R$ / litro,VIBRA
NE,SE,ARACAJU,LIDER COMERCIO DE COMBUSTIVEIS LTDA, 15.591.357/0001-69,PRACA DA BANDEIRA,171,,CENTRO,49055-090,GASOLINA,11/11/2024,"5,90",,R$ / litro,VIBRA
NE,SE,ARACAJU,LIDER COMERCIO DE COMBUSTIVEIS LTDA, 15.591.357/0001-69,PRACA DA BANDEIRA,171,,CENTRO,49055-090,GASOLINA ADITIVADA,11/11/2024,"5,99",,R$ / litro,VIBRA
NE,SE,ARACAJU,LIDER COMERCIO DE COMBUSTIVEIS LTDA, 15.591.357/0001-69,PRACA DA BANDEIRA,171,,CENTRO,49055-090,ETANOL,11/11/2024,"4,29",,R$ / litro,VIBRA
NE,SE,ARACAJU,POSTO ARIBE EIRELI, 15.083.140/0001-48,AVENIDA PROF JOSE O DE L NETO,150,,AMERICA,49080-480,GASOLINA,11/11/2024,"5,90",,R$ / litro,VIBRA
NE,SE,ARACAJU,POSTO ARIBE EIRELI, 15.083.140/0001-48,AVENIDA PROF JOSE O DE L NETO,150,,AMERICA,49080-480,GASOLINA ADITIVADA,11/11/2024,"6,08",,R$ / litro,VIBRA
NE,SE,ARACAJU,POSTO ARIBE EIRELI, 15.083.140/0001-48,AVENIDA PROF JOSE O DE L NETO,150,,AMERICA,49080-480,ETANOL,11/11/2024,"4,49",,R$ / litro,VIBRA
NE,SE,ARACAJU,LUBRIFICANTES E ACESSÓRIOS LTDA., 13.257.050/0001-09,AVENIDA BEIRA MAR,6,,13 DE JULHO,49020-010,GASOLINA,11/11/2024,"5,90",,R$ / litro,VIBRA
NE,SE,ARACAJU,LUBRIFICANTES E ACESSÓRIOS LTDA., 13.257.050/0001-09,AVENIDA BEIRA MAR,6,,13 DE JULHO,49020-010,GASOLINA ADITIVADA,11/11/2024,"5,90",,R$ / litro,VIBRA
NE,SE,ARACAJU,LUBRIFICANTES E ACESSÓRIOS LTDA., 13.257.050/0001-09,AVENIDA BEIRA MAR,6,,13 DE JULHO,49020-010,ETANOL,11/11/2024,"4,50",,R$ / litro,VIBRA
NE,SE,ARACAJU,COMERCIAL MARIVAN LTDA, 13.179.247/0001-69,AVENIDA ADELIA FRANCO,2234,,LUZIA,49048-010,GASOLINA,11/11/2024,"5,90",,R$ / litro,VIBRA
NE,SE,ARACAJU,COMERCIAL MARIVAN LTDA, 13.179.247/0001-69,AVENIDA ADELIA FRANCO,2234,,LUZIA,49048-010,GASOLINA ADITIVADA,11/11/2024,"5,97",,R$ / litro,VIBRA
NE,SE,ARACAJU,COMERCIAL MARIVAN LTDA, 13.179.247/0001-69,AVENIDA ADELIA FRANCO,2234,,LUZIA,49048-010,ETANOL,11/11/2024,"4,39",,R$ / litro,VIBRA
NE,SE,ARACAJU,J. L. OLIVEIRA & BARROS LTDA, 13.113.477/0004-78,AVENIDA GENTIL TAVARES,381,CASA,GETULIO VARGAS,49055-670,GASOLINA,11/11/2024,"5,95",,R$ / litro,VIBRA
NE,SE,ARACAJU,J. L. OLIVEIRA & BARROS LTDA, 13.113.477/0004-78,AVENIDA GENTIL TAVARES,381,CASA,GETULIO VARGAS,49055-670,DIESEL S10,11/11/2024,"6,09",,R$ / litro,VIBRA
NE,SE,ARACAJU,POSTO CARMOPOLIS LTDA, 13.077.342/0001-51,AVENIDA JOAO RIBEIRO,680/684,0,SANTO ANTÔNIO,49060-330,GASOLINA,11/11/2024,"5,90",,R$ / litro,VIBRA
NE,SE,ARACAJU,POSTO CARMOPOLIS LTDA, 13.077.342/0001-51,AVENIDA JOAO RIBEIRO,680/684,0,SANTO ANTÔNIO,49060-330,GASOLINA ADITIVADA,11/11/2024,"5,90",,R$ / litro,VIBRA
NE,SE,ARACAJU,POSTO CARMOPOLIS LTDA, 13.077.342/0001-51,AVENIDA JOAO RIBEIRO,680/684,0,SANTO ANTÔNIO,49060-330,ETANOL,11/11/2024,"4,29",,R$ / litro,VIBRA
NE,SE,ARACAJU,KLEBER SANTOS BATISTA LTDA, 13.042.882/0001-08,AVENIDA DESEMBARGADOR MAYNARD,770,,CIRURGIA,49055-210,GNV,11/11/2024,"4,80",,R$ / m³,BRANCA
NE,SE,ARACAJU,KLEBER SANTOS BATISTA LTDA, 13.042.882/0001-08,AVENIDA DESEMBARGADOR MAYNARD,770,,CIRURGIA,49055-210,GASOLINA,11/11/2024,"5,90",,R$ / litro,BRANCA
NE,SE,ARACAJU,KLEBER SANTOS BATISTA LTDA, 13.042.882/0001-08,AVENIDA DESEMBARGADOR MAYNARD,770,,CIRURGIA,49055-210,GASOLINA ADITIVADA,11/11/2024,"5,90",,R$ / litro,BRANCA
NE,SE,ARACAJU,KLEBER SANTOS BATISTA LTDA, 13.042.882/0001-08,AVENIDA DESEMBARGADOR MAYNARD,770,,CIRURGIA,49055-210,DIESEL S10,11/11/2024,"5,69",,R$ / litro,BRANCA
NE,SE,ARACAJU,KLEBER SANTOS BATISTA LTDA, 13.042.882/0001-08,AVENIDA DESEMBARGADOR MAYNARD,770,,CIRURGIA,49055-210,ETANOL,11/11/2024,"4,29",,R$ / litro,BRANCA
NE,SE,ARACAJU,AMARAL & CIA LTDA, 13.008.610/0001-83,RUA MARIANO SALMERON,709,,SIQUEIRA CAMPOS,49075-370,GASOLINA,11/11/2024,"5,99",,R$ / litro,VIBRA
NE,SE,ARACAJU,AMARAL & CIA LTDA, 13.008.610/0001-83,RUA MARIANO SALMERON,709,,SIQUEIRA CAMPOS,49075-370,GASOLINA ADITIVADA,11/11/2024,"6,09",,R$ / litro,VIBRA
NE,SE,ARACAJU,AMARAL & CIA LTDA, 13.008.610/0001-83,RUA MARIANO SALMERON,709,,SIQUEIRA CAMPOS,49075-370,DIESEL S10,11/11/2024,"6,19",,R$ / litro,VIBRA
NE,SE,ARACAJU,AMARAL & CIA LTDA, 13.008.610/0001-83,RUA MARIANO SALMERON,709,,SIQUEIRA CAMPOS,49075-370,ETANOL,11/11/2024,"4,49",,R$ / litro,VIBRA
NE,SE,ARACAJU,GAMA E CIA LTDA, 13.007.752/0001-26,AVENIDA TANCREDO NEVES,2551,,DISTRITO INDUSTRIAL DE ARACAJU,49095-000,GASOLINA,11/11/2024,"5,90",,R$ / litro,VIBRA
NE,SE,ARACAJU,GAMA E CIA LTDA, 13.007.752/0001-26,AVENIDA TANCREDO NEVES,2551,,DISTRITO INDUSTRIAL DE ARACAJU,49095-000,ETANOL,11/11/2024,"4,39",,R$ / litro,VIBRA
NE,SE,ARACAJU,L. V. COMERCIO DE COMBUSTIVEIS LTDA, 11.433.769/0001-10,RUA SAO CRISTOVAO,1877,,GETULIO VARGAS,49055-620,GASOLINA,11/11/2024,"5,92",,R$ / litro,BRANCA
NE,SE,ARACAJU,L. V. COMERCIO DE COMBUSTIVEIS LTDA, 11.433.769/0001-10,RUA SAO CRISTOVAO,1877,,GETULIO VARGAS,49055-620,DIESEL S10,11/11/2024,"5,69",,R$ / litro,BRANCA
NE,SE,ARACAJU,L. V. COMERCIO DE COMBUSTIVEIS LTDA, 11.433.769/0001-10,RUA SAO CRISTOVAO,1877,,GETULIO VARGAS,49055-620,ETANOL,11/11/2024,"4,29",,R$ / litro,BRANCA
NE,SE,ARACAJU,ALPHA COMERCIAL DE COMBUSTIVEIS LTDA, 08.297.710/0008-03,AVENIDA FRANCISCO PORTO,650,LOJA  BR MANIA DELICATESSE,SALGADO FILHO,49020-120,GASOLINA,11/11/2024,"6,08",,R$ / litro,VIBRA
NE,SE,ARACAJU,ALPHA COMERCIAL DE COMBUSTIVEIS LTDA, 08.297.710/0008-03,AVENIDA FRANCISCO PORTO,650,LOJA  BR MANIA DELICATESSE,SALGADO FILHO,49020-120,GASOLINA ADITIVADA,11/11/2024,"6,18",,R$ / litro,VIBRA
NE,SE,ARACAJU,ALPHA COMERCIAL DE COMBUSTIVEIS LTDA, 08.297.710/0008-03,AVENIDA FRANCISCO PORTO,650,LOJA  BR MANIA DELICATESSE,SALGADO FILHO,49020-120,ETANOL,11/11/2024,"4,59",,R$ / litro,VIBRA
NE,SE,ARACAJU,REDE DE POSTOS PRESIDENTE LTDA, 32.864.795/0010-63,RUA LARANJEIRAS,1781,,GETULIO VARGAS,49055-380,GNV,11/11/2024,"4,90",,R$ / m³,VIBRA
NE,SE,ARACAJU,REDE DE POSTOS PRESIDENTE LTDA, 32.864.795/0010-63,RUA LARANJEIRAS,1781,,GETULIO VARGAS,49055-380,GASOLINA,11/11/2024,"5,95",,R$ / litro,VIBRA
NE,SE,ARACAJU,REDE DE POSTOS PRESIDENTE LTDA, 32.864.795/0010-63,RUA LARANJEIRAS,1781,,GETULIO VARGAS,49055-380,GASOLINA ADITIVADA,11/11/2024,"6,15",,R$ / litro,VIBRA
NE,SE,ARACAJU,POSTO PIRANEMA LTDA, 09.258.664/0003-91,AVENIDA PREFEITO HERACLITO ROLLEMBERG,2760,,FAROLANDIA,49030-640,GASOLINA,11/11/2024,"5,99",,R$ / litro,VIBRA
NE,SE,ARACAJU,POSTO PIRANEMA LTDA, 09.258.664/0003-91,AVENIDA PREFEITO HERACLITO ROLLEMBERG,2760,,FAROLANDIA,49030-640,GASOLINA ADITIVADA,11/11/2024,"6,19",,R$ / litro,VIBRA
NE,SE,ARACAJU,POSTO PIRANEMA LTDA, 09.258.664/0003-91,AVENIDA PREFEITO HERACLITO ROLLEMBERG,2760,,FAROLANDIA,49030-640,ETANOL,11/11/2024,"4,79",,R$ / litro,VIBRA
NE,SE,ARACAJU,VASPETRO COMBUSTIVEL LTDA, 04.979.182/0001-45,AVENIDA BARAO DE MARUIM,552,,CENTRO,49010-340,GASOLINA,18/11/2024,"6,30",,R$ / litro,VIBRA
NE,SE,ARACAJU,VASPETRO COMBUSTIVEL LTDA, 04.979.182/0001-45,AVENIDA BARAO DE MARUIM,552,,CENTRO,49010-340,GASOLINA ADITIVADA,18/11/2024,"6,30",,R$ / litro,VIBRA
NE,SE,ARACAJU,VASPETRO COMBUSTIVEL LTDA, 04.979.182/0001-45,AVENIDA BARAO DE MARUIM,552,,CENTRO,49010-340,ETANOL,18/11/2024,"4,59",,R$ / litro,VIBRA
NE,SE,ARACAJU,GAMA E CIA LTDA, 13.007.752/0002-07,AVENIDA AUGUSTO FRANCO,2990,,PONTO NOVO,49047-040,GASOLINA,18/11/2024,"6,30",,R$ / litro,VIBRA
NE,SE,ARACAJU,GAMA E CIA LTDA, 13.007.752/0002-07,AVENIDA AUGUSTO FRANCO,2990,,PONTO NOVO,49047-040,ETANOL,18/11/2024,"4,39",,R$ / litro,VIBRA
NE,SE,ARACAJU,TYRESOLES DE SERGIPE INDUSTRIA COMERCIO E SERVICOS LTDA, 13.007.828/0010-04,AVENIDA GONCALO  ROLLEMBERG LEITE,1721,,LUZIA,49045-280,GASOLINA,18/11/2024,"6,35",,R$ / litro,RAIZEN
NE,SE,ARACAJU,TYRESOLES DE SERGIPE INDUSTRIA COMERCIO E SERVICOS LTDA, 13.007.828/0010-04,AVENIDA GONCALO  ROLLEMBERG LEITE,1721,,LUZIA,49045-280,GASOLINA ADITIVADA,18/11/2024,"6,61",,R$ / litro,RAIZEN
NE,SE,ARACAJU,TYRESOLES DE SERGIPE INDUSTRIA COMERCIO E SERVICOS LTDA, 13.007.828/0010-04,AVENIDA GONCALO  ROLLEMBERG LEITE,1721,,LUZIA,49045-280,ETANOL,18/11/2024,"4,38",,R$ / litro,RAIZEN
NE,SE,ARACAJU,REDE DE POSTOS PRESIDENTE LTDA, 32.864.795/0001-72,AVENIDA COELHO E CAMPOS,1254,,SANTO ANTONIO,49060-000,GNV,18/11/2024,"4,90",,R$ / m³,VIBRA
NE,SE,ARACAJU,REDE DE POSTOS PRESIDENTE LTDA, 32.864.795/0001-72,AVENIDA COELHO E CAMPOS,1254,,SANTO ANTONIO,49060-000,GASOLINA,18/11/2024,"6,37",,R$ / litro,VIBRA
NE,SE,ARACAJU,REDE DE POSTOS PRESIDENTE LTDA, 32.864.795/0001-72,AVENIDA COELHO E CAMPOS,1254,,SANTO ANTONIO,49060-000,GASOLINA ADITIVADA,18/11/2024,"6,57",,R$ / litro,VIBRA
NE,SE,ARACAJU,LIDER COMERCIO DE COMBUSTIVEIS LTDA, 15.591.357/0001-69,PRACA DA BANDEIRA,171,,CENTRO,49055-090,GASOLINA,18/11/2024,"6,32",,R$ / litro,VIBRA
NE,SE,ARACAJU,LIDER COMERCIO DE COMBUSTIVEIS LTDA, 15.591.357/0001-69,PRACA DA BANDEIRA,171,,CENTRO,49055-090,GASOLINA ADITIVADA,18/11/2024,"6,45",,R$ / litro,VIBRA
NE,SE,ARACAJU,LIDER COMERCIO DE COMBUSTIVEIS LTDA, 15.591.357/0001-69,PRACA DA BANDEIRA,171,,CENTRO,49055-090,ETANOL,18/11/2024,"4,39",,R$ / litro,VIBRA
NE,SE,ARACAJU,POSTO ARIBE EIRELI, 15.083.140/0001-48,AVENIDA PROF JOSE O DE L NETO,150,,AMERICA,49080-480,GASOLINA,18/11/2024,"6,35",,R$ / litro,VIBRA
NE,SE,ARACAJU,POSTO ARIBE EIRELI, 15.083.140/0001-48,AVENIDA PROF JOSE O DE L NETO,150,,AMERICA,49080-480,GASOLINA ADITIVADA,18/11/2024,"6,56",,R$ / litro,VIBRA
NE,SE,ARACAJU,POSTO ARIBE EIRELI, 15.083.140/0001-48,AVENIDA PROF JOSE O DE L NETO,150,,AMERICA,49080-480,ETANOL,18/11/2024,"4,67",,R$ / litro,VIBRA
NE,SE,ARACAJU,LUBRIFICANTES E ACESSÓRIOS LTDA., 13.257.050/0001-09,AVENIDA BEIRA MAR,6,,13 DE JULHO,49020-010,GASOLINA,18/11/2024,"6,30",,R$ / litro,VIBRA
NE,SE,ARACAJU,LUBRIFICANTES E ACESSÓRIOS LTDA., 13.257.050/0001-09,AVENIDA BEIRA MAR,6,,13 DE JULHO,49020-010,GASOLINA ADITIVADA,18/11/2024,"6,30",,R$ / litro,VIBRA
NE,SE,ARACAJU,LUBRIFICANTES E ACESSÓRIOS LTDA., 13.257.050/0001-09,AVENIDA BEIRA MAR,6,,13 DE JULHO,49020-010,ETANOL,18/11/2024,"4,50",,R$ / litro,VIBRA
NE,SE,ARACAJU,COMERCIAL MARIVAN LTDA, 13.179.247/0001-69,AVENIDA ADELIA FRANCO,2234,,LUZIA,49048-010,GASOLINA,18/11/2024,"6,30",,R$ / litro,VIBRA
NE,SE,ARACAJU,COMERCIAL MARIVAN LTDA, 13.179.247/0001-69,AVENIDA ADELIA FRANCO,2234,,LUZIA,49048-010,GASOLINA ADITIVADA,18/11/2024,"6,37",,R$ / litro,VIBRA
NE,SE,ARACAJU,COMERCIAL MARIVAN LTDA, 13.179.247/0001-69,AVENIDA ADELIA FRANCO,2234,,LUZIA,49048-010,ETANOL,18/11/2024,"4,39",,R$ / litro,VIBRA
NE,SE,ARACAJU,J. L. OLIVEIRA & BARROS LTDA, 13.113.477/0004-78,AVENIDA GENTIL TAVARES,381,CASA,GETULIO VARGAS,49055-670,GASOLINA,18/11/2024,"6,37",,R$ / litro,VIBRA
NE,SE,ARACAJU,J. L. OLIVEIRA & BARROS LTDA, 13.113.477/0004-78,AVENIDA GENTIL TAVARES,381,CASA,GETULIO VARGAS,49055-670,DIESEL S10,18/11/2024,"6,09",,R$ / litro,VIBRA
NE,SE,ARACAJU,POSTO CARMOPOLIS LTDA, 13.077.342/0001-51,AVENIDA JOAO RIBEIRO,680/684,0,SANTO ANTÔNIO,49060-330,GASOLINA,18/11/2024,"6,30",,R$ / litro,VIBRA
NE,SE,ARACAJU,POSTO CARMOPOLIS LTDA, 13.077.342/0001-51,AVENIDA JOAO RIBEIRO,680/684,0,SANTO ANTÔNIO,49060-330,GASOLINA ADITIVADA,18/11/2024,"6,30",,R$ / litro,VIBRA
NE,SE,ARACAJU,POSTO CARMOPOLIS LTDA, 13.077.342/0001-51,AVENIDA JOAO RIBEIRO,680/684,0,SANTO ANTÔNIO,49060-330,ETANOL,18/11/2024,"4,20",,R$ / litro,VIBRA
NE,SE,ARACAJU,KLEBER SANTOS BATISTA LTDA, 13.042.882/0001-08,AVENIDA DESEMBARGADOR MAYNARD,770,,CIRURGIA,49055-210,GNV,18/11/2024,"4,90",,R$ / m³,BRANCA
NE,SE,ARACAJU,KLEBER SANTOS BATISTA LTDA, 13.042.882/0001-08,AVENIDA DESEMBARGADOR MAYNARD,770,,CIRURGIA,49055-210,GASOLINA,18/11/2024,"6,30",,R$ / litro,BRANCA
NE,SE,ARACAJU,KLEBER SANTOS BATISTA LTDA, 13.042.882/0001-08,AVENIDA DESEMBARGADOR MAYNARD,770,,CIRURGIA,49055-210,GASOLINA ADITIVADA,18/11/2024,"6,30",,R$ / litro,BRANCA
NE,SE,ARACAJU,KLEBER SANTOS BATISTA LTDA, 13.042.882/0001-08,AVENIDA DESEMBARGADOR MAYNARD,770,,CIRURGIA,49055-210,DIESEL S10,18/11/2024,"5,69",,R$ / litro,BRANCA
NE,SE,ARACAJU,KLEBER SANTOS BATISTA LTDA, 13.042.882/0001-08,AVENIDA DESEMBARGADOR MAYNARD,770,,CIRURGIA,49055-210,ETANOL,18/11/2024,"4,20",,R$ / litro,BRANCA
NE,SE,ARACAJU,AMARAL & CIA LTDA, 13.008.610/0001-83,RUA MARIANO SALMERON,709,,SIQUEIRA CAMPOS,49075-370,GASOLINA,18/11/2024,"6,35",,R$ / litro,VIBRA
NE,SE,ARACAJU,AMARAL & CIA LTDA, 13.008.610/0001-83,RUA MARIANO SALMERON,709,,SIQUEIRA CAMPOS,49075-370,GASOLINA ADITIVADA,18/11/2024,"6,45",,R$ / litro,VIBRA
NE,SE,ARACAJU,AMARAL & CIA LTDA, 13.008.610/0001-83,RUA MARIANO SALMERON,709,,SIQUEIRA CAMPOS,49075-370,DIESEL S10,18/11/2024,"6,19",,R$ / litro,VIBRA
NE,SE,ARACAJU,AMARAL & CIA LTDA, 13.008.610/0001-83,RUA MARIANO SALMERON,709,,SIQUEIRA CAMPOS,49075-370,ETANOL,18/11/2024,"4,49",,R$ / litro,VIBRA
NE,SE,ARACAJU,GAMA E CIA LTDA, 13.007.752/0001-26,AVENIDA TANCREDO NEVES,2551,,DISTRITO INDUSTRIAL DE ARACAJU,49095-000,GASOLINA,18/11/2024,"6,30",,R$ / litro,VIBRA
NE,SE,ARACAJU,GAMA E CIA LTDA, 13.007.752/0001-26,AVENIDA TANCREDO NEVES,2551,,DISTRITO INDUSTRIAL DE ARACAJU,49095-000,ETANOL,18/11/2024,"4,39",,R$ / litro,VIBRA
NE,SE,ARACAJU,L. V. COMERCIO DE COMBUSTIVEIS LTDA, 11.433.769/0001-10,RUA SAO CRISTOVAO,1877,,GETULIO VARGAS,49055-620,GASOLINA,18/11/2024,"6,32",,R$ / litro,BRANCA
NE,SE,ARACAJU,L. V. COMERCIO DE COMBUSTIVEIS LTDA, 11.433.769/0001-10,RUA SAO CRISTOVAO,1877,,GETULIO VARGAS,49055-620,DIESEL S10,18/11/2024,"5,74",,R$ / litro,BRANCA
NE,SE,ARACAJU,L. V. COMERCIO DE COMBUSTIVEIS LTDA, 11.433.769/0001-10,RUA SAO CRISTOVAO,1877,,GETULIO VARGAS,49055-620,ETANOL,18/11/2024,"4,29",,R$ / litro,BRANCA
NE,SE,ARACAJU,ALPHA COMERCIAL DE COMBUSTIVEIS LTDA, 08.297.710/0008-03,AVENIDA FRANCISCO PORTO,650,LOJA  BR MANIA DELICATESSE,SALGADO FILHO,49020-120,GASOLINA,18/11/2024,"6,37",,R$ / litro,VIBRA
NE,SE,ARACAJU,ALPHA COMERCIAL DE COMBUSTIVEIS LTDA, 08.297.710/0008-03,AVENIDA FRANCISCO PORTO,650,LOJA  BR MANIA DELICATESSE,SALGADO FILHO,49020-120,GASOLINA ADITIVADA,18/11/2024,"6,52",,R$ / litro,VIBRA
NE,SE,ARACAJU,ALPHA COMERCIAL DE COMBUSTIVEIS LTDA, 08.297.710/0008-03,AVENIDA FRANCISCO PORTO,650,LOJA  BR MANIA DELICATESSE,SALGADO FILHO,49020-120,ETANOL,18/11/2024,"4,79",,R$ / litro,VIBRA
NE,SE,ARACAJU,REDE DE POSTOS PRESIDENTE LTDA, 32.864.795/0010-63,RUA LARANJEIRAS,1781,,GETULIO VARGAS,49055-380,GNV,18/11/2024,"4,90",,R$ / m³,VIBRA
NE,SE,ARACAJU,REDE DE POSTOS PRESIDENTE LTDA, 32.864.795/0010-63,RUA LARANJEIRAS,1781,,GETULIO VARGAS,49055-380,GASOLINA,18/11/2024,"6,37",,R$ / litro,VIBRA
NE,SE,ARACAJU,REDE DE POSTOS PRESIDENTE LTDA, 32.864.795/0010-63,RUA LARANJEIRAS,1781,,GETULIO VARGAS,49055-380,GASOLINA ADITIVADA,18/11/2024,"6,57",,R$ / litro,VIBRA
NE,SE,ARACAJU,POSTO PIRANEMA LTDA, 09.258.664/0003-91,AVENIDA PREFEITO HERACLITO ROLLEMBERG,2760,,FAROLANDIA,49030-640,GASOLINA,18/11/2024,"6,37",,R$ / litro,VIBRA
NE,SE,ARACAJU,POSTO PIRANEMA LTDA, 09.258.664/0003-91,AVENIDA PREFEITO HERACLITO ROLLEMBERG,2760,,FAROLANDIA,49030-640,GASOLINA ADITIVADA,18/11/2024,"6,57",,R$ / litro,VIBRA
NE,SE,ARACAJU,POSTO PIRANEMA LTDA, 09.258.664/0003-91,AVENIDA PREFEITO HERACLITO ROLLEMBERG,2760,,FAROLANDIA,49030-640,ETANOL,18/11/2024,"4,79",,R$ / litro,VIBRA
NE,SE,ARACAJU,VASPETRO COMBUSTIVEL LTDA, 04.979.182/0001-45,AVENIDA BARAO DE MARUIM,552,,CENTRO,49010-340,GASOLINA,25/11/2024,"6,30",,R$ / litro,VIBRA
NE,SE,ARACAJU,VASPETRO COMBUSTIVEL LTDA, 04.979.182/0001-45,AVENIDA BARAO DE MARUIM,552,,CENTRO,49010-340,GASOLINA ADITIVADA,25/11/2024,"6,30",,R$ / litro,VIBRA
NE,SE,ARACAJU,VASPETRO COMBUSTIVEL LTDA, 04.979.182/0001-45,AVENIDA BARAO DE MARUIM,552,,CENTRO,49010-340,ETANOL,25/11/2024,"4,59",,R$ / litro,VIBRA
NE,SE,ARACAJU,GAMA E CIA LTDA, 13.007.752/0002-07,AVENIDA AUGUSTO FRANCO,2990,,PONTO NOVO,49047-040,GASOLINA,25/11/2024,"6,30",,R$ / litro,VIBRA
NE,SE,ARACAJU,GAMA E CIA LTDA, 13.007.752/0002-07,AVENIDA AUGUSTO FRANCO,2990,,PONTO NOVO,49047-040,ETANOL,25/11/2024,"4,39",,R$ / litro,VIBRA
NE,SE,ARACAJU,TYRESOLES DE SERGIPE INDUSTRIA COMERCIO E SERVICOS LTDA, 13.007.828/0010-04,AVENIDA GONCALO  ROLLEMBERG LEITE,1721,,LUZIA,49045-280,GASOLINA,25/11/2024,"6,35",,R$ / litro,RAIZEN
NE,SE,ARACAJU,TYRESOLES DE SERGIPE INDUSTRIA COMERCIO E SERVICOS LTDA, 13.007.828/0010-04,AVENIDA GONCALO  ROLLEMBERG LEITE,1721,,LUZIA,49045-280,GASOLINA ADITIVADA,25/11/2024,"6,61",,R$ / litro,RAIZEN
NE,SE,ARACAJU,TYRESOLES DE SERGIPE INDUSTRIA COMERCIO E SERVICOS LTDA, 13.007.828/0010-04,AVENIDA GONCALO  ROLLEMBERG LEITE,1721,,LUZIA,49045-280,ETANOL,25/11/2024,"4,38",,R$ / litro,RAIZEN
NE,SE,ARACAJU,REDE DE POSTOS PRESIDENTE LTDA, 32.864.795/0001-72,AVENIDA COELHO E CAMPOS,1254,,SANTO ANTONIO,49060-000,GNV,25/11/2024,"4,90",,R$ / m³,VIBRA
NE,SE,ARACAJU,REDE DE POSTOS PRESIDENTE LTDA, 32.864.795/0001-72,AVENIDA COELHO E CAMPOS,1254,,SANTO ANTONIO,49060-000,GASOLINA,25/11/2024,"6,37",,R$ / litro,VIBRA
NE,SE,ARACAJU,REDE DE POSTOS PRESIDENTE LTDA, 32.864.795/0001-72,AVENIDA COELHO E CAMPOS,1254,,SANTO ANTONIO,49060-000,GASOLINA ADITIVADA,25/11/2024,"6,57",,R$ / litro,VIBRA
NE,SE,ARACAJU,LIDER COMERCIO DE COMBUSTIVEIS LTDA, 15.591.357/0001-69,PRACA DA BANDEIRA,171,,CENTRO,49055-090,GASOLINA,25/11/2024,"6,30",,R$ / litro,VIBRA
NE,SE,ARACAJU,LIDER COMERCIO DE COMBUSTIVEIS LTDA, 15.591.357/0001-69,PRACA DA BANDEIRA,171,,CENTRO,49055-090,GASOLINA ADITIVADA,25/11/2024,"6,45",,R$ / litro,VIBRA
NE,SE,ARACAJU,LIDER COMERCIO DE COMBUSTIVEIS LTDA, 15.591.357/0001-69,PRACA DA BANDEIRA,171,,CENTRO,49055-090,ETANOL,25/11/2024,"4,29",,R$ / litro,VIBRA
NE,SE,ARACAJU,POSTO ARIBE EIRELI, 15.083.140/0001-48,AVENIDA PROF JOSE O DE L NETO,150,,AMERICA,49080-480,GASOLINA,25/11/2024,"6,35",,R$ / litro,VIBRA
NE,SE,ARACAJU,POSTO ARIBE EIRELI, 15.083.140/0001-48,AVENIDA PROF JOSE O DE L NETO,150,,AMERICA,49080-480,GASOLINA ADITIVADA,25/11/2024,"6,56",,R$ / litro,VIBRA
NE,SE,ARACAJU,POSTO ARIBE EIRELI, 15.083.140/0001-48,AVENIDA PROF JOSE O DE L NETO,150,,AMERICA,49080-480,ETANOL,25/11/2024,"4,58",,R$ / litro,VIBRA
NE,SE,ARACAJU,LUBRIFICANTES E ACESSÓRIOS LTDA., 13.257.050/0001-09,AVENIDA BEIRA MAR,6,,13 DE JULHO,49020-010,GASOLINA,25/11/2024,"6,30",,R$ / litro,VIBRA
NE,SE,ARACAJU,LUBRIFICANTES E ACESSÓRIOS LTDA., 13.257.050/0001-09,AVENIDA BEIRA MAR,6,,13 DE JULHO,49020-010,GASOLINA ADITIVADA,25/11/2024,"6,30",,R$ / litro,VIBRA
NE,SE,ARACAJU,LUBRIFICANTES E ACESSÓRIOS LTDA., 13.257.050/0001-09,AVENIDA BEIRA MAR,6,,13 DE JULHO,49020-010,ETANOL,25/11/2024,"4,50",,R$ / litro,VIBRA
NE,SE,ARACAJU,COMERCIAL MARIVAN LTDA, 13.179.247/0001-69,AVENIDA ADELIA FRANCO,2234,,LUZIA,49048-010,GASOLINA,25/11/2024,"6,30",,R$ / litro,VIBRA
NE,SE,ARACAJU,COMERCIAL MARIVAN LTDA, 13.179.247/0001-69,AVENIDA ADELIA FRANCO,2234,,LUZIA,49048-010,GASOLINA ADITIVADA,25/11/2024,"6,37",,R$ / litro,VIBRA
NE,SE,ARACAJU,COMERCIAL MARIVAN LTDA, 13.179.247/0001-69,AVENIDA ADELIA FRANCO,2234,,LUZIA,49048-010,ETANOL,25/11/2024,"4,37",,R$ / litro,VIBRA
NE,SE,ARACAJU,J. L. OLIVEIRA & BARROS LTDA, 13.113.477/0004-78,AVENIDA GENTIL TAVARES,381,CASA,GETULIO VARGAS,49055-670,GASOLINA,25/11/2024,"6,37",,R$ / litro,VIBRA
NE,SE,ARACAJU,J. L. OLIVEIRA & BARROS LTDA, 13.113.477/0004-78,AVENIDA GENTIL TAVARES,381,CASA,GETULIO VARGAS,49055-670,DIESEL S10,25/11/2024,"6,09",,R$ / litro,VIBRA
NE,SE,ARACAJU,POSTO CARMOPOLIS LTDA, 13.077.342/0001-51,AVENIDA JOAO RIBEIRO,680/684,0,SANTO ANTÔNIO,49060-330,GASOLINA,25/11/2024,"6,30",,R$ / litro,VIBRA
NE,SE,ARACAJU,POSTO CARMOPOLIS LTDA, 13.077.342/0001-51,AVENIDA JOAO RIBEIRO,680/684,0,SANTO ANTÔNIO,49060-330,GASOLINA ADITIVADA,25/11/2024,"6,30",,R$ / litro,VIBRA
NE,SE,ARACAJU,POSTO CARMOPOLIS LTDA, 13.077.342/0001-51,AVENIDA JOAO RIBEIRO,680/684,0,SANTO ANTÔNIO,49060-330,ETANOL,25/11/2024,"4,20",,R$ / litro,VIBRA
NE,SE,ARACAJU,KLEBER SANTOS BATISTA LTDA, 13.042.882/0001-08,AVENIDA DESEMBARGADOR MAYNARD,770,,CIRURGIA,49055-210,GNV,25/11/2024,"4,90",,R$ / m³,BRANCA
NE,SE,ARACAJU,KLEBER SANTOS BATISTA LTDA, 13.042.882/0001-08,AVENIDA DESEMBARGADOR MAYNARD,770,,CIRURGIA,49055-210,GASOLINA,25/11/2024,"6,30",,R$ / litro,BRANCA
NE,SE,ARACAJU,KLEBER SANTOS BATISTA LTDA, 13.042.882/0001-08,AVENIDA DESEMBARGADOR MAYNARD,770,,CIRURGIA,49055-210,GASOLINA ADITIVADA,25/11/2024,"6,30",,R$ / litro,BRANCA
NE,SE,ARACAJU,KLEBER SANTOS BATISTA LTDA, 13.042.882/0001-08,AVENIDA DESEMBARGADOR MAYNARD,770,,CIRURGIA,49055-210,DIESEL S10,25/11/2024,"5,69",,R$ / litro,BRANCA
NE,SE,ARACAJU,KLEBER SANTOS BATISTA LTDA, 13.042.882/0001-08,AVENIDA DESEMBARGADOR MAYNARD,770,,CIRURGIA,49055-210,ETANOL,25/11/2024,"4,20",,R$ / litro,BRANCA
NE,SE,ARACAJU,AMARAL & CIA LTDA, 13.008.610/0001-83,RUA MARIANO SALMERON,709,,SIQUEIRA CAMPOS,49075-370,GASOLINA,25/11/2024,"6,35",,R$ / litro,VIBRA
NE,SE,ARACAJU,AMARAL & CIA LTDA, 13.008.610/0001-83,RUA MARIANO SALMERON,709,,SIQUEIRA CAMPOS,49075-370,GASOLINA ADITIVADA,25/11/2024,"6,45",,R$ / litro,VIBRA
NE,SE,ARACAJU,AMARAL & CIA LTDA, 13.008.610/0001-83,RUA MARIANO SALMERON,709,,SIQUEIRA CAMPOS,49075-370,DIESEL S10,25/11/2024,"6,19",,R$ / litro,VIBRA
NE,SE,ARACAJU,AMARAL & CIA LTDA, 13.008.610/0001-83,RUA MARIANO SALMERON,709,,SIQUEIRA CAMPOS,49075-370,ETANOL,25/11/2024,"4,49",,R$ / litro,VIBRA
NE,SE,ARACAJU,GAMA E CIA LTDA, 13.007.752/0001-26,AVENIDA TANCREDO NEVES,2551,,DISTRITO INDUSTRIAL DE ARACAJU,49095-000,GASOLINA,25/11/2024,"6,30",,R$ / litro,VIBRA
NE,SE,ARACAJU,GAMA E CIA LTDA, 13.007.752/0001-26,AVENIDA TANCREDO NEVES,2551,,DISTRITO INDUSTRIAL DE ARACAJU,49095-000,ETANOL,25/11/2024,"4,39",,R$ / litro,VIBRA
NE,SE,ARACAJU,L. V. COMERCIO DE COMBUSTIVEIS LTDA, 11.433.769/0001-10,RUA SAO CRISTOVAO,1877,,GETULIO VARGAS,49055-620,GASOLINA,25/11/2024,"6,32",,R$ / litro,BRANCA
NE,SE,ARACAJU,L. V. COMERCIO DE COMBUSTIVEIS LTDA, 11.433.769/0001-10,RUA SAO CRISTOVAO,1877,,GETULIO VARGAS,49055-620,DIESEL S10,25/11/2024,"5,74",,R$ / litro,BRANCA
NE,SE,ARACAJU,L. V. COMERCIO DE COMBUSTIVEIS LTDA, 11.433.769/0001-10,RUA SAO CRISTOVAO,1877,,GETULIO VARGAS,49055-620,ETANOL,25/11/2024,"4,29",,R$ / litro,BRANCA
NE,SE,ARACAJU,ALPHA COMERCIAL DE COMBUSTIVEIS LTDA, 08.297.710/0008-03,AVENIDA FRANCISCO PORTO,650,LOJA  BR MANIA DELICATESSE,SALGADO FILHO,49020-120,GASOLINA,25/11/2024,"6,37",,R$ / litro,VIBRA
NE,SE,ARACAJU,ALPHA COMERCIAL DE COMBUSTIVEIS LTDA, 08.297.710/0008-03,AVENIDA FRANCISCO PORTO,650,LOJA  BR MANIA DELICATESSE,SALGADO FILHO,49020-120,GASOLINA ADITIVADA,25/11/2024,"6,52",,R$ / litro,VIBRA
NE,SE,ARACAJU,ALPHA COMERCIAL DE COMBUSTIVEIS LTDA, 08.297.710/0008-03,AVENIDA FRANCISCO PORTO,650,LOJA  BR MANIA DELICATESSE,SALGADO FILHO,49020-120,ETANOL,25/11/2024,"4,79",,R$ / litro,VIBRA
NE,SE,ARACAJU,REDE DE POSTOS PRESIDENTE LTDA, 32.864.795/0010-63,RUA LARANJEIRAS,1781,,GETULIO VARGAS,49055-380,GNV,25/11/2024,"4,90",,R$ / m³,VIBRA
NE,SE,ARACAJU,REDE DE POSTOS PRESIDENTE LTDA, 32.864.795/0010-63,RUA LARANJEIRAS,1781,,GETULIO VARGAS,49055-380,GASOLINA,25/11/2024,"6,37",,R$ / litro,VIBRA
NE,SE,ARACAJU,REDE DE POSTOS PRESIDENTE LTDA, 32.864.795/0010-63,RUA LARANJEIRAS,1781,,GETULIO VARGAS,49055-380,GASOLINA ADITIVADA,25/11/2024,"6,57",,R$ / litro,VIBRA
NE,SE,ARACAJU,POSTO PIRANEMA LTDA, 09.258.664/0003-91,AVENIDA PREFEITO HERACLITO ROLLEMBERG,2760,,FAROLANDIA,49030-640,GASOLINA,25/11/2024,"6,37",,R$ / litro,VIBRA
NE,SE,ARACAJU,POSTO PIRANEMA LTDA, 09.258.664/0003-91,AVENIDA PREFEITO HERACLITO ROLLEMBERG,2760,,FAROLANDIA,49030-640,GASOLINA ADITIVADA,25/11/2024,"6,57",,R$ / litro,VIBRA
NE,SE,ARACAJU,POSTO PIRANEMA LTDA, 09.258.664/0003-91,AVENIDA PREFEITO HERACLITO ROLLEMBERG,2760,,FAROLANDIA,49030-640,ETANOL,25/11/2024,"4,79",,R$ / litro,VIBRA
NE,SE,ARACAJU,VASPETRO COMBUSTIVEL LTDA, 04.979.182/0001-45,AVENIDA BARAO DE MARUIM,552,,CENTRO,49010-340,GASOLINA,03/12/2024,"6,30",,R$ / litro,VIBRA
NE,SE,ARACAJU,VASPETRO COMBUSTIVEL LTDA, 04.979.182/0001-45,AVENIDA BARAO DE MARUIM,552,,CENTRO,49010-340,GASOLINA ADITIVADA,03/12/2024,"6,30",,R$ / litro,VIBRA
NE,SE,ARACAJU,VASPETRO COMBUSTIVEL LTDA, 04.979.182/0001-45,AVENIDA BARAO DE MARUIM,552,,CENTRO,49010-340,ETANOL,03/12/2024,"4,59",,R$ / litro,VIBRA
NE,SE,ARACAJU,GAMA E CIA LTDA, 13.007.752/0002-07,AVENIDA AUGUSTO FRANCO,2990,,PONTO NOVO,49047-040,GASOLINA,03/12/2024,"6,30",,R$ / litro,VIBRA
NE,SE,ARACAJU,GAMA E CIA LTDA, 13.007.752/0002-07,AVENIDA AUGUSTO FRANCO,2990,,PONTO NOVO,49047-040,ETANOL,03/12/2024,"4,29",,R$ / litro,VIBRA
NE,SE,ARACAJU,TYRESOLES DE SERGIPE INDUSTRIA COMERCIO E SERVICOS LTDA, 13.007.828/0010-04,AVENIDA GONCALO  ROLLEMBERG LEITE,1721,,LUZIA,49045-280,GASOLINA,03/12/2024,"6,35",,R$ / litro,RAIZEN
NE,SE,ARACAJU,TYRESOLES DE SERGIPE INDUSTRIA COMERCIO E SERVICOS LTDA, 13.007.828/0010-04,AVENIDA GONCALO  ROLLEMBERG LEITE,1721,,LUZIA,49045-280,GASOLINA ADITIVADA,03/12/2024,"6,61",,R$ / litro,RAIZEN
NE,SE,ARACAJU,TYRESOLES DE SERGIPE INDUSTRIA COMERCIO E SERVICOS LTDA, 13.007.828/0010-04,AVENIDA GONCALO  ROLLEMBERG LEITE,1721,,LUZIA,49045-280,ETANOL,03/12/2024,"4,38",,R$ / litro,RAIZEN
NE,SE,ARACAJU,REDE DE POSTOS PRESIDENTE LTDA, 32.864.795/0001-72,AVENIDA COELHO E CAMPOS,1254,,SANTO ANTONIO,49060-000,GNV,03/12/2024,"4,90",,R$ / m³,VIBRA
NE,SE,ARACAJU,REDE DE POSTOS PRESIDENTE LTDA, 32.864.795/0001-72,AVENIDA COELHO E CAMPOS,1254,,SANTO ANTONIO,49060-000,GASOLINA,03/12/2024,"6,37",,R$ / litro,VIBRA
NE,SE,ARACAJU,REDE DE POSTOS PRESIDENTE LTDA, 32.864.795/0001-72,AVENIDA COELHO E CAMPOS,1254,,SANTO ANTONIO,49060-000,GASOLINA ADITIVADA,03/12/2024,"6,57",,R$ / litro,VIBRA
NE,SE,ARACAJU,LIDER COMERCIO DE COMBUSTIVEIS LTDA, 15.591.357/0001-69,PRACA DA BANDEIRA,171,,CENTRO,49055-090,GASOLINA,03/12/2024,"6,30",,R$ / litro,VIBRA
NE,SE,ARACAJU,LIDER COMERCIO DE COMBUSTIVEIS LTDA, 15.591.357/0001-69,PRACA DA BANDEIRA,171,,CENTRO,49055-090,GASOLINA ADITIVADA,03/12/2024,"6,45",,R$ / litro,VIBRA
NE,SE,ARACAJU,LIDER COMERCIO DE COMBUSTIVEIS LTDA, 15.591.357/0001-69,PRACA DA BANDEIRA,171,,CENTRO,49055-090,ETANOL,03/12/2024,"4,22",,R$ / litro,VIBRA
NE,SE,ARACAJU,POSTO ARIBE EIRELI, 15.083.140/0001-48,AVENIDA PROF JOSE O DE L NETO,150,,AMERICA,49080-480,GASOLINA,03/12/2024,"6,35",,R$ / litro,VIBRA
NE,SE,ARACAJU,POSTO ARIBE EIRELI, 15.083.140/0001-48,AVENIDA PROF JOSE O DE L NETO,150,,AMERICA,49080-480,GASOLINA ADITIVADA,03/12/2024,"6,56",,R$ / litro,VIBRA
NE,SE,ARACAJU,POSTO ARIBE EIRELI, 15.083.140/0001-48,AVENIDA PROF JOSE O DE L NETO,150,,AMERICA,49080-480,ETANOL,03/12/2024,"4,49",,R$ / litro,VIBRA
NE,SE,ARACAJU,LUBRIFICANTES E ACESSÓRIOS LTDA., 13.257.050/0001-09,AVENIDA BEIRA MAR,6,,13 DE JULHO,49020-010,GASOLINA,03/12/2024,"6,30",,R$ / litro,VIBRA
NE,SE,ARACAJU,LUBRIFICANTES E ACESSÓRIOS LTDA., 13.257.050/0001-09,AVENIDA BEIRA MAR,6,,13 DE JULHO,49020-010,GASOLINA ADITIVADA,03/12/2024,"6,30",,R$ / litro,VIBRA
NE,SE,ARACAJU,LUBRIFICANTES E ACESSÓRIOS LTDA., 13.257.050/0001-09,AVENIDA BEIRA MAR,6,,13 DE JULHO,49020-010,ETANOL,03/12/2024,"4,30",,R$ / litro,VIBRA
NE,SE,ARACAJU,COMERCIAL MARIVAN LTDA, 13.179.247/0001-69,AVENIDA ADELIA FRANCO,2234,,LUZIA,49048-010,GASOLINA,03/12/2024,"6,30",,R$ / litro,VIBRA
NE,SE,ARACAJU,COMERCIAL MARIVAN LTDA, 13.179.247/0001-69,AVENIDA ADELIA FRANCO,2234,,LUZIA,49048-010,GASOLINA ADITIVADA,03/12/2024,"6,37",,R$ / litro,VIBRA
NE,SE,ARACAJU,COMERCIAL MARIVAN LTDA, 13.179.247/0001-69,AVENIDA ADELIA FRANCO,2234,,LUZIA,49048-010,ETANOL,03/12/2024,"4,27",,R$ / litro,VIBRA
NE,SE,ARACAJU,J. L. OLIVEIRA & BARROS LTDA, 13.113.477/0004-78,AVENIDA GENTIL TAVARES,381,CASA,GETULIO VARGAS,49055-670,GASOLINA,03/12/2024,"6,37",,R$ / litro,VIBRA
NE,SE,ARACAJU,J. L. OLIVEIRA & BARROS LTDA, 13.113.477/0004-78,AVENIDA GENTIL TAVARES,381,CASA,GETULIO VARGAS,49055-670,DIESEL S10,03/12/2024,"6,09",,R$ / litro,VIBRA
NE,SE,ARACAJU,POSTO CARMOPOLIS LTDA, 13.077.342/0001-51,AVENIDA JOAO RIBEIRO,680/684,0,SANTO ANTÔNIO,49060-330,GASOLINA,03/12/2024,"6,30",,R$ / litro,VIBRA
NE,SE,ARACAJU,POSTO CARMOPOLIS LTDA, 13.077.342/0001-51,AVENIDA JOAO RIBEIRO,680/684,0,SANTO ANTÔNIO,49060-330,GASOLINA ADITIVADA,03/12/2024,"6,30",,R$ / litro,VIBRA
NE,SE,ARACAJU,POSTO CARMOPOLIS LTDA, 13.077.342/0001-51,AVENIDA JOAO RIBEIRO,680/684,0,SANTO ANTÔNIO,49060-330,ETANOL,03/12/2024,"4,20",,R$ / litro,VIBRA
NE,SE,ARACAJU,KLEBER SANTOS BATISTA LTDA, 13.042.882/0001-08,AVENIDA DESEMBARGADOR MAYNARD,770,,CIRURGIA,49055-210,GNV,03/12/2024,"4,90",,R$ / m³,BRANCA
NE,SE,ARACAJU,KLEBER SANTOS BATISTA LTDA, 13.042.882/0001-08,AVENIDA DESEMBARGADOR MAYNARD,770,,CIRURGIA,49055-210,GASOLINA,03/12/2024,"6,30",,R$ / litro,BRANCA
NE,SE,ARACAJU,KLEBER SANTOS BATISTA LTDA, 13.042.882/0001-08,AVENIDA DESEMBARGADOR MAYNARD,770,,CIRURGIA,49055-210,GASOLINA ADITIVADA,03/12/2024,"6,30",,R$ / litro,BRANCA
NE,SE,ARACAJU,KLEBER SANTOS BATISTA LTDA, 13.042.882/0001-08,AVENIDA DESEMBARGADOR MAYNARD,770,,CIRURGIA,49055-210,DIESEL S10,03/12/2024,"5,89",,R$ / litro,BRANCA
NE,SE,ARACAJU,KLEBER SANTOS BATISTA LTDA, 13.042.882/0001-08,AVENIDA DESEMBARGADOR MAYNARD,770,,CIRURGIA,49055-210,ETANOL,03/12/2024,"4,20",,R$ / litro,BRANCA
NE,SE,ARACAJU,AMARAL & CIA LTDA, 13.008.610/0001-83,RUA MARIANO SALMERON,709,,SIQUEIRA CAMPOS,49075-370,GASOLINA,03/12/2024,"6,35",,R$ / litro,VIBRA
NE,SE,ARACAJU,AMARAL & CIA LTDA, 13.008.610/0001-83,RUA MARIANO SALMERON,709,,SIQUEIRA CAMPOS,49075-370,GASOLINA ADITIVADA,03/12/2024,"6,45",,R$ / litro,VIBRA
NE,SE,ARACAJU,AMARAL & CIA LTDA, 13.008.610/0001-83,RUA MARIANO SALMERON,709,,SIQUEIRA CAMPOS,49075-370,DIESEL S10,03/12/2024,"6,19",,R$ / litro,VIBRA
NE,SE,ARACAJU,AMARAL & CIA LTDA, 13.008.610/0001-83,RUA MARIANO SALMERON,709,,SIQUEIRA CAMPOS,49075-370,ETANOL,03/12/2024,"4,49",,R$ / litro,VIBRA
NE,SE,ARACAJU,GAMA E CIA LTDA, 13.007.752/0001-26,AVENIDA TANCREDO NEVES,2551,,DISTRITO INDUSTRIAL DE ARACAJU,49095-000,GASOLINA,03/12/2024,"6,30",,R$ / litro,VIBRA
NE,SE,ARACAJU,GAMA E CIA LTDA, 13.007.752/0001-26,AVENIDA TANCREDO NEVES,2551,,DISTRITO INDUSTRIAL DE ARACAJU,49095-000,ETANOL,03/12/2024,"4,29",,R$ / litro,VIBRA
NE,SE,ARACAJU,L. V. COMERCIO DE COMBUSTIVEIS LTDA, 11.433.769/0001-10,RUA SAO CRISTOVAO,1877,,GETULIO VARGAS,49055-620,GASOLINA,03/12/2024,"6,32",,R$ / litro,BRANCA
NE,SE,ARACAJU,L. V. COMERCIO DE COMBUSTIVEIS LTDA, 11.433.769/0001-10,RUA SAO CRISTOVAO,1877,,GETULIO VARGAS,49055-620,DIESEL S10,03/12/2024,"5,89",,R$ / litro,BRANCA
NE,SE,ARACAJU,L. V. COMERCIO DE COMBUSTIVEIS LTDA, 11.433.769/0001-10,RUA SAO CRISTOVAO,1877,,GETULIO VARGAS,49055-620,ETANOL,03/12/2024,"4,29",,R$ / litro,BRANCA
NE,SE,ARACAJU,ALPHA COMERCIAL DE COMBUSTIVEIS LTDA, 08.297.710/0008-03,AVENIDA FRANCISCO PORTO,650,LOJA  BR MANIA DELICATESSE,SALGADO FILHO,49020-120,GASOLINA,03/12/2024,"6,37",,R$ / litro,VIBRA
NE,SE,ARACAJU,ALPHA COMERCIAL DE COMBUSTIVEIS LTDA, 08.297.710/0008-03,AVENIDA FRANCISCO PORTO,650,LOJA  BR MANIA DELICATESSE,SALGADO FILHO,49020-120,GASOLINA ADITIVADA,03/12/2024,"6,52",,R$ / litro,VIBRA
NE,SE,ARACAJU,ALPHA COMERCIAL DE COMBUSTIVEIS LTDA, 08.297.710/0008-03,AVENIDA FRANCISCO PORTO,650,LOJA  BR MANIA DELICATESSE,SALGADO FILHO,49020-120,ETANOL,03/12/2024,"4,59",,R$ / litro,VIBRA
NE,SE,ARACAJU,REDE DE POSTOS PRESIDENTE LTDA, 32.864.795/0010-63,RUA LARANJEIRAS,1781,,GETULIO VARGAS,49055-380,GNV,03/12/2024,"4,90",,R$ / m³,VIBRA
NE,SE,ARACAJU,REDE DE POSTOS PRESIDENTE LTDA, 32.864.795/0010-63,RUA LARANJEIRAS,1781,,GETULIO VARGAS,49055-380,GASOLINA,03/12/2024,"6,37",,R$ / litro,VIBRA
NE,SE,ARACAJU,REDE DE POSTOS PRESIDENTE LTDA, 32.864.795/0010-63,RUA LARANJEIRAS,1781,,GETULIO VARGAS,49055-380,GASOLINA ADITIVADA,03/12/2024,"6,57",,R$ / litro,VIBRA
NE,SE,ARACAJU,POSTO PIRANEMA LTDA, 09.258.664/0003-91,AVENIDA PREFEITO HERACLITO ROLLEMBERG,2760,,FAROLANDIA,49030-640,GASOLINA,03/12/2024,"6,37",,R$ / litro,VIBRA
NE,SE,ARACAJU,POSTO PIRANEMA LTDA, 09.258.664/0003-91,AVENIDA PREFEITO HERACLITO ROLLEMBERG,2760,,FAROLANDIA,49030-640,GASOLINA ADITIVADA,03/12/2024,"6,57",,R$ / litro,VIBRA
NE,SE,ARACAJU,POSTO PIRANEMA LTDA, 09.258.664/0003-91,AVENIDA PREFEITO HERACLITO ROLLEMBERG,2760,,FAROLANDIA,49030-640,ETANOL,03/12/2024,"4,79",,R$ / litro,VIBRA
NE,SE,ARACAJU,VASPETRO COMBUSTIVEL LTDA, 04.979.182/0001-45,AVENIDA BARAO DE MARUIM,552,,CENTRO,49010-340,GASOLINA,09/12/2024,"6,30",,R$ / litro,BRANCA
NE,SE,ARACAJU,VASPETRO COMBUSTIVEL LTDA, 04.979.182/0001-45,AVENIDA BARAO DE MARUIM,552,,CENTRO,49010-340,GASOLINA ADITIVADA,09/12/2024,"6,30",,R$ / litro,BRANCA
NE,SE,ARACAJU,VASPETRO COMBUSTIVEL LTDA, 04.979.182/0001-45,AVENIDA BARAO DE MARUIM,552,,CENTRO,49010-340,ETANOL,09/12/2024,"4,59",,R$ / litro,BRANCA
NE,SE,ARACAJU,GAMA E CIA LTDA, 13.007.752/0002-07,AVENIDA AUGUSTO FRANCO,2990,,PONTO NOVO,49047-040,GASOLINA,09/12/2024,"6,30",,R$ / litro,VIBRA
NE,SE,ARACAJU,GAMA E CIA LTDA, 13.007.752/0002-07,AVENIDA AUGUSTO FRANCO,2990,,PONTO NOVO,49047-040,ETANOL,09/12/2024,"4,29",,R$ / litro,VIBRA
NE,SE,ARACAJU,TYRESOLES DE SERGIPE INDUSTRIA COMERCIO E SERVICOS LTDA, 13.007.828/0010-04,AVENIDA GONCALO  ROLLEMBERG LEITE,1721,,LUZIA,49045-280,GASOLINA,09/12/2024,"6,35",,R$ / litro,RAIZEN
NE,SE,ARACAJU,TYRESOLES DE SERGIPE INDUSTRIA COMERCIO E SERVICOS LTDA, 13.007.828/0010-04,AVENIDA GONCALO  ROLLEMBERG LEITE,1721,,LUZIA,49045-280,GASOLINA ADITIVADA,09/12/2024,"6,61",,R$ / litro,RAIZEN
NE,SE,ARACAJU,TYRESOLES DE SERGIPE INDUSTRIA COMERCIO E SERVICOS LTDA, 13.007.828/0010-04,AVENIDA GONCALO  ROLLEMBERG LEITE,1721,,LUZIA,49045-280,ETANOL,09/12/2024,"4,38",,R$ / litro,RAIZEN
NE,SE,ARACAJU,REDE DE POSTOS PRESIDENTE LTDA, 32.864.795/0001-72,AVENIDA COELHO E CAMPOS,1254,,SANTO ANTONIO,49060-000,GNV,09/12/2024,"4,90",,R$ / m³,VIBRA
NE,SE,ARACAJU,REDE DE POSTOS PRESIDENTE LTDA, 32.864.795/0001-72,AVENIDA COELHO E CAMPOS,1254,,SANTO ANTONIO,49060-000,GASOLINA,09/12/2024,"6,37",,R$ / litro,VIBRA
NE,SE,ARACAJU,REDE DE POSTOS PRESIDENTE LTDA, 32.864.795/0001-72,AVENIDA COELHO E CAMPOS,1254,,SANTO ANTONIO,49060-000,GASOLINA ADITIVADA,09/12/2024,"6,57",,R$ / litro,VIBRA
NE,SE,ARACAJU,LIDER COMERCIO DE COMBUSTIVEIS LTDA, 15.591.357/0001-69,PRACA DA BANDEIRA,171,,CENTRO,49055-090,GASOLINA,09/12/2024,"6,30",,R$ / litro,VIBRA
NE,SE,ARACAJU,LIDER COMERCIO DE COMBUSTIVEIS LTDA, 15.591.357/0001-69,PRACA DA BANDEIRA,171,,CENTRO,49055-090,GASOLINA ADITIVADA,09/12/2024,"6,45",,R$ / litro,VIBRA
NE,SE,ARACAJU,LIDER COMERCIO DE COMBUSTIVEIS LTDA, 15.591.357/0001-69,PRACA DA BANDEIRA,171,,CENTRO,49055-090,ETANOL,09/12/2024,"4,22",,R$ / litro,VIBRA
NE,SE,ARACAJU,POSTO ARIBE EIRELI, 15.083.140/0001-48,AVENIDA PROF JOSE O DE L NETO,150,,AMERICA,49080-480,GASOLINA,09/12/2024,"6,35",,R$ / litro,VIBRA
NE,SE,ARACAJU,POSTO ARIBE EIRELI, 15.083.140/0001-48,AVENIDA PROF JOSE O DE L NETO,150,,AMERICA,49080-480,GASOLINA ADITIVADA,09/12/2024,"6,56",,R$ / litro,VIBRA
NE,SE,ARACAJU,POSTO ARIBE EIRELI, 15.083.140/0001-48,AVENIDA PROF JOSE O DE L NETO,150,,AMERICA,49080-480,ETANOL,09/12/2024,"4,49",,R$ / litro,VIBRA
NE,SE,ARACAJU,LUBRIFICANTES E ACESSÓRIOS LTDA., 13.257.050/0001-09,AVENIDA BEIRA MAR,6,,13 DE JULHO,49020-010,GASOLINA,09/12/2024,"6,30",,R$ / litro,VIBRA
NE,SE,ARACAJU,LUBRIFICANTES E ACESSÓRIOS LTDA., 13.257.050/0001-09,AVENIDA BEIRA MAR,6,,13 DE JULHO,49020-010,GASOLINA ADITIVADA,09/12/2024,"6,30",,R$ / litro,VIBRA
NE,SE,ARACAJU,LUBRIFICANTES E ACESSÓRIOS LTDA., 13.257.050/0001-09,AVENIDA BEIRA MAR,6,,13 DE JULHO,49020-010,ETANOL,09/12/2024,"4,30",,R$ / litro,VIBRA
NE,SE,ARACAJU,COMERCIAL MARIVAN LTDA, 13.179.247/0001-69,AVENIDA ADELIA FRANCO,2234,,LUZIA,49048-010,GASOLINA,09/12/2024,"6,30",,R$ / litro,VIBRA
NE,SE,ARACAJU,COMERCIAL MARIVAN LTDA, 13.179.247/0001-69,AVENIDA ADELIA FRANCO,2234,,LUZIA,49048-010,GASOLINA ADITIVADA,09/12/2024,"6,37",,R$ / litro,VIBRA
NE,SE,ARACAJU,COMERCIAL MARIVAN LTDA, 13.179.247/0001-69,AVENIDA ADELIA FRANCO,2234,,LUZIA,49048-010,ETANOL,09/12/2024,"4,27",,R$ / litro,VIBRA
NE,SE,ARACAJU,J. L. OLIVEIRA & BARROS LTDA, 13.113.477/0004-78,AVENIDA GENTIL TAVARES,381,CASA,GETULIO VARGAS,49055-670,GASOLINA,09/12/2024,"6,37",,R$ / litro,VIBRA
NE,SE,ARACAJU,J. L. OLIVEIRA & BARROS LTDA, 13.113.477/0004-78,AVENIDA GENTIL TAVARES,381,CASA,GETULIO VARGAS,49055-670,DIESEL S10,09/12/2024,"6,09",,R$ / litro,VIBRA
NE,SE,ARACAJU,POSTO CARMOPOLIS LTDA, 13.077.342/0001-51,AVENIDA JOAO RIBEIRO,680/684,0,SANTO ANTÔNIO,49060-330,GASOLINA,09/12/2024,"6,30",,R$ / litro,VIBRA
NE,SE,ARACAJU,POSTO CARMOPOLIS LTDA, 13.077.342/0001-51,AVENIDA JOAO RIBEIRO,680/684,0,SANTO ANTÔNIO,49060-330,GASOLINA ADITIVADA,09/12/2024,"6,30",,R$ / litro,VIBRA
NE,SE,ARACAJU,POSTO CARMOPOLIS LTDA, 13.077.342/0001-51,AVENIDA JOAO RIBEIRO,680/684,0,SANTO ANTÔNIO,49060-330,ETANOL,09/12/2024,"4,20",,R$ / litro,VIBRA
NE,SE,ARACAJU,KLEBER SANTOS BATISTA LTDA, 13.042.882/0001-08,AVENIDA DESEMBARGADOR MAYNARD,770,,CIRURGIA,49055-210,GNV,09/12/2024,"4,90",,R$ / m³,BRANCA
NE,SE,ARACAJU,KLEBER SANTOS BATISTA LTDA, 13.042.882/0001-08,AVENIDA DESEMBARGADOR MAYNARD,770,,CIRURGIA,49055-210,GASOLINA,09/12/2024,"6,30",,R$ / litro,BRANCA
NE,SE,ARACAJU,KLEBER SANTOS BATISTA LTDA, 13.042.882/0001-08,AVENIDA DESEMBARGADOR MAYNARD,770,,CIRURGIA,49055-210,GASOLINA ADITIVADA,09/12/2024,"6,30",,R$ / litro,BRANCA
NE,SE,ARACAJU,KLEBER SANTOS BATISTA LTDA, 13.042.882/0001-08,AVENIDA DESEMBARGADOR MAYNARD,770,,CIRURGIA,49055-210,DIESEL S10,09/12/2024,"5,89",,R$ / litro,BRANCA
NE,SE,ARACAJU,KLEBER SANTOS BATISTA LTDA, 13.042.882/0001-08,AVENIDA DESEMBARGADOR MAYNARD,770,,CIRURGIA,49055-210,ETANOL,09/12/2024,"4,20",,R$ / litro,BRANCA
NE,SE,ARACAJU,AMARAL & CIA LTDA, 13.008.610/0001-83,RUA MARIANO SALMERON,709,,SIQUEIRA CAMPOS,49075-370,GASOLINA,09/12/2024,"6,35",,R$ / litro,VIBRA
NE,SE,ARACAJU,AMARAL & CIA LTDA, 13.008.610/0001-83,RUA MARIANO SALMERON,709,,SIQUEIRA CAMPOS,49075-370,GASOLINA ADITIVADA,09/12/2024,"6,45",,R$ / litro,VIBRA
NE,SE,ARACAJU,AMARAL & CIA LTDA, 13.008.610/0001-83,RUA MARIANO SALMERON,709,,SIQUEIRA CAMPOS,49075-370,DIESEL S10,09/12/2024,"6,19",,R$ / litro,VIBRA
NE,SE,ARACAJU,AMARAL & CIA LTDA, 13.008.610/0001-83,RUA MARIANO SALMERON,709,,SIQUEIRA CAMPOS,49075-370,ETANOL,09/12/2024,"4,49",,R$ / litro,VIBRA
NE,SE,ARACAJU,GAMA E CIA LTDA, 13.007.752/0001-26,AVENIDA TANCREDO NEVES,2551,,DISTRITO INDUSTRIAL DE ARACAJU,49095-000,GASOLINA,09/12/2024,"6,30",,R$ / litro,VIBRA
NE,SE,ARACAJU,GAMA E CIA LTDA, 13.007.752/0001-26,AVENIDA TANCREDO NEVES,2551,,DISTRITO INDUSTRIAL DE ARACAJU,49095-000,ETANOL,09/12/2024,"4,29",,R$ / litro,VIBRA
NE,SE,ARACAJU,L. V. COMERCIO DE COMBUSTIVEIS LTDA, 11.433.769/0001-10,RUA SAO CRISTOVAO,1877,,GETULIO VARGAS,49055-620,GASOLINA,09/12/2024,"6,32",,R$ / litro,BRANCA
NE,SE,ARACAJU,L. V. COMERCIO DE COMBUSTIVEIS LTDA, 11.433.769/0001-10,RUA SAO CRISTOVAO,1877,,GETULIO VARGAS,49055-620,DIESEL S10,09/12/2024,"5,89",,R$ / litro,BRANCA
NE,SE,ARACAJU,L. V. COMERCIO DE COMBUSTIVEIS LTDA, 11.433.769/0001-10,RUA SAO CRISTOVAO,1877,,GETULIO VARGAS,49055-620,ETANOL,09/12/2024,"4,29",,R$ / litro,BRANCA
NE,SE,ARACAJU,ALPHA COMERCIAL DE COMBUSTIVEIS LTDA, 08.297.710/0008-03,AVENIDA FRANCISCO PORTO,650,LOJA  BR MANIA DELICATESSE,SALGADO FILHO,49020-120,GASOLINA,09/12/2024,"6,37",,R$ / litro,VIBRA
NE,SE,ARACAJU,ALPHA COMERCIAL DE COMBUSTIVEIS LTDA, 08.297.710/0008-03,AVENIDA FRANCISCO PORTO,650,LOJA  BR MANIA DELICATESSE,SALGADO FILHO,49020-120,GASOLINA ADITIVADA,09/12/2024,"6,52",,R$ / litro,VIBRA
NE,SE,ARACAJU,ALPHA COMERCIAL DE COMBUSTIVEIS LTDA, 08.297.710/0008-03,AVENIDA FRANCISCO PORTO,650,LOJA  BR MANIA DELICATESSE,SALGADO FILHO,49020-120,ETANOL,09/12/2024,"4,49",,R$ / litro,VIBRA
NE,SE,ARACAJU,REDE DE POSTOS PRESIDENTE LTDA, 32.864.795/0010-63,RUA LARANJEIRAS,1781,,GETULIO VARGAS,49055-380,GNV,09/12/2024,"4,90",,R$ / m³,VIBRA
NE,SE,ARACAJU,REDE DE POSTOS PRESIDENTE LTDA, 32.864.795/0010-63,RUA LARANJEIRAS,1781,,GETULIO VARGAS,49055-380,GASOLINA,09/12/2024,"6,37",,R$ / litro,VIBRA
NE,SE,ARACAJU,REDE DE POSTOS PRESIDENTE LTDA, 32.864.795/0010-63,RUA LARANJEIRAS,1781,,GETULIO VARGAS,49055-380,GASOLINA ADITIVADA,09/12/2024,"6,57",,R$ / litro,VIBRA
NE,SE,ARACAJU,POSTO PIRANEMA LTDA, 09.258.664/0003-91,AVENIDA PREFEITO HERACLITO ROLLEMBERG,2760,,FAROLANDIA,49030-640,GASOLINA,09/12/2024,"6,37",,R$ / litro,VIBRA
NE,SE,ARACAJU,POSTO PIRANEMA LTDA, 09.258.664/0003-91,AVENIDA PREFEITO HERACLITO ROLLEMBERG,2760,,FAROLANDIA,49030-640,GASOLINA ADITIVADA,09/12/2024,"6,57",,R$ / litro,VIBRA
NE,SE,ARACAJU,POSTO PIRANEMA LTDA, 09.258.664/0003-91,AVENIDA PREFEITO HERACLITO ROLLEMBERG,2760,,FAROLANDIA,49030-640,ETANOL,09/12/2024,"4,79",,R$ / litro,VIBRA
NE,SE,ARACAJU,VASPETRO COMBUSTIVEL LTDA, 04.979.182/0001-45,AVENIDA BARAO DE MARUIM,552,,CENTRO,49010-340,GASOLINA,16/12/2024,"6,30",,R$ / litro,BRANCA
NE,SE,ARACAJU,VASPETRO COMBUSTIVEL LTDA, 04.979.182/0001-45,AVENIDA BARAO DE MARUIM,552,,CENTRO,49010-340,GASOLINA ADITIVADA,16/12/2024,"6,30",,R$ / litro,BRANCA
NE,SE,ARACAJU,VASPETRO COMBUSTIVEL LTDA, 04.979.182/0001-45,AVENIDA BARAO DE MARUIM,552,,CENTRO,49010-340,ETANOL,16/12/2024,"4,29",,R$ / litro,BRANCA
NE,SE,ARACAJU,GAMA E CIA LTDA, 13.007.752/0002-07,AVENIDA AUGUSTO FRANCO,2990,,PONTO NOVO,49047-040,GASOLINA,16/12/2024,"6,30",,R$ / litro,VIBRA
NE,SE,ARACAJU,GAMA E CIA LTDA, 13.007.752/0002-07,AVENIDA AUGUSTO FRANCO,2990,,PONTO NOVO,49047-040,ETANOL,16/12/2024,"4,20",,R$ / litro,VIBRA
NE,SE,ARACAJU,TYRESOLES DE SERGIPE INDUSTRIA COMERCIO E SERVICOS LTDA, 13.007.828/0010-04,AVENIDA GONCALO  ROLLEMBERG LEITE,1721,,LUZIA,49045-280,GASOLINA,16/12/2024,"6,35",,R$ / litro,RAIZEN
NE,SE,ARACAJU,TYRESOLES DE SERGIPE INDUSTRIA COMERCIO E SERVICOS LTDA, 13.007.828/0010-04,AVENIDA GONCALO  ROLLEMBERG LEITE,1721,,LUZIA,49045-280,GASOLINA ADITIVADA,16/12/2024,"6,61",,R$ / litro,RAIZEN
NE,SE,ARACAJU,TYRESOLES DE SERGIPE INDUSTRIA COMERCIO E SERVICOS LTDA, 13.007.828/0010-04,AVENIDA GONCALO  ROLLEMBERG LEITE,1721,,LUZIA,49045-280,ETANOL,16/12/2024,"4,38",,R$ / litro,RAIZEN
NE,SE,ARACAJU,REDE DE POSTOS PRESIDENTE LTDA, 32.864.795/0001-72,AVENIDA COELHO E CAMPOS,1254,,SANTO ANTONIO,49060-000,GNV,16/12/2024,"4,90",,R$ / m³,VIBRA
NE,SE,ARACAJU,REDE DE POSTOS PRESIDENTE LTDA, 32.864.795/0001-72,AVENIDA COELHO E CAMPOS,1254,,SANTO ANTONIO,49060-000,GASOLINA,16/12/2024,"6,37",,R$ / litro,VIBRA
NE,SE,ARACAJU,REDE DE POSTOS PRESIDENTE LTDA, 32.864.795/0001-72,AVENIDA COELHO E CAMPOS,1254,,SANTO ANTONIO,49060-000,GASOLINA ADITIVADA,16/12/2024,"6,57",,R$ / litro,VIBRA
NE,SE,ARACAJU,LIDER COMERCIO DE COMBUSTIVEIS LTDA, 15.591.357/0001-69,PRACA DA BANDEIRA,171,,CENTRO,49055-090,GASOLINA,16/12/2024,"6,30",,R$ / litro,VIBRA
NE,SE,ARACAJU,LIDER COMERCIO DE COMBUSTIVEIS LTDA, 15.591.357/0001-69,PRACA DA BANDEIRA,171,,CENTRO,49055-090,GASOLINA ADITIVADA,16/12/2024,"6,45",,R$ / litro,VIBRA
NE,SE,ARACAJU,LIDER COMERCIO DE COMBUSTIVEIS LTDA, 15.591.357/0001-69,PRACA DA BANDEIRA,171,,CENTRO,49055-090,ETANOL,16/12/2024,"4,22",,R$ / litro,VIBRA
NE,SE,ARACAJU,POSTO ARIBE EIRELI, 15.083.140/0001-48,AVENIDA PROF JOSE O DE L NETO,150,,AMERICA,49080-480,GASOLINA,16/12/2024,"6,35",,R$ / litro,VIBRA
NE,SE,ARACAJU,POSTO ARIBE EIRELI, 15.083.140/0001-48,AVENIDA PROF JOSE O DE L NETO,150,,AMERICA,49080-480,GASOLINA ADITIVADA,16/12/2024,"6,56",,R$ / litro,VIBRA
NE,SE,ARACAJU,POSTO ARIBE EIRELI, 15.083.140/0001-48,AVENIDA PROF JOSE O DE L NETO,150,,AMERICA,49080-480,ETANOL,16/12/2024,"4,35",,R$ / litro,VIBRA
NE,SE,ARACAJU,LUBRIFICANTES E ACESSÓRIOS LTDA., 13.257.050/0001-09,AVENIDA BEIRA MAR,6,,13 DE JULHO,49020-010,GASOLINA,16/12/2024,"6,30",,R$ / litro,VIBRA
NE,SE,ARACAJU,LUBRIFICANTES E ACESSÓRIOS LTDA., 13.257.050/0001-09,AVENIDA BEIRA MAR,6,,13 DE JULHO,49020-010,GASOLINA ADITIVADA,16/12/2024,"6,30",,R$ / litro,VIBRA
NE,SE,ARACAJU,LUBRIFICANTES E ACESSÓRIOS LTDA., 13.257.050/0001-09,AVENIDA BEIRA MAR,6,,13 DE JULHO,49020-010,ETANOL,16/12/2024,"4,30",,R$ / litro,VIBRA
NE,SE,ARACAJU,COMERCIAL MARIVAN LTDA, 13.179.247/0001-69,AVENIDA ADELIA FRANCO,2234,,LUZIA,49048-010,GASOLINA,16/12/2024,"6,30",,R$ / litro,VIBRA
NE,SE,ARACAJU,COMERCIAL MARIVAN LTDA, 13.179.247/0001-69,AVENIDA ADELIA FRANCO,2234,,LUZIA,49048-010,GASOLINA ADITIVADA,16/12/2024,"6,37",,R$ / litro,VIBRA
NE,SE,ARACAJU,COMERCIAL MARIVAN LTDA, 13.179.247/0001-69,AVENIDA ADELIA FRANCO,2234,,LUZIA,49048-010,ETANOL,16/12/2024,"4,20",,R$ / litro,VIBRA
NE,SE,ARACAJU,J. L. OLIVEIRA & BARROS LTDA, 13.113.477/0004-78,AVENIDA GENTIL TAVARES,381,CASA,GETULIO VARGAS,49055-670,GASOLINA,16/12/2024,"6,37",,R$ / litro,VIBRA
NE,SE,ARACAJU,POSTO CARMOPOLIS LTDA, 13.077.342/0001-51,AVENIDA JOAO RIBEIRO,680/684,0,SANTO ANTÔNIO,49060-330,GASOLINA,16/12/2024,"6,30",,R$ / litro,VIBRA
NE,SE,ARACAJU,POSTO CARMOPOLIS LTDA, 13.077.342/0001-51,AVENIDA JOAO RIBEIRO,680/684,0,SANTO ANTÔNIO,49060-330,GASOLINA ADITIVADA,16/12/2024,"6,30",,R$ / litro,VIBRA
NE,SE,ARACAJU,POSTO CARMOPOLIS LTDA, 13.077.342/0001-51,AVENIDA JOAO RIBEIRO,680/684,0,SANTO ANTÔNIO,49060-330,ETANOL,16/12/2024,"4,20",,R$ / litro,VIBRA
NE,SE,ARACAJU,KLEBER SANTOS BATISTA LTDA, 13.042.882/0001-08,AVENIDA DESEMBARGADOR MAYNARD,770,,CIRURGIA,49055-210,GNV,16/12/2024,"4,90",,R$ / m³,BRANCA
NE,SE,ARACAJU,KLEBER SANTOS BATISTA LTDA, 13.042.882/0001-08,AVENIDA DESEMBARGADOR MAYNARD,770,,CIRURGIA,49055-210,GASOLINA,16/12/2024,"6,30",,R$ / litro,BRANCA
NE,SE,ARACAJU,KLEBER SANTOS BATISTA LTDA, 13.042.882/0001-08,AVENIDA DESEMBARGADOR MAYNARD,770,,CIRURGIA,49055-210,GASOLINA ADITIVADA,16/12/2024,"6,30",,R$ / litro,BRANCA
NE,SE,ARACAJU,KLEBER SANTOS BATISTA LTDA, 13.042.882/0001-08,AVENIDA DESEMBARGADOR MAYNARD,770,,CIRURGIA,49055-210,DIESEL S10,16/12/2024,"5,89",,R$ / litro,BRANCA
NE,SE,ARACAJU,KLEBER SANTOS BATISTA LTDA, 13.042.882/0001-08,AVENIDA DESEMBARGADOR MAYNARD,770,,CIRURGIA,49055-210,ETANOL,16/12/2024,"4,20",,R$ / litro,BRANCA
NE,SE,ARACAJU,AMARAL & CIA LTDA, 13.008.610/0001-83,RUA MARIANO SALMERON,709,,SIQUEIRA CAMPOS,49075-370,GASOLINA,16/12/2024,"6,35",,R$ / litro,VIBRA
NE,SE,ARACAJU,AMARAL & CIA LTDA, 13.008.610/0001-83,RUA MARIANO SALMERON,709,,SIQUEIRA CAMPOS,49075-370,GASOLINA ADITIVADA,16/12/2024,"6,45",,R$ / litro,VIBRA
NE,SE,ARACAJU,AMARAL & CIA LTDA, 13.008.610/0001-83,RUA MARIANO SALMERON,709,,SIQUEIRA CAMPOS,49075-370,DIESEL S10,16/12/2024,"6,19",,R$ / litro,VIBRA
NE,SE,ARACAJU,AMARAL & CIA LTDA, 13.008.610/0001-83,RUA MARIANO SALMERON,709,,SIQUEIRA CAMPOS,49075-370,ETANOL,16/12/2024,"4,39",,R$ / litro,VIBRA
NE,SE,ARACAJU,GAMA E CIA LTDA, 13.007.752/0001-26,AVENIDA TANCREDO NEVES,2551,,DISTRITO INDUSTRIAL DE ARACAJU,49095-000,GASOLINA,16/12/2024,"6,30",,R$ / litro,VIBRA
NE,SE,ARACAJU,GAMA E CIA LTDA, 13.007.752/0001-26,AVENIDA TANCREDO NEVES,2551,,DISTRITO INDUSTRIAL DE ARACAJU,49095-000,ETANOL,16/12/2024,"4,20",,R$ / litro,VIBRA
NE,SE,ARACAJU,L. V. COMERCIO DE COMBUSTIVEIS LTDA, 11.433.769/0001-10,RUA SAO CRISTOVAO,1877,,GETULIO VARGAS,49055-620,GASOLINA,16/12/2024,"6,32",,R$ / litro,BRANCA
NE,SE,ARACAJU,L. V. COMERCIO DE COMBUSTIVEIS LTDA, 11.433.769/0001-10,RUA SAO CRISTOVAO,1877,,GETULIO VARGAS,49055-620,DIESEL S10,16/12/2024,"5,89",,R$ / litro,BRANCA
NE,SE,ARACAJU,L. V. COMERCIO DE COMBUSTIVEIS LTDA, 11.433.769/0001-10,RUA SAO CRISTOVAO,1877,,GETULIO VARGAS,49055-620,ETANOL,16/12/2024,"4,29",,R$ / litro,BRANCA
NE,SE,ARACAJU,ALPHA COMERCIAL DE COMBUSTIVEIS LTDA, 08.297.710/0008-03,AVENIDA FRANCISCO PORTO,650,LOJA  BR MANIA DELICATESSE,SALGADO FILHO,49020-120,GASOLINA,16/12/2024,"6,37",,R$ / litro,VIBRA
NE,SE,ARACAJU,ALPHA COMERCIAL DE COMBUSTIVEIS LTDA, 08.297.710/0008-03,AVENIDA FRANCISCO PORTO,650,LOJA  BR MANIA DELICATESSE,SALGADO FILHO,49020-120,GASOLINA ADITIVADA,16/12/2024,"6,52",,R$ / litro,VIBRA
NE,SE,ARACAJU,ALPHA COMERCIAL DE COMBUSTIVEIS LTDA, 08.297.710/0008-03,AVENIDA FRANCISCO PORTO,650,LOJA  BR MANIA DELICATESSE,SALGADO FILHO,49020-120,ETANOL,16/12/2024,"4,39",,R$ / litro,VIBRA
NE,SE,ARACAJU,REDE DE POSTOS PRESIDENTE LTDA, 32.864.795/0010-63,RUA LARANJEIRAS,1781,,GETULIO VARGAS,49055-380,GNV,16/12/2024,"4,90",,R$ / m³,VIBRA
NE,SE,ARACAJU,REDE DE POSTOS PRESIDENTE LTDA, 32.864.795/0010-63,RUA LARANJEIRAS,1781,,GETULIO VARGAS,49055-380,GASOLINA,16/12/2024,"6,37",,R$ / litro,VIBRA
NE,SE,ARACAJU,REDE DE POSTOS PRESIDENTE LTDA, 32.864.795/0010-63,RUA LARANJEIRAS,1781,,GETULIO VARGAS,49055-380,GASOLINA ADITIVADA,16/12/2024,"6,57",,R$ / litro,VIBRA
NE,SE,ARACAJU,POSTO PIRANEMA LTDA, 09.258.664/0003-91,AVENIDA PREFEITO HERACLITO ROLLEMBERG,2760,,FAROLANDIA,49030-640,GASOLINA,16/12/2024,"6,37",,R$ / litro,VIBRA
NE,SE,ARACAJU,POSTO PIRANEMA LTDA, 09.258.664/0003-91,AVENIDA PREFEITO HERACLITO ROLLEMBERG,2760,,FAROLANDIA,49030-640,GASOLINA ADITIVADA,16/12/2024,"6,57",,R$ / litro,VIBRA
NE,SE,ARACAJU,POSTO PIRANEMA LTDA, 09.258.664/0003-91,AVENIDA PREFEITO HERACLITO ROLLEMBERG,2760,,FAROLANDIA,49030-640,ETANOL,16/12/2024,"4,79",,R$ / litro,VIBRA
NE,SE,ARACAJU,VASPETRO COMBUSTIVEL LTDA, 04.979.182/0001-45,AVENIDA BARAO DE MARUIM,552,,CENTRO,49010-340,GASOLINA,23/12/2024,"6,30",,R$ / litro,BRANCA
NE,SE,ARACAJU,VASPETRO COMBUSTIVEL LTDA, 04.979.182/0001-45,AVENIDA BARAO DE MARUIM,552,,CENTRO,49010-340,GASOLINA ADITIVADA,23/12/2024,"6,30",,R$ / litro,BRANCA
NE,SE,ARACAJU,VASPETRO COMBUSTIVEL LTDA, 04.979.182/0001-45,AVENIDA BARAO DE MARUIM,552,,CENTRO,49010-340,ETANOL,23/12/2024,"4,29",,R$ / litro,BRANCA
NE,SE,ARACAJU,GAMA E CIA LTDA, 13.007.752/0002-07,AVENIDA AUGUSTO FRANCO,2990,,PONTO NOVO,49047-040,GASOLINA,23/12/2024,"6,30",,R$ / litro,VIBRA
NE,SE,ARACAJU,GAMA E CIA LTDA, 13.007.752/0002-07,AVENIDA AUGUSTO FRANCO,2990,,PONTO NOVO,49047-040,ETANOL,23/12/2024,"4,20",,R$ / litro,VIBRA
NE,SE,ARACAJU,TYRESOLES DE SERGIPE INDUSTRIA COMERCIO E SERVICOS LTDA, 13.007.828/0010-04,AVENIDA GONCALO  ROLLEMBERG LEITE,1721,,LUZIA,49045-280,GASOLINA,23/12/2024,"6,35",,R$ / litro,RAIZEN
NE,SE,ARACAJU,TYRESOLES DE SERGIPE INDUSTRIA COMERCIO E SERVICOS LTDA, 13.007.828/0010-04,AVENIDA GONCALO  ROLLEMBERG LEITE,1721,,LUZIA,49045-280,GASOLINA ADITIVADA,23/12/2024,"6,61",,R$ / litro,RAIZEN
NE,SE,ARACAJU,TYRESOLES DE SERGIPE INDUSTRIA COMERCIO E SERVICOS LTDA, 13.007.828/0010-04,AVENIDA GONCALO  ROLLEMBERG LEITE,1721,,LUZIA,49045-280,ETANOL,23/12/2024,"4,38",,R$ / litro,RAIZEN
NE,SE,ARACAJU,REDE DE POSTOS PRESIDENTE LTDA, 32.864.795/0001-72,AVENIDA COELHO E CAMPOS,1254,,SANTO ANTONIO,49060-000,GNV,23/12/2024,"4,90",,R$ / m³,VIBRA
NE,SE,ARACAJU,REDE DE POSTOS PRESIDENTE LTDA, 32.864.795/0001-72,AVENIDA COELHO E CAMPOS,1254,,SANTO ANTONIO,49060-000,GASOLINA,23/12/2024,"6,37",,R$ / litro,VIBRA
NE,SE,ARACAJU,REDE DE POSTOS PRESIDENTE LTDA, 32.864.795/0001-72,AVENIDA COELHO E CAMPOS,1254,,SANTO ANTONIO,49060-000,GASOLINA ADITIVADA,23/12/2024,"6,57",,R$ / litro,VIBRA
NE,SE,ARACAJU,LIDER COMERCIO DE COMBUSTIVEIS LTDA, 15.591.357/0001-69,PRACA DA BANDEIRA,171,,CENTRO,49055-090,GASOLINA,23/12/2024,"6,30",,R$ / litro,VIBRA
NE,SE,ARACAJU,LIDER COMERCIO DE COMBUSTIVEIS LTDA, 15.591.357/0001-69,PRACA DA BANDEIRA,171,,CENTRO,49055-090,GASOLINA ADITIVADA,23/12/2024,"6,45",,R$ / litro,VIBRA
NE,SE,ARACAJU,LIDER COMERCIO DE COMBUSTIVEIS LTDA, 15.591.357/0001-69,PRACA DA BANDEIRA,171,,CENTRO,49055-090,ETANOL,23/12/2024,"4,22",,R$ / litro,VIBRA
NE,SE,ARACAJU,POSTO ARIBE EIRELI, 15.083.140/0001-48,AVENIDA PROF JOSE O DE L NETO,150,,AMERICA,49080-480,GASOLINA,23/12/2024,"6,35",,R$ / litro,VIBRA
NE,SE,ARACAJU,POSTO ARIBE EIRELI, 15.083.140/0001-48,AVENIDA PROF JOSE O DE L NETO,150,,AMERICA,49080-480,GASOLINA ADITIVADA,23/12/2024,"6,56",,R$ / litro,VIBRA
NE,SE,ARACAJU,POSTO ARIBE EIRELI, 15.083.140/0001-48,AVENIDA PROF JOSE O DE L NETO,150,,AMERICA,49080-480,ETANOL,23/12/2024,"4,35",,R$ / litro,VIBRA
NE,SE,ARACAJU,LUBRIFICANTES E ACESSÓRIOS LTDA., 13.257.050/0001-09,AVENIDA BEIRA MAR,6,,13 DE JULHO,49020-010,GASOLINA,23/12/2024,"6,30",,R$ / litro,VIBRA
NE,SE,ARACAJU,LUBRIFICANTES E ACESSÓRIOS LTDA., 13.257.050/0001-09,AVENIDA BEIRA MAR,6,,13 DE JULHO,49020-010,GASOLINA ADITIVADA,23/12/2024,"6,30",,R$ / litro,VIBRA
NE,SE,ARACAJU,LUBRIFICANTES E ACESSÓRIOS LTDA., 13.257.050/0001-09,AVENIDA BEIRA MAR,6,,13 DE JULHO,49020-010,ETANOL,23/12/2024,"4,30",,R$ / litro,VIBRA
NE,SE,ARACAJU,COMERCIAL MARIVAN LTDA, 13.179.247/0001-69,AVENIDA ADELIA FRANCO,2234,,LUZIA,49048-010,GASOLINA,23/12/2024,"6,30",,R$ / litro,VIBRA
NE,SE,ARACAJU,COMERCIAL MARIVAN LTDA, 13.179.247/0001-69,AVENIDA ADELIA FRANCO,2234,,LUZIA,49048-010,GASOLINA ADITIVADA,23/12/2024,"6,37",,R$ / litro,VIBRA
NE,SE,ARACAJU,COMERCIAL MARIVAN LTDA, 13.179.247/0001-69,AVENIDA ADELIA FRANCO,2234,,LUZIA,49048-010,ETANOL,23/12/2024,"4,20",,R$ / litro,VIBRA
NE,SE,ARACAJU,J. L. OLIVEIRA & BARROS LTDA, 13.113.477/0004-78,AVENIDA GENTIL TAVARES,381,CASA,GETULIO VARGAS,49055-670,GASOLINA,23/12/2024,"6,37",,R$ / litro,VIBRA
NE,SE,ARACAJU,J. L. OLIVEIRA & BARROS LTDA, 13.113.477/0004-78,AVENIDA GENTIL TAVARES,381,CASA,GETULIO VARGAS,49055-670,DIESEL S10,23/12/2024,"6,09",,R$ / litro,VIBRA
NE,SE,ARACAJU,POSTO CARMOPOLIS LTDA, 13.077.342/0001-51,AVENIDA JOAO RIBEIRO,680/684,0,SANTO ANTÔNIO,49060-330,GASOLINA,23/12/2024,"6,30",,R$ / litro,VIBRA
NE,SE,ARACAJU,POSTO CARMOPOLIS LTDA, 13.077.342/0001-51,AVENIDA JOAO RIBEIRO,680/684,0,SANTO ANTÔNIO,49060-330,GASOLINA ADITIVADA,23/12/2024,"6,30",,R$ / litro,VIBRA
NE,SE,ARACAJU,POSTO CARMOPOLIS LTDA, 13.077.342/0001-51,AVENIDA JOAO RIBEIRO,680/684,0,SANTO ANTÔNIO,49060-330,ETANOL,23/12/2024,"4,20",,R$ / litro,VIBRA
NE,SE,ARACAJU,KLEBER SANTOS BATISTA LTDA, 13.042.882/0001-08,AVENIDA DESEMBARGADOR MAYNARD,770,,CIRURGIA,49055-210,GNV,23/12/2024,"4,90",,R$ / m³,BRANCA
NE,SE,ARACAJU,KLEBER SANTOS BATISTA LTDA, 13.042.882/0001-08,AVENIDA DESEMBARGADOR MAYNARD,770,,CIRURGIA,49055-210,GASOLINA,23/12/2024,"6,30",,R$ / litro,BRANCA
NE,SE,ARACAJU,KLEBER SANTOS BATISTA LTDA, 13.042.882/0001-08,AVENIDA DESEMBARGADOR MAYNARD,770,,CIRURGIA,49055-210,GASOLINA ADITIVADA,23/12/2024,"6,30",,R$ / litro,BRANCA
NE,SE,ARACAJU,KLEBER SANTOS BATISTA LTDA, 13.042.882/0001-08,AVENIDA DESEMBARGADOR MAYNARD,770,,CIRURGIA,49055-210,DIESEL S10,23/12/2024,"5,97",,R$ / litro,BRANCA
NE,SE,ARACAJU,KLEBER SANTOS BATISTA LTDA, 13.042.882/0001-08,AVENIDA DESEMBARGADOR MAYNARD,770,,CIRURGIA,49055-210,ETANOL,23/12/2024,"4,20",,R$ / litro,BRANCA
NE,SE,ARACAJU,AMARAL & CIA LTDA, 13.008.610/0001-83,RUA MARIANO SALMERON,709,,SIQUEIRA CAMPOS,49075-370,GASOLINA,23/12/2024,"6,35",,R$ / litro,VIBRA
NE,SE,ARACAJU,AMARAL & CIA LTDA, 13.008.610/0001-83,RUA MARIANO SALMERON,709,,SIQUEIRA CAMPOS,49075-370,GASOLINA ADITIVADA,23/12/2024,"6,45",,R$ / litro,VIBRA
NE,SE,ARACAJU,AMARAL & CIA LTDA, 13.008.610/0001-83,RUA MARIANO SALMERON,709,,SIQUEIRA CAMPOS,49075-370,DIESEL S10,23/12/2024,"6,29",,R$ / litro,VIBRA
NE,SE,ARACAJU,AMARAL & CIA LTDA, 13.008.610/0001-83,RUA MARIANO SALMERON,709,,SIQUEIRA CAMPOS,49075-370,ETANOL,23/12/2024,"4,39",,R$ / litro,VIBRA
NE,SE,ARACAJU,GAMA E CIA LTDA, 13.007.752/0001-26,AVENIDA TANCREDO NEVES,2551,,DISTRITO INDUSTRIAL DE ARACAJU,49095-000,GASOLINA,23/12/2024,"6,30",,R$ / litro,VIBRA
NE,SE,ARACAJU,GAMA E CIA LTDA, 13.007.752/0001-26,AVENIDA TANCREDO NEVES,2551,,DISTRITO INDUSTRIAL DE ARACAJU,49095-000,ETANOL,23/12/2024,"4,20",,R$ / litro,VIBRA
NE,SE,ARACAJU,L. V. COMERCIO DE COMBUSTIVEIS LTDA, 11.433.769/0001-10,RUA SAO CRISTOVAO,1877,,GETULIO VARGAS,49055-620,GASOLINA,23/12/2024,"6,32",,R$ / litro,BRANCA
NE,SE,ARACAJU,L. V. COMERCIO DE COMBUSTIVEIS LTDA, 11.433.769/0001-10,RUA SAO CRISTOVAO,1877,,GETULIO VARGAS,49055-620,DIESEL S10,23/12/2024,"5,97",,R$ / litro,BRANCA
NE,SE,ARACAJU,L. V. COMERCIO DE COMBUSTIVEIS LTDA, 11.433.769/0001-10,RUA SAO CRISTOVAO,1877,,GETULIO VARGAS,49055-620,ETANOL,23/12/2024,"4,29",,R$ / litro,BRANCA
NE,SE,ARACAJU,ALPHA COMERCIAL DE COMBUSTIVEIS LTDA, 08.297.710/0008-03,AVENIDA FRANCISCO PORTO,650,LOJA  BR MANIA DELICATESSE,SALGADO FILHO,49020-120,GASOLINA,23/12/2024,"6,37",,R$ / litro,VIBRA
NE,SE,ARACAJU,ALPHA COMERCIAL DE COMBUSTIVEIS LTDA, 08.297.710/0008-03,AVENIDA FRANCISCO PORTO,650,LOJA  BR MANIA DELICATESSE,SALGADO FILHO,49020-120,GASOLINA ADITIVADA,23/12/2024,"6,52",,R$ / litro,VIBRA
NE,SE,ARACAJU,ALPHA COMERCIAL DE COMBUSTIVEIS LTDA, 08.297.710/0008-03,AVENIDA FRANCISCO PORTO,650,LOJA  BR MANIA DELICATESSE,SALGADO FILHO,49020-120,ETANOL,23/12/2024,"4,39",,R$ / litro,VIBRA
NE,SE,ARACAJU,REDE DE POSTOS PRESIDENTE LTDA, 32.864.795/0010-63,RUA LARANJEIRAS,1781,,GETULIO VARGAS,49055-380,GNV,23/12/2024,"4,90",,R$ / m³,VIBRA
NE,SE,ARACAJU,REDE DE POSTOS PRESIDENTE LTDA, 32.864.795/0010-63,RUA LARANJEIRAS,1781,,GETULIO VARGAS,49055-380,GASOLINA,23/12/2024,"6,37",,R$ / litro,VIBRA
NE,SE,ARACAJU,REDE DE POSTOS PRESIDENTE LTDA, 32.864.795/0010-63,RUA LARANJEIRAS,1781,,GETULIO VARGAS,49055-380,GASOLINA ADITIVADA,23/12/2024,"6,57",,R$ / litro,VIBRA
NE,SE,ARACAJU,POSTO PIRANEMA LTDA, 09.258.664/0003-91,AVENIDA PREFEITO HERACLITO ROLLEMBERG,2760,,FAROLANDIA,49030-640,GASOLINA,23/12/2024,"6,37",,R$ / litro,VIBRA
NE,SE,ARACAJU,POSTO PIRANEMA LTDA, 09.258.664/0003-91,AVENIDA PREFEITO HERACLITO ROLLEMBERG,2760,,FAROLANDIA,49030-640,GASOLINA ADITIVADA,23/12/2024,"6,57",,R$ / litro,VIBRA
NE,SE,ARACAJU,POSTO PIRANEMA LTDA, 09.258.664/0003-91,AVENIDA PREFEITO HERACLITO ROLLEMBERG,2760,,FAROLANDIA,49030-640,ETANOL,23/12/2024,"4,79",,R$ / litro,VIBRA
NE,SE,ARACAJU,VASPETRO COMBUSTIVEL LTDA, 04.979.182/0001-45,AVENIDA BARAO DE MARUIM,552,,CENTRO,49010-340,GASOLINA,30/12/2024,"6,30",,R$ / litro,BRANCA
NE,SE,ARACAJU,VASPETRO COMBUSTIVEL LTDA, 04.979.182/0001-45,AVENIDA BARAO DE MARUIM,552,,CENTRO,49010-340,GASOLINA ADITIVADA,30/12/2024,"6,30",,R$ / litro,BRANCA
NE,SE,ARACAJU,VASPETRO COMBUSTIVEL LTDA, 04.979.182/0001-45,AVENIDA BARAO DE MARUIM,552,,CENTRO,49010-340,ETANOL,30/12/2024,"4,29",,R$ / litro,BRANCA
NE,SE,ARACAJU,GAMA E CIA LTDA, 13.007.752/0002-07,AVENIDA AUGUSTO FRANCO,2990,,PONTO NOVO,49047-040,GASOLINA,30/12/2024,"6,30",,R$ / litro,VIBRA
NE,SE,ARACAJU,GAMA E CIA LTDA, 13.007.752/0002-07,AVENIDA AUGUSTO FRANCO,2990,,PONTO NOVO,49047-040,ETANOL,30/12/2024,"4,29",,R$ / litro,VIBRA
NE,SE,ARACAJU,TYRESOLES DE SERGIPE INDUSTRIA COMERCIO E SERVICOS LTDA, 13.007.828/0010-04,AVENIDA GONCALO  ROLLEMBERG LEITE,1721,,LUZIA,49045-280,GASOLINA,30/12/2024,"6,35",,R$ / litro,RAIZEN
NE,SE,ARACAJU,TYRESOLES DE SERGIPE INDUSTRIA COMERCIO E SERVICOS LTDA, 13.007.828/0010-04,AVENIDA GONCALO  ROLLEMBERG LEITE,1721,,LUZIA,49045-280,GASOLINA ADITIVADA,30/12/2024,"6,61",,R$ / litro,RAIZEN
NE,SE,ARACAJU,TYRESOLES DE SERGIPE INDUSTRIA COMERCIO E SERVICOS LTDA, 13.007.828/0010-04,AVENIDA GONCALO  ROLLEMBERG LEITE,1721,,LUZIA,49045-280,ETANOL,30/12/2024,"4,38",,R$ / litro,RAIZEN
NE,SE,ARACAJU,REDE DE POSTOS PRESIDENTE LTDA, 32.864.795/0001-72,AVENIDA COELHO E CAMPOS,1254,,SANTO ANTONIO,49060-000,GNV,30/12/2024,"4,90",,R$ / m³,VIBRA
NE,SE,ARACAJU,REDE DE POSTOS PRESIDENTE LTDA, 32.864.795/0001-72,AVENIDA COELHO E CAMPOS,1254,,SANTO ANTONIO,49060-000,GASOLINA,30/12/2024,"6,37",,R$ / litro,VIBRA
NE,SE,ARACAJU,REDE DE POSTOS PRESIDENTE LTDA, 32.864.795/0001-72,AVENIDA COELHO E CAMPOS,1254,,SANTO ANTONIO,49060-000,GASOLINA ADITIVADA,30/12/2024,"6,57",,R$ / litro,VIBRA
NE,SE,ARACAJU,LIDER COMERCIO DE COMBUSTIVEIS LTDA, 15.591.357/0001-69,PRACA DA BANDEIRA,171,,CENTRO,49055-090,GASOLINA,30/12/2024,"6,30",,R$ / litro,VIBRA
NE,SE,ARACAJU,LIDER COMERCIO DE COMBUSTIVEIS LTDA, 15.591.357/0001-69,PRACA DA BANDEIRA,171,,CENTRO,49055-090,GASOLINA ADITIVADA,30/12/2024,"6,45",,R$ / litro,VIBRA
NE,SE,ARACAJU,LIDER COMERCIO DE COMBUSTIVEIS LTDA, 15.591.357/0001-69,PRACA DA BANDEIRA,171,,CENTRO,49055-090,ETANOL,30/12/2024,"4,29",,R$ / litro,VIBRA
NE,SE,ARACAJU,POSTO ARIBE EIRELI, 15.083.140/0001-48,AVENIDA PROF JOSE O DE L NETO,150,,AMERICA,49080-480,GASOLINA,30/12/2024,"6,35",,R$ / litro,VIBRA
NE,SE,ARACAJU,POSTO ARIBE EIRELI, 15.083.140/0001-48,AVENIDA PROF JOSE O DE L NETO,150,,AMERICA,49080-480,GASOLINA ADITIVADA,30/12/2024,"6,56",,R$ / litro,VIBRA
NE,SE,ARACAJU,POSTO ARIBE EIRELI, 15.083.140/0001-48,AVENIDA PROF JOSE O DE L NETO,150,,AMERICA,49080-480,ETANOL,30/12/2024,"4,49",,R$ / litro,VIBRA
NE,SE,ARACAJU,LUBRIFICANTES E ACESSÓRIOS LTDA., 13.257.050/0001-09,AVENIDA BEIRA MAR,6,,13 DE JULHO,49020-010,GASOLINA,30/12/2024,"6,30",,R$ / litro,VIBRA
NE,SE,ARACAJU,LUBRIFICANTES E ACESSÓRIOS LTDA., 13.257.050/0001-09,AVENIDA BEIRA MAR,6,,13 DE JULHO,49020-010,GASOLINA ADITIVADA,30/12/2024,"6,30",,R$ / litro,VIBRA
NE,SE,ARACAJU,LUBRIFICANTES E ACESSÓRIOS LTDA., 13.257.050/0001-09,AVENIDA BEIRA MAR,6,,13 DE JULHO,49020-010,ETANOL,30/12/2024,"4,30",,R$ / litro,VIBRA
NE,SE,ARACAJU,COMERCIAL MARIVAN LTDA, 13.179.247/0001-69,AVENIDA ADELIA FRANCO,2234,,LUZIA,49048-010,GASOLINA,30/12/2024,"6,30",,R$ / litro,VIBRA
NE,SE,ARACAJU,COMERCIAL MARIVAN LTDA, 13.179.247/0001-69,AVENIDA ADELIA FRANCO,2234,,LUZIA,49048-010,GASOLINA ADITIVADA,30/12/2024,"6,37",,R$ / litro,VIBRA
NE,SE,ARACAJU,COMERCIAL MARIVAN LTDA, 13.179.247/0001-69,AVENIDA ADELIA FRANCO,2234,,LUZIA,49048-010,ETANOL,30/12/2024,"4,20",,R$ / litro,VIBRA
NE,SE,ARACAJU,J. L. OLIVEIRA & BARROS LTDA, 13.113.477/0004-78,AVENIDA GENTIL TAVARES,381,CASA,GETULIO VARGAS,49055-670,GASOLINA,30/12/2024,"6,37",,R$ / litro,VIBRA
NE,SE,ARACAJU,J. L. OLIVEIRA & BARROS LTDA, 13.113.477/0004-78,AVENIDA GENTIL TAVARES,381,CASA,GETULIO VARGAS,49055-670,DIESEL S10,30/12/2024,"6,09",,R$ / litro,VIBRA
NE,SE,ARACAJU,POSTO CARMOPOLIS LTDA, 13.077.342/0001-51,AVENIDA JOAO RIBEIRO,680/684,0,SANTO ANTÔNIO,49060-330,GASOLINA,30/12/2024,"6,30",,R$ / litro,VIBRA
NE,SE,ARACAJU,POSTO CARMOPOLIS LTDA, 13.077.342/0001-51,AVENIDA JOAO RIBEIRO,680/684,0,SANTO ANTÔNIO,49060-330,GASOLINA ADITIVADA,30/12/2024,"6,30",,R$ / litro,VIBRA
NE,SE,ARACAJU,POSTO CARMOPOLIS LTDA, 13.077.342/0001-51,AVENIDA JOAO RIBEIRO,680/684,0,SANTO ANTÔNIO,49060-330,ETANOL,30/12/2024,"4,20",,R$ / litro,VIBRA
NE,SE,ARACAJU,KLEBER SANTOS BATISTA LTDA, 13.042.882/0001-08,AVENIDA DESEMBARGADOR MAYNARD,770,,CIRURGIA,49055-210,GNV,30/12/2024,"4,90",,R$ / m³,BRANCA
NE,SE,ARACAJU,KLEBER SANTOS BATISTA LTDA, 13.042.882/0001-08,AVENIDA DESEMBARGADOR MAYNARD,770,,CIRURGIA,49055-210,GASOLINA,30/12/2024,"6,30",,R$ / litro,BRANCA
NE,SE,ARACAJU,KLEBER SANTOS BATISTA LTDA, 13.042.882/0001-08,AVENIDA DESEMBARGADOR MAYNARD,770,,CIRURGIA,49055-210,GASOLINA ADITIVADA,30/12/2024,"6,30",,R$ / litro,BRANCA
NE,SE,ARACAJU,KLEBER SANTOS BATISTA LTDA, 13.042.882/0001-08,AVENIDA DESEMBARGADOR MAYNARD,770,,CIRURGIA,49055-210,DIESEL S10,30/12/2024,"5,97",,R$ / litro,BRANCA
NE,SE,ARACAJU,KLEBER SANTOS BATISTA LTDA, 13.042.882/0001-08,AVENIDA DESEMBARGADOR MAYNARD,770,,CIRURGIA,49055-210,ETANOL,30/12/2024,"4,20",,R$ / litro,BRANCA
NE,SE,ARACAJU,AMARAL & CIA LTDA, 13.008.610/0001-83,RUA MARIANO SALMERON,709,,SIQUEIRA CAMPOS,49075-370,GASOLINA ADITIVADA,30/12/2024,"6,45",,R$ / litro,VIBRA
NE,SE,ARACAJU,AMARAL & CIA LTDA, 13.008.610/0001-83,RUA MARIANO SALMERON,709,,SIQUEIRA CAMPOS,49075-370,DIESEL S10,30/12/2024,"6,29",,R$ / litro,VIBRA
NE,SE,ARACAJU,AMARAL & CIA LTDA, 13.008.610/0001-83,RUA MARIANO SALMERON,709,,SIQUEIRA CAMPOS,49075-370,ETANOL,30/12/2024,"4,39",,R$ / litro,VIBRA
NE,SE,ARACAJU,AMARAL & CIA LTDA, 13.008.610/0001-83,RUA MARIANO SALMERON,709,,SIQUEIRA CAMPOS,49075-370,GASOLINA,30/12/2024,"6,35",,R$ / litro,VIBRA
NE,SE,ARACAJU,GAMA E CIA LTDA, 13.007.752/0001-26,AVENIDA TANCREDO NEVES,2551,,DISTRITO INDUSTRIAL DE ARACAJU,49095-000,GASOLINA,30/12/2024,"6,30",,R$ / litro,VIBRA
NE,SE,ARACAJU,GAMA E CIA LTDA, 13.007.752/0001-26,AVENIDA TANCREDO NEVES,2551,,DISTRITO INDUSTRIAL DE ARACAJU,49095-000,ETANOL,30/12/2024,"4,29",,R$ / litro,VIBRA
NE,SE,ARACAJU,L. V. COMERCIO DE COMBUSTIVEIS LTDA, 11.433.769/0001-10,RUA SAO CRISTOVAO,1877,,GETULIO VARGAS,49055-620,GASOLINA,30/12/2024,"6,32",,R$ / litro,BRANCA
NE,SE,ARACAJU,L. V. COMERCIO DE COMBUSTIVEIS LTDA, 11.433.769/0001-10,RUA SAO CRISTOVAO,1877,,GETULIO VARGAS,49055-620,DIESEL S10,30/12/2024,"5,97",,R$ / litro,BRANCA
NE,SE,ARACAJU,L. V. COMERCIO DE COMBUSTIVEIS LTDA, 11.433.769/0001-10,RUA SAO CRISTOVAO,1877,,GETULIO VARGAS,49055-620,ETANOL,30/12/2024,"4,29",,R$ / litro,BRANCA
NE,SE,ARACAJU,ALPHA COMERCIAL DE COMBUSTIVEIS LTDA, 08.297.710/0008-03,AVENIDA FRANCISCO PORTO,650,LOJA  BR MANIA DELICATESSE,SALGADO FILHO,49020-120,GASOLINA,30/12/2024,"6,37",,R$ / litro,VIBRA
NE,SE,ARACAJU,ALPHA COMERCIAL DE COMBUSTIVEIS LTDA, 08.297.710/0008-03,AVENIDA FRANCISCO PORTO,650,LOJA  BR MANIA DELICATESSE,SALGADO FILHO,49020-120,GASOLINA ADITIVADA,30/12/2024,"6,52",,R$ / litro,VIBRA
NE,SE,ARACAJU,ALPHA COMERCIAL DE COMBUSTIVEIS LTDA, 08.297.710/0008-03,AVENIDA FRANCISCO PORTO,650,LOJA  BR MANIA DELICATESSE,SALGADO FILHO,49020-120,ETANOL,30/12/2024,"4,39",,R$ / litro,VIBRA
NE,SE,ARACAJU,REDE DE POSTOS PRESIDENTE LTDA, 32.864.795/0010-63,RUA LARANJEIRAS,1781,,GETULIO VARGAS,49055-380,GNV,30/12/2024,"4,90",,R$ / m³,VIBRA
NE,SE,ARACAJU,REDE DE POSTOS PRESIDENTE LTDA, 32.864.795/0010-63,RUA LARANJEIRAS,1781,,GETULIO VARGAS,49055-380,GASOLINA,30/12/2024,"6,37",,R$ / litro,VIBRA
NE,SE,ARACAJU,REDE DE POSTOS PRESIDENTE LTDA, 32.864.795/0010-63,RUA LARANJEIRAS,1781,,GETULIO VARGAS,49055-380,GASOLINA ADITIVADA,30/12/2024,"6,57",,R$ / litro,VIBRA
NE,SE,ARACAJU,POSTO PIRANEMA LTDA, 09.258.664/0003-91,AVENIDA PREFEITO HERACLITO ROLLEMBERG,2760,,FAROLANDIA,49030-640,GASOLINA,30/12/2024,"6,37",,R$ / litro,VIBRA
NE,SE,ARACAJU,POSTO PIRANEMA LTDA, 09.258.664/0003-91,AVENIDA PREFEITO HERACLITO ROLLEMBERG,2760,,FAROLANDIA,49030-640,GASOLINA ADITIVADA,30/12/2024,"6,57",,R$ / litro,VIBRA
NE,SE,ARACAJU,POSTO PIRANEMA LTDA, 09.258.664/0003-91,AVENIDA PREFEITO HERACLITO ROLLEMBERG,2760,,FAROLANDIA,49030-640,ETANOL,30/12/2024,"4,79",,R$ / litro,VIBRA
NE,SE,ARACAJU,VASPETRO COMBUSTIVEL LTDA, 04.979.182/0001-45,AVENIDA BARAO DE MARUIM,552,,CENTRO,49010-340,GASOLINA,06/01/2025,"6,30",,R$ / litro,BRANCA
NE,SE,ARACAJU,VASPETRO COMBUSTIVEL LTDA, 04.979.182/0001-45,AVENIDA BARAO DE MARUIM,552,,CENTRO,49010-340,GASOLINA ADITIVADA,06/01/2025,"6,30",,R$ / litro,BRANCA
NE,SE,ARACAJU,VASPETRO COMBUSTIVEL LTDA, 04.979.182/0001-45,AVENIDA BARAO DE MARUIM,552,,CENTRO,49010-340,ETANOL,06/01/2025,"4,29",,R$ / litro,BRANCA
NE,SE,ARACAJU,GAMA E CIA LTDA, 13.007.752/0002-07,AVENIDA AUGUSTO FRANCO,2990,,PONTO NOVO,49047-040,GASOLINA,06/01/2025,"6,30",,R$ / litro,VIBRA
NE,SE,ARACAJU,TYRESOLES DE SERGIPE INDUSTRIA COMERCIO E SERVICOS LTDA, 13.007.828/0010-04,AVENIDA GONCALO  ROLLEMBERG LEITE,1721,,LUZIA,49045-280,ETANOL,06/01/2025,"4,38",,R$ / litro,RAIZEN
NE,SE,ARACAJU,TYRESOLES DE SERGIPE INDUSTRIA COMERCIO E SERVICOS LTDA, 13.007.828/0010-04,AVENIDA GONCALO  ROLLEMBERG LEITE,1721,,LUZIA,49045-280,GASOLINA,06/01/2025,"6,35",,R$ / litro,RAIZEN
NE,SE,ARACAJU,TYRESOLES DE SERGIPE INDUSTRIA COMERCIO E SERVICOS LTDA, 13.007.828/0010-04,AVENIDA GONCALO  ROLLEMBERG LEITE,1721,,LUZIA,49045-280,GASOLINA ADITIVADA,06/01/2025,"6,69",,R$ / litro,RAIZEN
NE,SE,ARACAJU,REDE DE POSTOS PRESIDENTE LTDA, 32.864.795/0001-72,AVENIDA COELHO E CAMPOS,1254,,SANTO ANTONIO,49060-000,GNV,06/01/2025,"4,90",,R$ / m³,VIBRA
NE,SE,ARACAJU,REDE DE POSTOS PRESIDENTE LTDA, 32.864.795/0001-72,AVENIDA COELHO E CAMPOS,1254,,SANTO ANTONIO,49060-000,GASOLINA,06/01/2025,"6,37",,R$ / litro,VIBRA
NE,SE,ARACAJU,REDE DE POSTOS PRESIDENTE LTDA, 32.864.795/0001-72,AVENIDA COELHO E CAMPOS,1254,,SANTO ANTONIO,49060-000,GASOLINA ADITIVADA,06/01/2025,"6,57",,R$ / litro,VIBRA
NE,SE,ARACAJU,LIDER COMERCIO DE COMBUSTIVEIS LTDA, 15.591.357/0001-69,PRACA DA BANDEIRA,171,,CENTRO,49055-090,GASOLINA,06/01/2025,"6,30",,R$ / litro,VIBRA
NE,SE,ARACAJU,LIDER COMERCIO DE COMBUSTIVEIS LTDA, 15.591.357/0001-69,PRACA DA BANDEIRA,171,,CENTRO,49055-090,GASOLINA ADITIVADA,06/01/2025,"6,45",,R$ / litro,VIBRA
NE,SE,ARACAJU,LIDER COMERCIO DE COMBUSTIVEIS LTDA, 15.591.357/0001-69,PRACA DA BANDEIRA,171,,CENTRO,49055-090,ETANOL,06/01/2025,"4,29",,R$ / litro,VIBRA
NE,SE,ARACAJU,POSTO ARIBE EIRELI, 15.083.140/0001-48,AVENIDA PROF JOSE O DE L NETO,150,,AMERICA,49080-480,GASOLINA,06/01/2025,"6,35",,R$ / litro,VIBRA
NE,SE,ARACAJU,POSTO ARIBE EIRELI, 15.083.140/0001-48,AVENIDA PROF JOSE O DE L NETO,150,,AMERICA,49080-480,GASOLINA ADITIVADA,06/01/2025,"6,56",,R$ / litro,VIBRA
NE,SE,ARACAJU,POSTO ARIBE EIRELI, 15.083.140/0001-48,AVENIDA PROF JOSE O DE L NETO,150,,AMERICA,49080-480,ETANOL,06/01/2025,"4,49",,R$ / litro,VIBRA
NE,SE,ARACAJU,LUBRIFICANTES E ACESSÓRIOS LTDA., 13.257.050/0001-09,AVENIDA BEIRA MAR,6,,13 DE JULHO,49020-010,GASOLINA,06/01/2025,"6,30",,R$ / litro,VIBRA
NE,SE,ARACAJU,LUBRIFICANTES E ACESSÓRIOS LTDA., 13.257.050/0001-09,AVENIDA BEIRA MAR,6,,13 DE JULHO,49020-010,GASOLINA ADITIVADA,06/01/2025,"6,30",,R$ / litro,VIBRA
NE,SE,ARACAJU,LUBRIFICANTES E ACESSÓRIOS LTDA., 13.257.050/0001-09,AVENIDA BEIRA MAR,6,,13 DE JULHO,49020-010,ETANOL,06/01/2025,"4,30",,R$ / litro,VIBRA
NE,SE,ARACAJU,COMERCIAL MARIVAN LTDA, 13.179.247/0001-69,AVENIDA ADELIA FRANCO,2234,,LUZIA,49048-010,GASOLINA,06/01/2025,"6,30",,R$ / litro,VIBRA
NE,SE,ARACAJU,COMERCIAL MARIVAN LTDA, 13.179.247/0001-69,AVENIDA ADELIA FRANCO,2234,,LUZIA,49048-010,GASOLINA ADITIVADA,06/01/2025,"6,37",,R$ / litro,VIBRA
NE,SE,ARACAJU,COMERCIAL MARIVAN LTDA, 13.179.247/0001-69,AVENIDA ADELIA FRANCO,2234,,LUZIA,49048-010,ETANOL,06/01/2025,"4,27",,R$ / litro,VIBRA
NE,SE,ARACAJU,J. L. OLIVEIRA & BARROS LTDA, 13.113.477/0004-78,AVENIDA GENTIL TAVARES,381,CASA,GETULIO VARGAS,49055-670,GASOLINA,06/01/2025,"6,37",,R$ / litro,VIBRA
NE,SE,ARACAJU,J. L. OLIVEIRA & BARROS LTDA, 13.113.477/0004-78,AVENIDA GENTIL TAVARES,381,CASA,GETULIO VARGAS,49055-670,DIESEL S10,06/01/2025,"6,09",,R$ / litro,VIBRA
NE,SE,ARACAJU,POSTO CARMOPOLIS LTDA, 13.077.342/0001-51,AVENIDA JOAO RIBEIRO,680/684,0,SANTO ANTÔNIO,49060-330,GASOLINA,06/01/2025,"6,30",,R$ / litro,VIBRA
NE,SE,ARACAJU,POSTO CARMOPOLIS LTDA, 13.077.342/0001-51,AVENIDA JOAO RIBEIRO,680/684,0,SANTO ANTÔNIO,49060-330,GASOLINA ADITIVADA,06/01/2025,"6,30",,R$ / litro,VIBRA
NE,SE,ARACAJU,POSTO CARMOPOLIS LTDA, 13.077.342/0001-51,AVENIDA JOAO RIBEIRO,680/684,0,SANTO ANTÔNIO,49060-330,ETANOL,06/01/2025,"4,20",,R$ / litro,VIBRA
NE,SE,ARACAJU,KLEBER SANTOS BATISTA LTDA, 13.042.882/0001-08,AVENIDA DESEMBARGADOR MAYNARD,770,,CIRURGIA,49055-210,GNV,06/01/2025,"4,90",,R$ / m³,BRANCA
NE,SE,ARACAJU,KLEBER SANTOS BATISTA LTDA, 13.042.882/0001-08,AVENIDA DESEMBARGADOR MAYNARD,770,,CIRURGIA,49055-210,GASOLINA,06/01/2025,"6,30",,R$ / litro,BRANCA
NE,SE,ARACAJU,KLEBER SANTOS BATISTA LTDA, 13.042.882/0001-08,AVENIDA DESEMBARGADOR MAYNARD,770,,CIRURGIA,49055-210,GASOLINA ADITIVADA,06/01/2025,"6,30",,R$ / litro,BRANCA
NE,SE,ARACAJU,KLEBER SANTOS BATISTA LTDA, 13.042.882/0001-08,AVENIDA DESEMBARGADOR MAYNARD,770,,CIRURGIA,49055-210,DIESEL S10,06/01/2025,"5,97",,R$ / litro,BRANCA
NE,SE,ARACAJU,KLEBER SANTOS BATISTA LTDA, 13.042.882/0001-08,AVENIDA DESEMBARGADOR MAYNARD,770,,CIRURGIA,49055-210,ETANOL,06/01/2025,"4,20",,R$ / litro,BRANCA
NE,SE,ARACAJU,AMARAL & CIA LTDA, 13.008.610/0001-83,RUA MARIANO SALMERON,709,,SIQUEIRA CAMPOS,49075-370,GASOLINA,06/01/2025,"6,35",,R$ / litro,VIBRA
NE,SE,ARACAJU,AMARAL & CIA LTDA, 13.008.610/0001-83,RUA MARIANO SALMERON,709,,SIQUEIRA CAMPOS,49075-370,GASOLINA ADITIVADA,06/01/2025,"6,45",,R$ / litro,VIBRA
NE,SE,ARACAJU,AMARAL & CIA LTDA, 13.008.610/0001-83,RUA MARIANO SALMERON,709,,SIQUEIRA CAMPOS,49075-370,DIESEL S10,06/01/2025,"6,29",,R$ / litro,VIBRA
NE,SE,ARACAJU,AMARAL & CIA LTDA, 13.008.610/0001-83,RUA MARIANO SALMERON,709,,SIQUEIRA CAMPOS,49075-370,ETANOL,06/01/2025,"4,39",,R$ / litro,VIBRA
NE,SE,ARACAJU,GAMA E CIA LTDA, 13.007.752/0001-26,AVENIDA TANCREDO NEVES,2551,,DISTRITO INDUSTRIAL DE ARACAJU,49095-000,GASOLINA,06/01/2025,"6,30",,R$ / litro,VIBRA
NE,SE,ARACAJU,L. V. COMERCIO DE COMBUSTIVEIS LTDA, 11.433.769/0001-10,RUA SAO CRISTOVAO,1877,,GETULIO VARGAS,49055-620,GASOLINA,06/01/2025,"6,32",,R$ / litro,BRANCA
NE,SE,ARACAJU,L. V. COMERCIO DE COMBUSTIVEIS LTDA, 11.433.769/0001-10,RUA SAO CRISTOVAO,1877,,GETULIO VARGAS,49055-620,DIESEL S10,06/01/2025,"5,97",,R$ / litro,BRANCA
NE,SE,ARACAJU,L. V. COMERCIO DE COMBUSTIVEIS LTDA, 11.433.769/0001-10,RUA SAO CRISTOVAO,1877,,GETULIO VARGAS,49055-620,ETANOL,06/01/2025,"4,29",,R$ / litro,BRANCA
NE,SE,ARACAJU,ALPHA COMERCIAL DE COMBUSTIVEIS LTDA, 08.297.710/0008-03,AVENIDA FRANCISCO PORTO,650,LOJA  BR MANIA DELICATESSE,SALGADO FILHO,49020-120,GASOLINA,06/01/2025,"6,37",,R$ / litro,VIBRA
NE,SE,ARACAJU,ALPHA COMERCIAL DE COMBUSTIVEIS LTDA, 08.297.710/0008-03,AVENIDA FRANCISCO PORTO,650,LOJA  BR MANIA DELICATESSE,SALGADO FILHO,49020-120,GASOLINA ADITIVADA,06/01/2025,"6,52",,R$ / litro,VIBRA
NE,SE,ARACAJU,ALPHA COMERCIAL DE COMBUSTIVEIS LTDA, 08.297.710/0008-03,AVENIDA FRANCISCO PORTO,650,LOJA  BR MANIA DELICATESSE,SALGADO FILHO,49020-120,ETANOL,06/01/2025,"4,49",,R$ / litro,VIBRA
NE,SE,ARACAJU,REDE DE POSTOS PRESIDENTE LTDA, 32.864.795/0010-63,RUA LARANJEIRAS,1781,,GETULIO VARGAS,49055-380,GNV,06/01/2025,"4,90",,R$ / m³,VIBRA
NE,SE,ARACAJU,REDE DE POSTOS PRESIDENTE LTDA, 32.864.795/0010-63,RUA LARANJEIRAS,1781,,GETULIO VARGAS,49055-380,GASOLINA,06/01/2025,"6,37",,R$ / litro,VIBRA
NE,SE,ARACAJU,REDE DE POSTOS PRESIDENTE LTDA, 32.864.795/0010-63,RUA LARANJEIRAS,1781,,GETULIO VARGAS,49055-380,GASOLINA ADITIVADA,06/01/2025,"6,57",,R$ / litro,VIBRA
NE,SE,ARACAJU,POSTO PIRANEMA LTDA, 09.258.664/0003-91,AVENIDA PREFEITO HERACLITO ROLLEMBERG,2760,,FAROLANDIA,49030-640,GASOLINA,06/01/2025,"6,37",,R$ / litro,VIBRA
NE,SE,ARACAJU,POSTO PIRANEMA LTDA, 09.258.664/0003-91,AVENIDA PREFEITO HERACLITO ROLLEMBERG,2760,,FAROLANDIA,49030-640,GASOLINA ADITIVADA,06/01/2025,"6,57",,R$ / litro,VIBRA
NE,SE,ARACAJU,POSTO PIRANEMA LTDA, 09.258.664/0003-91,AVENIDA PREFEITO HERACLITO ROLLEMBERG,2760,,FAROLANDIA,49030-640,ETANOL,06/01/2025,"4,79",,R$ / litro,VIBRA
NE,SE,ARACAJU,VASPETRO COMBUSTIVEL LTDA, 04.979.182/0001-45,AVENIDA BARAO DE MARUIM,552,,CENTRO,49010-340,GASOLINA,13/01/2025,"6,42",,R$ / litro,BRANCA
NE,SE,ARACAJU,VASPETRO COMBUSTIVEL LTDA, 04.979.182/0001-45,AVENIDA BARAO DE MARUIM,552,,CENTRO,49010-340,GASOLINA ADITIVADA,13/01/2025,"6,42",,R$ / litro,BRANCA
NE,SE,ARACAJU,VASPETRO COMBUSTIVEL LTDA, 04.979.182/0001-45,AVENIDA BARAO DE MARUIM,552,,CENTRO,49010-340,ETANOL,13/01/2025,"4,49",,R$ / litro,BRANCA
NE,SE,ARACAJU,GAMA E CIA LTDA, 13.007.752/0002-07,AVENIDA AUGUSTO FRANCO,2990,,PONTO NOVO,49047-040,GASOLINA,13/01/2025,"6,42",,R$ / litro,VIBRA
NE,SE,ARACAJU,TYRESOLES DE SERGIPE INDUSTRIA COMERCIO E SERVICOS LTDA, 13.007.828/0010-04,AVENIDA GONCALO  ROLLEMBERG LEITE,1721,,LUZIA,49045-280,GASOLINA,13/01/2025,"6,47",,R$ / litro,RAIZEN
NE,SE,ARACAJU,TYRESOLES DE SERGIPE INDUSTRIA COMERCIO E SERVICOS LTDA, 13.007.828/0010-04,AVENIDA GONCALO  ROLLEMBERG LEITE,1721,,LUZIA,49045-280,GASOLINA ADITIVADA,13/01/2025,"6,81",,R$ / litro,RAIZEN
NE,SE,ARACAJU,TYRESOLES DE SERGIPE INDUSTRIA COMERCIO E SERVICOS LTDA, 13.007.828/0010-04,AVENIDA GONCALO  ROLLEMBERG LEITE,1721,,LUZIA,49045-280,ETANOL,13/01/2025,"4,59",,R$ / litro,RAIZEN
NE,SE,ARACAJU,REDE DE POSTOS PRESIDENTE LTDA, 32.864.795/0001-72,AVENIDA COELHO E CAMPOS,1254,,SANTO ANTONIO,49060-000,GNV,13/01/2025,"4,90",,R$ / m³,VIBRA
NE,SE,ARACAJU,REDE DE POSTOS PRESIDENTE LTDA, 32.864.795/0001-72,AVENIDA COELHO E CAMPOS,1254,,SANTO ANTONIO,49060-000,GASOLINA,13/01/2025,"6,49",,R$ / litro,VIBRA
NE,SE,ARACAJU,REDE DE POSTOS PRESIDENTE LTDA, 32.864.795/0001-72,AVENIDA COELHO E CAMPOS,1254,,SANTO ANTONIO,49060-000,GASOLINA ADITIVADA,13/01/2025,"6,69",,R$ / litro,VIBRA
NE,SE,ARACAJU,LIDER COMERCIO DE COMBUSTIVEIS LTDA, 15.591.357/0001-69,PRACA DA BANDEIRA,171,,CENTRO,49055-090,GASOLINA,13/01/2025,"6,42",,R$ / litro,VIBRA
NE,SE,ARACAJU,LIDER COMERCIO DE COMBUSTIVEIS LTDA, 15.591.357/0001-69,PRACA DA BANDEIRA,171,,CENTRO,49055-090,GASOLINA ADITIVADA,13/01/2025,"6,55",,R$ / litro,VIBRA
NE,SE,ARACAJU,LIDER COMERCIO DE COMBUSTIVEIS LTDA, 15.591.357/0001-69,PRACA DA BANDEIRA,171,,CENTRO,49055-090,ETANOL,13/01/2025,"4,65",,R$ / litro,VIBRA
NE,SE,ARACAJU,POSTO ARIBE EIRELI, 15.083.140/0001-48,AVENIDA PROF JOSE O DE L NETO,150,,AMERICA,49080-480,GASOLINA,13/01/2025,"6,44",,R$ / litro,VIBRA
NE,SE,ARACAJU,POSTO ARIBE EIRELI, 15.083.140/0001-48,AVENIDA PROF JOSE O DE L NETO,150,,AMERICA,49080-480,GASOLINA ADITIVADA,13/01/2025,"6,56",,R$ / litro,VIBRA
NE,SE,ARACAJU,POSTO ARIBE EIRELI, 15.083.140/0001-48,AVENIDA PROF JOSE O DE L NETO,150,,AMERICA,49080-480,ETANOL,13/01/2025,"4,62",,R$ / litro,VIBRA
NE,SE,ARACAJU,LUBRIFICANTES E ACESSÓRIOS LTDA., 13.257.050/0001-09,AVENIDA BEIRA MAR,6,,13 DE JULHO,49020-010,GASOLINA,13/01/2025,"6,42",,R$ / litro,VIBRA
NE,SE,ARACAJU,LUBRIFICANTES E ACESSÓRIOS LTDA., 13.257.050/0001-09,AVENIDA BEIRA MAR,6,,13 DE JULHO,49020-010,GASOLINA ADITIVADA,13/01/2025,"6,42",,R$ / litro,VIBRA
NE,SE,ARACAJU,LUBRIFICANTES E ACESSÓRIOS LTDA., 13.257.050/0001-09,AVENIDA BEIRA MAR,6,,13 DE JULHO,49020-010,ETANOL,13/01/2025,"4,40",,R$ / litro,VIBRA
NE,SE,ARACAJU,COMERCIAL MARIVAN LTDA, 13.179.247/0001-69,AVENIDA ADELIA FRANCO,2234,,LUZIA,49048-010,GASOLINA,13/01/2025,"6,40",,R$ / litro,VIBRA
NE,SE,ARACAJU,COMERCIAL MARIVAN LTDA, 13.179.247/0001-69,AVENIDA ADELIA FRANCO,2234,,LUZIA,49048-010,GASOLINA ADITIVADA,13/01/2025,"6,49",,R$ / litro,VIBRA
NE,SE,ARACAJU,COMERCIAL MARIVAN LTDA, 13.179.247/0001-69,AVENIDA ADELIA FRANCO,2234,,LUZIA,49048-010,ETANOL,13/01/2025,"4,57",,R$ / litro,VIBRA
NE,SE,ARACAJU,J. L. OLIVEIRA & BARROS LTDA, 13.113.477/0004-78,AVENIDA GENTIL TAVARES,381,CASA,GETULIO VARGAS,49055-670,GASOLINA,13/01/2025,"6,49",,R$ / litro,VIBRA
NE,SE,ARACAJU,J. L. OLIVEIRA & BARROS LTDA, 13.113.477/0004-78,AVENIDA GENTIL TAVARES,381,CASA,GETULIO VARGAS,49055-670,DIESEL S10,13/01/2025,"6,29",,R$ / litro,VIBRA
NE,SE,ARACAJU,POSTO CARMOPOLIS LTDA, 13.077.342/0001-51,AVENIDA JOAO RIBEIRO,680/684,0,SANTO ANTÔNIO,49060-330,GASOLINA,13/01/2025,"6,42",,R$ / litro,VIBRA
NE,SE,ARACAJU,POSTO CARMOPOLIS LTDA, 13.077.342/0001-51,AVENIDA JOAO RIBEIRO,680/684,0,SANTO ANTÔNIO,49060-330,GASOLINA ADITIVADA,13/01/2025,"6,42",,R$ / litro,VIBRA
NE,SE,ARACAJU,POSTO CARMOPOLIS LTDA, 13.077.342/0001-51,AVENIDA JOAO RIBEIRO,680/684,0,SANTO ANTÔNIO,49060-330,ETANOL,13/01/2025,"4,59",,R$ / litro,VIBRA
NE,SE,ARACAJU,KLEBER SANTOS BATISTA LTDA, 13.042.882/0001-08,AVENIDA DESEMBARGADOR MAYNARD,770,,CIRURGIA,49055-210,GNV,13/01/2025,"4,90",,R$ / m³,BRANCA
NE,SE,ARACAJU,KLEBER SANTOS BATISTA LTDA, 13.042.882/0001-08,AVENIDA DESEMBARGADOR MAYNARD,770,,CIRURGIA,49055-210,GASOLINA,13/01/2025,"6,42",,R$ / litro,BRANCA
NE,SE,ARACAJU,KLEBER SANTOS BATISTA LTDA, 13.042.882/0001-08,AVENIDA DESEMBARGADOR MAYNARD,770,,CIRURGIA,49055-210,GASOLINA ADITIVADA,13/01/2025,"6,42",,R$ / litro,BRANCA
NE,SE,ARACAJU,KLEBER SANTOS BATISTA LTDA, 13.042.882/0001-08,AVENIDA DESEMBARGADOR MAYNARD,770,,CIRURGIA,49055-210,DIESEL S10,13/01/2025,"6,05",,R$ / litro,BRANCA
NE,SE,ARACAJU,KLEBER SANTOS BATISTA LTDA, 13.042.882/0001-08,AVENIDA DESEMBARGADOR MAYNARD,770,,CIRURGIA,49055-210,ETANOL,13/01/2025,"4,59",,R$ / litro,BRANCA
NE,SE,ARACAJU,AMARAL & CIA LTDA, 13.008.610/0001-83,RUA MARIANO SALMERON,709,,SIQUEIRA CAMPOS,49075-370,GASOLINA,13/01/2025,"6,42",,R$ / litro,VIBRA
NE,SE,ARACAJU,AMARAL & CIA LTDA, 13.008.610/0001-83,RUA MARIANO SALMERON,709,,SIQUEIRA CAMPOS,49075-370,GASOLINA ADITIVADA,13/01/2025,"6,52",,R$ / litro,VIBRA
NE,SE,ARACAJU,AMARAL & CIA LTDA, 13.008.610/0001-83,RUA MARIANO SALMERON,709,,SIQUEIRA CAMPOS,49075-370,DIESEL S10,13/01/2025,"6,29",,R$ / litro,VIBRA
NE,SE,ARACAJU,AMARAL & CIA LTDA, 13.008.610/0001-83,RUA MARIANO SALMERON,709,,SIQUEIRA CAMPOS,49075-370,ETANOL,13/01/2025,"4,59",,R$ / litro,VIBRA
NE,SE,ARACAJU,GAMA E CIA LTDA, 13.007.752/0001-26,AVENIDA TANCREDO NEVES,2551,,DISTRITO INDUSTRIAL DE ARACAJU,49095-000,GASOLINA,13/01/2025,"6,42",,R$ / litro,VIBRA
NE,SE,ARACAJU,L. V. COMERCIO DE COMBUSTIVEIS LTDA, 11.433.769/0001-10,RUA SAO CRISTOVAO,1877,,GETULIO VARGAS,49055-620,GASOLINA,13/01/2025,"6,42",,R$ / litro,BRANCA
NE,SE,ARACAJU,L. V. COMERCIO DE COMBUSTIVEIS LTDA, 11.433.769/0001-10,RUA SAO CRISTOVAO,1877,,GETULIO VARGAS,49055-620,DIESEL S10,13/01/2025,"6,05",,R$ / litro,BRANCA
NE,SE,ARACAJU,L. V. COMERCIO DE COMBUSTIVEIS LTDA, 11.433.769/0001-10,RUA SAO CRISTOVAO,1877,,GETULIO VARGAS,49055-620,ETANOL,13/01/2025,"4,69",,R$ / litro,BRANCA
NE,SE,ARACAJU,ALPHA COMERCIAL DE COMBUSTIVEIS LTDA, 08.297.710/0008-03,AVENIDA FRANCISCO PORTO,650,LOJA  BR MANIA DELICATESSE,SALGADO FILHO,49020-120,GASOLINA,13/01/2025,"6,49",,R$ / litro,VIBRA
NE,SE,ARACAJU,ALPHA COMERCIAL DE COMBUSTIVEIS LTDA, 08.297.710/0008-03,AVENIDA FRANCISCO PORTO,650,LOJA  BR MANIA DELICATESSE,SALGADO FILHO,49020-120,GASOLINA ADITIVADA,13/01/2025,"6,69",,R$ / litro,VIBRA
NE,SE,ARACAJU,ALPHA COMERCIAL DE COMBUSTIVEIS LTDA, 08.297.710/0008-03,AVENIDA FRANCISCO PORTO,650,LOJA  BR MANIA DELICATESSE,SALGADO FILHO,49020-120,ETANOL,13/01/2025,"4,69",,R$ / litro,VIBRA
NE,SE,ARACAJU,REDE DE POSTOS PRESIDENTE LTDA, 32.864.795/0010-63,RUA LARANJEIRAS,1781,,GETULIO VARGAS,49055-380,GNV,13/01/2025,"4,90",,R$ / m³,VIBRA
NE,SE,ARACAJU,REDE DE POSTOS PRESIDENTE LTDA, 32.864.795/0010-63,RUA LARANJEIRAS,1781,,GETULIO VARGAS,49055-380,GASOLINA,13/01/2025,"6,49",,R$ / litro,VIBRA
NE,SE,ARACAJU,REDE DE POSTOS PRESIDENTE LTDA, 32.864.795/0010-63,RUA LARANJEIRAS,1781,,GETULIO VARGAS,49055-380,GASOLINA ADITIVADA,13/01/2025,"6,69",,R$ / litro,VIBRA
NE,SE,ARACAJU,POSTO PIRANEMA LTDA, 09.258.664/0003-91,AVENIDA PREFEITO HERACLITO ROLLEMBERG,2760,,FAROLANDIA,49030-640,GASOLINA,13/01/2025,"6,49",,R$ / litro,VIBRA
NE,SE,ARACAJU,POSTO PIRANEMA LTDA, 09.258.664/0003-91,AVENIDA PREFEITO HERACLITO ROLLEMBERG,2760,,FAROLANDIA,49030-640,GASOLINA ADITIVADA,13/01/2025,"6,69",,R$ / litro,VIBRA
NE,SE,ARACAJU,POSTO PIRANEMA LTDA, 09.258.664/0003-91,AVENIDA PREFEITO HERACLITO ROLLEMBERG,2760,,FAROLANDIA,49030-640,ETANOL,13/01/2025,"4,79",,R$ / litro,VIBRA
NE,SE,ARACAJU,VASPETRO COMBUSTIVEL LTDA, 04.979.182/0001-45,AVENIDA BARAO DE MARUIM,552,,CENTRO,49010-340,GASOLINA,20/01/2025,"6,42",,R$ / litro,BRANCA
NE,SE,ARACAJU,VASPETRO COMBUSTIVEL LTDA, 04.979.182/0001-45,AVENIDA BARAO DE MARUIM,552,,CENTRO,49010-340,GASOLINA ADITIVADA,20/01/2025,"6,42",,R$ / litro,BRANCA
NE,SE,ARACAJU,VASPETRO COMBUSTIVEL LTDA, 04.979.182/0001-45,AVENIDA BARAO DE MARUIM,552,,CENTRO,49010-340,ETANOL,20/01/2025,"4,69",,R$ / litro,BRANCA
NE,SE,ARACAJU,GAMA E CIA LTDA, 13.007.752/0002-07,AVENIDA AUGUSTO FRANCO,2990,,PONTO NOVO,49047-040,GASOLINA,20/01/2025,"6,42",,R$ / litro,VIBRA
NE,SE,ARACAJU,TYRESOLES DE SERGIPE INDUSTRIA COMERCIO E SERVICOS LTDA, 13.007.828/0010-04,AVENIDA GONCALO  ROLLEMBERG LEITE,1721,,LUZIA,49045-280,GASOLINA,20/01/2025,"6,47",,R$ / litro,RAIZEN
NE,SE,ARACAJU,TYRESOLES DE SERGIPE INDUSTRIA COMERCIO E SERVICOS LTDA, 13.007.828/0010-04,AVENIDA GONCALO  ROLLEMBERG LEITE,1721,,LUZIA,49045-280,GASOLINA ADITIVADA,20/01/2025,"6,81",,R$ / litro,RAIZEN
NE,SE,ARACAJU,TYRESOLES DE SERGIPE INDUSTRIA COMERCIO E SERVICOS LTDA, 13.007.828/0010-04,AVENIDA GONCALO  ROLLEMBERG LEITE,1721,,LUZIA,49045-280,ETANOL,20/01/2025,"4,59",,R$ / litro,RAIZEN
NE,SE,ARACAJU,REDE DE POSTOS PRESIDENTE LTDA, 32.864.795/0001-72,AVENIDA COELHO E CAMPOS,1254,,SANTO ANTONIO,49060-000,GNV,20/01/2025,"4,90",,R$ / m³,VIBRA
NE,SE,ARACAJU,REDE DE POSTOS PRESIDENTE LTDA, 32.864.795/0001-72,AVENIDA COELHO E CAMPOS,1254,,SANTO ANTONIO,49060-000,GASOLINA,20/01/2025,"6,49",,R$ / litro,VIBRA
NE,SE,ARACAJU,REDE DE POSTOS PRESIDENTE LTDA, 32.864.795/0001-72,AVENIDA COELHO E CAMPOS,1254,,SANTO ANTONIO,49060-000,GASOLINA ADITIVADA,20/01/2025,"6,69",,R$ / litro,VIBRA
NE,SE,ARACAJU,LIDER COMERCIO DE COMBUSTIVEIS LTDA, 15.591.357/0001-69,PRACA DA BANDEIRA,171,,CENTRO,49055-090,GASOLINA,20/01/2025,"6,42",,R$ / litro,VIBRA
NE,SE,ARACAJU,LIDER COMERCIO DE COMBUSTIVEIS LTDA, 15.591.357/0001-69,PRACA DA BANDEIRA,171,,CENTRO,49055-090,GASOLINA ADITIVADA,20/01/2025,"6,55",,R$ / litro,VIBRA
NE,SE,ARACAJU,LIDER COMERCIO DE COMBUSTIVEIS LTDA, 15.591.357/0001-69,PRACA DA BANDEIRA,171,,CENTRO,49055-090,ETANOL,20/01/2025,"4,65",,R$ / litro,VIBRA
NE,SE,ARACAJU,POSTO ARIBE EIRELI, 15.083.140/0001-48,AVENIDA PROF JOSE O DE L NETO,150,,AMERICA,49080-480,GASOLINA,20/01/2025,"6,44",,R$ / litro,VIBRA
NE,SE,ARACAJU,POSTO ARIBE EIRELI, 15.083.140/0001-48,AVENIDA PROF JOSE O DE L NETO,150,,AMERICA,49080-480,GASOLINA ADITIVADA,20/01/2025,"6,65",,R$ / litro,VIBRA
NE,SE,ARACAJU,POSTO ARIBE EIRELI, 15.083.140/0001-48,AVENIDA PROF JOSE O DE L NETO,150,,AMERICA,49080-480,ETANOL,20/01/2025,"4,67",,R$ / litro,VIBRA
NE,SE,ARACAJU,LUBRIFICANTES E ACESSÓRIOS LTDA., 13.257.050/0001-09,AVENIDA BEIRA MAR,6,,13 DE JULHO,49020-010,GASOLINA,20/01/2025,"6,42",,R$ / litro,VIBRA
NE,SE,ARACAJU,LUBRIFICANTES E ACESSÓRIOS LTDA., 13.257.050/0001-09,AVENIDA BEIRA MAR,6,,13 DE JULHO,49020-010,GASOLINA ADITIVADA,20/01/2025,"6,42",,R$ / litro,VIBRA
NE,SE,ARACAJU,LUBRIFICANTES E ACESSÓRIOS LTDA., 13.257.050/0001-09,AVENIDA BEIRA MAR,6,,13 DE JULHO,49020-010,ETANOL,20/01/2025,"4,60",,R$ / litro,VIBRA
NE,SE,ARACAJU,COMERCIAL MARIVAN LTDA, 13.179.247/0001-69,AVENIDA ADELIA FRANCO,2234,,LUZIA,49048-010,GASOLINA,20/01/2025,"6,42",,R$ / litro,VIBRA
NE,SE,ARACAJU,COMERCIAL MARIVAN LTDA, 13.179.247/0001-69,AVENIDA ADELIA FRANCO,2234,,LUZIA,49048-010,GASOLINA ADITIVADA,20/01/2025,"6,49",,R$ / litro,VIBRA
NE,SE,ARACAJU,COMERCIAL MARIVAN LTDA, 13.179.247/0001-69,AVENIDA ADELIA FRANCO,2234,,LUZIA,49048-010,ETANOL,20/01/2025,"4,57",,R$ / litro,VIBRA
NE,SE,ARACAJU,J. L. OLIVEIRA & BARROS LTDA, 13.113.477/0004-78,AVENIDA GENTIL TAVARES,381,CASA,GETULIO VARGAS,49055-670,GASOLINA,20/01/2025,"6,49",,R$ / litro,VIBRA
NE,SE,ARACAJU,J. L. OLIVEIRA & BARROS LTDA, 13.113.477/0004-78,AVENIDA GENTIL TAVARES,381,CASA,GETULIO VARGAS,49055-670,DIESEL S10,20/01/2025,"6,29",,R$ / litro,VIBRA
NE,SE,ARACAJU,POSTO CARMOPOLIS LTDA, 13.077.342/0001-51,AVENIDA JOAO RIBEIRO,680/684,0,SANTO ANTÔNIO,49060-330,GASOLINA,20/01/2025,"6,42",,R$ / litro,VIBRA
NE,SE,ARACAJU,POSTO CARMOPOLIS LTDA, 13.077.342/0001-51,AVENIDA JOAO RIBEIRO,680/684,0,SANTO ANTÔNIO,49060-330,GASOLINA ADITIVADA,20/01/2025,"6,42",,R$ / litro,VIBRA
NE,SE,ARACAJU,POSTO CARMOPOLIS LTDA, 13.077.342/0001-51,AVENIDA JOAO RIBEIRO,680/684,0,SANTO ANTÔNIO,49060-330,DIESEL S10,20/01/2025,"6,05",,R$ / litro,VIBRA
NE,SE,ARACAJU,POSTO CARMOPOLIS LTDA, 13.077.342/0001-51,AVENIDA JOAO RIBEIRO,680/684,0,SANTO ANTÔNIO,49060-330,ETANOL,20/01/2025,"4,59",,R$ / litro,VIBRA
NE,SE,ARACAJU,KLEBER SANTOS BATISTA LTDA, 13.042.882/0001-08,AVENIDA DESEMBARGADOR MAYNARD,770,,CIRURGIA,49055-210,GNV,20/01/2025,"4,90",,R$ / m³,BRANCA
NE,SE,ARACAJU,KLEBER SANTOS BATISTA LTDA, 13.042.882/0001-08,AVENIDA DESEMBARGADOR MAYNARD,770,,CIRURGIA,49055-210,GASOLINA,20/01/2025,"6,42",,R$ / litro,BRANCA
NE,SE,ARACAJU,KLEBER SANTOS BATISTA LTDA, 13.042.882/0001-08,AVENIDA DESEMBARGADOR MAYNARD,770,,CIRURGIA,49055-210,GASOLINA ADITIVADA,20/01/2025,"6,42",,R$ / litro,BRANCA
NE,SE,ARACAJU,KLEBER SANTOS BATISTA LTDA, 13.042.882/0001-08,AVENIDA DESEMBARGADOR MAYNARD,770,,CIRURGIA,49055-210,DIESEL S10,20/01/2025,"6,05",,R$ / litro,BRANCA
NE,SE,ARACAJU,KLEBER SANTOS BATISTA LTDA, 13.042.882/0001-08,AVENIDA DESEMBARGADOR MAYNARD,770,,CIRURGIA,49055-210,ETANOL,20/01/2025,"4,59",,R$ / litro,BRANCA
NE,SE,ARACAJU,AMARAL & CIA LTDA, 13.008.610/0001-83,RUA MARIANO SALMERON,709,,SIQUEIRA CAMPOS,49075-370,GASOLINA,20/01/2025,"6,42",,R$ / litro,VIBRA
NE,SE,ARACAJU,AMARAL & CIA LTDA, 13.008.610/0001-83,RUA MARIANO SALMERON,709,,SIQUEIRA CAMPOS,49075-370,GASOLINA ADITIVADA,20/01/2025,"6,52",,R$ / litro,VIBRA
NE,SE,ARACAJU,AMARAL & CIA LTDA, 13.008.610/0001-83,RUA MARIANO SALMERON,709,,SIQUEIRA CAMPOS,49075-370,DIESEL S10,20/01/2025,"6,29",,R$ / litro,VIBRA
NE,SE,ARACAJU,AMARAL & CIA LTDA, 13.008.610/0001-83,RUA MARIANO SALMERON,709,,SIQUEIRA CAMPOS,49075-370,ETANOL,20/01/2025,"4,59",,R$ / litro,VIBRA
NE,SE,ARACAJU,GAMA E CIA LTDA, 13.007.752/0001-26,AVENIDA TANCREDO NEVES,2551,,DISTRITO INDUSTRIAL DE ARACAJU,49095-000,GASOLINA,20/01/2025,"6,42",,R$ / litro,VIBRA
NE,SE,ARACAJU,L. V. COMERCIO DE COMBUSTIVEIS LTDA, 11.433.769/0001-10,RUA SAO CRISTOVAO,1877,,GETULIO VARGAS,49055-620,GASOLINA,20/01/2025,"6,42",,R$ / litro,BRANCA
NE,SE,ARACAJU,L. V. COMERCIO DE COMBUSTIVEIS LTDA, 11.433.769/0001-10,RUA SAO CRISTOVAO,1877,,GETULIO VARGAS,49055-620,DIESEL S10,20/01/2025,"6,05",,R$ / litro,BRANCA
NE,SE,ARACAJU,L. V. COMERCIO DE COMBUSTIVEIS LTDA, 11.433.769/0001-10,RUA SAO CRISTOVAO,1877,,GETULIO VARGAS,49055-620,ETANOL,20/01/2025,"4,69",,R$ / litro,BRANCA
NE,SE,ARACAJU,ALPHA COMERCIAL DE COMBUSTIVEIS LTDA, 08.297.710/0008-03,AVENIDA FRANCISCO PORTO,650,LOJA  BR MANIA DELICATESSE,SALGADO FILHO,49020-120,GASOLINA,20/01/2025,"6,49",,R$ / litro,VIBRA
NE,SE,ARACAJU,ALPHA COMERCIAL DE COMBUSTIVEIS LTDA, 08.297.710/0008-03,AVENIDA FRANCISCO PORTO,650,LOJA  BR MANIA DELICATESSE,SALGADO FILHO,49020-120,GASOLINA ADITIVADA,20/01/2025,"6,69",,R$ / litro,VIBRA
NE,SE,ARACAJU,ALPHA COMERCIAL DE COMBUSTIVEIS LTDA, 08.297.710/0008-03,AVENIDA FRANCISCO PORTO,650,LOJA  BR MANIA DELICATESSE,SALGADO FILHO,49020-120,ETANOL,20/01/2025,"4,79",,R$ / litro,VIBRA
NE,SE,ARACAJU,REDE DE POSTOS PRESIDENTE LTDA, 32.864.795/0010-63,RUA LARANJEIRAS,1781,,GETULIO VARGAS,49055-380,GNV,20/01/2025,"4,90",,R$ / m³,VIBRA
NE,SE,ARACAJU,REDE DE POSTOS PRESIDENTE LTDA, 32.864.795/0010-63,RUA LARANJEIRAS,1781,,GETULIO VARGAS,49055-380,GASOLINA,20/01/2025,"6,49",,R$ / litro,VIBRA
NE,SE,ARACAJU,REDE DE POSTOS PRESIDENTE LTDA, 32.864.795/0010-63,RUA LARANJEIRAS,1781,,GETULIO VARGAS,49055-380,GASOLINA ADITIVADA,20/01/2025,"6,69",,R$ / litro,VIBRA
NE,SE,ARACAJU,POSTO PIRANEMA LTDA, 09.258.664/0003-91,AVENIDA PREFEITO HERACLITO ROLLEMBERG,2760,,FAROLANDIA,49030-640,GASOLINA,20/01/2025,"6,49",,R$ / litro,VIBRA
NE,SE,ARACAJU,POSTO PIRANEMA LTDA, 09.258.664/0003-91,AVENIDA PREFEITO HERACLITO ROLLEMBERG,2760,,FAROLANDIA,49030-640,GASOLINA ADITIVADA,20/01/2025,"6,69",,R$ / litro,VIBRA
NE,SE,ARACAJU,POSTO PIRANEMA LTDA, 09.258.664/0003-91,AVENIDA PREFEITO HERACLITO ROLLEMBERG,2760,,FAROLANDIA,49030-640,ETANOL,20/01/2025,"4,79",,R$ / litro,VIBRA
NE,SE,ARACAJU,VASPETRO COMBUSTIVEL LTDA, 04.979.182/0001-45,AVENIDA BARAO DE MARUIM,552,,CENTRO,49010-340,GASOLINA,28/01/2025,"6,42",,R$ / litro,BRANCA
NE,SE,ARACAJU,VASPETRO COMBUSTIVEL LTDA, 04.979.182/0001-45,AVENIDA BARAO DE MARUIM,552,,CENTRO,49010-340,GASOLINA ADITIVADA,28/01/2025,"6,42",,R$ / litro,BRANCA
NE,SE,ARACAJU,VASPETRO COMBUSTIVEL LTDA, 04.979.182/0001-45,AVENIDA BARAO DE MARUIM,552,,CENTRO,49010-340,ETANOL,28/01/2025,"4,79",,R$ / litro,BRANCA
NE,SE,ARACAJU,GAMA E CIA LTDA, 13.007.752/0002-07,AVENIDA AUGUSTO FRANCO,2990,,PONTO NOVO,49047-040,GASOLINA,28/01/2025,"6,42",,R$ / litro,VIBRA
NE,SE,ARACAJU,TYRESOLES DE SERGIPE INDUSTRIA COMERCIO E SERVICOS LTDA, 13.007.828/0010-04,AVENIDA GONCALO  ROLLEMBERG LEITE,1721,,LUZIA,49045-280,GASOLINA,28/01/2025,"6,47",,R$ / litro,RAIZEN
NE,SE,ARACAJU,TYRESOLES DE SERGIPE INDUSTRIA COMERCIO E SERVICOS LTDA, 13.007.828/0010-04,AVENIDA GONCALO  ROLLEMBERG LEITE,1721,,LUZIA,49045-280,GASOLINA ADITIVADA,28/01/2025,"6,81",,R$ / litro,RAIZEN
NE,SE,ARACAJU,TYRESOLES DE SERGIPE INDUSTRIA COMERCIO E SERVICOS LTDA, 13.007.828/0010-04,AVENIDA GONCALO  ROLLEMBERG LEITE,1721,,LUZIA,49045-280,ETANOL,28/01/2025,"4,59",,R$ / litro,RAIZEN
NE,SE,ARACAJU,REDE DE POSTOS PRESIDENTE LTDA, 32.864.795/0001-72,AVENIDA COELHO E CAMPOS,1254,,SANTO ANTONIO,49060-000,GNV,28/01/2025,"4,90",,R$ / m³,VIBRA
NE,SE,ARACAJU,REDE DE POSTOS PRESIDENTE LTDA, 32.864.795/0001-72,AVENIDA COELHO E CAMPOS,1254,,SANTO ANTONIO,49060-000,GASOLINA,28/01/2025,"6,49",,R$ / litro,VIBRA
NE,SE,ARACAJU,REDE DE POSTOS PRESIDENTE LTDA, 32.864.795/0001-72,AVENIDA COELHO E CAMPOS,1254,,SANTO ANTONIO,49060-000,GASOLINA ADITIVADA,28/01/2025,"6,69",,R$ / litro,VIBRA
NE,SE,ARACAJU,LIDER COMERCIO DE COMBUSTIVEIS LTDA, 15.591.357/0001-69,PRACA DA BANDEIRA,171,,CENTRO,49055-090,GASOLINA,28/01/2025,"6,42",,R$ / litro,VIBRA
NE,SE,ARACAJU,LIDER COMERCIO DE COMBUSTIVEIS LTDA, 15.591.357/0001-69,PRACA DA BANDEIRA,171,,CENTRO,49055-090,GASOLINA ADITIVADA,28/01/2025,"6,55",,R$ / litro,VIBRA
NE,SE,ARACAJU,LIDER COMERCIO DE COMBUSTIVEIS LTDA, 15.591.357/0001-69,PRACA DA BANDEIRA,171,,CENTRO,49055-090,ETANOL,28/01/2025,"4,65",,R$ / litro,VIBRA
NE,SE,ARACAJU,POSTO ARIBE EIRELI, 15.083.140/0001-48,AVENIDA PROF JOSE O DE L NETO,150,,AMERICA,49080-480,GASOLINA,28/01/2025,"6,44",,R$ / litro,VIBRA
NE,SE,ARACAJU,POSTO ARIBE EIRELI, 15.083.140/0001-48,AVENIDA PROF JOSE O DE L NETO,150,,AMERICA,49080-480,GASOLINA ADITIVADA,28/01/2025,"6,65",,R$ / litro,VIBRA
NE,SE,ARACAJU,POSTO ARIBE EIRELI, 15.083.140/0001-48,AVENIDA PROF JOSE O DE L NETO,150,,AMERICA,49080-480,ETANOL,28/01/2025,"4,67",,R$ / litro,VIBRA
NE,SE,ARACAJU,LUBRIFICANTES E ACESSÓRIOS LTDA., 13.257.050/0001-09,AVENIDA BEIRA MAR,6,,13 DE JULHO,49020-010,GASOLINA,28/01/2025,"6,42",,R$ / litro,VIBRA
NE,SE,ARACAJU,LUBRIFICANTES E ACESSÓRIOS LTDA., 13.257.050/0001-09,AVENIDA BEIRA MAR,6,,13 DE JULHO,49020-010,GASOLINA ADITIVADA,28/01/2025,"6,42",,R$ / litro,VIBRA
NE,SE,ARACAJU,LUBRIFICANTES E ACESSÓRIOS LTDA., 13.257.050/0001-09,AVENIDA BEIRA MAR,6,,13 DE JULHO,49020-010,ETANOL,28/01/2025,"4,75",,R$ / litro,VIBRA
NE,SE,ARACAJU,COMERCIAL MARIVAN LTDA, 13.179.247/0001-69,AVENIDA ADELIA FRANCO,2234,,LUZIA,49048-010,GASOLINA,28/01/2025,"6,42",,R$ / litro,VIBRA
NE,SE,ARACAJU,COMERCIAL MARIVAN LTDA, 13.179.247/0001-69,AVENIDA ADELIA FRANCO,2234,,LUZIA,49048-010,GASOLINA ADITIVADA,28/01/2025,"6,49",,R$ / litro,VIBRA
NE,SE,ARACAJU,COMERCIAL MARIVAN LTDA, 13.179.247/0001-69,AVENIDA ADELIA FRANCO,2234,,LUZIA,49048-010,ETANOL,28/01/2025,"4,59",,R$ / litro,VIBRA
NE,SE,ARACAJU,J. L. OLIVEIRA & BARROS LTDA, 13.113.477/0004-78,AVENIDA GENTIL TAVARES,381,CASA,GETULIO VARGAS,49055-670,GASOLINA,28/01/2025,"6,49",,R$ / litro,VIBRA
NE,SE,ARACAJU,J. L. OLIVEIRA & BARROS LTDA, 13.113.477/0004-78,AVENIDA GENTIL TAVARES,381,CASA,GETULIO VARGAS,49055-670,DIESEL S10,28/01/2025,"6,29",,R$ / litro,VIBRA
NE,SE,ARACAJU,POSTO CARMOPOLIS LTDA, 13.077.342/0001-51,AVENIDA JOAO RIBEIRO,680/684,0,SANTO ANTÔNIO,49060-330,GASOLINA,28/01/2025,"6,42",,R$ / litro,VIBRA
NE,SE,ARACAJU,POSTO CARMOPOLIS LTDA, 13.077.342/0001-51,AVENIDA JOAO RIBEIRO,680/684,0,SANTO ANTÔNIO,49060-330,GASOLINA ADITIVADA,28/01/2025,"6,42",,R$ / litro,VIBRA
NE,SE,ARACAJU,POSTO CARMOPOLIS LTDA, 13.077.342/0001-51,AVENIDA JOAO RIBEIRO,680/684,0,SANTO ANTÔNIO,49060-330,ETANOL,28/01/2025,"4,59",,R$ / litro,VIBRA
NE,SE,ARACAJU,KLEBER SANTOS BATISTA LTDA, 13.042.882/0001-08,AVENIDA DESEMBARGADOR MAYNARD,770,,CIRURGIA,49055-210,GNV,28/01/2025,"4,90",,R$ / m³,BRANCA
NE,SE,ARACAJU,KLEBER SANTOS BATISTA LTDA, 13.042.882/0001-08,AVENIDA DESEMBARGADOR MAYNARD,770,,CIRURGIA,49055-210,GASOLINA,28/01/2025,"6,42",,R$ / litro,BRANCA
NE,SE,ARACAJU,KLEBER SANTOS BATISTA LTDA, 13.042.882/0001-08,AVENIDA DESEMBARGADOR MAYNARD,770,,CIRURGIA,49055-210,GASOLINA ADITIVADA,28/01/2025,"6,42",,R$ / litro,BRANCA
NE,SE,ARACAJU,KLEBER SANTOS BATISTA LTDA, 13.042.882/0001-08,AVENIDA DESEMBARGADOR MAYNARD,770,,CIRURGIA,49055-210,DIESEL S10,28/01/2025,"6,05",,R$ / litro,BRANCA
NE,SE,ARACAJU,KLEBER SANTOS BATISTA LTDA, 13.042.882/0001-08,AVENIDA DESEMBARGADOR MAYNARD,770,,CIRURGIA,49055-210,ETANOL,28/01/2025,"4,59",,R$ / litro,BRANCA
NE,SE,ARACAJU,AMARAL & CIA LTDA, 13.008.610/0001-83,RUA MARIANO SALMERON,709,,SIQUEIRA CAMPOS,49075-370,GASOLINA,28/01/2025,"6,42",,R$ / litro,VIBRA
NE,SE,ARACAJU,AMARAL & CIA LTDA, 13.008.610/0001-83,RUA MARIANO SALMERON,709,,SIQUEIRA CAMPOS,49075-370,GASOLINA ADITIVADA,28/01/2025,"6,52",,R$ / litro,VIBRA
NE,SE,ARACAJU,AMARAL & CIA LTDA, 13.008.610/0001-83,RUA MARIANO SALMERON,709,,SIQUEIRA CAMPOS,49075-370,DIESEL S10,28/01/2025,"6,29",,R$ / litro,VIBRA
NE,SE,ARACAJU,AMARAL & CIA LTDA, 13.008.610/0001-83,RUA MARIANO SALMERON,709,,SIQUEIRA CAMPOS,49075-370,ETANOL,28/01/2025,"4,59",,R$ / litro,VIBRA
NE,SE,ARACAJU,GAMA E CIA LTDA, 13.007.752/0001-26,AVENIDA TANCREDO NEVES,2551,,DISTRITO INDUSTRIAL DE ARACAJU,49095-000,GASOLINA,28/01/2025,"6,42",,R$ / litro,VIBRA
NE,SE,ARACAJU,L. V. COMERCIO DE COMBUSTIVEIS LTDA, 11.433.769/0001-10,RUA SAO CRISTOVAO,1877,,GETULIO VARGAS,49055-620,GASOLINA,28/01/2025,"6,42",,R$ / litro,BRANCA
NE,SE,ARACAJU,L. V. COMERCIO DE COMBUSTIVEIS LTDA, 11.433.769/0001-10,RUA SAO CRISTOVAO,1877,,GETULIO VARGAS,49055-620,DIESEL S10,28/01/2025,"6,05",,R$ / litro,BRANCA
NE,SE,ARACAJU,L. V. COMERCIO DE COMBUSTIVEIS LTDA, 11.433.769/0001-10,RUA SAO CRISTOVAO,1877,,GETULIO VARGAS,49055-620,ETANOL,28/01/2025,"4,69",,R$ / litro,BRANCA
NE,SE,ARACAJU,ALPHA COMERCIAL DE COMBUSTIVEIS LTDA, 08.297.710/0008-03,AVENIDA FRANCISCO PORTO,650,LOJA  BR MANIA DELICATESSE,SALGADO FILHO,49020-120,GASOLINA,28/01/2025,"6,49",,R$ / litro,VIBRA
NE,SE,ARACAJU,ALPHA COMERCIAL DE COMBUSTIVEIS LTDA, 08.297.710/0008-03,AVENIDA FRANCISCO PORTO,650,LOJA  BR MANIA DELICATESSE,SALGADO FILHO,49020-120,GASOLINA ADITIVADA,28/01/2025,"6,69",,R$ / litro,VIBRA
NE,SE,ARACAJU,ALPHA COMERCIAL DE COMBUSTIVEIS LTDA, 08.297.710/0008-03,AVENIDA FRANCISCO PORTO,650,LOJA  BR MANIA DELICATESSE,SALGADO FILHO,49020-120,ETANOL,28/01/2025,"4,79",,R$ / litro,VIBRA
NE,SE,ARACAJU,REDE DE POSTOS PRESIDENTE LTDA, 32.864.795/0010-63,RUA LARANJEIRAS,1781,,GETULIO VARGAS,49055-380,GNV,28/01/2025,"4,90",,R$ / m³,VIBRA
NE,SE,ARACAJU,REDE DE POSTOS PRESIDENTE LTDA, 32.864.795/0010-63,RUA LARANJEIRAS,1781,,GETULIO VARGAS,49055-380,GASOLINA,28/01/2025,"6,49",,R$ / litro,VIBRA
NE,SE,ARACAJU,REDE DE POSTOS PRESIDENTE LTDA, 32.864.795/0010-63,RUA LARANJEIRAS,1781,,GETULIO VARGAS,49055-380,GASOLINA ADITIVADA,28/01/2025,"6,69",,R$ / litro,VIBRA
NE,SE,ARACAJU,POSTO PIRANEMA LTDA, 09.258.664/0003-91,AVENIDA PREFEITO HERACLITO ROLLEMBERG,2760,,FAROLANDIA,49030-640,GASOLINA,28/01/2025,"6,49",,R$ / litro,VIBRA
NE,SE,ARACAJU,POSTO PIRANEMA LTDA, 09.258.664/0003-91,AVENIDA PREFEITO HERACLITO ROLLEMBERG,2760,,FAROLANDIA,49030-640,GASOLINA ADITIVADA,28/01/2025,"6,69",,R$ / litro,VIBRA
NE,SE,ARACAJU,POSTO PIRANEMA LTDA, 09.258.664/0003-91,AVENIDA PREFEITO HERACLITO ROLLEMBERG,2760,,FAROLANDIA,49030-640,ETANOL,28/01/2025,"4,79",,R$ / litro,VIBRA
NE,SE,ARACAJU,VASPETRO COMBUSTIVEL LTDA, 04.979.182/0001-45,AVENIDA BARAO DE MARUIM,552,,CENTRO,49010-340,GASOLINA,03/02/2025,"6,42",,R$ / litro,BRANCA
NE,SE,ARACAJU,VASPETRO COMBUSTIVEL LTDA, 04.979.182/0001-45,AVENIDA BARAO DE MARUIM,552,,CENTRO,49010-340,GASOLINA ADITIVADA,03/02/2025,"6,42",,R$ / litro,BRANCA
NE,SE,ARACAJU,VASPETRO COMBUSTIVEL LTDA, 04.979.182/0001-45,AVENIDA BARAO DE MARUIM,552,,CENTRO,49010-340,ETANOL,03/02/2025,"4,79",,R$ / litro,BRANCA
NE,SE,ARACAJU,GAMA E CIA LTDA, 13.007.752/0002-07,AVENIDA AUGUSTO FRANCO,2990,,PONTO NOVO,49047-040,GASOLINA,03/02/2025,"6,42",,R$ / litro,VIBRA
NE,SE,ARACAJU,TYRESOLES DE SERGIPE INDUSTRIA COMERCIO E SERVICOS LTDA, 13.007.828/0010-04,AVENIDA GONCALO  ROLLEMBERG LEITE,1721,,LUZIA,49045-280,ETANOL,03/02/2025,"4,59",,R$ / litro,RAIZEN
NE,SE,ARACAJU,TYRESOLES DE SERGIPE INDUSTRIA COMERCIO E SERVICOS LTDA, 13.007.828/0010-04,AVENIDA GONCALO  ROLLEMBERG LEITE,1721,,LUZIA,49045-280,GASOLINA,03/02/2025,"6,63",,R$ / litro,RAIZEN
NE,SE,ARACAJU,TYRESOLES DE SERGIPE INDUSTRIA COMERCIO E SERVICOS LTDA, 13.007.828/0010-04,AVENIDA GONCALO  ROLLEMBERG LEITE,1721,,LUZIA,49045-280,GASOLINA ADITIVADA,03/02/2025,"6,97",,R$ / litro,RAIZEN
NE,SE,ARACAJU,REDE DE POSTOS PRESIDENTE LTDA, 32.864.795/0001-72,AVENIDA COELHO E CAMPOS,1254,,SANTO ANTONIO,49060-000,GNV,03/02/2025,"4,90",,R$ / m³,VIBRA
NE,SE,ARACAJU,REDE DE POSTOS PRESIDENTE LTDA, 32.864.795/0001-72,AVENIDA COELHO E CAMPOS,1254,,SANTO ANTONIO,49060-000,GASOLINA,03/02/2025,"6,59",,R$ / litro,VIBRA
NE,SE,ARACAJU,REDE DE POSTOS PRESIDENTE LTDA, 32.864.795/0001-72,AVENIDA COELHO E CAMPOS,1254,,SANTO ANTONIO,49060-000,GASOLINA ADITIVADA,03/02/2025,"6,79",,R$ / litro,VIBRA
NE,SE,ARACAJU,LIDER COMERCIO DE COMBUSTIVEIS LTDA, 15.591.357/0001-69,PRACA DA BANDEIRA,171,,CENTRO,49055-090,GASOLINA,03/02/2025,"6,42",,R$ / litro,VIBRA
NE,SE,ARACAJU,LIDER COMERCIO DE COMBUSTIVEIS LTDA, 15.591.357/0001-69,PRACA DA BANDEIRA,171,,CENTRO,49055-090,GASOLINA ADITIVADA,03/02/2025,"6,55",,R$ / litro,VIBRA
NE,SE,ARACAJU,LIDER COMERCIO DE COMBUSTIVEIS LTDA, 15.591.357/0001-69,PRACA DA BANDEIRA,171,,CENTRO,49055-090,ETANOL,03/02/2025,"4,65",,R$ / litro,VIBRA
NE,SE,ARACAJU,POSTO ARIBE EIRELI, 15.083.140/0001-48,AVENIDA PROF JOSE O DE L NETO,150,,AMERICA,49080-480,GASOLINA,03/02/2025,"6,56",,R$ / litro,VIBRA
NE,SE,ARACAJU,POSTO ARIBE EIRELI, 15.083.140/0001-48,AVENIDA PROF JOSE O DE L NETO,150,,AMERICA,49080-480,GASOLINA ADITIVADA,03/02/2025,"6,56",,R$ / litro,VIBRA
NE,SE,ARACAJU,POSTO ARIBE EIRELI, 15.083.140/0001-48,AVENIDA PROF JOSE O DE L NETO,150,,AMERICA,49080-480,ETANOL,03/02/2025,"4,94",,R$ / litro,VIBRA
NE,SE,ARACAJU,LUBRIFICANTES E ACESSÓRIOS LTDA., 13.257.050/0001-09,AVENIDA BEIRA MAR,6,,13 DE JULHO,49020-010,GASOLINA,03/02/2025,"6,51",,R$ / litro,VIBRA
NE,SE,ARACAJU,LUBRIFICANTES E ACESSÓRIOS LTDA., 13.257.050/0001-09,AVENIDA BEIRA MAR,6,,13 DE JULHO,49020-010,GASOLINA ADITIVADA,03/02/2025,"6,51",,R$ / litro,VIBRA
NE,SE,ARACAJU,LUBRIFICANTES E ACESSÓRIOS LTDA., 13.257.050/0001-09,AVENIDA BEIRA MAR,6,,13 DE JULHO,49020-010,ETANOL,03/02/2025,"4,83",,R$ / litro,VIBRA
NE,SE,ARACAJU,COMERCIAL MARIVAN LTDA, 13.179.247/0001-69,AVENIDA ADELIA FRANCO,2234,,LUZIA,49048-010,GASOLINA,03/02/2025,"6,42",,R$ / litro,VIBRA
NE,SE,ARACAJU,COMERCIAL MARIVAN LTDA, 13.179.247/0001-69,AVENIDA ADELIA FRANCO,2234,,LUZIA,49048-010,GASOLINA ADITIVADA,03/02/2025,"6,49",,R$ / litro,VIBRA
NE,SE,ARACAJU,COMERCIAL MARIVAN LTDA, 13.179.247/0001-69,AVENIDA ADELIA FRANCO,2234,,LUZIA,49048-010,ETANOL,03/02/2025,"4,59",,R$ / litro,VIBRA
NE,SE,ARACAJU,J. L. OLIVEIRA & BARROS LTDA, 13.113.477/0004-78,AVENIDA GENTIL TAVARES,381,CASA,GETULIO VARGAS,49055-670,GASOLINA,03/02/2025,"6,49",,R$ / litro,VIBRA
NE,SE,ARACAJU,J. L. OLIVEIRA & BARROS LTDA, 13.113.477/0004-78,AVENIDA GENTIL TAVARES,381,CASA,GETULIO VARGAS,49055-670,DIESEL S10,03/02/2025,"6,29",,R$ / litro,VIBRA
NE,SE,ARACAJU,POSTO CARMOPOLIS LTDA, 13.077.342/0001-51,AVENIDA JOAO RIBEIRO,680/684,0,SANTO ANTÔNIO,49060-330,GASOLINA,03/02/2025,"6,42",,R$ / litro,VIBRA
NE,SE,ARACAJU,POSTO CARMOPOLIS LTDA, 13.077.342/0001-51,AVENIDA JOAO RIBEIRO,680/684,0,SANTO ANTÔNIO,49060-330,GASOLINA ADITIVADA,03/02/2025,"6,42",,R$ / litro,VIBRA
NE,SE,ARACAJU,POSTO CARMOPOLIS LTDA, 13.077.342/0001-51,AVENIDA JOAO RIBEIRO,680/684,0,SANTO ANTÔNIO,49060-330,ETANOL,03/02/2025,"4,89",,R$ / litro,VIBRA
NE,SE,ARACAJU,KLEBER SANTOS BATISTA LTDA, 13.042.882/0001-08,AVENIDA DESEMBARGADOR MAYNARD,770,,CIRURGIA,49055-210,GNV,03/02/2025,"4,90",,R$ / m³,BRANCA
NE,SE,ARACAJU,KLEBER SANTOS BATISTA LTDA, 13.042.882/0001-08,AVENIDA DESEMBARGADOR MAYNARD,770,,CIRURGIA,49055-210,GASOLINA,03/02/2025,"6,42",,R$ / litro,BRANCA
NE,SE,ARACAJU,KLEBER SANTOS BATISTA LTDA, 13.042.882/0001-08,AVENIDA DESEMBARGADOR MAYNARD,770,,CIRURGIA,49055-210,GASOLINA ADITIVADA,03/02/2025,"6,42",,R$ / litro,BRANCA
NE,SE,ARACAJU,KLEBER SANTOS BATISTA LTDA, 13.042.882/0001-08,AVENIDA DESEMBARGADOR MAYNARD,770,,CIRURGIA,49055-210,DIESEL S10,03/02/2025,"6,05",,R$ / litro,BRANCA
NE,SE,ARACAJU,KLEBER SANTOS BATISTA LTDA, 13.042.882/0001-08,AVENIDA DESEMBARGADOR MAYNARD,770,,CIRURGIA,49055-210,ETANOL,03/02/2025,"4,59",,R$ / litro,BRANCA
NE,SE,ARACAJU,AMARAL & CIA LTDA, 13.008.610/0001-83,RUA MARIANO SALMERON,709,,SIQUEIRA CAMPOS,49075-370,GASOLINA,03/02/2025,"6,42",,R$ / litro,VIBRA
NE,SE,ARACAJU,AMARAL & CIA LTDA, 13.008.610/0001-83,RUA MARIANO SALMERON,709,,SIQUEIRA CAMPOS,49075-370,GASOLINA ADITIVADA,03/02/2025,"6,52",,R$ / litro,VIBRA
NE,SE,ARACAJU,AMARAL & CIA LTDA, 13.008.610/0001-83,RUA MARIANO SALMERON,709,,SIQUEIRA CAMPOS,49075-370,DIESEL S10,03/02/2025,"6,29",,R$ / litro,VIBRA
NE,SE,ARACAJU,AMARAL & CIA LTDA, 13.008.610/0001-83,RUA MARIANO SALMERON,709,,SIQUEIRA CAMPOS,49075-370,ETANOL,03/02/2025,"4,59",,R$ / litro,VIBRA
NE,SE,ARACAJU,GAMA E CIA LTDA, 13.007.752/0001-26,AVENIDA TANCREDO NEVES,2551,,DISTRITO INDUSTRIAL DE ARACAJU,49095-000,GASOLINA,03/02/2025,"6,42",,R$ / litro,VIBRA
NE,SE,ARACAJU,L. V. COMERCIO DE COMBUSTIVEIS LTDA, 11.433.769/0001-10,RUA SAO CRISTOVAO,1877,,GETULIO VARGAS,49055-620,GASOLINA,03/02/2025,"6,52",,R$ / litro,BRANCA
NE,SE,ARACAJU,L. V. COMERCIO DE COMBUSTIVEIS LTDA, 11.433.769/0001-10,RUA SAO CRISTOVAO,1877,,GETULIO VARGAS,49055-620,DIESEL S10,03/02/2025,"6,05",,R$ / litro,BRANCA
NE,SE,ARACAJU,L. V. COMERCIO DE COMBUSTIVEIS LTDA, 11.433.769/0001-10,RUA SAO CRISTOVAO,1877,,GETULIO VARGAS,49055-620,ETANOL,03/02/2025,"4,69",,R$ / litro,BRANCA
NE,SE,ARACAJU,ALPHA COMERCIAL DE COMBUSTIVEIS LTDA, 08.297.710/0008-03,AVENIDA FRANCISCO PORTO,650,LOJA  BR MANIA DELICATESSE,SALGADO FILHO,49020-120,GASOLINA,03/02/2025,"6,59",,R$ / litro,VIBRA
NE,SE,ARACAJU,ALPHA COMERCIAL DE COMBUSTIVEIS LTDA, 08.297.710/0008-03,AVENIDA FRANCISCO PORTO,650,LOJA  BR MANIA DELICATESSE,SALGADO FILHO,49020-120,GASOLINA ADITIVADA,03/02/2025,"6,79",,R$ / litro,VIBRA
NE,SE,ARACAJU,ALPHA COMERCIAL DE COMBUSTIVEIS LTDA, 08.297.710/0008-03,AVENIDA FRANCISCO PORTO,650,LOJA  BR MANIA DELICATESSE,SALGADO FILHO,49020-120,ETANOL,03/02/2025,"4,99",,R$ / litro,VIBRA
NE,SE,ARACAJU,REDE DE POSTOS PRESIDENTE LTDA, 32.864.795/0010-63,RUA LARANJEIRAS,1781,,GETULIO VARGAS,49055-380,GNV,03/02/2025,"4,90",,R$ / m³,VIBRA
NE,SE,ARACAJU,REDE DE POSTOS PRESIDENTE LTDA, 32.864.795/0010-63,RUA LARANJEIRAS,1781,,GETULIO VARGAS,49055-380,GASOLINA,03/02/2025,"6,59",,R$ / litro,VIBRA
NE,SE,ARACAJU,REDE DE POSTOS PRESIDENTE LTDA, 32.864.795/0010-63,RUA LARANJEIRAS,1781,,GETULIO VARGAS,49055-380,GASOLINA ADITIVADA,03/02/2025,"6,79",,R$ / litro,VIBRA
NE,SE,ARACAJU,POSTO PIRANEMA LTDA, 09.258.664/0003-91,AVENIDA PREFEITO HERACLITO ROLLEMBERG,2760,,FAROLANDIA,49030-640,GASOLINA,03/02/2025,"6,49",,R$ / litro,VIBRA
NE,SE,ARACAJU,POSTO PIRANEMA LTDA, 09.258.664/0003-91,AVENIDA PREFEITO HERACLITO ROLLEMBERG,2760,,FAROLANDIA,49030-640,GASOLINA ADITIVADA,03/02/2025,"6,69",,R$ / litro,VIBRA
NE,SE,ARACAJU,POSTO PIRANEMA LTDA, 09.258.664/0003-91,AVENIDA PREFEITO HERACLITO ROLLEMBERG,2760,,FAROLANDIA,49030-640,ETANOL,03/02/2025,"4,79",,R$ / litro,VIBRA
NE,SE,ARACAJU,VASPETRO COMBUSTIVEL LTDA, 04.979.182/0001-45,AVENIDA BARAO DE MARUIM,552,,CENTRO,49010-340,GASOLINA,11/02/2025,"6,62",,R$ / litro,BRANCA
NE,SE,ARACAJU,VASPETRO COMBUSTIVEL LTDA, 04.979.182/0001-45,AVENIDA BARAO DE MARUIM,552,,CENTRO,49010-340,GASOLINA ADITIVADA,11/02/2025,"6,62",,R$ / litro,BRANCA
NE,SE,ARACAJU,VASPETRO COMBUSTIVEL LTDA, 04.979.182/0001-45,AVENIDA BARAO DE MARUIM,552,,CENTRO,49010-340,ETANOL,11/02/2025,"4,89",,R$ / litro,BRANCA
NE,SE,ARACAJU,GAMA E CIA LTDA, 13.007.752/0002-07,AVENIDA AUGUSTO FRANCO,2990,,PONTO NOVO,49047-040,GASOLINA,11/02/2025,"6,62",,R$ / litro,VIBRA
NE,SE,ARACAJU,TYRESOLES DE SERGIPE INDUSTRIA COMERCIO E SERVICOS LTDA, 13.007.828/0010-04,AVENIDA GONCALO  ROLLEMBERG LEITE,1721,,LUZIA,49045-280,GASOLINA,11/02/2025,"6,67",,R$ / litro,RAIZEN
NE,SE,ARACAJU,TYRESOLES DE SERGIPE INDUSTRIA COMERCIO E SERVICOS LTDA, 13.007.828/0010-04,AVENIDA GONCALO  ROLLEMBERG LEITE,1721,,LUZIA,49045-280,GASOLINA ADITIVADA,11/02/2025,"7,01",,R$ / litro,RAIZEN
NE,SE,ARACAJU,TYRESOLES DE SERGIPE INDUSTRIA COMERCIO E SERVICOS LTDA, 13.007.828/0010-04,AVENIDA GONCALO  ROLLEMBERG LEITE,1721,,LUZIA,49045-280,ETANOL,11/02/2025,"4,80",,R$ / litro,RAIZEN
NE,SE,ARACAJU,REDE DE POSTOS PRESIDENTE LTDA, 32.864.795/0001-72,AVENIDA COELHO E CAMPOS,1254,,SANTO ANTONIO,49060-000,GNV,11/02/2025,"4,90",,R$ / m³,VIBRA
NE,SE,ARACAJU,REDE DE POSTOS PRESIDENTE LTDA, 32.864.795/0001-72,AVENIDA COELHO E CAMPOS,1254,,SANTO ANTONIO,49060-000,GASOLINA,11/02/2025,"6,69",,R$ / litro,VIBRA
NE,SE,ARACAJU,REDE DE POSTOS PRESIDENTE LTDA, 32.864.795/0001-72,AVENIDA COELHO E CAMPOS,1254,,SANTO ANTONIO,49060-000,GASOLINA ADITIVADA,11/02/2025,"6,89",,R$ / litro,VIBRA
NE,SE,ARACAJU,LIDER COMERCIO DE COMBUSTIVEIS LTDA, 15.591.357/0001-69,PRACA DA BANDEIRA,171,,CENTRO,49055-090,GASOLINA,11/02/2025,"6,62",,R$ / litro,VIBRA
NE,SE,ARACAJU,LIDER COMERCIO DE COMBUSTIVEIS LTDA, 15.591.357/0001-69,PRACA DA BANDEIRA,171,,CENTRO,49055-090,GASOLINA ADITIVADA,11/02/2025,"6,75",,R$ / litro,VIBRA
NE,SE,ARACAJU,LIDER COMERCIO DE COMBUSTIVEIS LTDA, 15.591.357/0001-69,PRACA DA BANDEIRA,171,,CENTRO,49055-090,ETANOL,11/02/2025,"4,89",,R$ / litro,VIBRA
NE,SE,ARACAJU,POSTO ARIBE EIRELI, 15.083.140/0001-48,AVENIDA PROF JOSE O DE L NETO,150,,AMERICA,49080-480,GASOLINA,11/02/2025,"6,65",,R$ / litro,VIBRA
NE,SE,ARACAJU,POSTO ARIBE EIRELI, 15.083.140/0001-48,AVENIDA PROF JOSE O DE L NETO,150,,AMERICA,49080-480,GASOLINA ADITIVADA,11/02/2025,"6,83",,R$ / litro,VIBRA
NE,SE,ARACAJU,POSTO ARIBE EIRELI, 15.083.140/0001-48,AVENIDA PROF JOSE O DE L NETO,150,,AMERICA,49080-480,ETANOL,11/02/2025,"4,85",,R$ / litro,VIBRA
NE,SE,ARACAJU,LUBRIFICANTES E ACESSÓRIOS LTDA., 13.257.050/0001-09,AVENIDA BEIRA MAR,6,,13 DE JULHO,49020-010,GASOLINA,11/02/2025,"6,62",,R$ / litro,VIBRA
NE,SE,ARACAJU,LUBRIFICANTES E ACESSÓRIOS LTDA., 13.257.050/0001-09,AVENIDA BEIRA MAR,6,,13 DE JULHO,49020-010,GASOLINA ADITIVADA,11/02/2025,"6,62",,R$ / litro,VIBRA
NE,SE,ARACAJU,LUBRIFICANTES E ACESSÓRIOS LTDA., 13.257.050/0001-09,AVENIDA BEIRA MAR,6,,13 DE JULHO,49020-010,ETANOL,11/02/2025,"4,83",,R$ / litro,VIBRA
NE,SE,ARACAJU,COMERCIAL MARIVAN LTDA, 13.179.247/0001-69,AVENIDA ADELIA FRANCO,2234,,LUZIA,49048-010,GASOLINA,11/02/2025,"6,62",,R$ / litro,VIBRA
NE,SE,ARACAJU,COMERCIAL MARIVAN LTDA, 13.179.247/0001-69,AVENIDA ADELIA FRANCO,2234,,LUZIA,49048-010,GASOLINA ADITIVADA,11/02/2025,"6,69",,R$ / litro,VIBRA
NE,SE,ARACAJU,COMERCIAL MARIVAN LTDA, 13.179.247/0001-69,AVENIDA ADELIA FRANCO,2234,,LUZIA,49048-010,ETANOL,11/02/2025,"4,80",,R$ / litro,VIBRA
NE,SE,ARACAJU,J. L. OLIVEIRA & BARROS LTDA, 13.113.477/0004-78,AVENIDA GENTIL TAVARES,381,CASA,GETULIO VARGAS,49055-670,GASOLINA,11/02/2025,"6,68",,R$ / litro,VIBRA
NE,SE,ARACAJU,J. L. OLIVEIRA & BARROS LTDA, 13.113.477/0004-78,AVENIDA GENTIL TAVARES,381,CASA,GETULIO VARGAS,49055-670,DIESEL S10,11/02/2025,"6,49",,R$ / litro,VIBRA
NE,SE,ARACAJU,POSTO CARMOPOLIS LTDA, 13.077.342/0001-51,AVENIDA JOAO RIBEIRO,680/684,0,SANTO ANTÔNIO,49060-330,GASOLINA,11/02/2025,"6,62",,R$ / litro,VIBRA
NE,SE,ARACAJU,POSTO CARMOPOLIS LTDA, 13.077.342/0001-51,AVENIDA JOAO RIBEIRO,680/684,0,SANTO ANTÔNIO,49060-330,GASOLINA ADITIVADA,11/02/2025,"6,62",,R$ / litro,VIBRA
NE,SE,ARACAJU,POSTO CARMOPOLIS LTDA, 13.077.342/0001-51,AVENIDA JOAO RIBEIRO,680/684,0,SANTO ANTÔNIO,49060-330,ETANOL,11/02/2025,"4,80",,R$ / litro,VIBRA
NE,SE,ARACAJU,KLEBER SANTOS BATISTA LTDA, 13.042.882/0001-08,AVENIDA DESEMBARGADOR MAYNARD,770,,CIRURGIA,49055-210,GNV,11/02/2025,"4,90",,R$ / m³,BRANCA
NE,SE,ARACAJU,KLEBER SANTOS BATISTA LTDA, 13.042.882/0001-08,AVENIDA DESEMBARGADOR MAYNARD,770,,CIRURGIA,49055-210,GASOLINA,11/02/2025,"6,62",,R$ / litro,BRANCA
NE,SE,ARACAJU,KLEBER SANTOS BATISTA LTDA, 13.042.882/0001-08,AVENIDA DESEMBARGADOR MAYNARD,770,,CIRURGIA,49055-210,GASOLINA ADITIVADA,11/02/2025,"6,62",,R$ / litro,BRANCA
NE,SE,ARACAJU,KLEBER SANTOS BATISTA LTDA, 13.042.882/0001-08,AVENIDA DESEMBARGADOR MAYNARD,770,,CIRURGIA,49055-210,DIESEL S10,11/02/2025,"6,23",,R$ / litro,BRANCA
NE,SE,ARACAJU,KLEBER SANTOS BATISTA LTDA, 13.042.882/0001-08,AVENIDA DESEMBARGADOR MAYNARD,770,,CIRURGIA,49055-210,ETANOL,11/02/2025,"4,80",,R$ / litro,BRANCA
NE,SE,ARACAJU,AMARAL & CIA LTDA, 13.008.610/0001-83,RUA MARIANO SALMERON,709,,SIQUEIRA CAMPOS,49075-370,GASOLINA,11/02/2025,"6,62",,R$ / litro,VIBRA
NE,SE,ARACAJU,AMARAL & CIA LTDA, 13.008.610/0001-83,RUA MARIANO SALMERON,709,,SIQUEIRA CAMPOS,49075-370,GASOLINA ADITIVADA,11/02/2025,"6,72",,R$ / litro,VIBRA
NE,SE,ARACAJU,AMARAL & CIA LTDA, 13.008.610/0001-83,RUA MARIANO SALMERON,709,,SIQUEIRA CAMPOS,49075-370,DIESEL S10,11/02/2025,"6,62",,R$ / litro,VIBRA
NE,SE,ARACAJU,AMARAL & CIA LTDA, 13.008.610/0001-83,RUA MARIANO SALMERON,709,,SIQUEIRA CAMPOS,49075-370,ETANOL,11/02/2025,"4,89",,R$ / litro,VIBRA
NE,SE,ARACAJU,GAMA E CIA LTDA, 13.007.752/0001-26,AVENIDA TANCREDO NEVES,2551,,DISTRITO INDUSTRIAL DE ARACAJU,49095-000,GASOLINA,11/02/2025,"6,62",,R$ / litro,VIBRA
NE,SE,ARACAJU,L. V. COMERCIO DE COMBUSTIVEIS LTDA, 11.433.769/0001-10,RUA SAO CRISTOVAO,1877,,GETULIO VARGAS,49055-620,GASOLINA,11/02/2025,"6,64",,R$ / litro,BRANCA
NE,SE,ARACAJU,L. V. COMERCIO DE COMBUSTIVEIS LTDA, 11.433.769/0001-10,RUA SAO CRISTOVAO,1877,,GETULIO VARGAS,49055-620,DIESEL S10,11/02/2025,"6,23",,R$ / litro,BRANCA
NE,SE,ARACAJU,L. V. COMERCIO DE COMBUSTIVEIS LTDA, 11.433.769/0001-10,RUA SAO CRISTOVAO,1877,,GETULIO VARGAS,49055-620,ETANOL,11/02/2025,"4,84",,R$ / litro,BRANCA
NE,SE,ARACAJU,ALPHA COMERCIAL DE COMBUSTIVEIS LTDA, 08.297.710/0008-03,AVENIDA FRANCISCO PORTO,650,LOJA  BR MANIA DELICATESSE,SALGADO FILHO,49020-120,GASOLINA,11/02/2025,"6,69",,R$ / litro,VIBRA
NE,SE,ARACAJU,ALPHA COMERCIAL DE COMBUSTIVEIS LTDA, 08.297.710/0008-03,AVENIDA FRANCISCO PORTO,650,LOJA  BR MANIA DELICATESSE,SALGADO FILHO,49020-120,GASOLINA ADITIVADA,11/02/2025,"6,89",,R$ / litro,VIBRA
NE,SE,ARACAJU,ALPHA COMERCIAL DE COMBUSTIVEIS LTDA, 08.297.710/0008-03,AVENIDA FRANCISCO PORTO,650,LOJA  BR MANIA DELICATESSE,SALGADO FILHO,49020-120,ETANOL,11/02/2025,"4,99",,R$ / litro,VIBRA
NE,SE,ARACAJU,REDE DE POSTOS PRESIDENTE LTDA, 32.864.795/0010-63,RUA LARANJEIRAS,1781,,GETULIO VARGAS,49055-380,GNV,11/02/2025,"4,90",,R$ / m³,VIBRA
NE,SE,ARACAJU,REDE DE POSTOS PRESIDENTE LTDA, 32.864.795/0010-63,RUA LARANJEIRAS,1781,,GETULIO VARGAS,49055-380,GASOLINA,11/02/2025,"6,69",,R$ / litro,VIBRA
NE,SE,ARACAJU,REDE DE POSTOS PRESIDENTE LTDA, 32.864.795/0010-63,RUA LARANJEIRAS,1781,,GETULIO VARGAS,49055-380,GASOLINA ADITIVADA,11/02/2025,"6,89",,R$ / litro,VIBRA
NE,SE,ARACAJU,POSTO PIRANEMA LTDA, 09.258.664/0003-91,AVENIDA PREFEITO HERACLITO ROLLEMBERG,2760,,FAROLANDIA,49030-640,GASOLINA,11/02/2025,"6,69",,R$ / litro,VIBRA
NE,SE,ARACAJU,POSTO PIRANEMA LTDA, 09.258.664/0003-91,AVENIDA PREFEITO HERACLITO ROLLEMBERG,2760,,FAROLANDIA,49030-640,GASOLINA ADITIVADA,11/02/2025,"6,89",,R$ / litro,VIBRA
NE,SE,ARACAJU,POSTO PIRANEMA LTDA, 09.258.664/0003-91,AVENIDA PREFEITO HERACLITO ROLLEMBERG,2760,,FAROLANDIA,49030-640,ETANOL,11/02/2025,"4,89",,R$ / litro,VIBRA
NE,SE,ARACAJU,VASPETRO COMBUSTIVEL LTDA, 04.979.182/0001-45,AVENIDA BARAO DE MARUIM,552,,CENTRO,49010-340,GASOLINA,18/02/2025,"6,62",,R$ / litro,BRANCA
NE,SE,ARACAJU,VASPETRO COMBUSTIVEL LTDA, 04.979.182/0001-45,AVENIDA BARAO DE MARUIM,552,,CENTRO,49010-340,GASOLINA ADITIVADA,18/02/2025,"6,62",,R$ / litro,BRANCA
NE,SE,ARACAJU,VASPETRO COMBUSTIVEL LTDA, 04.979.182/0001-45,AVENIDA BARAO DE MARUIM,552,,CENTRO,49010-340,ETANOL,18/02/2025,"4,89",,R$ / litro,BRANCA
NE,SE,ARACAJU,GAMA E CIA LTDA, 13.007.752/0002-07,AVENIDA AUGUSTO FRANCO,2990,,PONTO NOVO,49047-040,GASOLINA,18/02/2025,"6,62",,R$ / litro,VIBRA
NE,SE,ARACAJU,TYRESOLES DE SERGIPE INDUSTRIA COMERCIO E SERVICOS LTDA, 13.007.828/0010-04,AVENIDA GONCALO  ROLLEMBERG LEITE,1721,,LUZIA,49045-280,GASOLINA,18/02/2025,"6,67",,R$ / litro,RAIZEN
NE,SE,ARACAJU,TYRESOLES DE SERGIPE INDUSTRIA COMERCIO E SERVICOS LTDA, 13.007.828/0010-04,AVENIDA GONCALO  ROLLEMBERG LEITE,1721,,LUZIA,49045-280,GASOLINA ADITIVADA,18/02/2025,"7,01",,R$ / litro,RAIZEN
NE,SE,ARACAJU,TYRESOLES DE SERGIPE INDUSTRIA COMERCIO E SERVICOS LTDA, 13.007.828/0010-04,AVENIDA GONCALO  ROLLEMBERG LEITE,1721,,LUZIA,49045-280,ETANOL,18/02/2025,"4,80",,R$ / litro,RAIZEN
NE,SE,ARACAJU,REDE DE POSTOS PRESIDENTE LTDA, 32.864.795/0001-72,AVENIDA COELHO E CAMPOS,1254,,SANTO ANTONIO,49060-000,GNV,18/02/2025,"4,90",,R$ / m³,VIBRA
NE,SE,ARACAJU,REDE DE POSTOS PRESIDENTE LTDA, 32.864.795/0001-72,AVENIDA COELHO E CAMPOS,1254,,SANTO ANTONIO,49060-000,GASOLINA,18/02/2025,"6,69",,R$ / litro,VIBRA
NE,SE,ARACAJU,REDE DE POSTOS PRESIDENTE LTDA, 32.864.795/0001-72,AVENIDA COELHO E CAMPOS,1254,,SANTO ANTONIO,49060-000,GASOLINA ADITIVADA,18/02/2025,"6,89",,R$ / litro,VIBRA
NE,SE,ARACAJU,LIDER COMERCIO DE COMBUSTIVEIS LTDA, 15.591.357/0001-69,PRACA DA BANDEIRA,171,,CENTRO,49055-090,GASOLINA,18/02/2025,"6,62",,R$ / litro,VIBRA
NE,SE,ARACAJU,LIDER COMERCIO DE COMBUSTIVEIS LTDA, 15.591.357/0001-69,PRACA DA BANDEIRA,171,,CENTRO,49055-090,GASOLINA ADITIVADA,18/02/2025,"6,75",,R$ / litro,VIBRA
NE,SE,ARACAJU,LIDER COMERCIO DE COMBUSTIVEIS LTDA, 15.591.357/0001-69,PRACA DA BANDEIRA,171,,CENTRO,49055-090,ETANOL,18/02/2025,"4,89",,R$ / litro,VIBRA
NE,SE,ARACAJU,POSTO ARIBE EIRELI, 15.083.140/0001-48,AVENIDA PROF JOSE O DE L NETO,150,,AMERICA,49080-480,GASOLINA,18/02/2025,"6,65",,R$ / litro,VIBRA
NE,SE,ARACAJU,POSTO ARIBE EIRELI, 15.083.140/0001-48,AVENIDA PROF JOSE O DE L NETO,150,,AMERICA,49080-480,GASOLINA ADITIVADA,18/02/2025,"6,83",,R$ / litro,VIBRA
NE,SE,ARACAJU,POSTO ARIBE EIRELI, 15.083.140/0001-48,AVENIDA PROF JOSE O DE L NETO,150,,AMERICA,49080-480,ETANOL,18/02/2025,"4,94",,R$ / litro,VIBRA
NE,SE,ARACAJU,LUBRIFICANTES E ACESSÓRIOS LTDA., 13.257.050/0001-09,AVENIDA BEIRA MAR,6,,13 DE JULHO,49020-010,GASOLINA,18/02/2025,"6,62",,R$ / litro,VIBRA
NE,SE,ARACAJU,LUBRIFICANTES E ACESSÓRIOS LTDA., 13.257.050/0001-09,AVENIDA BEIRA MAR,6,,13 DE JULHO,49020-010,GASOLINA ADITIVADA,18/02/2025,"6,62",,R$ / litro,VIBRA
NE,SE,ARACAJU,LUBRIFICANTES E ACESSÓRIOS LTDA., 13.257.050/0001-09,AVENIDA BEIRA MAR,6,,13 DE JULHO,49020-010,ETANOL,18/02/2025,"4,89",,R$ / litro,VIBRA
NE,SE,ARACAJU,COMERCIAL MARIVAN LTDA, 13.179.247/0001-69,AVENIDA ADELIA FRANCO,2234,,LUZIA,49048-010,GASOLINA,18/02/2025,"6,62",,R$ / litro,VIBRA
NE,SE,ARACAJU,COMERCIAL MARIVAN LTDA, 13.179.247/0001-69,AVENIDA ADELIA FRANCO,2234,,LUZIA,49048-010,GASOLINA ADITIVADA,18/02/2025,"6,69",,R$ / litro,VIBRA
NE,SE,ARACAJU,COMERCIAL MARIVAN LTDA, 13.179.247/0001-69,AVENIDA ADELIA FRANCO,2234,,LUZIA,49048-010,ETANOL,18/02/2025,"4,80",,R$ / litro,VIBRA
NE,SE,ARACAJU,J. L. OLIVEIRA & BARROS LTDA, 13.113.477/0004-78,AVENIDA GENTIL TAVARES,381,CASA,GETULIO VARGAS,49055-670,GASOLINA,18/02/2025,"6,68",,R$ / litro,VIBRA
NE,SE,ARACAJU,J. L. OLIVEIRA & BARROS LTDA, 13.113.477/0004-78,AVENIDA GENTIL TAVARES,381,CASA,GETULIO VARGAS,49055-670,DIESEL S10,18/02/2025,"6,49",,R$ / litro,VIBRA
NE,SE,ARACAJU,POSTO CARMOPOLIS LTDA, 13.077.342/0001-51,AVENIDA JOAO RIBEIRO,680/684,0,SANTO ANTÔNIO,49060-330,GASOLINA,18/02/2025,"6,62",,R$ / litro,VIBRA
NE,SE,ARACAJU,POSTO CARMOPOLIS LTDA, 13.077.342/0001-51,AVENIDA JOAO RIBEIRO,680/684,0,SANTO ANTÔNIO,49060-330,GASOLINA ADITIVADA,18/02/2025,"6,62",,R$ / litro,VIBRA
NE,SE,ARACAJU,POSTO CARMOPOLIS LTDA, 13.077.342/0001-51,AVENIDA JOAO RIBEIRO,680/684,0,SANTO ANTÔNIO,49060-330,ETANOL,18/02/2025,"4,80",,R$ / litro,VIBRA
NE,SE,ARACAJU,KLEBER SANTOS BATISTA LTDA, 13.042.882/0001-08,AVENIDA DESEMBARGADOR MAYNARD,770,,CIRURGIA,49055-210,GASOLINA ADITIVADA,18/02/2025,"6,62",,R$ / litro,BRANCA
NE,SE,ARACAJU,KLEBER SANTOS BATISTA LTDA, 13.042.882/0001-08,AVENIDA DESEMBARGADOR MAYNARD,770,,CIRURGIA,49055-210,DIESEL S10,18/02/2025,"6,23",,R$ / litro,BRANCA
NE,SE,ARACAJU,KLEBER SANTOS BATISTA LTDA, 13.042.882/0001-08,AVENIDA DESEMBARGADOR MAYNARD,770,,CIRURGIA,49055-210,ETANOL,18/02/2025,"4,80",,R$ / litro,BRANCA
NE,SE,ARACAJU,KLEBER SANTOS BATISTA LTDA, 13.042.882/0001-08,AVENIDA DESEMBARGADOR MAYNARD,770,,CIRURGIA,49055-210,GNV,18/02/2025,"4,90",,R$ / m³,BRANCA
NE,SE,ARACAJU,KLEBER SANTOS BATISTA LTDA, 13.042.882/0001-08,AVENIDA DESEMBARGADOR MAYNARD,770,,CIRURGIA,49055-210,GASOLINA,18/02/2025,"6,62",,R$ / litro,BRANCA
NE,SE,ARACAJU,AMARAL & CIA LTDA, 13.008.610/0001-83,RUA MARIANO SALMERON,709,,SIQUEIRA CAMPOS,49075-370,GASOLINA,18/02/2025,"6,62",,R$ / litro,VIBRA
NE,SE,ARACAJU,AMARAL & CIA LTDA, 13.008.610/0001-83,RUA MARIANO SALMERON,709,,SIQUEIRA CAMPOS,49075-370,GASOLINA ADITIVADA,18/02/2025,"6,72",,R$ / litro,VIBRA
NE,SE,ARACAJU,AMARAL & CIA LTDA, 13.008.610/0001-83,RUA MARIANO SALMERON,709,,SIQUEIRA CAMPOS,49075-370,DIESEL S10,18/02/2025,"6,62",,R$ / litro,VIBRA
NE,SE,ARACAJU,AMARAL & CIA LTDA, 13.008.610/0001-83,RUA MARIANO SALMERON,709,,SIQUEIRA CAMPOS,49075-370,ETANOL,18/02/2025,"4,89",,R$ / litro,VIBRA
NE,SE,ARACAJU,GAMA E CIA LTDA, 13.007.752/0001-26,AVENIDA TANCREDO NEVES,2551,,DISTRITO INDUSTRIAL DE ARACAJU,49095-000,GASOLINA,18/02/2025,"6,62",,R$ / litro,VIBRA
NE,SE,ARACAJU,L. V. COMERCIO DE COMBUSTIVEIS LTDA, 11.433.769/0001-10,RUA SAO CRISTOVAO,1877,,GETULIO VARGAS,49055-620,GASOLINA,18/02/2025,"6,64",,R$ / litro,BRANCA
NE,SE,ARACAJU,L. V. COMERCIO DE COMBUSTIVEIS LTDA, 11.433.769/0001-10,RUA SAO CRISTOVAO,1877,,GETULIO VARGAS,49055-620,DIESEL S10,18/02/2025,"6,23",,R$ / litro,BRANCA
NE,SE,ARACAJU,L. V. COMERCIO DE COMBUSTIVEIS LTDA, 11.433.769/0001-10,RUA SAO CRISTOVAO,1877,,GETULIO VARGAS,49055-620,ETANOL,18/02/2025,"4,84",,R$ / litro,BRANCA
NE,SE,ARACAJU,ALPHA COMERCIAL DE COMBUSTIVEIS LTDA, 08.297.710/0008-03,AVENIDA FRANCISCO PORTO,650,LOJA  BR MANIA DELICATESSE,SALGADO FILHO,49020-120,GASOLINA,18/02/2025,"6,69",,R$ / litro,VIBRA
NE,SE,ARACAJU,ALPHA COMERCIAL DE COMBUSTIVEIS LTDA, 08.297.710/0008-03,AVENIDA FRANCISCO PORTO,650,LOJA  BR MANIA DELICATESSE,SALGADO FILHO,49020-120,GASOLINA ADITIVADA,18/02/2025,"6,89",,R$ / litro,VIBRA
NE,SE,ARACAJU,ALPHA COMERCIAL DE COMBUSTIVEIS LTDA, 08.297.710/0008-03,AVENIDA FRANCISCO PORTO,650,LOJA  BR MANIA DELICATESSE,SALGADO FILHO,49020-120,ETANOL,18/02/2025,"4,99",,R$ / litro,VIBRA
NE,SE,ARACAJU,REDE DE POSTOS PRESIDENTE LTDA, 32.864.795/0010-63,RUA LARANJEIRAS,1781,,GETULIO VARGAS,49055-380,GNV,18/02/2025,"4,90",,R$ / m³,VIBRA
NE,SE,ARACAJU,REDE DE POSTOS PRESIDENTE LTDA, 32.864.795/0010-63,RUA LARANJEIRAS,1781,,GETULIO VARGAS,49055-380,GASOLINA,18/02/2025,"6,69",,R$ / litro,VIBRA
NE,SE,ARACAJU,REDE DE POSTOS PRESIDENTE LTDA, 32.864.795/0010-63,RUA LARANJEIRAS,1781,,GETULIO VARGAS,49055-380,GASOLINA ADITIVADA,18/02/2025,"6,89",,R$ / litro,VIBRA
NE,SE,ARACAJU,POSTO PIRANEMA LTDA, 09.258.664/0003-91,AVENIDA PREFEITO HERACLITO ROLLEMBERG,2760,,FAROLANDIA,49030-640,GASOLINA,18/02/2025,"6,69",,R$ / litro,VIBRA
NE,SE,ARACAJU,POSTO PIRANEMA LTDA, 09.258.664/0003-91,AVENIDA PREFEITO HERACLITO ROLLEMBERG,2760,,FAROLANDIA,49030-640,GASOLINA ADITIVADA,18/02/2025,"6,89",,R$ / litro,VIBRA
NE,SE,ARACAJU,POSTO PIRANEMA LTDA, 09.258.664/0003-91,AVENIDA PREFEITO HERACLITO ROLLEMBERG,2760,,FAROLANDIA,49030-640,ETANOL,18/02/2025,"4,99",,R$ / litro,VIBRA
NE,SE,ARACAJU,VASPETRO COMBUSTIVEL LTDA, 04.979.182/0001-45,AVENIDA BARAO DE MARUIM,552,,CENTRO,49010-340,GASOLINA,25/02/2025,"6,62",,R$ / litro,BRANCA
NE,SE,ARACAJU,VASPETRO COMBUSTIVEL LTDA, 04.979.182/0001-45,AVENIDA BARAO DE MARUIM,552,,CENTRO,49010-340,GASOLINA ADITIVADA,25/02/2025,"6,62",,R$ / litro,BRANCA
NE,SE,ARACAJU,VASPETRO COMBUSTIVEL LTDA, 04.979.182/0001-45,AVENIDA BARAO DE MARUIM,552,,CENTRO,49010-340,ETANOL,25/02/2025,"4,89",,R$ / litro,BRANCA
NE,SE,ARACAJU,GAMA E CIA LTDA, 13.007.752/0002-07,AVENIDA AUGUSTO FRANCO,2990,,PONTO NOVO,49047-040,GASOLINA,25/02/2025,"6,62",,R$ / litro,VIBRA
NE,SE,ARACAJU,TYRESOLES DE SERGIPE INDUSTRIA COMERCIO E SERVICOS LTDA, 13.007.828/0010-04,AVENIDA GONCALO  ROLLEMBERG LEITE,1721,,LUZIA,49045-280,GASOLINA,25/02/2025,"6,67",,R$ / litro,RAIZEN
NE,SE,ARACAJU,TYRESOLES DE SERGIPE INDUSTRIA COMERCIO E SERVICOS LTDA, 13.007.828/0010-04,AVENIDA GONCALO  ROLLEMBERG LEITE,1721,,LUZIA,49045-280,GASOLINA ADITIVADA,25/02/2025,"7,01",,R$ / litro,RAIZEN
NE,SE,ARACAJU,TYRESOLES DE SERGIPE INDUSTRIA COMERCIO E SERVICOS LTDA, 13.007.828/0010-04,AVENIDA GONCALO  ROLLEMBERG LEITE,1721,,LUZIA,49045-280,ETANOL,25/02/2025,"4,80",,R$ / litro,RAIZEN
NE,SE,ARACAJU,REDE DE POSTOS PRESIDENTE LTDA, 32.864.795/0001-72,AVENIDA COELHO E CAMPOS,1254,,SANTO ANTONIO,49060-000,GNV,25/02/2025,"4,90",,R$ / m³,VIBRA
NE,SE,ARACAJU,REDE DE POSTOS PRESIDENTE LTDA, 32.864.795/0001-72,AVENIDA COELHO E CAMPOS,1254,,SANTO ANTONIO,49060-000,GASOLINA,25/02/2025,"6,69",,R$ / litro,VIBRA
NE,SE,ARACAJU,REDE DE POSTOS PRESIDENTE LTDA, 32.864.795/0001-72,AVENIDA COELHO E CAMPOS,1254,,SANTO ANTONIO,49060-000,GASOLINA ADITIVADA,25/02/2025,"6,89",,R$ / litro,VIBRA
NE,SE,ARACAJU,LIDER COMERCIO DE COMBUSTIVEIS LTDA, 15.591.357/0001-69,PRACA DA BANDEIRA,171,,CENTRO,49055-090,GASOLINA,25/02/2025,"6,62",,R$ / litro,VIBRA
NE,SE,ARACAJU,LIDER COMERCIO DE COMBUSTIVEIS LTDA, 15.591.357/0001-69,PRACA DA BANDEIRA,171,,CENTRO,49055-090,GASOLINA ADITIVADA,25/02/2025,"6,75",,R$ / litro,VIBRA
NE,SE,ARACAJU,LIDER COMERCIO DE COMBUSTIVEIS LTDA, 15.591.357/0001-69,PRACA DA BANDEIRA,171,,CENTRO,49055-090,ETANOL,25/02/2025,"4,89",,R$ / litro,VIBRA
NE,SE,ARACAJU,POSTO ARIBE EIRELI, 15.083.140/0001-48,AVENIDA PROF JOSE O DE L NETO,150,,AMERICA,49080-480,GASOLINA,25/02/2025,"6,65",,R$ / litro,VIBRA
NE,SE,ARACAJU,POSTO ARIBE EIRELI, 15.083.140/0001-48,AVENIDA PROF JOSE O DE L NETO,150,,AMERICA,49080-480,GASOLINA ADITIVADA,25/02/2025,"6,83",,R$ / litro,VIBRA
NE,SE,ARACAJU,POSTO ARIBE EIRELI, 15.083.140/0001-48,AVENIDA PROF JOSE O DE L NETO,150,,AMERICA,49080-480,ETANOL,25/02/2025,"4,94",,R$ / litro,VIBRA
NE,SE,ARACAJU,LUBRIFICANTES E ACESSÓRIOS LTDA., 13.257.050/0001-09,AVENIDA BEIRA MAR,6,,13 DE JULHO,49020-010,GASOLINA,25/02/2025,"6,62",,R$ / litro,VIBRA
NE,SE,ARACAJU,LUBRIFICANTES E ACESSÓRIOS LTDA., 13.257.050/0001-09,AVENIDA BEIRA MAR,6,,13 DE JULHO,49020-010,GASOLINA ADITIVADA,25/02/2025,"6,62",,R$ / litro,VIBRA
NE,SE,ARACAJU,LUBRIFICANTES E ACESSÓRIOS LTDA., 13.257.050/0001-09,AVENIDA BEIRA MAR,6,,13 DE JULHO,49020-010,ETANOL,25/02/2025,"4,89",,R$ / litro,VIBRA
NE,SE,ARACAJU,COMERCIAL MARIVAN LTDA, 13.179.247/0001-69,AVENIDA ADELIA FRANCO,2234,,LUZIA,49048-010,GASOLINA,25/02/2025,"6,62",,R$ / litro,VIBRA
NE,SE,ARACAJU,COMERCIAL MARIVAN LTDA, 13.179.247/0001-69,AVENIDA ADELIA FRANCO,2234,,LUZIA,49048-010,GASOLINA ADITIVADA,25/02/2025,"6,69",,R$ / litro,VIBRA
NE,SE,ARACAJU,COMERCIAL MARIVAN LTDA, 13.179.247/0001-69,AVENIDA ADELIA FRANCO,2234,,LUZIA,49048-010,ETANOL,25/02/2025,"4,80",,R$ / litro,VIBRA
NE,SE,ARACAJU,J. L. OLIVEIRA & BARROS LTDA, 13.113.477/0004-78,AVENIDA GENTIL TAVARES,381,CASA,GETULIO VARGAS,49055-670,GASOLINA,25/02/2025,"6,68",,R$ / litro,VIBRA
NE,SE,ARACAJU,J. L. OLIVEIRA & BARROS LTDA, 13.113.477/0004-78,AVENIDA GENTIL TAVARES,381,CASA,GETULIO VARGAS,49055-670,DIESEL S10,25/02/2025,"6,49",,R$ / litro,VIBRA
NE,SE,ARACAJU,POSTO CARMOPOLIS LTDA, 13.077.342/0001-51,AVENIDA JOAO RIBEIRO,680/684,0,SANTO ANTÔNIO,49060-330,GASOLINA,25/02/2025,"6,62",,R$ / litro,VIBRA
NE,SE,ARACAJU,POSTO CARMOPOLIS LTDA, 13.077.342/0001-51,AVENIDA JOAO RIBEIRO,680/684,0,SANTO ANTÔNIO,49060-330,GASOLINA ADITIVADA,25/02/2025,"6,62",,R$ / litro,VIBRA
NE,SE,ARACAJU,POSTO CARMOPOLIS LTDA, 13.077.342/0001-51,AVENIDA JOAO RIBEIRO,680/684,0,SANTO ANTÔNIO,49060-330,ETANOL,25/02/2025,"4,80",,R$ / litro,VIBRA
NE,SE,ARACAJU,KLEBER SANTOS BATISTA LTDA, 13.042.882/0001-08,AVENIDA DESEMBARGADOR MAYNARD,770,,CIRURGIA,49055-210,GNV,25/02/2025,"4,90",,R$ / m³,BRANCA
NE,SE,ARACAJU,KLEBER SANTOS BATISTA LTDA, 13.042.882/0001-08,AVENIDA DESEMBARGADOR MAYNARD,770,,CIRURGIA,49055-210,GASOLINA,25/02/2025,"6,62",,R$ / litro,BRANCA
NE,SE,ARACAJU,KLEBER SANTOS BATISTA LTDA, 13.042.882/0001-08,AVENIDA DESEMBARGADOR MAYNARD,770,,CIRURGIA,49055-210,GASOLINA ADITIVADA,25/02/2025,"6,62",,R$ / litro,BRANCA
NE,SE,ARACAJU,KLEBER SANTOS BATISTA LTDA, 13.042.882/0001-08,AVENIDA DESEMBARGADOR MAYNARD,770,,CIRURGIA,49055-210,DIESEL S10,25/02/2025,"6,23",,R$ / litro,BRANCA
NE,SE,ARACAJU,KLEBER SANTOS BATISTA LTDA, 13.042.882/0001-08,AVENIDA DESEMBARGADOR MAYNARD,770,,CIRURGIA,49055-210,ETANOL,25/02/2025,"4,80",,R$ / litro,BRANCA
NE,SE,ARACAJU,AMARAL & CIA LTDA, 13.008.610/0001-83,RUA MARIANO SALMERON,709,,SIQUEIRA CAMPOS,49075-370,GASOLINA,25/02/2025,"6,62",,R$ / litro,VIBRA
NE,SE,ARACAJU,AMARAL & CIA LTDA, 13.008.610/0001-83,RUA MARIANO SALMERON,709,,SIQUEIRA CAMPOS,49075-370,GASOLINA ADITIVADA,25/02/2025,"6,72",,R$ / litro,VIBRA
NE,SE,ARACAJU,AMARAL & CIA LTDA, 13.008.610/0001-83,RUA MARIANO SALMERON,709,,SIQUEIRA CAMPOS,49075-370,DIESEL S10,25/02/2025,"6,62",,R$ / litro,VIBRA
NE,SE,ARACAJU,AMARAL & CIA LTDA, 13.008.610/0001-83,RUA MARIANO SALMERON,709,,SIQUEIRA CAMPOS,49075-370,ETANOL,25/02/2025,"4,89",,R$ / litro,VIBRA
NE,SE,ARACAJU,GAMA E CIA LTDA, 13.007.752/0001-26,AVENIDA TANCREDO NEVES,2551,,DISTRITO INDUSTRIAL DE ARACAJU,49095-000,GASOLINA,25/02/2025,"6,62",,R$ / litro,VIBRA
NE,SE,ARACAJU,L. V. COMERCIO DE COMBUSTIVEIS LTDA, 11.433.769/0001-10,RUA SAO CRISTOVAO,1877,,GETULIO VARGAS,49055-620,GASOLINA,25/02/2025,"6,64",,R$ / litro,BRANCA
NE,SE,ARACAJU,L. V. COMERCIO DE COMBUSTIVEIS LTDA, 11.433.769/0001-10,RUA SAO CRISTOVAO,1877,,GETULIO VARGAS,49055-620,DIESEL S10,25/02/2025,"6,23",,R$ / litro,BRANCA
NE,SE,ARACAJU,L. V. COMERCIO DE COMBUSTIVEIS LTDA, 11.433.769/0001-10,RUA SAO CRISTOVAO,1877,,GETULIO VARGAS,49055-620,ETANOL,25/02/2025,"4,84",,R$ / litro,BRANCA
NE,SE,ARACAJU,ALPHA COMERCIAL DE COMBUSTIVEIS LTDA, 08.297.710/0008-03,AVENIDA FRANCISCO PORTO,650,LOJA  BR MANIA DELICATESSE,SALGADO FILHO,49020-120,GASOLINA,25/02/2025,"6,69",,R$ / litro,VIBRA
NE,SE,ARACAJU,ALPHA COMERCIAL DE COMBUSTIVEIS LTDA, 08.297.710/0008-03,AVENIDA FRANCISCO PORTO,650,LOJA  BR MANIA DELICATESSE,SALGADO FILHO,49020-120,GASOLINA ADITIVADA,25/02/2025,"6,89",,R$ / litro,VIBRA
NE,SE,ARACAJU,ALPHA COMERCIAL DE COMBUSTIVEIS LTDA, 08.297.710/0008-03,AVENIDA FRANCISCO PORTO,650,LOJA  BR MANIA DELICATESSE,SALGADO FILHO,49020-120,ETANOL,25/02/2025,"4,99",,R$ / litro,VIBRA
NE,SE,ARACAJU,REDE DE POSTOS PRESIDENTE LTDA, 32.864.795/0010-63,RUA LARANJEIRAS,1781,,GETULIO VARGAS,49055-380,GNV,25/02/2025,"4,90",,R$ / m³,VIBRA
NE,SE,ARACAJU,REDE DE POSTOS PRESIDENTE LTDA, 32.864.795/0010-63,RUA LARANJEIRAS,1781,,GETULIO VARGAS,49055-380,GASOLINA,25/02/2025,"6,69",,R$ / litro,VIBRA
NE,SE,ARACAJU,REDE DE POSTOS PRESIDENTE LTDA, 32.864.795/0010-63,RUA LARANJEIRAS,1781,,GETULIO VARGAS,49055-380,GASOLINA ADITIVADA,25/02/2025,"6,89",,R$ / litro,VIBRA
NE,SE,ARACAJU,POSTO PIRANEMA LTDA, 09.258.664/0003-91,AVENIDA PREFEITO HERACLITO ROLLEMBERG,2760,,FAROLANDIA,49030-640,GASOLINA,25/02/2025,"6,69",,R$ / litro,VIBRA
NE,SE,ARACAJU,POSTO PIRANEMA LTDA, 09.258.664/0003-91,AVENIDA PREFEITO HERACLITO ROLLEMBERG,2760,,FAROLANDIA,49030-640,GASOLINA ADITIVADA,25/02/2025,"6,89",,R$ / litro,VIBRA
NE,SE,ARACAJU,POSTO PIRANEMA LTDA, 09.258.664/0003-91,AVENIDA PREFEITO HERACLITO ROLLEMBERG,2760,,FAROLANDIA,49030-640,ETANOL,25/02/2025,"4,99",,R$ / litro,VIBRA
NE,SE,ARACAJU,VASPETRO COMBUSTIVEL LTDA, 04.979.182/0001-45,AVENIDA BARAO DE MARUIM,552,,CENTRO,49010-340,GASOLINA,03/03/2025,"6,62",,R$ / litro,BRANCA
NE,SE,ARACAJU,VASPETRO COMBUSTIVEL LTDA, 04.979.182/0001-45,AVENIDA BARAO DE MARUIM,552,,CENTRO,49010-340,GASOLINA ADITIVADA,03/03/2025,"6,62",,R$ / litro,BRANCA
NE,SE,ARACAJU,VASPETRO COMBUSTIVEL LTDA, 04.979.182/0001-45,AVENIDA BARAO DE MARUIM,552,,CENTRO,49010-340,ETANOL,03/03/2025,"4,89",,R$ / litro,BRANCA
NE,SE,ARACAJU,GAMA E CIA LTDA, 13.007.752/0002-07,AVENIDA AUGUSTO FRANCO,2990,,PONTO NOVO,49047-040,GASOLINA,03/03/2025,"6,62",,R$ / litro,VIBRA
NE,SE,ARACAJU,TYRESOLES DE SERGIPE INDUSTRIA COMERCIO E SERVICOS LTDA, 13.007.828/0010-04,AVENIDA GONCALO  ROLLEMBERG LEITE,1721,,LUZIA,49045-280,GASOLINA,03/03/2025,"6,67",,R$ / litro,RAIZEN
NE,SE,ARACAJU,TYRESOLES DE SERGIPE INDUSTRIA COMERCIO E SERVICOS LTDA, 13.007.828/0010-04,AVENIDA GONCALO  ROLLEMBERG LEITE,1721,,LUZIA,49045-280,GASOLINA ADITIVADA,03/03/2025,"7,01",,R$ / litro,RAIZEN
NE,SE,ARACAJU,TYRESOLES DE SERGIPE INDUSTRIA COMERCIO E SERVICOS LTDA, 13.007.828/0010-04,AVENIDA GONCALO  ROLLEMBERG LEITE,1721,,LUZIA,49045-280,ETANOL,03/03/2025,"4,80",,R$ / litro,RAIZEN
NE,SE,ARACAJU,REDE DE POSTOS PRESIDENTE LTDA, 32.864.795/0001-72,AVENIDA COELHO E CAMPOS,1254,,SANTO ANTONIO,49060-000,GASOLINA ADITIVADA,03/03/2025,"6,89",,R$ / litro,VIBRA
NE,SE,ARACAJU,REDE DE POSTOS PRESIDENTE LTDA, 32.864.795/0001-72,AVENIDA COELHO E CAMPOS,1254,,SANTO ANTONIO,49060-000,GNV,03/03/2025,"4,90",,R$ / m³,VIBRA
NE,SE,ARACAJU,REDE DE POSTOS PRESIDENTE LTDA, 32.864.795/0001-72,AVENIDA COELHO E CAMPOS,1254,,SANTO ANTONIO,49060-000,GASOLINA,03/03/2025,"6,69",,R$ / litro,VIBRA
NE,SE,ARACAJU,LIDER COMERCIO DE COMBUSTIVEIS LTDA, 15.591.357/0001-69,PRACA DA BANDEIRA,171,,CENTRO,49055-090,GASOLINA,03/03/2025,"6,62",,R$ / litro,VIBRA
NE,SE,ARACAJU,LIDER COMERCIO DE COMBUSTIVEIS LTDA, 15.591.357/0001-69,PRACA DA BANDEIRA,171,,CENTRO,49055-090,GASOLINA ADITIVADA,03/03/2025,"6,75",,R$ / litro,VIBRA
NE,SE,ARACAJU,LIDER COMERCIO DE COMBUSTIVEIS LTDA, 15.591.357/0001-69,PRACA DA BANDEIRA,171,,CENTRO,49055-090,ETANOL,03/03/2025,"4,89",,R$ / litro,VIBRA
NE,SE,ARACAJU,POSTO ARIBE EIRELI, 15.083.140/0001-48,AVENIDA PROF JOSE O DE L NETO,150,,AMERICA,49080-480,GASOLINA,03/03/2025,"6,65",,R$ / litro,VIBRA
NE,SE,ARACAJU,POSTO ARIBE EIRELI, 15.083.140/0001-48,AVENIDA PROF JOSE O DE L NETO,150,,AMERICA,49080-480,GASOLINA ADITIVADA,03/03/2025,"6,83",,R$ / litro,VIBRA
NE,SE,ARACAJU,POSTO ARIBE EIRELI, 15.083.140/0001-48,AVENIDA PROF JOSE O DE L NETO,150,,AMERICA,49080-480,ETANOL,03/03/2025,"4,94",,R$ / litro,VIBRA
NE,SE,ARACAJU,LUBRIFICANTES E ACESSÓRIOS LTDA., 13.257.050/0001-09,AVENIDA BEIRA MAR,6,,13 DE JULHO,49020-010,GASOLINA,03/03/2025,"6,62",,R$ / litro,VIBRA
NE,SE,ARACAJU,LUBRIFICANTES E ACESSÓRIOS LTDA., 13.257.050/0001-09,AVENIDA BEIRA MAR,6,,13 DE JULHO,49020-010,GASOLINA ADITIVADA,03/03/2025,"6,62",,R$ / litro,VIBRA
NE,SE,ARACAJU,LUBRIFICANTES E ACESSÓRIOS LTDA., 13.257.050/0001-09,AVENIDA BEIRA MAR,6,,13 DE JULHO,49020-010,ETANOL,03/03/2025,"4,89",,R$ / litro,VIBRA
NE,SE,ARACAJU,COMERCIAL MARIVAN LTDA, 13.179.247/0001-69,AVENIDA ADELIA FRANCO,2234,,LUZIA,49048-010,GASOLINA,03/03/2025,"6,62",,R$ / litro,VIBRA
NE,SE,ARACAJU,COMERCIAL MARIVAN LTDA, 13.179.247/0001-69,AVENIDA ADELIA FRANCO,2234,,LUZIA,49048-010,GASOLINA ADITIVADA,03/03/2025,"6,69",,R$ / litro,VIBRA
NE,SE,ARACAJU,COMERCIAL MARIVAN LTDA, 13.179.247/0001-69,AVENIDA ADELIA FRANCO,2234,,LUZIA,49048-010,ETANOL,03/03/2025,"4,80",,R$ / litro,VIBRA
NE,SE,ARACAJU,J. L. OLIVEIRA & BARROS LTDA, 13.113.477/0004-78,AVENIDA GENTIL TAVARES,381,CASA,GETULIO VARGAS,49055-670,GASOLINA,03/03/2025,"6,68",,R$ / litro,VIBRA
NE,SE,ARACAJU,J. L. OLIVEIRA & BARROS LTDA, 13.113.477/0004-78,AVENIDA GENTIL TAVARES,381,CASA,GETULIO VARGAS,49055-670,DIESEL S10,03/03/2025,"6,49",,R$ / litro,VIBRA
NE,SE,ARACAJU,POSTO CARMOPOLIS LTDA, 13.077.342/0001-51,AVENIDA JOAO RIBEIRO,680/684,0,SANTO ANTÔNIO,49060-330,GASOLINA,03/03/2025,"6,62",,R$ / litro,VIBRA
NE,SE,ARACAJU,POSTO CARMOPOLIS LTDA, 13.077.342/0001-51,AVENIDA JOAO RIBEIRO,680/684,0,SANTO ANTÔNIO,49060-330,GASOLINA ADITIVADA,03/03/2025,"6,62",,R$ / litro,VIBRA
NE,SE,ARACAJU,POSTO CARMOPOLIS LTDA, 13.077.342/0001-51,AVENIDA JOAO RIBEIRO,680/684,0,SANTO ANTÔNIO,49060-330,ETANOL,03/03/2025,"4,80",,R$ / litro,VIBRA
NE,SE,ARACAJU,KLEBER SANTOS BATISTA LTDA, 13.042.882/0001-08,AVENIDA DESEMBARGADOR MAYNARD,770,,CIRURGIA,49055-210,GNV,03/03/2025,"4,90",,R$ / m³,BRANCA
NE,SE,ARACAJU,KLEBER SANTOS BATISTA LTDA, 13.042.882/0001-08,AVENIDA DESEMBARGADOR MAYNARD,770,,CIRURGIA,49055-210,GASOLINA,03/03/2025,"6,62",,R$ / litro,BRANCA
NE,SE,ARACAJU,KLEBER SANTOS BATISTA LTDA, 13.042.882/0001-08,AVENIDA DESEMBARGADOR MAYNARD,770,,CIRURGIA,49055-210,GASOLINA ADITIVADA,03/03/2025,"6,62",,R$ / litro,BRANCA
NE,SE,ARACAJU,KLEBER SANTOS BATISTA LTDA, 13.042.882/0001-08,AVENIDA DESEMBARGADOR MAYNARD,770,,CIRURGIA,49055-210,DIESEL S10,03/03/2025,"6,23",,R$ / litro,BRANCA
NE,SE,ARACAJU,KLEBER SANTOS BATISTA LTDA, 13.042.882/0001-08,AVENIDA DESEMBARGADOR MAYNARD,770,,CIRURGIA,49055-210,ETANOL,03/03/2025,"4,80",,R$ / litro,BRANCA
NE,SE,ARACAJU,AMARAL & CIA LTDA, 13.008.610/0001-83,RUA MARIANO SALMERON,709,,SIQUEIRA CAMPOS,49075-370,GASOLINA,03/03/2025,"6,62",,R$ / litro,VIBRA
NE,SE,ARACAJU,AMARAL & CIA LTDA, 13.008.610/0001-83,RUA MARIANO SALMERON,709,,SIQUEIRA CAMPOS,49075-370,GASOLINA ADITIVADA,03/03/2025,"6,72",,R$ / litro,VIBRA
NE,SE,ARACAJU,AMARAL & CIA LTDA, 13.008.610/0001-83,RUA MARIANO SALMERON,709,,SIQUEIRA CAMPOS,49075-370,DIESEL S10,03/03/2025,"6,62",,R$ / litro,VIBRA
NE,SE,ARACAJU,AMARAL & CIA LTDA, 13.008.610/0001-83,RUA MARIANO SALMERON,709,,SIQUEIRA CAMPOS,49075-370,ETANOL,03/03/2025,"4,89",,R$ / litro,VIBRA
NE,SE,ARACAJU,GAMA E CIA LTDA, 13.007.752/0001-26,AVENIDA TANCREDO NEVES,2551,,DISTRITO INDUSTRIAL DE ARACAJU,49095-000,GASOLINA,03/03/2025,"6,62",,R$ / litro,VIBRA
NE,SE,ARACAJU,L. V. COMERCIO DE COMBUSTIVEIS LTDA, 11.433.769/0001-10,RUA SAO CRISTOVAO,1877,,GETULIO VARGAS,49055-620,GASOLINA,03/03/2025,"6,64",,R$ / litro,BRANCA
NE,SE,ARACAJU,L. V. COMERCIO DE COMBUSTIVEIS LTDA, 11.433.769/0001-10,RUA SAO CRISTOVAO,1877,,GETULIO VARGAS,49055-620,DIESEL S10,03/03/2025,"6,23",,R$ / litro,BRANCA
NE,SE,ARACAJU,L. V. COMERCIO DE COMBUSTIVEIS LTDA, 11.433.769/0001-10,RUA SAO CRISTOVAO,1877,,GETULIO VARGAS,49055-620,ETANOL,03/03/2025,"4,84",,R$ / litro,BRANCA
NE,SE,ARACAJU,ALPHA COMERCIAL DE COMBUSTIVEIS LTDA, 08.297.710/0008-03,AVENIDA FRANCISCO PORTO,650,LOJA  BR MANIA DELICATESSE,SALGADO FILHO,49020-120,GASOLINA,03/03/2025,"6,69",,R$ / litro,VIBRA
NE,SE,ARACAJU,ALPHA COMERCIAL DE COMBUSTIVEIS LTDA, 08.297.710/0008-03,AVENIDA FRANCISCO PORTO,650,LOJA  BR MANIA DELICATESSE,SALGADO FILHO,49020-120,GASOLINA ADITIVADA,03/03/2025,"6,89",,R$ / litro,VIBRA
NE,SE,ARACAJU,ALPHA COMERCIAL DE COMBUSTIVEIS LTDA, 08.297.710/0008-03,AVENIDA FRANCISCO PORTO,650,LOJA  BR MANIA DELICATESSE,SALGADO FILHO,49020-120,ETANOL,03/03/2025,"4,99",,R$ / litro,VIBRA
NE,SE,ARACAJU,REDE DE POSTOS PRESIDENTE LTDA, 32.864.795/0010-63,RUA LARANJEIRAS,1781,,GETULIO VARGAS,49055-380,GNV,03/03/2025,"4,90",,R$ / m³,VIBRA
NE,SE,ARACAJU,REDE DE POSTOS PRESIDENTE LTDA, 32.864.795/0010-63,RUA LARANJEIRAS,1781,,GETULIO VARGAS,49055-380,GASOLINA,03/03/2025,"6,69",,R$ / litro,VIBRA
NE,SE,ARACAJU,REDE DE POSTOS PRESIDENTE LTDA, 32.864.795/0010-63,RUA LARANJEIRAS,1781,,GETULIO VARGAS,49055-380,GASOLINA ADITIVADA,03/03/2025,"6,89",,R$ / litro,VIBRA
NE,SE,ARACAJU,POSTO PIRANEMA LTDA, 09.258.664/0003-91,AVENIDA PREFEITO HERACLITO ROLLEMBERG,2760,,FAROLANDIA,49030-640,GASOLINA,03/03/2025,"6,69",,R$ / litro,VIBRA
NE,SE,ARACAJU,POSTO PIRANEMA LTDA, 09.258.664/0003-91,AVENIDA PREFEITO HERACLITO ROLLEMBERG,2760,,FAROLANDIA,49030-640,GASOLINA ADITIVADA,03/03/2025,"6,89",,R$ / litro,VIBRA
NE,SE,ARACAJU,POSTO PIRANEMA LTDA, 09.258.664/0003-91,AVENIDA PREFEITO HERACLITO ROLLEMBERG,2760,,FAROLANDIA,49030-640,ETANOL,03/03/2025,"4,99",,R$ / litro,VIBRA
NE,SE,ARACAJU,VASPETRO COMBUSTIVEL LTDA, 04.979.182/0001-45,AVENIDA BARAO DE MARUIM,552,,CENTRO,49010-340,GASOLINA,11/03/2025,"6,62",,R$ / litro,BRANCA
NE,SE,ARACAJU,VASPETRO COMBUSTIVEL LTDA, 04.979.182/0001-45,AVENIDA BARAO DE MARUIM,552,,CENTRO,49010-340,GASOLINA ADITIVADA,11/03/2025,"6,62",,R$ / litro,BRANCA
NE,SE,ARACAJU,VASPETRO COMBUSTIVEL LTDA, 04.979.182/0001-45,AVENIDA BARAO DE MARUIM,552,,CENTRO,49010-340,ETANOL,11/03/2025,"4,89",,R$ / litro,BRANCA
NE,SE,ARACAJU,GAMA E CIA LTDA, 13.007.752/0002-07,AVENIDA AUGUSTO FRANCO,2990,,PONTO NOVO,49047-040,GASOLINA,11/03/2025,"6,62",,R$ / litro,VIBRA
NE,SE,ARACAJU,TYRESOLES DE SERGIPE INDUSTRIA COMERCIO E SERVICOS LTDA, 13.007.828/0010-04,AVENIDA GONCALO  ROLLEMBERG LEITE,1721,,LUZIA,49045-280,GASOLINA,11/03/2025,"6,67",,R$ / litro,RAIZEN
NE,SE,ARACAJU,TYRESOLES DE SERGIPE INDUSTRIA COMERCIO E SERVICOS LTDA, 13.007.828/0010-04,AVENIDA GONCALO  ROLLEMBERG LEITE,1721,,LUZIA,49045-280,GASOLINA ADITIVADA,11/03/2025,"7,01",,R$ / litro,RAIZEN
NE,SE,ARACAJU,TYRESOLES DE SERGIPE INDUSTRIA COMERCIO E SERVICOS LTDA, 13.007.828/0010-04,AVENIDA GONCALO  ROLLEMBERG LEITE,1721,,LUZIA,49045-280,ETANOL,11/03/2025,"4,80",,R$ / litro,RAIZEN
NE,SE,ARACAJU,REDE DE POSTOS PRESIDENTE LTDA, 32.864.795/0001-72,AVENIDA COELHO E CAMPOS,1254,,SANTO ANTONIO,49060-000,GNV,11/03/2025,"4,90",,R$ / m³,VIBRA
NE,SE,ARACAJU,REDE DE POSTOS PRESIDENTE LTDA, 32.864.795/0001-72,AVENIDA COELHO E CAMPOS,1254,,SANTO ANTONIO,49060-000,GASOLINA,11/03/2025,"6,69",,R$ / litro,VIBRA
NE,SE,ARACAJU,REDE DE POSTOS PRESIDENTE LTDA, 32.864.795/0001-72,AVENIDA COELHO E CAMPOS,1254,,SANTO ANTONIO,49060-000,GASOLINA ADITIVADA,11/03/2025,"6,89",,R$ / litro,VIBRA
NE,SE,ARACAJU,LIDER COMERCIO DE COMBUSTIVEIS LTDA, 15.591.357/0001-69,PRACA DA BANDEIRA,171,,CENTRO,49055-090,GASOLINA,11/03/2025,"6,62",,R$ / litro,VIBRA
NE,SE,ARACAJU,LIDER COMERCIO DE COMBUSTIVEIS LTDA, 15.591.357/0001-69,PRACA DA BANDEIRA,171,,CENTRO,49055-090,GASOLINA ADITIVADA,11/03/2025,"6,75",,R$ / litro,VIBRA
NE,SE,ARACAJU,LIDER COMERCIO DE COMBUSTIVEIS LTDA, 15.591.357/0001-69,PRACA DA BANDEIRA,171,,CENTRO,49055-090,ETANOL,11/03/2025,"4,89",,R$ / litro,VIBRA
NE,SE,ARACAJU,POSTO ARIBE EIRELI, 15.083.140/0001-48,AVENIDA PROF JOSE O DE L NETO,150,,AMERICA,49080-480,GASOLINA,11/03/2025,"6,65",,R$ / litro,VIBRA
NE,SE,ARACAJU,POSTO ARIBE EIRELI, 15.083.140/0001-48,AVENIDA PROF JOSE O DE L NETO,150,,AMERICA,49080-480,GASOLINA ADITIVADA,11/03/2025,"6,83",,R$ / litro,VIBRA
NE,SE,ARACAJU,POSTO ARIBE EIRELI, 15.083.140/0001-48,AVENIDA PROF JOSE O DE L NETO,150,,AMERICA,49080-480,ETANOL,11/03/2025,"4,94",,R$ / litro,VIBRA
NE,SE,ARACAJU,LUBRIFICANTES E ACESSÓRIOS LTDA., 13.257.050/0001-09,AVENIDA BEIRA MAR,6,,13 DE JULHO,49020-010,GASOLINA,11/03/2025,"6,62",,R$ / litro,VIBRA
NE,SE,ARACAJU,LUBRIFICANTES E ACESSÓRIOS LTDA., 13.257.050/0001-09,AVENIDA BEIRA MAR,6,,13 DE JULHO,49020-010,GASOLINA ADITIVADA,11/03/2025,"6,62",,R$ / litro,VIBRA
NE,SE,ARACAJU,LUBRIFICANTES E ACESSÓRIOS LTDA., 13.257.050/0001-09,AVENIDA BEIRA MAR,6,,13 DE JULHO,49020-010,ETANOL,11/03/2025,"4,89",,R$ / litro,VIBRA
NE,SE,ARACAJU,COMERCIAL MARIVAN LTDA, 13.179.247/0001-69,AVENIDA ADELIA FRANCO,2234,,LUZIA,49048-010,GASOLINA,11/03/2025,"6,62",,R$ / litro,VIBRA
NE,SE,ARACAJU,COMERCIAL MARIVAN LTDA, 13.179.247/0001-69,AVENIDA ADELIA FRANCO,2234,,LUZIA,49048-010,GASOLINA ADITIVADA,11/03/2025,"6,69",,R$ / litro,VIBRA
NE,SE,ARACAJU,COMERCIAL MARIVAN LTDA, 13.179.247/0001-69,AVENIDA ADELIA FRANCO,2234,,LUZIA,49048-010,ETANOL,11/03/2025,"4,80",,R$ / litro,VIBRA
NE,SE,ARACAJU,J. L. OLIVEIRA & BARROS LTDA, 13.113.477/0004-78,AVENIDA GENTIL TAVARES,381,CASA,GETULIO VARGAS,49055-670,GASOLINA,11/03/2025,"6,68",,R$ / litro,VIBRA
NE,SE,ARACAJU,J. L. OLIVEIRA & BARROS LTDA, 13.113.477/0004-78,AVENIDA GENTIL TAVARES,381,CASA,GETULIO VARGAS,49055-670,DIESEL S10,11/03/2025,"6,49",,R$ / litro,VIBRA
NE,SE,ARACAJU,POSTO CARMOPOLIS LTDA, 13.077.342/0001-51,AVENIDA JOAO RIBEIRO,680/684,0,SANTO ANTÔNIO,49060-330,GASOLINA,11/03/2025,"6,62",,R$ / litro,VIBRA
NE,SE,ARACAJU,POSTO CARMOPOLIS LTDA, 13.077.342/0001-51,AVENIDA JOAO RIBEIRO,680/684,0,SANTO ANTÔNIO,49060-330,GASOLINA ADITIVADA,11/03/2025,"6,62",,R$ / litro,VIBRA
NE,SE,ARACAJU,POSTO CARMOPOLIS LTDA, 13.077.342/0001-51,AVENIDA JOAO RIBEIRO,680/684,0,SANTO ANTÔNIO,49060-330,ETANOL,11/03/2025,"4,80",,R$ / litro,VIBRA
NE,SE,ARACAJU,KLEBER SANTOS BATISTA LTDA, 13.042.882/0001-08,AVENIDA DESEMBARGADOR MAYNARD,770,,CIRURGIA,49055-210,GNV,11/03/2025,"4,90",,R$ / m³,BRANCA
NE,SE,ARACAJU,KLEBER SANTOS BATISTA LTDA, 13.042.882/0001-08,AVENIDA DESEMBARGADOR MAYNARD,770,,CIRURGIA,49055-210,GASOLINA,11/03/2025,"6,62",,R$ / litro,BRANCA
NE,SE,ARACAJU,KLEBER SANTOS BATISTA LTDA, 13.042.882/0001-08,AVENIDA DESEMBARGADOR MAYNARD,770,,CIRURGIA,49055-210,GASOLINA ADITIVADA,11/03/2025,"6,62",,R$ / litro,BRANCA
NE,SE,ARACAJU,KLEBER SANTOS BATISTA LTDA, 13.042.882/0001-08,AVENIDA DESEMBARGADOR MAYNARD,770,,CIRURGIA,49055-210,DIESEL S10,11/03/2025,"6,23",,R$ / litro,BRANCA
NE,SE,ARACAJU,KLEBER SANTOS BATISTA LTDA, 13.042.882/0001-08,AVENIDA DESEMBARGADOR MAYNARD,770,,CIRURGIA,49055-210,ETANOL,11/03/2025,"4,80",,R$ / litro,BRANCA
NE,SE,ARACAJU,AMARAL & CIA LTDA, 13.008.610/0001-83,RUA MARIANO SALMERON,709,,SIQUEIRA CAMPOS,49075-370,GASOLINA,11/03/2025,"6,62",,R$ / litro,VIBRA
NE,SE,ARACAJU,AMARAL & CIA LTDA, 13.008.610/0001-83,RUA MARIANO SALMERON,709,,SIQUEIRA CAMPOS,49075-370,GASOLINA ADITIVADA,11/03/2025,"6,72",,R$ / litro,VIBRA
NE,SE,ARACAJU,AMARAL & CIA LTDA, 13.008.610/0001-83,RUA MARIANO SALMERON,709,,SIQUEIRA CAMPOS,49075-370,DIESEL S10,11/03/2025,"6,62",,R$ / litro,VIBRA
NE,SE,ARACAJU,AMARAL & CIA LTDA, 13.008.610/0001-83,RUA MARIANO SALMERON,709,,SIQUEIRA CAMPOS,49075-370,ETANOL,11/03/2025,"4,89",,R$ / litro,VIBRA
NE,SE,ARACAJU,GAMA E CIA LTDA, 13.007.752/0001-26,AVENIDA TANCREDO NEVES,2551,,DISTRITO INDUSTRIAL DE ARACAJU,49095-000,GASOLINA,11/03/2025,"6,62",,R$ / litro,VIBRA
NE,SE,ARACAJU,L. V. COMERCIO DE COMBUSTIVEIS LTDA, 11.433.769/0001-10,RUA SAO CRISTOVAO,1877,,GETULIO VARGAS,49055-620,GASOLINA,11/03/2025,"6,64",,R$ / litro,BRANCA
NE,SE,ARACAJU,L. V. COMERCIO DE COMBUSTIVEIS LTDA, 11.433.769/0001-10,RUA SAO CRISTOVAO,1877,,GETULIO VARGAS,49055-620,DIESEL S10,11/03/2025,"6,23",,R$ / litro,BRANCA
NE,SE,ARACAJU,L. V. COMERCIO DE COMBUSTIVEIS LTDA, 11.433.769/0001-10,RUA SAO CRISTOVAO,1877,,GETULIO VARGAS,49055-620,ETANOL,11/03/2025,"4,84",,R$ / litro,BRANCA
NE,SE,ARACAJU,ALPHA COMERCIAL DE COMBUSTIVEIS LTDA, 08.297.710/0008-03,AVENIDA FRANCISCO PORTO,650,LOJA  BR MANIA DELICATESSE,SALGADO FILHO,49020-120,GASOLINA,11/03/2025,"6,69",,R$ / litro,VIBRA
NE,SE,ARACAJU,ALPHA COMERCIAL DE COMBUSTIVEIS LTDA, 08.297.710/0008-03,AVENIDA FRANCISCO PORTO,650,LOJA  BR MANIA DELICATESSE,SALGADO FILHO,49020-120,GASOLINA ADITIVADA,11/03/2025,"6,89",,R$ / litro,VIBRA
NE,SE,ARACAJU,ALPHA COMERCIAL DE COMBUSTIVEIS LTDA, 08.297.710/0008-03,AVENIDA FRANCISCO PORTO,650,LOJA  BR MANIA DELICATESSE,SALGADO FILHO,49020-120,ETANOL,11/03/2025,"4,99",,R$ / litro,VIBRA
NE,SE,ARACAJU,REDE DE POSTOS PRESIDENTE LTDA, 32.864.795/0010-63,RUA LARANJEIRAS,1781,,GETULIO VARGAS,49055-380,GNV,11/03/2025,"4,90",,R$ / m³,VIBRA
NE,SE,ARACAJU,REDE DE POSTOS PRESIDENTE LTDA, 32.864.795/0010-63,RUA LARANJEIRAS,1781,,GETULIO VARGAS,49055-380,GASOLINA,11/03/2025,"6,69",,R$ / litro,VIBRA
NE,SE,ARACAJU,REDE DE POSTOS PRESIDENTE LTDA, 32.864.795/0010-63,RUA LARANJEIRAS,1781,,GETULIO VARGAS,49055-380,GASOLINA ADITIVADA,11/03/2025,"6,89",,R$ / litro,VIBRA
NE,SE,ARACAJU,POSTO PIRANEMA LTDA, 09.258.664/0003-91,AVENIDA PREFEITO HERACLITO ROLLEMBERG,2760,,FAROLANDIA,49030-640,GASOLINA,11/03/2025,"6,69",,R$ / litro,VIBRA
NE,SE,ARACAJU,POSTO PIRANEMA LTDA, 09.258.664/0003-91,AVENIDA PREFEITO HERACLITO ROLLEMBERG,2760,,FAROLANDIA,49030-640,GASOLINA ADITIVADA,11/03/2025,"6,89",,R$ / litro,VIBRA
NE,SE,ARACAJU,POSTO PIRANEMA LTDA, 09.258.664/0003-91,AVENIDA PREFEITO HERACLITO ROLLEMBERG,2760,,FAROLANDIA,49030-640,ETANOL,11/03/2025,"4,99",,R$ / litro,VIBRA
NE,SE,ARACAJU,VASPETRO COMBUSTIVEL LTDA, 04.979.182/0001-45,AVENIDA BARAO DE MARUIM,552,,CENTRO,49010-340,GASOLINA,18/03/2025,"6,62",,R$ / litro,BRANCA
NE,SE,ARACAJU,VASPETRO COMBUSTIVEL LTDA, 04.979.182/0001-45,AVENIDA BARAO DE MARUIM,552,,CENTRO,49010-340,GASOLINA ADITIVADA,18/03/2025,"6,62",,R$ / litro,BRANCA
NE,SE,ARACAJU,VASPETRO COMBUSTIVEL LTDA, 04.979.182/0001-45,AVENIDA BARAO DE MARUIM,552,,CENTRO,49010-340,ETANOL,18/03/2025,"4,89",,R$ / litro,BRANCA
NE,SE,ARACAJU,GAMA E CIA LTDA, 13.007.752/0002-07,AVENIDA AUGUSTO FRANCO,2990,,PONTO NOVO,49047-040,GASOLINA,18/03/2025,"6,62",,R$ / litro,VIBRA
NE,SE,ARACAJU,TYRESOLES DE SERGIPE INDUSTRIA COMERCIO E SERVICOS LTDA, 13.007.828/0010-04,AVENIDA GONCALO  ROLLEMBERG LEITE,1721,,LUZIA,49045-280,GASOLINA,18/03/2025,"6,67",,R$ / litro,RAIZEN
NE,SE,ARACAJU,TYRESOLES DE SERGIPE INDUSTRIA COMERCIO E SERVICOS LTDA, 13.007.828/0010-04,AVENIDA GONCALO  ROLLEMBERG LEITE,1721,,LUZIA,49045-280,GASOLINA ADITIVADA,18/03/2025,"7,01",,R$ / litro,RAIZEN
NE,SE,ARACAJU,TYRESOLES DE SERGIPE INDUSTRIA COMERCIO E SERVICOS LTDA, 13.007.828/0010-04,AVENIDA GONCALO  ROLLEMBERG LEITE,1721,,LUZIA,49045-280,ETANOL,18/03/2025,"4,80",,R$ / litro,RAIZEN
NE,SE,ARACAJU,REDE DE POSTOS PRESIDENTE LTDA, 32.864.795/0001-72,AVENIDA COELHO E CAMPOS,1254,,SANTO ANTONIO,49060-000,GNV,18/03/2025,"4,90",,R$ / m³,VIBRA
NE,SE,ARACAJU,REDE DE POSTOS PRESIDENTE LTDA, 32.864.795/0001-72,AVENIDA COELHO E CAMPOS,1254,,SANTO ANTONIO,49060-000,GASOLINA,18/03/2025,"6,69",,R$ / litro,VIBRA
NE,SE,ARACAJU,REDE DE POSTOS PRESIDENTE LTDA, 32.864.795/0001-72,AVENIDA COELHO E CAMPOS,1254,,SANTO ANTONIO,49060-000,GASOLINA ADITIVADA,18/03/2025,"6,89",,R$ / litro,VIBRA
NE,SE,ARACAJU,LIDER COMERCIO DE COMBUSTIVEIS LTDA, 15.591.357/0001-69,PRACA DA BANDEIRA,171,,CENTRO,49055-090,GASOLINA,18/03/2025,"6,62",,R$ / litro,VIBRA
NE,SE,ARACAJU,LIDER COMERCIO DE COMBUSTIVEIS LTDA, 15.591.357/0001-69,PRACA DA BANDEIRA,171,,CENTRO,49055-090,GASOLINA ADITIVADA,18/03/2025,"6,75",,R$ / litro,VIBRA
NE,SE,ARACAJU,LIDER COMERCIO DE COMBUSTIVEIS LTDA, 15.591.357/0001-69,PRACA DA BANDEIRA,171,,CENTRO,49055-090,ETANOL,18/03/2025,"4,89",,R$ / litro,VIBRA
NE,SE,ARACAJU,POSTO ARIBE EIRELI, 15.083.140/0001-48,AVENIDA PROF JOSE O DE L NETO,150,,AMERICA,49080-480,GASOLINA,18/03/2025,"6,65",,R$ / litro,VIBRA
NE,SE,ARACAJU,POSTO ARIBE EIRELI, 15.083.140/0001-48,AVENIDA PROF JOSE O DE L NETO,150,,AMERICA,49080-480,GASOLINA ADITIVADA,18/03/2025,"6,83",,R$ / litro,VIBRA
NE,SE,ARACAJU,POSTO ARIBE EIRELI, 15.083.140/0001-48,AVENIDA PROF JOSE O DE L NETO,150,,AMERICA,49080-480,ETANOL,18/03/2025,"4,94",,R$ / litro,VIBRA
NE,SE,ARACAJU,LUBRIFICANTES E ACESSÓRIOS LTDA., 13.257.050/0001-09,AVENIDA BEIRA MAR,6,,13 DE JULHO,49020-010,GASOLINA,18/03/2025,"6,62",,R$ / litro,VIBRA
NE,SE,ARACAJU,LUBRIFICANTES E ACESSÓRIOS LTDA., 13.257.050/0001-09,AVENIDA BEIRA MAR,6,,13 DE JULHO,49020-010,GASOLINA ADITIVADA,18/03/2025,"6,62",,R$ / litro,VIBRA
NE,SE,ARACAJU,LUBRIFICANTES E ACESSÓRIOS LTDA., 13.257.050/0001-09,AVENIDA BEIRA MAR,6,,13 DE JULHO,49020-010,ETANOL,18/03/2025,"4,89",,R$ / litro,VIBRA
NE,SE,ARACAJU,COMERCIAL MARIVAN LTDA, 13.179.247/0001-69,AVENIDA ADELIA FRANCO,2234,,LUZIA,49048-010,GASOLINA,18/03/2025,"6,62",,R$ / litro,VIBRA
NE,SE,ARACAJU,COMERCIAL MARIVAN LTDA, 13.179.247/0001-69,AVENIDA ADELIA FRANCO,2234,,LUZIA,49048-010,GASOLINA ADITIVADA,18/03/2025,"6,69",,R$ / litro,VIBRA
NE,SE,ARACAJU,COMERCIAL MARIVAN LTDA, 13.179.247/0001-69,AVENIDA ADELIA FRANCO,2234,,LUZIA,49048-010,ETANOL,18/03/2025,"4,80",,R$ / litro,VIBRA
NE,SE,ARACAJU,J. L. OLIVEIRA & BARROS LTDA, 13.113.477/0004-78,AVENIDA GENTIL TAVARES,381,CASA,GETULIO VARGAS,49055-670,GASOLINA,18/03/2025,"6,68",,R$ / litro,VIBRA
NE,SE,ARACAJU,J. L. OLIVEIRA & BARROS LTDA, 13.113.477/0004-78,AVENIDA GENTIL TAVARES,381,CASA,GETULIO VARGAS,49055-670,DIESEL S10,18/03/2025,"6,49",,R$ / litro,VIBRA
NE,SE,ARACAJU,POSTO CARMOPOLIS LTDA, 13.077.342/0001-51,AVENIDA JOAO RIBEIRO,680/684,0,SANTO ANTÔNIO,49060-330,GASOLINA,18/03/2025,"6,62",,R$ / litro,VIBRA
NE,SE,ARACAJU,POSTO CARMOPOLIS LTDA, 13.077.342/0001-51,AVENIDA JOAO RIBEIRO,680/684,0,SANTO ANTÔNIO,49060-330,GASOLINA ADITIVADA,18/03/2025,"6,62",,R$ / litro,VIBRA
NE,SE,ARACAJU,POSTO CARMOPOLIS LTDA, 13.077.342/0001-51,AVENIDA JOAO RIBEIRO,680/684,0,SANTO ANTÔNIO,49060-330,ETANOL,18/03/2025,"4,80",,R$ / litro,VIBRA
NE,SE,ARACAJU,KLEBER SANTOS BATISTA LTDA, 13.042.882/0001-08,AVENIDA DESEMBARGADOR MAYNARD,770,,CIRURGIA,49055-210,GNV,18/03/2025,"4,90",,R$ / m³,BRANCA
NE,SE,ARACAJU,KLEBER SANTOS BATISTA LTDA, 13.042.882/0001-08,AVENIDA DESEMBARGADOR MAYNARD,770,,CIRURGIA,49055-210,GASOLINA,18/03/2025,"6,62",,R$ / litro,BRANCA
NE,SE,ARACAJU,KLEBER SANTOS BATISTA LTDA, 13.042.882/0001-08,AVENIDA DESEMBARGADOR MAYNARD,770,,CIRURGIA,49055-210,GASOLINA ADITIVADA,18/03/2025,"6,62",,R$ / litro,BRANCA
NE,SE,ARACAJU,KLEBER SANTOS BATISTA LTDA, 13.042.882/0001-08,AVENIDA DESEMBARGADOR MAYNARD,770,,CIRURGIA,49055-210,DIESEL S10,18/03/2025,"6,23",,R$ / litro,BRANCA
NE,SE,ARACAJU,KLEBER SANTOS BATISTA LTDA, 13.042.882/0001-08,AVENIDA DESEMBARGADOR MAYNARD,770,,CIRURGIA,49055-210,ETANOL,18/03/2025,"4,80",,R$ / litro,BRANCA
NE,SE,ARACAJU,AMARAL & CIA LTDA, 13.008.610/0001-83,RUA MARIANO SALMERON,709,,SIQUEIRA CAMPOS,49075-370,GASOLINA,18/03/2025,"6,62",,R$ / litro,VIBRA
NE,SE,ARACAJU,AMARAL & CIA LTDA, 13.008.610/0001-83,RUA MARIANO SALMERON,709,,SIQUEIRA CAMPOS,49075-370,GASOLINA ADITIVADA,18/03/2025,"6,72",,R$ / litro,VIBRA
NE,SE,ARACAJU,AMARAL & CIA LTDA, 13.008.610/0001-83,RUA MARIANO SALMERON,709,,SIQUEIRA CAMPOS,49075-370,DIESEL S10,18/03/2025,"6,62",,R$ / litro,VIBRA
NE,SE,ARACAJU,AMARAL & CIA LTDA, 13.008.610/0001-83,RUA MARIANO SALMERON,709,,SIQUEIRA CAMPOS,49075-370,ETANOL,18/03/2025,"4,89",,R$ / litro,VIBRA
NE,SE,ARACAJU,GAMA E CIA LTDA, 13.007.752/0001-26,AVENIDA TANCREDO NEVES,2551,,DISTRITO INDUSTRIAL DE ARACAJU,49095-000,GASOLINA,18/03/2025,"6,62",,R$ / litro,VIBRA
NE,SE,ARACAJU,L. V. COMERCIO DE COMBUSTIVEIS LTDA, 11.433.769/0001-10,RUA SAO CRISTOVAO,1877,,GETULIO VARGAS,49055-620,GASOLINA,18/03/2025,"6,64",,R$ / litro,BRANCA
NE,SE,ARACAJU,L. V. COMERCIO DE COMBUSTIVEIS LTDA, 11.433.769/0001-10,RUA SAO CRISTOVAO,1877,,GETULIO VARGAS,49055-620,DIESEL S10,18/03/2025,"6,23",,R$ / litro,BRANCA
NE,SE,ARACAJU,L. V. COMERCIO DE COMBUSTIVEIS LTDA, 11.433.769/0001-10,RUA SAO CRISTOVAO,1877,,GETULIO VARGAS,49055-620,ETANOL,18/03/2025,"4,84",,R$ / litro,BRANCA
NE,SE,ARACAJU,ALPHA COMERCIAL DE COMBUSTIVEIS LTDA, 08.297.710/0008-03,AVENIDA FRANCISCO PORTO,650,LOJA  BR MANIA DELICATESSE,SALGADO FILHO,49020-120,GASOLINA,18/03/2025,"6,69",,R$ / litro,VIBRA
NE,SE,ARACAJU,ALPHA COMERCIAL DE COMBUSTIVEIS LTDA, 08.297.710/0008-03,AVENIDA FRANCISCO PORTO,650,LOJA  BR MANIA DELICATESSE,SALGADO FILHO,49020-120,GASOLINA ADITIVADA,18/03/2025,"6,89",,R$ / litro,VIBRA
NE,SE,ARACAJU,ALPHA COMERCIAL DE COMBUSTIVEIS LTDA, 08.297.710/0008-03,AVENIDA FRANCISCO PORTO,650,LOJA  BR MANIA DELICATESSE,SALGADO FILHO,49020-120,ETANOL,18/03/2025,"4,99",,R$ / litro,VIBRA
NE,SE,ARACAJU,REDE DE POSTOS PRESIDENTE LTDA, 32.864.795/0010-63,RUA LARANJEIRAS,1781,,GETULIO VARGAS,49055-380,GNV,18/03/2025,"4,90",,R$ / m³,VIBRA
NE,SE,ARACAJU,REDE DE POSTOS PRESIDENTE LTDA, 32.864.795/0010-63,RUA LARANJEIRAS,1781,,GETULIO VARGAS,49055-380,GASOLINA,18/03/2025,"6,69",,R$ / litro,VIBRA
NE,SE,ARACAJU,REDE DE POSTOS PRESIDENTE LTDA, 32.864.795/0010-63,RUA LARANJEIRAS,1781,,GETULIO VARGAS,49055-380,GASOLINA ADITIVADA,18/03/2025,"6,89",,R$ / litro,VIBRA
NE,SE,ARACAJU,POSTO PIRANEMA LTDA, 09.258.664/0003-91,AVENIDA PREFEITO HERACLITO ROLLEMBERG,2760,,FAROLANDIA,49030-640,GASOLINA,18/03/2025,"6,69",,R$ / litro,VIBRA
NE,SE,ARACAJU,POSTO PIRANEMA LTDA, 09.258.664/0003-91,AVENIDA PREFEITO HERACLITO ROLLEMBERG,2760,,FAROLANDIA,49030-640,GASOLINA ADITIVADA,18/03/2025,"6,89",,R$ / litro,VIBRA
NE,SE,ARACAJU,POSTO PIRANEMA LTDA, 09.258.664/0003-91,AVENIDA PREFEITO HERACLITO ROLLEMBERG,2760,,FAROLANDIA,49030-640,ETANOL,18/03/2025,"4,99",,R$ / litro,VIBRA
NE,SE,ARACAJU,VASPETRO COMBUSTIVEL LTDA, 04.979.182/0001-45,AVENIDA BARAO DE MARUIM,552,,CENTRO,49010-340,GASOLINA,25/03/2025,"6,62",,R$ / litro,BRANCA
NE,SE,ARACAJU,VASPETRO COMBUSTIVEL LTDA, 04.979.182/0001-45,AVENIDA BARAO DE MARUIM,552,,CENTRO,49010-340,GASOLINA ADITIVADA,25/03/2025,"6,62",,R$ / litro,BRANCA
NE,SE,ARACAJU,VASPETRO COMBUSTIVEL LTDA, 04.979.182/0001-45,AVENIDA BARAO DE MARUIM,552,,CENTRO,49010-340,ETANOL,25/03/2025,"4,89",,R$ / litro,BRANCA
NE,SE,ARACAJU,GAMA E CIA LTDA, 13.007.752/0002-07,AVENIDA AUGUSTO FRANCO,2990,,PONTO NOVO,49047-040,GASOLINA,25/03/2025,"6,62",,R$ / litro,VIBRA
NE,SE,ARACAJU,TYRESOLES DE SERGIPE INDUSTRIA COMERCIO E SERVICOS LTDA, 13.007.828/0010-04,AVENIDA GONCALO  ROLLEMBERG LEITE,1721,,LUZIA,49045-280,GASOLINA,25/03/2025,"6,67",,R$ / litro,RAIZEN
NE,SE,ARACAJU,TYRESOLES DE SERGIPE INDUSTRIA COMERCIO E SERVICOS LTDA, 13.007.828/0010-04,AVENIDA GONCALO  ROLLEMBERG LEITE,1721,,LUZIA,49045-280,GASOLINA ADITIVADA,25/03/2025,"7,01",,R$ / litro,RAIZEN
NE,SE,ARACAJU,TYRESOLES DE SERGIPE INDUSTRIA COMERCIO E SERVICOS LTDA, 13.007.828/0010-04,AVENIDA GONCALO  ROLLEMBERG LEITE,1721,,LUZIA,49045-280,ETANOL,25/03/2025,"4,80",,R$ / litro,RAIZEN
NE,SE,ARACAJU,REDE DE POSTOS PRESIDENTE LTDA, 32.864.795/0001-72,AVENIDA COELHO E CAMPOS,1254,,SANTO ANTONIO,49060-000,GNV,25/03/2025,"4,90",,R$ / m³,VIBRA
NE,SE,ARACAJU,REDE DE POSTOS PRESIDENTE LTDA, 32.864.795/0001-72,AVENIDA COELHO E CAMPOS,1254,,SANTO ANTONIO,49060-000,GASOLINA,25/03/2025,"6,69",,R$ / litro,VIBRA
NE,SE,ARACAJU,REDE DE POSTOS PRESIDENTE LTDA, 32.864.795/0001-72,AVENIDA COELHO E CAMPOS,1254,,SANTO ANTONIO,49060-000,GASOLINA ADITIVADA,25/03/2025,"6,89",,R$ / litro,VIBRA
NE,SE,ARACAJU,LIDER COMERCIO DE COMBUSTIVEIS LTDA, 15.591.357/0001-69,PRACA DA BANDEIRA,171,,CENTRO,49055-090,GASOLINA,25/03/2025,"6,62",,R$ / litro,VIBRA
NE,SE,ARACAJU,LIDER COMERCIO DE COMBUSTIVEIS LTDA, 15.591.357/0001-69,PRACA DA BANDEIRA,171,,CENTRO,49055-090,GASOLINA ADITIVADA,25/03/2025,"6,75",,R$ / litro,VIBRA
NE,SE,ARACAJU,LIDER COMERCIO DE COMBUSTIVEIS LTDA, 15.591.357/0001-69,PRACA DA BANDEIRA,171,,CENTRO,49055-090,ETANOL,25/03/2025,"4,89",,R$ / litro,VIBRA
NE,SE,ARACAJU,POSTO ARIBE EIRELI, 15.083.140/0001-48,AVENIDA PROF JOSE O DE L NETO,150,,AMERICA,49080-480,GASOLINA,25/03/2025,"6,65",,R$ / litro,VIBRA
NE,SE,ARACAJU,POSTO ARIBE EIRELI, 15.083.140/0001-48,AVENIDA PROF JOSE O DE L NETO,150,,AMERICA,49080-480,GASOLINA ADITIVADA,25/03/2025,"6,83",,R$ / litro,VIBRA
NE,SE,ARACAJU,POSTO ARIBE EIRELI, 15.083.140/0001-48,AVENIDA PROF JOSE O DE L NETO,150,,AMERICA,49080-480,ETANOL,25/03/2025,"4,94",,R$ / litro,VIBRA
NE,SE,ARACAJU,LUBRIFICANTES E ACESSÓRIOS LTDA., 13.257.050/0001-09,AVENIDA BEIRA MAR,6,,13 DE JULHO,49020-010,ETANOL,25/03/2025,"4,89",,R$ / litro,VIBRA
NE,SE,ARACAJU,LUBRIFICANTES E ACESSÓRIOS LTDA., 13.257.050/0001-09,AVENIDA BEIRA MAR,6,,13 DE JULHO,49020-010,GASOLINA,25/03/2025,"6,62",,R$ / litro,VIBRA
NE,SE,ARACAJU,LUBRIFICANTES E ACESSÓRIOS LTDA., 13.257.050/0001-09,AVENIDA BEIRA MAR,6,,13 DE JULHO,49020-010,GASOLINA ADITIVADA,25/03/2025,"6,62",,R$ / litro,VIBRA
NE,SE,ARACAJU,COMERCIAL MARIVAN LTDA, 13.179.247/0001-69,AVENIDA ADELIA FRANCO,2234,,LUZIA,49048-010,GASOLINA,25/03/2025,"6,62",,R$ / litro,VIBRA
NE,SE,ARACAJU,COMERCIAL MARIVAN LTDA, 13.179.247/0001-69,AVENIDA ADELIA FRANCO,2234,,LUZIA,49048-010,GASOLINA ADITIVADA,25/03/2025,"6,69",,R$ / litro,VIBRA
NE,SE,ARACAJU,COMERCIAL MARIVAN LTDA, 13.179.247/0001-69,AVENIDA ADELIA FRANCO,2234,,LUZIA,49048-010,ETANOL,25/03/2025,"4,80",,R$ / litro,VIBRA
NE,SE,ARACAJU,J. L. OLIVEIRA & BARROS LTDA, 13.113.477/0004-78,AVENIDA GENTIL TAVARES,381,CASA,GETULIO VARGAS,49055-670,GASOLINA,25/03/2025,"6,68",,R$ / litro,VIBRA
NE,SE,ARACAJU,J. L. OLIVEIRA & BARROS LTDA, 13.113.477/0004-78,AVENIDA GENTIL TAVARES,381,CASA,GETULIO VARGAS,49055-670,DIESEL S10,25/03/2025,"6,49",,R$ / litro,VIBRA
NE,SE,ARACAJU,POSTO CARMOPOLIS LTDA, 13.077.342/0001-51,AVENIDA JOAO RIBEIRO,680/684,0,SANTO ANTÔNIO,49060-330,GASOLINA,25/03/2025,"6,62",,R$ / litro,VIBRA
NE,SE,ARACAJU,POSTO CARMOPOLIS LTDA, 13.077.342/0001-51,AVENIDA JOAO RIBEIRO,680/684,0,SANTO ANTÔNIO,49060-330,GASOLINA ADITIVADA,25/03/2025,"6,62",,R$ / litro,VIBRA
NE,SE,ARACAJU,POSTO CARMOPOLIS LTDA, 13.077.342/0001-51,AVENIDA JOAO RIBEIRO,680/684,0,SANTO ANTÔNIO,49060-330,ETANOL,25/03/2025,"4,80",,R$ / litro,VIBRA
NE,SE,ARACAJU,KLEBER SANTOS BATISTA LTDA, 13.042.882/0001-08,AVENIDA DESEMBARGADOR MAYNARD,770,,CIRURGIA,49055-210,GNV,25/03/2025,"4,90",,R$ / m³,BRANCA
NE,SE,ARACAJU,KLEBER SANTOS BATISTA LTDA, 13.042.882/0001-08,AVENIDA DESEMBARGADOR MAYNARD,770,,CIRURGIA,49055-210,GASOLINA,25/03/2025,"6,62",,R$ / litro,BRANCA
NE,SE,ARACAJU,KLEBER SANTOS BATISTA LTDA, 13.042.882/0001-08,AVENIDA DESEMBARGADOR MAYNARD,770,,CIRURGIA,49055-210,GASOLINA ADITIVADA,25/03/2025,"6,62",,R$ / litro,BRANCA
NE,SE,ARACAJU,KLEBER SANTOS BATISTA LTDA, 13.042.882/0001-08,AVENIDA DESEMBARGADOR MAYNARD,770,,CIRURGIA,49055-210,DIESEL S10,25/03/2025,"6,23",,R$ / litro,BRANCA
NE,SE,ARACAJU,KLEBER SANTOS BATISTA LTDA, 13.042.882/0001-08,AVENIDA DESEMBARGADOR MAYNARD,770,,CIRURGIA,49055-210,ETANOL,25/03/2025,"4,80",,R$ / litro,BRANCA
NE,SE,ARACAJU,AMARAL & CIA LTDA, 13.008.610/0001-83,RUA MARIANO SALMERON,709,,SIQUEIRA CAMPOS,49075-370,GASOLINA,25/03/2025,"6,62",,R$ / litro,VIBRA
NE,SE,ARACAJU,AMARAL & CIA LTDA, 13.008.610/0001-83,RUA MARIANO SALMERON,709,,SIQUEIRA CAMPOS,49075-370,GASOLINA ADITIVADA,25/03/2025,"6,72",,R$ / litro,VIBRA
NE,SE,ARACAJU,AMARAL & CIA LTDA, 13.008.610/0001-83,RUA MARIANO SALMERON,709,,SIQUEIRA CAMPOS,49075-370,DIESEL S10,25/03/2025,"6,62",,R$ / litro,VIBRA
NE,SE,ARACAJU,AMARAL & CIA LTDA, 13.008.610/0001-83,RUA MARIANO SALMERON,709,,SIQUEIRA CAMPOS,49075-370,ETANOL,25/03/2025,"4,89",,R$ / litro,VIBRA
NE,SE,ARACAJU,GAMA E CIA LTDA, 13.007.752/0001-26,AVENIDA TANCREDO NEVES,2551,,DISTRITO INDUSTRIAL DE ARACAJU,49095-000,GASOLINA,25/03/2025,"6,62",,R$ / litro,VIBRA
NE,SE,ARACAJU,L. V. COMERCIO DE COMBUSTIVEIS LTDA, 11.433.769/0001-10,RUA SAO CRISTOVAO,1877,,GETULIO VARGAS,49055-620,GASOLINA,25/03/2025,"6,64",,R$ / litro,BRANCA
NE,SE,ARACAJU,L. V. COMERCIO DE COMBUSTIVEIS LTDA, 11.433.769/0001-10,RUA SAO CRISTOVAO,1877,,GETULIO VARGAS,49055-620,DIESEL S10,25/03/2025,"6,23",,R$ / litro,BRANCA
NE,SE,ARACAJU,L. V. COMERCIO DE COMBUSTIVEIS LTDA, 11.433.769/0001-10,RUA SAO CRISTOVAO,1877,,GETULIO VARGAS,49055-620,ETANOL,25/03/2025,"4,84",,R$ / litro,BRANCA
NE,SE,ARACAJU,ALPHA COMERCIAL DE COMBUSTIVEIS LTDA, 08.297.710/0008-03,AVENIDA FRANCISCO PORTO,650,LOJA  BR MANIA DELICATESSE,SALGADO FILHO,49020-120,GASOLINA,25/03/2025,"6,69",,R$ / litro,VIBRA
NE,SE,ARACAJU,ALPHA COMERCIAL DE COMBUSTIVEIS LTDA, 08.297.710/0008-03,AVENIDA FRANCISCO PORTO,650,LOJA  BR MANIA DELICATESSE,SALGADO FILHO,49020-120,GASOLINA ADITIVADA,25/03/2025,"6,89",,R$ / litro,VIBRA
NE,SE,ARACAJU,ALPHA COMERCIAL DE COMBUSTIVEIS LTDA, 08.297.710/0008-03,AVENIDA FRANCISCO PORTO,650,LOJA  BR MANIA DELICATESSE,SALGADO FILHO,49020-120,ETANOL,25/03/2025,"4,99",,R$ / litro,VIBRA
NE,SE,ARACAJU,REDE DE POSTOS PRESIDENTE LTDA, 32.864.795/0010-63,RUA LARANJEIRAS,1781,,GETULIO VARGAS,49055-380,GNV,25/03/2025,"4,90",,R$ / m³,VIBRA
NE,SE,ARACAJU,REDE DE POSTOS PRESIDENTE LTDA, 32.864.795/0010-63,RUA LARANJEIRAS,1781,,GETULIO VARGAS,49055-380,GASOLINA,25/03/2025,"6,69",,R$ / litro,VIBRA
NE,SE,ARACAJU,REDE DE POSTOS PRESIDENTE LTDA, 32.864.795/0010-63,RUA LARANJEIRAS,1781,,GETULIO VARGAS,49055-380,GASOLINA ADITIVADA,25/03/2025,"6,89",,R$ / litro,VIBRA
NE,SE,ARACAJU,POSTO PIRANEMA LTDA, 09.258.664/0003-91,AVENIDA PREFEITO HERACLITO ROLLEMBERG,2760,,FAROLANDIA,49030-640,GASOLINA,25/03/2025,"6,69",,R$ / litro,VIBRA
NE,SE,ARACAJU,POSTO PIRANEMA LTDA, 09.258.664/0003-91,AVENIDA PREFEITO HERACLITO ROLLEMBERG,2760,,FAROLANDIA,49030-640,GASOLINA ADITIVADA,25/03/2025,"6,89",,R$ / litro,VIBRA
NE,SE,ARACAJU,POSTO PIRANEMA LTDA, 09.258.664/0003-91,AVENIDA PREFEITO HERACLITO ROLLEMBERG,2760,,FAROLANDIA,49030-640,ETANOL,25/03/2025,"4,99",,R$ / litro,VIBRA
NE,SE,ARACAJU,VASPETRO COMBUSTIVEL LTDA, 04.979.182/0001-45,AVENIDA BARAO DE MARUIM,552,,CENTRO,49010-340,GASOLINA,31/03/2025,"6,62",,R$ / litro,BRANCA
NE,SE,ARACAJU,VASPETRO COMBUSTIVEL LTDA, 04.979.182/0001-45,AVENIDA BARAO DE MARUIM,552,,CENTRO,49010-340,GASOLINA ADITIVADA,31/03/2025,"6,62",,R$ / litro,BRANCA
NE,SE,ARACAJU,VASPETRO COMBUSTIVEL LTDA, 04.979.182/0001-45,AVENIDA BARAO DE MARUIM,552,,CENTRO,49010-340,ETANOL,31/03/2025,"4,89",,R$ / litro,BRANCA
NE,SE,ARACAJU,GAMA E CIA LTDA, 13.007.752/0002-07,AVENIDA AUGUSTO FRANCO,2990,,PONTO NOVO,49047-040,GASOLINA,31/03/2025,"6,62",,R$ / litro,VIBRA
NE,SE,ARACAJU,TYRESOLES DE SERGIPE INDUSTRIA COMERCIO E SERVICOS LTDA, 13.007.828/0010-04,AVENIDA GONCALO  ROLLEMBERG LEITE,1721,,LUZIA,49045-280,GASOLINA,31/03/2025,"6,67",,R$ / litro,RAIZEN
NE,SE,ARACAJU,TYRESOLES DE SERGIPE INDUSTRIA COMERCIO E SERVICOS LTDA, 13.007.828/0010-04,AVENIDA GONCALO  ROLLEMBERG LEITE,1721,,LUZIA,49045-280,GASOLINA ADITIVADA,31/03/2025,"7,01",,R$ / litro,RAIZEN
NE,SE,ARACAJU,TYRESOLES DE SERGIPE INDUSTRIA COMERCIO E SERVICOS LTDA, 13.007.828/0010-04,AVENIDA GONCALO  ROLLEMBERG LEITE,1721,,LUZIA,49045-280,ETANOL,31/03/2025,"4,80",,R$ / litro,RAIZEN
NE,SE,ARACAJU,REDE DE POSTOS PRESIDENTE LTDA, 32.864.795/0001-72,AVENIDA COELHO E CAMPOS,1254,,SANTO ANTONIO,49060-000,GNV,31/03/2025,"4,90",,R$ / m³,VIBRA
NE,SE,ARACAJU,REDE DE POSTOS PRESIDENTE LTDA, 32.864.795/0001-72,AVENIDA COELHO E CAMPOS,1254,,SANTO ANTONIO,49060-000,GASOLINA,31/03/2025,"6,69",,R$ / litro,VIBRA
NE,SE,ARACAJU,REDE DE POSTOS PRESIDENTE LTDA, 32.864.795/0001-72,AVENIDA COELHO E CAMPOS,1254,,SANTO ANTONIO,49060-000,GASOLINA ADITIVADA,31/03/2025,"6,89",,R$ / litro,VIBRA
NE,SE,ARACAJU,LIDER COMERCIO DE COMBUSTIVEIS LTDA, 15.591.357/0001-69,PRACA DA BANDEIRA,171,,CENTRO,49055-090,GASOLINA,31/03/2025,"6,62",,R$ / litro,VIBRA
NE,SE,ARACAJU,LIDER COMERCIO DE COMBUSTIVEIS LTDA, 15.591.357/0001-69,PRACA DA BANDEIRA,171,,CENTRO,49055-090,GASOLINA ADITIVADA,31/03/2025,"6,75",,R$ / litro,VIBRA
NE,SE,ARACAJU,LIDER COMERCIO DE COMBUSTIVEIS LTDA, 15.591.357/0001-69,PRACA DA BANDEIRA,171,,CENTRO,49055-090,ETANOL,31/03/2025,"4,89",,R$ / litro,VIBRA
NE,SE,ARACAJU,POSTO ARIBE EIRELI, 15.083.140/0001-48,AVENIDA PROF JOSE O DE L NETO,150,,AMERICA,49080-480,GASOLINA,31/03/2025,"6,65",,R$ / litro,VIBRA
NE,SE,ARACAJU,POSTO ARIBE EIRELI, 15.083.140/0001-48,AVENIDA PROF JOSE O DE L NETO,150,,AMERICA,49080-480,GASOLINA ADITIVADA,31/03/2025,"6,83",,R$ / litro,VIBRA
NE,SE,ARACAJU,POSTO ARIBE EIRELI, 15.083.140/0001-48,AVENIDA PROF JOSE O DE L NETO,150,,AMERICA,49080-480,ETANOL,31/03/2025,"4,80",,R$ / litro,VIBRA
NE,SE,ARACAJU,LUBRIFICANTES E ACESSÓRIOS LTDA., 13.257.050/0001-09,AVENIDA BEIRA MAR,6,,13 DE JULHO,49020-010,GASOLINA,31/03/2025,"6,62",,R$ / litro,VIBRA
NE,SE,ARACAJU,LUBRIFICANTES E ACESSÓRIOS LTDA., 13.257.050/0001-09,AVENIDA BEIRA MAR,6,,13 DE JULHO,49020-010,GASOLINA ADITIVADA,31/03/2025,"6,62",,R$ / litro,VIBRA
NE,SE,ARACAJU,LUBRIFICANTES E ACESSÓRIOS LTDA., 13.257.050/0001-09,AVENIDA BEIRA MAR,6,,13 DE JULHO,49020-010,ETANOL,31/03/2025,"4,89",,R$ / litro,VIBRA
NE,SE,ARACAJU,COMERCIAL MARIVAN LTDA, 13.179.247/0001-69,AVENIDA ADELIA FRANCO,2234,,LUZIA,49048-010,GASOLINA,31/03/2025,"6,62",,R$ / litro,VIBRA
NE,SE,ARACAJU,COMERCIAL MARIVAN LTDA, 13.179.247/0001-69,AVENIDA ADELIA FRANCO,2234,,LUZIA,49048-010,GASOLINA ADITIVADA,31/03/2025,"6,69",,R$ / litro,VIBRA
NE,SE,ARACAJU,COMERCIAL MARIVAN LTDA, 13.179.247/0001-69,AVENIDA ADELIA FRANCO,2234,,LUZIA,49048-010,ETANOL,31/03/2025,"4,80",,R$ / litro,VIBRA
NE,SE,ARACAJU,J. L. OLIVEIRA & BARROS LTDA, 13.113.477/0004-78,AVENIDA GENTIL TAVARES,381,CASA,GETULIO VARGAS,49055-670,GASOLINA,31/03/2025,"6,68",,R$ / litro,VIBRA
NE,SE,ARACAJU,J. L. OLIVEIRA & BARROS LTDA, 13.113.477/0004-78,AVENIDA GENTIL TAVARES,381,CASA,GETULIO VARGAS,49055-670,DIESEL S10,31/03/2025,"6,49",,R$ / litro,VIBRA
NE,SE,ARACAJU,POSTO CARMOPOLIS LTDA, 13.077.342/0001-51,AVENIDA JOAO RIBEIRO,680/684,0,SANTO ANTÔNIO,49060-330,GASOLINA,31/03/2025,"6,62",,R$ / litro,VIBRA
NE,SE,ARACAJU,POSTO CARMOPOLIS LTDA, 13.077.342/0001-51,AVENIDA JOAO RIBEIRO,680/684,0,SANTO ANTÔNIO,49060-330,GASOLINA ADITIVADA,31/03/2025,"6,62",,R$ / litro,VIBRA
NE,SE,ARACAJU,POSTO CARMOPOLIS LTDA, 13.077.342/0001-51,AVENIDA JOAO RIBEIRO,680/684,0,SANTO ANTÔNIO,49060-330,ETANOL,31/03/2025,"4,80",,R$ / litro,VIBRA
NE,SE,ARACAJU,KLEBER SANTOS BATISTA LTDA, 13.042.882/0001-08,AVENIDA DESEMBARGADOR MAYNARD,770,,CIRURGIA,49055-210,GNV,31/03/2025,"4,90",,R$ / m³,BRANCA
NE,SE,ARACAJU,KLEBER SANTOS BATISTA LTDA, 13.042.882/0001-08,AVENIDA DESEMBARGADOR MAYNARD,770,,CIRURGIA,49055-210,GASOLINA,31/03/2025,"6,62",,R$ / litro,BRANCA
NE,SE,ARACAJU,KLEBER SANTOS BATISTA LTDA, 13.042.882/0001-08,AVENIDA DESEMBARGADOR MAYNARD,770,,CIRURGIA,49055-210,GASOLINA ADITIVADA,31/03/2025,"6,62",,R$ / litro,BRANCA
NE,SE,ARACAJU,KLEBER SANTOS BATISTA LTDA, 13.042.882/0001-08,AVENIDA DESEMBARGADOR MAYNARD,770,,CIRURGIA,49055-210,DIESEL S10,31/03/2025,"6,23",,R$ / litro,BRANCA
NE,SE,ARACAJU,KLEBER SANTOS BATISTA LTDA, 13.042.882/0001-08,AVENIDA DESEMBARGADOR MAYNARD,770,,CIRURGIA,49055-210,ETANOL,31/03/2025,"4,80",,R$ / litro,BRANCA
NE,SE,ARACAJU,AMARAL & CIA LTDA, 13.008.610/0001-83,RUA MARIANO SALMERON,709,,SIQUEIRA CAMPOS,49075-370,GASOLINA,31/03/2025,"6,62",,R$ / litro,VIBRA
NE,SE,ARACAJU,AMARAL & CIA LTDA, 13.008.610/0001-83,RUA MARIANO SALMERON,709,,SIQUEIRA CAMPOS,49075-370,GASOLINA ADITIVADA,31/03/2025,"6,72",,R$ / litro,VIBRA
NE,SE,ARACAJU,AMARAL & CIA LTDA, 13.008.610/0001-83,RUA MARIANO SALMERON,709,,SIQUEIRA CAMPOS,49075-370,DIESEL S10,31/03/2025,"6,62",,R$ / litro,VIBRA
NE,SE,ARACAJU,AMARAL & CIA LTDA, 13.008.610/0001-83,RUA MARIANO SALMERON,709,,SIQUEIRA CAMPOS,49075-370,ETANOL,31/03/2025,"4,89",,R$ / litro,VIBRA
NE,SE,ARACAJU,GAMA E CIA LTDA, 13.007.752/0001-26,AVENIDA TANCREDO NEVES,2551,,DISTRITO INDUSTRIAL DE ARACAJU,49095-000,GASOLINA,31/03/2025,"6,62",,R$ / litro,VIBRA
NE,SE,ARACAJU,L. V. COMERCIO DE COMBUSTIVEIS LTDA, 11.433.769/0001-10,RUA SAO CRISTOVAO,1877,,GETULIO VARGAS,49055-620,GASOLINA,31/03/2025,"6,64",,R$ / litro,BRANCA
NE,SE,ARACAJU,L. V. COMERCIO DE COMBUSTIVEIS LTDA, 11.433.769/0001-10,RUA SAO CRISTOVAO,1877,,GETULIO VARGAS,49055-620,DIESEL S10,31/03/2025,"6,23",,R$ / litro,BRANCA
NE,SE,ARACAJU,L. V. COMERCIO DE COMBUSTIVEIS LTDA, 11.433.769/0001-10,RUA SAO CRISTOVAO,1877,,GETULIO VARGAS,49055-620,ETANOL,31/03/2025,"4,84",,R$ / litro,BRANCA
NE,SE,ARACAJU,ALPHA COMERCIAL DE COMBUSTIVEIS LTDA, 08.297.710/0008-03,AVENIDA FRANCISCO PORTO,650,LOJA  BR MANIA DELICATESSE,SALGADO FILHO,49020-120,GASOLINA,31/03/2025,"6,69",,R$ / litro,VIBRA
NE,SE,ARACAJU,ALPHA COMERCIAL DE COMBUSTIVEIS LTDA, 08.297.710/0008-03,AVENIDA FRANCISCO PORTO,650,LOJA  BR MANIA DELICATESSE,SALGADO FILHO,49020-120,GASOLINA ADITIVADA,31/03/2025,"6,89",,R$ / litro,VIBRA
NE,SE,ARACAJU,ALPHA COMERCIAL DE COMBUSTIVEIS LTDA, 08.297.710/0008-03,AVENIDA FRANCISCO PORTO,650,LOJA  BR MANIA DELICATESSE,SALGADO FILHO,49020-120,ETANOL,31/03/2025,"4,99",,R$ / litro,VIBRA
NE,SE,ARACAJU,REDE DE POSTOS PRESIDENTE LTDA, 32.864.795/0010-63,RUA LARANJEIRAS,1781,,GETULIO VARGAS,49055-380,GNV,31/03/2025,"4,90",,R$ / m³,VIBRA
NE,SE,ARACAJU,REDE DE POSTOS PRESIDENTE LTDA, 32.864.795/0010-63,RUA LARANJEIRAS,1781,,GETULIO VARGAS,49055-380,GASOLINA,31/03/2025,"6,69",,R$ / litro,VIBRA
NE,SE,ARACAJU,REDE DE POSTOS PRESIDENTE LTDA, 32.864.795/0010-63,RUA LARANJEIRAS,1781,,GETULIO VARGAS,49055-380,GASOLINA ADITIVADA,31/03/2025,"6,89",,R$ / litro,VIBRA
NE,SE,ARACAJU,POSTO PIRANEMA LTDA, 09.258.664/0003-91,AVENIDA PREFEITO HERACLITO ROLLEMBERG,2760,,FAROLANDIA,49030-640,GASOLINA,31/03/2025,"6,69",,R$ / litro,VIBRA
NE,SE,ARACAJU,POSTO PIRANEMA LTDA, 09.258.664/0003-91,AVENIDA PREFEITO HERACLITO ROLLEMBERG,2760,,FAROLANDIA,49030-640,GASOLINA ADITIVADA,31/03/2025,"6,89",,R$ / litro,VIBRA
NE,SE,ARACAJU,POSTO PIRANEMA LTDA, 09.258.664/0003-91,AVENIDA PREFEITO HERACLITO ROLLEMBERG,2760,,FAROLANDIA,49030-640,ETANOL,31/03/2025,"4,99",,R$ / litro,VIBRA
NE,SE,ARACAJU,VASPETRO COMBUSTIVEL LTDA, 04.979.182/0001-45,AVENIDA BARAO DE MARUIM,552,,CENTRO,49010-340,GASOLINA,08/04/2025,"6,62",,R$ / litro,BRANCA
NE,SE,ARACAJU,VASPETRO COMBUSTIVEL LTDA, 04.979.182/0001-45,AVENIDA BARAO DE MARUIM,552,,CENTRO,49010-340,GASOLINA ADITIVADA,08/04/2025,"6,62",,R$ / litro,BRANCA
NE,SE,ARACAJU,VASPETRO COMBUSTIVEL LTDA, 04.979.182/0001-45,AVENIDA BARAO DE MARUIM,552,,CENTRO,49010-340,ETANOL,08/04/2025,"4,89",,R$ / litro,BRANCA
NE,SE,ARACAJU,GAMA E CIA LTDA, 13.007.752/0002-07,AVENIDA AUGUSTO FRANCO,2990,,PONTO NOVO,49047-040,GASOLINA,08/04/2025,"6,62",,R$ / litro,VIBRA
NE,SE,ARACAJU,TYRESOLES DE SERGIPE INDUSTRIA COMERCIO E SERVICOS LTDA, 13.007.828/0010-04,AVENIDA GONCALO  ROLLEMBERG LEITE,1721,,LUZIA,49045-280,GASOLINA,08/04/2025,"6,67",,R$ / litro,RAIZEN
NE,SE,ARACAJU,TYRESOLES DE SERGIPE INDUSTRIA COMERCIO E SERVICOS LTDA, 13.007.828/0010-04,AVENIDA GONCALO  ROLLEMBERG LEITE,1721,,LUZIA,49045-280,GASOLINA ADITIVADA,08/04/2025,"7,01",,R$ / litro,RAIZEN
NE,SE,ARACAJU,TYRESOLES DE SERGIPE INDUSTRIA COMERCIO E SERVICOS LTDA, 13.007.828/0010-04,AVENIDA GONCALO  ROLLEMBERG LEITE,1721,,LUZIA,49045-280,ETANOL,08/04/2025,"4,80",,R$ / litro,RAIZEN
NE,SE,ARACAJU,REDE DE POSTOS PRESIDENTE LTDA, 32.864.795/0001-72,AVENIDA COELHO E CAMPOS,1254,,SANTO ANTONIO,49060-000,GNV,08/04/2025,"4,90",,R$ / m³,VIBRA
NE,SE,ARACAJU,REDE DE POSTOS PRESIDENTE LTDA, 32.864.795/0001-72,AVENIDA COELHO E CAMPOS,1254,,SANTO ANTONIO,49060-000,GASOLINA,08/04/2025,"6,69",,R$ / litro,VIBRA
NE,SE,ARACAJU,REDE DE POSTOS PRESIDENTE LTDA, 32.864.795/0001-72,AVENIDA COELHO E CAMPOS,1254,,SANTO ANTONIO,49060-000,GASOLINA ADITIVADA,08/04/2025,"6,89",,R$ / litro,VIBRA
NE,SE,ARACAJU,LIDER COMERCIO DE COMBUSTIVEIS LTDA, 15.591.357/0001-69,PRACA DA BANDEIRA,171,,CENTRO,49055-090,GASOLINA,08/04/2025,"6,62",,R$ / litro,VIBRA
NE,SE,ARACAJU,LIDER COMERCIO DE COMBUSTIVEIS LTDA, 15.591.357/0001-69,PRACA DA BANDEIRA,171,,CENTRO,49055-090,GASOLINA ADITIVADA,08/04/2025,"6,75",,R$ / litro,VIBRA
NE,SE,ARACAJU,LIDER COMERCIO DE COMBUSTIVEIS LTDA, 15.591.357/0001-69,PRACA DA BANDEIRA,171,,CENTRO,49055-090,ETANOL,08/04/2025,"4,89",,R$ / litro,VIBRA
NE,SE,ARACAJU,POSTO ARIBE EIRELI, 15.083.140/0001-48,AVENIDA PROF JOSE O DE L NETO,150,,AMERICA,49080-480,GASOLINA,08/04/2025,"6,65",,R$ / litro,VIBRA
NE,SE,ARACAJU,POSTO ARIBE EIRELI, 15.083.140/0001-48,AVENIDA PROF JOSE O DE L NETO,150,,AMERICA,49080-480,GASOLINA ADITIVADA,08/04/2025,"6,83",,R$ / litro,VIBRA
NE,SE,ARACAJU,POSTO ARIBE EIRELI, 15.083.140/0001-48,AVENIDA PROF JOSE O DE L NETO,150,,AMERICA,49080-480,ETANOL,08/04/2025,"4,80",,R$ / litro,VIBRA
NE,SE,ARACAJU,LUBRIFICANTES E ACESSÓRIOS LTDA., 13.257.050/0001-09,AVENIDA BEIRA MAR,6,,13 DE JULHO,49020-010,GASOLINA,08/04/2025,"6,62",,R$ / litro,VIBRA
NE,SE,ARACAJU,LUBRIFICANTES E ACESSÓRIOS LTDA., 13.257.050/0001-09,AVENIDA BEIRA MAR,6,,13 DE JULHO,49020-010,GASOLINA ADITIVADA,08/04/2025,"6,62",,R$ / litro,VIBRA
NE,SE,ARACAJU,LUBRIFICANTES E ACESSÓRIOS LTDA., 13.257.050/0001-09,AVENIDA BEIRA MAR,6,,13 DE JULHO,49020-010,ETANOL,08/04/2025,"4,89",,R$ / litro,VIBRA
NE,SE,ARACAJU,COMERCIAL MARIVAN LTDA, 13.179.247/0001-69,AVENIDA ADELIA FRANCO,2234,,LUZIA,49048-010,GASOLINA,08/04/2025,"6,62",,R$ / litro,VIBRA
NE,SE,ARACAJU,COMERCIAL MARIVAN LTDA, 13.179.247/0001-69,AVENIDA ADELIA FRANCO,2234,,LUZIA,49048-010,GASOLINA ADITIVADA,08/04/2025,"6,69",,R$ / litro,VIBRA
NE,SE,ARACAJU,COMERCIAL MARIVAN LTDA, 13.179.247/0001-69,AVENIDA ADELIA FRANCO,2234,,LUZIA,49048-010,ETANOL,08/04/2025,"4,80",,R$ / litro,VIBRA
NE,SE,ARACAJU,J. L. OLIVEIRA & BARROS LTDA, 13.113.477/0004-78,AVENIDA GENTIL TAVARES,381,CASA,GETULIO VARGAS,49055-670,GASOLINA,08/04/2025,"6,68",,R$ / litro,VIBRA
NE,SE,ARACAJU,J. L. OLIVEIRA & BARROS LTDA, 13.113.477/0004-78,AVENIDA GENTIL TAVARES,381,CASA,GETULIO VARGAS,49055-670,DIESEL S10,08/04/2025,"6,49",,R$ / litro,VIBRA
NE,SE,ARACAJU,POSTO CARMOPOLIS LTDA, 13.077.342/0001-51,AVENIDA JOAO RIBEIRO,680/684,0,SANTO ANTÔNIO,49060-330,GASOLINA,08/04/2025,"6,62",,R$ / litro,VIBRA
NE,SE,ARACAJU,POSTO CARMOPOLIS LTDA, 13.077.342/0001-51,AVENIDA JOAO RIBEIRO,680/684,0,SANTO ANTÔNIO,49060-330,GASOLINA ADITIVADA,08/04/2025,"6,62",,R$ / litro,VIBRA
NE,SE,ARACAJU,POSTO CARMOPOLIS LTDA, 13.077.342/0001-51,AVENIDA JOAO RIBEIRO,680/684,0,SANTO ANTÔNIO,49060-330,ETANOL,08/04/2025,"4,80",,R$ / litro,VIBRA
NE,SE,ARACAJU,KLEBER SANTOS BATISTA LTDA, 13.042.882/0001-08,AVENIDA DESEMBARGADOR MAYNARD,770,,CIRURGIA,49055-210,GNV,08/04/2025,"4,90",,R$ / m³,BRANCA
NE,SE,ARACAJU,KLEBER SANTOS BATISTA LTDA, 13.042.882/0001-08,AVENIDA DESEMBARGADOR MAYNARD,770,,CIRURGIA,49055-210,GASOLINA,08/04/2025,"6,62",,R$ / litro,BRANCA
NE,SE,ARACAJU,KLEBER SANTOS BATISTA LTDA, 13.042.882/0001-08,AVENIDA DESEMBARGADOR MAYNARD,770,,CIRURGIA,49055-210,GASOLINA ADITIVADA,08/04/2025,"6,62",,R$ / litro,BRANCA
NE,SE,ARACAJU,KLEBER SANTOS BATISTA LTDA, 13.042.882/0001-08,AVENIDA DESEMBARGADOR MAYNARD,770,,CIRURGIA,49055-210,DIESEL S10,08/04/2025,"5,99",,R$ / litro,BRANCA
NE,SE,ARACAJU,KLEBER SANTOS BATISTA LTDA, 13.042.882/0001-08,AVENIDA DESEMBARGADOR MAYNARD,770,,CIRURGIA,49055-210,ETANOL,08/04/2025,"4,80",,R$ / litro,BRANCA
NE,SE,ARACAJU,AMARAL & CIA LTDA, 13.008.610/0001-83,RUA MARIANO SALMERON,709,,SIQUEIRA CAMPOS,49075-370,GASOLINA,08/04/2025,"6,62",,R$ / litro,VIBRA
NE,SE,ARACAJU,AMARAL & CIA LTDA, 13.008.610/0001-83,RUA MARIANO SALMERON,709,,SIQUEIRA CAMPOS,49075-370,GASOLINA ADITIVADA,08/04/2025,"6,72",,R$ / litro,VIBRA
NE,SE,ARACAJU,AMARAL & CIA LTDA, 13.008.610/0001-83,RUA MARIANO SALMERON,709,,SIQUEIRA CAMPOS,49075-370,DIESEL S10,08/04/2025,"6,62",,R$ / litro,VIBRA
NE,SE,ARACAJU,AMARAL & CIA LTDA, 13.008.610/0001-83,RUA MARIANO SALMERON,709,,SIQUEIRA CAMPOS,49075-370,ETANOL,08/04/2025,"4,89",,R$ / litro,VIBRA
NE,SE,ARACAJU,GAMA E CIA LTDA, 13.007.752/0001-26,AVENIDA TANCREDO NEVES,2551,,DISTRITO INDUSTRIAL DE ARACAJU,49095-000,GASOLINA,08/04/2025,"6,62",,R$ / litro,VIBRA
NE,SE,ARACAJU,L. V. COMERCIO DE COMBUSTIVEIS LTDA, 11.433.769/0001-10,RUA SAO CRISTOVAO,1877,,GETULIO VARGAS,49055-620,GASOLINA,08/04/2025,"6,64",,R$ / litro,BRANCA
NE,SE,ARACAJU,L. V. COMERCIO DE COMBUSTIVEIS LTDA, 11.433.769/0001-10,RUA SAO CRISTOVAO,1877,,GETULIO VARGAS,49055-620,DIESEL S10,08/04/2025,"5,99",,R$ / litro,BRANCA
NE,SE,ARACAJU,L. V. COMERCIO DE COMBUSTIVEIS LTDA, 11.433.769/0001-10,RUA SAO CRISTOVAO,1877,,GETULIO VARGAS,49055-620,ETANOL,08/04/2025,"4,84",,R$ / litro,BRANCA
NE,SE,ARACAJU,ALPHA COMERCIAL DE COMBUSTIVEIS LTDA, 08.297.710/0008-03,AVENIDA FRANCISCO PORTO,650,LOJA  BR MANIA DELICATESSE,SALGADO FILHO,49020-120,GASOLINA,08/04/2025,"6,69",,R$ / litro,VIBRA
NE,SE,ARACAJU,ALPHA COMERCIAL DE COMBUSTIVEIS LTDA, 08.297.710/0008-03,AVENIDA FRANCISCO PORTO,650,LOJA  BR MANIA DELICATESSE,SALGADO FILHO,49020-120,GASOLINA ADITIVADA,08/04/2025,"6,89",,R$ / litro,VIBRA
NE,SE,ARACAJU,ALPHA COMERCIAL DE COMBUSTIVEIS LTDA, 08.297.710/0008-03,AVENIDA FRANCISCO PORTO,650,LOJA  BR MANIA DELICATESSE,SALGADO FILHO,49020-120,ETANOL,08/04/2025,"4,99",,R$ / litro,VIBRA
NE,SE,ARACAJU,REDE DE POSTOS PRESIDENTE LTDA, 32.864.795/0010-63,RUA LARANJEIRAS,1781,,GETULIO VARGAS,49055-380,GNV,08/04/2025,"4,90",,R$ / m³,VIBRA
NE,SE,ARACAJU,REDE DE POSTOS PRESIDENTE LTDA, 32.864.795/0010-63,RUA LARANJEIRAS,1781,,GETULIO VARGAS,49055-380,GASOLINA,08/04/2025,"6,69",,R$ / litro,VIBRA
NE,SE,ARACAJU,REDE DE POSTOS PRESIDENTE LTDA, 32.864.795/0010-63,RUA LARANJEIRAS,1781,,GETULIO VARGAS,49055-380,GASOLINA ADITIVADA,08/04/2025,"6,89",,R$ / litro,VIBRA
NE,SE,ARACAJU,POSTO PIRANEMA LTDA, 09.258.664/0003-91,AVENIDA PREFEITO HERACLITO ROLLEMBERG,2760,,FAROLANDIA,49030-640,GASOLINA,08/04/2025,"6,69",,R$ / litro,VIBRA
NE,SE,ARACAJU,POSTO PIRANEMA LTDA, 09.258.664/0003-91,AVENIDA PREFEITO HERACLITO ROLLEMBERG,2760,,FAROLANDIA,49030-640,GASOLINA ADITIVADA,08/04/2025,"6,89",,R$ / litro,VIBRA
NE,SE,ARACAJU,POSTO PIRANEMA LTDA, 09.258.664/0003-91,AVENIDA PREFEITO HERACLITO ROLLEMBERG,2760,,FAROLANDIA,49030-640,ETANOL,08/04/2025,"4,99",,R$ / litro,VIBRA
NE,SE,ARACAJU,VASPETRO COMBUSTIVEL LTDA, 04.979.182/0001-45,AVENIDA BARAO DE MARUIM,552,,CENTRO,49010-340,GASOLINA,15/04/2025,"6,52",,R$ / litro,BRANCA
NE,SE,ARACAJU,VASPETRO COMBUSTIVEL LTDA, 04.979.182/0001-45,AVENIDA BARAO DE MARUIM,552,,CENTRO,49010-340,GASOLINA ADITIVADA,15/04/2025,"6,52",,R$ / litro,BRANCA
NE,SE,ARACAJU,VASPETRO COMBUSTIVEL LTDA, 04.979.182/0001-45,AVENIDA BARAO DE MARUIM,552,,CENTRO,49010-340,ETANOL,15/04/2025,"4,89",,R$ / litro,BRANCA
NE,SE,ARACAJU,GAMA E CIA LTDA, 13.007.752/0002-07,AVENIDA AUGUSTO FRANCO,2990,,PONTO NOVO,49047-040,GASOLINA,15/04/2025,"6,52",,R$ / litro,VIBRA
NE,SE,ARACAJU,TYRESOLES DE SERGIPE INDUSTRIA COMERCIO E SERVICOS LTDA, 13.007.828/0010-04,AVENIDA GONCALO  ROLLEMBERG LEITE,1721,,LUZIA,49045-280,GASOLINA,15/04/2025,"6,57",,R$ / litro,RAIZEN
NE,SE,ARACAJU,TYRESOLES DE SERGIPE INDUSTRIA COMERCIO E SERVICOS LTDA, 13.007.828/0010-04,AVENIDA GONCALO  ROLLEMBERG LEITE,1721,,LUZIA,49045-280,GASOLINA ADITIVADA,15/04/2025,"6,91",,R$ / litro,RAIZEN
NE,SE,ARACAJU,TYRESOLES DE SERGIPE INDUSTRIA COMERCIO E SERVICOS LTDA, 13.007.828/0010-04,AVENIDA GONCALO  ROLLEMBERG LEITE,1721,,LUZIA,49045-280,ETANOL,15/04/2025,"4,80",,R$ / litro,RAIZEN
NE,SE,ARACAJU,REDE DE POSTOS PRESIDENTE LTDA, 32.864.795/0001-72,AVENIDA COELHO E CAMPOS,1254,,SANTO ANTONIO,49060-000,GNV,15/04/2025,"4,90",,R$ / m³,VIBRA
NE,SE,ARACAJU,REDE DE POSTOS PRESIDENTE LTDA, 32.864.795/0001-72,AVENIDA COELHO E CAMPOS,1254,,SANTO ANTONIO,49060-000,GASOLINA,15/04/2025,"6,59",,R$ / litro,VIBRA
NE,SE,ARACAJU,REDE DE POSTOS PRESIDENTE LTDA, 32.864.795/0001-72,AVENIDA COELHO E CAMPOS,1254,,SANTO ANTONIO,49060-000,GASOLINA ADITIVADA,15/04/2025,"6,79",,R$ / litro,VIBRA
NE,SE,ARACAJU,LIDER COMERCIO DE COMBUSTIVEIS LTDA, 15.591.357/0001-69,PRACA DA BANDEIRA,171,,CENTRO,49055-090,GASOLINA,15/04/2025,"6,52",,R$ / litro,VIBRA
NE,SE,ARACAJU,LIDER COMERCIO DE COMBUSTIVEIS LTDA, 15.591.357/0001-69,PRACA DA BANDEIRA,171,,CENTRO,49055-090,GASOLINA ADITIVADA,15/04/2025,"6,65",,R$ / litro,VIBRA
NE,SE,ARACAJU,LIDER COMERCIO DE COMBUSTIVEIS LTDA, 15.591.357/0001-69,PRACA DA BANDEIRA,171,,CENTRO,49055-090,ETANOL,15/04/2025,"4,89",,R$ / litro,VIBRA
NE,SE,ARACAJU,POSTO ARIBE EIRELI, 15.083.140/0001-48,AVENIDA PROF JOSE O DE L NETO,150,,AMERICA,49080-480,GASOLINA,15/04/2025,"6,56",,R$ / litro,VIBRA
NE,SE,ARACAJU,POSTO ARIBE EIRELI, 15.083.140/0001-48,AVENIDA PROF JOSE O DE L NETO,150,,AMERICA,49080-480,GASOLINA ADITIVADA,15/04/2025,"6,74",,R$ / litro,VIBRA
NE,SE,ARACAJU,POSTO ARIBE EIRELI, 15.083.140/0001-48,AVENIDA PROF JOSE O DE L NETO,150,,AMERICA,49080-480,ETANOL,15/04/2025,"4,89",,R$ / litro,VIBRA
NE,SE,ARACAJU,LUBRIFICANTES E ACESSÓRIOS LTDA., 13.257.050/0001-09,AVENIDA BEIRA MAR,6,,13 DE JULHO,49020-010,GASOLINA,15/04/2025,"6,52",,R$ / litro,VIBRA
NE,SE,ARACAJU,LUBRIFICANTES E ACESSÓRIOS LTDA., 13.257.050/0001-09,AVENIDA BEIRA MAR,6,,13 DE JULHO,49020-010,GASOLINA ADITIVADA,15/04/2025,"6,52",,R$ / litro,VIBRA
NE,SE,ARACAJU,LUBRIFICANTES E ACESSÓRIOS LTDA., 13.257.050/0001-09,AVENIDA BEIRA MAR,6,,13 DE JULHO,49020-010,ETANOL,15/04/2025,"4,89",,R$ / litro,VIBRA
NE,SE,ARACAJU,COMERCIAL MARIVAN LTDA, 13.179.247/0001-69,AVENIDA ADELIA FRANCO,2234,,LUZIA,49048-010,GASOLINA,15/04/2025,"6,52",,R$ / litro,VIBRA
NE,SE,ARACAJU,COMERCIAL MARIVAN LTDA, 13.179.247/0001-69,AVENIDA ADELIA FRANCO,2234,,LUZIA,49048-010,GASOLINA ADITIVADA,15/04/2025,"6,59",,R$ / litro,VIBRA
NE,SE,ARACAJU,COMERCIAL MARIVAN LTDA, 13.179.247/0001-69,AVENIDA ADELIA FRANCO,2234,,LUZIA,49048-010,ETANOL,15/04/2025,"4,80",,R$ / litro,VIBRA
NE,SE,ARACAJU,J. L. OLIVEIRA & BARROS LTDA, 13.113.477/0004-78,AVENIDA GENTIL TAVARES,381,CASA,GETULIO VARGAS,49055-670,GASOLINA,15/04/2025,"6,58",,R$ / litro,VIBRA
NE,SE,ARACAJU,J. L. OLIVEIRA & BARROS LTDA, 13.113.477/0004-78,AVENIDA GENTIL TAVARES,381,CASA,GETULIO VARGAS,49055-670,DIESEL S10,15/04/2025,"6,49",,R$ / litro,VIBRA
NE,SE,ARACAJU,POSTO CARMOPOLIS LTDA, 13.077.342/0001-51,AVENIDA JOAO RIBEIRO,680/684,0,SANTO ANTÔNIO,49060-330,GASOLINA,15/04/2025,"6,52",,R$ / litro,VIBRA
NE,SE,ARACAJU,POSTO CARMOPOLIS LTDA, 13.077.342/0001-51,AVENIDA JOAO RIBEIRO,680/684,0,SANTO ANTÔNIO,49060-330,GASOLINA ADITIVADA,15/04/2025,"6,52",,R$ / litro,VIBRA
NE,SE,ARACAJU,POSTO CARMOPOLIS LTDA, 13.077.342/0001-51,AVENIDA JOAO RIBEIRO,680/684,0,SANTO ANTÔNIO,49060-330,ETANOL,15/04/2025,"4,80",,R$ / litro,VIBRA
NE,SE,ARACAJU,KLEBER SANTOS BATISTA LTDA, 13.042.882/0001-08,AVENIDA DESEMBARGADOR MAYNARD,770,,CIRURGIA,49055-210,GNV,15/04/2025,"4,90",,R$ / m³,BRANCA
NE,SE,ARACAJU,KLEBER SANTOS BATISTA LTDA, 13.042.882/0001-08,AVENIDA DESEMBARGADOR MAYNARD,770,,CIRURGIA,49055-210,GASOLINA,15/04/2025,"6,52",,R$ / litro,BRANCA
NE,SE,ARACAJU,KLEBER SANTOS BATISTA LTDA, 13.042.882/0001-08,AVENIDA DESEMBARGADOR MAYNARD,770,,CIRURGIA,49055-210,GASOLINA ADITIVADA,15/04/2025,"6,52",,R$ / litro,BRANCA
NE,SE,ARACAJU,KLEBER SANTOS BATISTA LTDA, 13.042.882/0001-08,AVENIDA DESEMBARGADOR MAYNARD,770,,CIRURGIA,49055-210,DIESEL S10,15/04/2025,"5,78",,R$ / litro,BRANCA
NE,SE,ARACAJU,KLEBER SANTOS BATISTA LTDA, 13.042.882/0001-08,AVENIDA DESEMBARGADOR MAYNARD,770,,CIRURGIA,49055-210,ETANOL,15/04/2025,"4,80",,R$ / litro,BRANCA
NE,SE,ARACAJU,AMARAL & CIA LTDA, 13.008.610/0001-83,RUA MARIANO SALMERON,709,,SIQUEIRA CAMPOS,49075-370,GASOLINA,15/04/2025,"6,52",,R$ / litro,VIBRA
NE,SE,ARACAJU,AMARAL & CIA LTDA, 13.008.610/0001-83,RUA MARIANO SALMERON,709,,SIQUEIRA CAMPOS,49075-370,GASOLINA ADITIVADA,15/04/2025,"6,62",,R$ / litro,VIBRA
NE,SE,ARACAJU,AMARAL & CIA LTDA, 13.008.610/0001-83,RUA MARIANO SALMERON,709,,SIQUEIRA CAMPOS,49075-370,DIESEL S10,15/04/2025,"6,62",,R$ / litro,VIBRA
NE,SE,ARACAJU,AMARAL & CIA LTDA, 13.008.610/0001-83,RUA MARIANO SALMERON,709,,SIQUEIRA CAMPOS,49075-370,ETANOL,15/04/2025,"4,89",,R$ / litro,VIBRA
NE,SE,ARACAJU,GAMA E CIA LTDA, 13.007.752/0001-26,AVENIDA TANCREDO NEVES,2551,,DISTRITO INDUSTRIAL DE ARACAJU,49095-000,GASOLINA,15/04/2025,"6,52",,R$ / litro,VIBRA
NE,SE,ARACAJU,L. V. COMERCIO DE COMBUSTIVEIS LTDA, 11.433.769/0001-10,RUA SAO CRISTOVAO,1877,,GETULIO VARGAS,49055-620,GASOLINA,15/04/2025,"6,52",,R$ / litro,BRANCA
NE,SE,ARACAJU,L. V. COMERCIO DE COMBUSTIVEIS LTDA, 11.433.769/0001-10,RUA SAO CRISTOVAO,1877,,GETULIO VARGAS,49055-620,DIESEL S10,15/04/2025,"5,78",,R$ / litro,BRANCA
NE,SE,ARACAJU,L. V. COMERCIO DE COMBUSTIVEIS LTDA, 11.433.769/0001-10,RUA SAO CRISTOVAO,1877,,GETULIO VARGAS,49055-620,ETANOL,15/04/2025,"4,84",,R$ / litro,BRANCA
NE,SE,ARACAJU,ALPHA COMERCIAL DE COMBUSTIVEIS LTDA, 08.297.710/0008-03,AVENIDA FRANCISCO PORTO,650,LOJA  BR MANIA DELICATESSE,SALGADO FILHO,49020-120,GASOLINA,15/04/2025,"6,59",,R$ / litro,VIBRA
NE,SE,ARACAJU,ALPHA COMERCIAL DE COMBUSTIVEIS LTDA, 08.297.710/0008-03,AVENIDA FRANCISCO PORTO,650,LOJA  BR MANIA DELICATESSE,SALGADO FILHO,49020-120,GASOLINA ADITIVADA,15/04/2025,"6,79",,R$ / litro,VIBRA
NE,SE,ARACAJU,ALPHA COMERCIAL DE COMBUSTIVEIS LTDA, 08.297.710/0008-03,AVENIDA FRANCISCO PORTO,650,LOJA  BR MANIA DELICATESSE,SALGADO FILHO,49020-120,ETANOL,15/04/2025,"4,89",,R$ / litro,VIBRA
NE,SE,ARACAJU,REDE DE POSTOS PRESIDENTE LTDA, 32.864.795/0010-63,RUA LARANJEIRAS,1781,,GETULIO VARGAS,49055-380,GNV,15/04/2025,"4,90",,R$ / m³,VIBRA
NE,SE,ARACAJU,REDE DE POSTOS PRESIDENTE LTDA, 32.864.795/0010-63,RUA LARANJEIRAS,1781,,GETULIO VARGAS,49055-380,GASOLINA,15/04/2025,"6,59",,R$ / litro,VIBRA
NE,SE,ARACAJU,REDE DE POSTOS PRESIDENTE LTDA, 32.864.795/0010-63,RUA LARANJEIRAS,1781,,GETULIO VARGAS,49055-380,GASOLINA ADITIVADA,15/04/2025,"6,79",,R$ / litro,VIBRA
NE,SE,ARACAJU,POSTO PIRANEMA LTDA, 09.258.664/0003-91,AVENIDA PREFEITO HERACLITO ROLLEMBERG,2760,,FAROLANDIA,49030-640,GASOLINA,15/04/2025,"6,59",,R$ / litro,VIBRA
NE,SE,ARACAJU,POSTO PIRANEMA LTDA, 09.258.664/0003-91,AVENIDA PREFEITO HERACLITO ROLLEMBERG,2760,,FAROLANDIA,49030-640,GASOLINA ADITIVADA,15/04/2025,"6,79",,R$ / litro,VIBRA
NE,SE,ARACAJU,POSTO PIRANEMA LTDA, 09.258.664/0003-91,AVENIDA PREFEITO HERACLITO ROLLEMBERG,2760,,FAROLANDIA,49030-640,ETANOL,15/04/2025,"4,99",,R$ / litro,VIBRA
NE,SE,ARACAJU,VASPETRO COMBUSTIVEL LTDA, 04.979.182/0001-45,AVENIDA BARAO DE MARUIM,552,,CENTRO,49010-340,GASOLINA,22/04/2025,"6,52",,R$ / litro,BRANCA
NE,SE,ARACAJU,VASPETRO COMBUSTIVEL LTDA, 04.979.182/0001-45,AVENIDA BARAO DE MARUIM,552,,CENTRO,49010-340,GASOLINA ADITIVADA,22/04/2025,"6,52",,R$ / litro,BRANCA
NE,SE,ARACAJU,VASPETRO COMBUSTIVEL LTDA, 04.979.182/0001-45,AVENIDA BARAO DE MARUIM,552,,CENTRO,49010-340,ETANOL,22/04/2025,"4,89",,R$ / litro,BRANCA
NE,SE,ARACAJU,GAMA E CIA LTDA, 13.007.752/0002-07,AVENIDA AUGUSTO FRANCO,2990,,PONTO NOVO,49047-040,GASOLINA,22/04/2025,"6,62",,R$ / litro,VIBRA
NE,SE,ARACAJU,TYRESOLES DE SERGIPE INDUSTRIA COMERCIO E SERVICOS LTDA, 13.007.828/0010-04,AVENIDA GONCALO  ROLLEMBERG LEITE,1721,,LUZIA,49045-280,GASOLINA,22/04/2025,"6,57",,R$ / litro,RAIZEN
NE,SE,ARACAJU,TYRESOLES DE SERGIPE INDUSTRIA COMERCIO E SERVICOS LTDA, 13.007.828/0010-04,AVENIDA GONCALO  ROLLEMBERG LEITE,1721,,LUZIA,49045-280,GASOLINA ADITIVADA,22/04/2025,"6,91",,R$ / litro,RAIZEN
NE,SE,ARACAJU,TYRESOLES DE SERGIPE INDUSTRIA COMERCIO E SERVICOS LTDA, 13.007.828/0010-04,AVENIDA GONCALO  ROLLEMBERG LEITE,1721,,LUZIA,49045-280,ETANOL,22/04/2025,"4,80",,R$ / litro,RAIZEN
NE,SE,ARACAJU,REDE DE POSTOS PRESIDENTE LTDA, 32.864.795/0001-72,AVENIDA COELHO E CAMPOS,1254,,SANTO ANTONIO,49060-000,GNV,22/04/2025,"4,90",,R$ / m³,VIBRA
NE,SE,ARACAJU,REDE DE POSTOS PRESIDENTE LTDA, 32.864.795/0001-72,AVENIDA COELHO E CAMPOS,1254,,SANTO ANTONIO,49060-000,GASOLINA,22/04/2025,"6,59",,R$ / litro,VIBRA
NE,SE,ARACAJU,REDE DE POSTOS PRESIDENTE LTDA, 32.864.795/0001-72,AVENIDA COELHO E CAMPOS,1254,,SANTO ANTONIO,49060-000,GASOLINA ADITIVADA,22/04/2025,"6,79",,R$ / litro,VIBRA
NE,SE,ARACAJU,LIDER COMERCIO DE COMBUSTIVEIS LTDA, 15.591.357/0001-69,PRACA DA BANDEIRA,171,,CENTRO,49055-090,GASOLINA,22/04/2025,"6,52",,R$ / litro,VIBRA
NE,SE,ARACAJU,LIDER COMERCIO DE COMBUSTIVEIS LTDA, 15.591.357/0001-69,PRACA DA BANDEIRA,171,,CENTRO,49055-090,GASOLINA ADITIVADA,22/04/2025,"6,65",,R$ / litro,VIBRA
NE,SE,ARACAJU,LIDER COMERCIO DE COMBUSTIVEIS LTDA, 15.591.357/0001-69,PRACA DA BANDEIRA,171,,CENTRO,49055-090,ETANOL,22/04/2025,"4,99",,R$ / litro,VIBRA
NE,SE,ARACAJU,POSTO ARIBE EIRELI, 15.083.140/0001-48,AVENIDA PROF JOSE O DE L NETO,150,,AMERICA,49080-480,GASOLINA,22/04/2025,"6,56",,R$ / litro,VIBRA
NE,SE,ARACAJU,POSTO ARIBE EIRELI, 15.083.140/0001-48,AVENIDA PROF JOSE O DE L NETO,150,,AMERICA,49080-480,GASOLINA ADITIVADA,22/04/2025,"6,74",,R$ / litro,VIBRA
NE,SE,ARACAJU,POSTO ARIBE EIRELI, 15.083.140/0001-48,AVENIDA PROF JOSE O DE L NETO,150,,AMERICA,49080-480,ETANOL,22/04/2025,"4,89",,R$ / litro,VIBRA
NE,SE,ARACAJU,COMERCIAL MARIVAN LTDA, 13.179.247/0001-69,AVENIDA ADELIA FRANCO,2234,,LUZIA,49048-010,GASOLINA,22/04/2025,"6,52",,R$ / litro,VIBRA
NE,SE,ARACAJU,COMERCIAL MARIVAN LTDA, 13.179.247/0001-69,AVENIDA ADELIA FRANCO,2234,,LUZIA,49048-010,GASOLINA ADITIVADA,22/04/2025,"6,59",,R$ / litro,VIBRA
NE,SE,ARACAJU,COMERCIAL MARIVAN LTDA, 13.179.247/0001-69,AVENIDA ADELIA FRANCO,2234,,LUZIA,49048-010,ETANOL,22/04/2025,"4,80",,R$ / litro,VIBRA
NE,SE,ARACAJU,J. L. OLIVEIRA & BARROS LTDA, 13.113.477/0004-78,AVENIDA GENTIL TAVARES,381,CASA,GETULIO VARGAS,49055-670,GASOLINA,22/04/2025,"6,58",,R$ / litro,VIBRA
NE,SE,ARACAJU,J. L. OLIVEIRA & BARROS LTDA, 13.113.477/0004-78,AVENIDA GENTIL TAVARES,381,CASA,GETULIO VARGAS,49055-670,DIESEL S10,22/04/2025,"6,29",,R$ / litro,VIBRA
NE,SE,ARACAJU,POSTO CARMOPOLIS LTDA, 13.077.342/0001-51,AVENIDA JOAO RIBEIRO,680/684,0,SANTO ANTÔNIO,49060-330,GASOLINA,22/04/2025,"6,52",,R$ / litro,VIBRA
NE,SE,ARACAJU,POSTO CARMOPOLIS LTDA, 13.077.342/0001-51,AVENIDA JOAO RIBEIRO,680/684,0,SANTO ANTÔNIO,49060-330,GASOLINA ADITIVADA,22/04/2025,"6,52",,R$ / litro,VIBRA
NE,SE,ARACAJU,POSTO CARMOPOLIS LTDA, 13.077.342/0001-51,AVENIDA JOAO RIBEIRO,680/684,0,SANTO ANTÔNIO,49060-330,ETANOL,22/04/2025,"4,80",,R$ / litro,VIBRA
NE,SE,ARACAJU,KLEBER SANTOS BATISTA LTDA, 13.042.882/0001-08,AVENIDA DESEMBARGADOR MAYNARD,770,,CIRURGIA,49055-210,GNV,22/04/2025,"4,90",,R$ / m³,BRANCA
NE,SE,ARACAJU,KLEBER SANTOS BATISTA LTDA, 13.042.882/0001-08,AVENIDA DESEMBARGADOR MAYNARD,770,,CIRURGIA,49055-210,GASOLINA,22/04/2025,"6,52",,R$ / litro,BRANCA
NE,SE,ARACAJU,KLEBER SANTOS BATISTA LTDA, 13.042.882/0001-08,AVENIDA DESEMBARGADOR MAYNARD,770,,CIRURGIA,49055-210,GASOLINA ADITIVADA,22/04/2025,"6,52",,R$ / litro,BRANCA
NE,SE,ARACAJU,KLEBER SANTOS BATISTA LTDA, 13.042.882/0001-08,AVENIDA DESEMBARGADOR MAYNARD,770,,CIRURGIA,49055-210,DIESEL S10,22/04/2025,"5,78",,R$ / litro,BRANCA
NE,SE,ARACAJU,KLEBER SANTOS BATISTA LTDA, 13.042.882/0001-08,AVENIDA DESEMBARGADOR MAYNARD,770,,CIRURGIA,49055-210,ETANOL,22/04/2025,"4,80",,R$ / litro,BRANCA
NE,SE,ARACAJU,AMARAL & CIA LTDA, 13.008.610/0001-83,RUA MARIANO SALMERON,709,,SIQUEIRA CAMPOS,49075-370,GASOLINA,22/04/2025,"6,52",,R$ / litro,VIBRA
NE,SE,ARACAJU,AMARAL & CIA LTDA, 13.008.610/0001-83,RUA MARIANO SALMERON,709,,SIQUEIRA CAMPOS,49075-370,GASOLINA ADITIVADA,22/04/2025,"6,62",,R$ / litro,VIBRA
NE,SE,ARACAJU,AMARAL & CIA LTDA, 13.008.610/0001-83,RUA MARIANO SALMERON,709,,SIQUEIRA CAMPOS,49075-370,DIESEL S10,22/04/2025,"6,62",,R$ / litro,VIBRA
NE,SE,ARACAJU,AMARAL & CIA LTDA, 13.008.610/0001-83,RUA MARIANO SALMERON,709,,SIQUEIRA CAMPOS,49075-370,ETANOL,22/04/2025,"4,89",,R$ / litro,VIBRA
NE,SE,ARACAJU,GAMA E CIA LTDA, 13.007.752/0001-26,AVENIDA TANCREDO NEVES,2551,,DISTRITO INDUSTRIAL DE ARACAJU,49095-000,GASOLINA,22/04/2025,"6,52",,R$ / litro,VIBRA
NE,SE,ARACAJU,L. V. COMERCIO DE COMBUSTIVEIS LTDA, 11.433.769/0001-10,RUA SAO CRISTOVAO,1877,,GETULIO VARGAS,49055-620,GASOLINA,22/04/2025,"6,52",,R$ / litro,BRANCA
NE,SE,ARACAJU,L. V. COMERCIO DE COMBUSTIVEIS LTDA, 11.433.769/0001-10,RUA SAO CRISTOVAO,1877,,GETULIO VARGAS,49055-620,DIESEL S10,22/04/2025,"5,78",,R$ / litro,BRANCA
NE,SE,ARACAJU,L. V. COMERCIO DE COMBUSTIVEIS LTDA, 11.433.769/0001-10,RUA SAO CRISTOVAO,1877,,GETULIO VARGAS,49055-620,ETANOL,22/04/2025,"4,84",,R$ / litro,BRANCA
NE,SE,ARACAJU,ALPHA COMERCIAL DE COMBUSTIVEIS LTDA, 08.297.710/0008-03,AVENIDA FRANCISCO PORTO,650,LOJA  BR MANIA DELICATESSE,SALGADO FILHO,49020-120,GASOLINA,22/04/2025,"6,69",,R$ / litro,VIBRA
NE,SE,ARACAJU,ALPHA COMERCIAL DE COMBUSTIVEIS LTDA, 08.297.710/0008-03,AVENIDA FRANCISCO PORTO,650,LOJA  BR MANIA DELICATESSE,SALGADO FILHO,49020-120,GASOLINA ADITIVADA,22/04/2025,"6,89",,R$ / litro,VIBRA
NE,SE,ARACAJU,ALPHA COMERCIAL DE COMBUSTIVEIS LTDA, 08.297.710/0008-03,AVENIDA FRANCISCO PORTO,650,LOJA  BR MANIA DELICATESSE,SALGADO FILHO,49020-120,ETANOL,22/04/2025,"4,89",,R$ / litro,VIBRA
NE,SE,ARACAJU,REDE DE POSTOS PRESIDENTE LTDA, 32.864.795/0010-63,RUA LARANJEIRAS,1781,,GETULIO VARGAS,49055-380,GNV,22/04/2025,"4,90",,R$ / m³,VIBRA
NE,SE,ARACAJU,REDE DE POSTOS PRESIDENTE LTDA, 32.864.795/0010-63,RUA LARANJEIRAS,1781,,GETULIO VARGAS,49055-380,GASOLINA,22/04/2025,"6,59",,R$ / litro,VIBRA
NE,SE,ARACAJU,REDE DE POSTOS PRESIDENTE LTDA, 32.864.795/0010-63,RUA LARANJEIRAS,1781,,GETULIO VARGAS,49055-380,GASOLINA ADITIVADA,22/04/2025,"6,79",,R$ / litro,VIBRA
NE,SE,ARACAJU,POSTO PIRANEMA LTDA, 09.258.664/0003-91,AVENIDA PREFEITO HERACLITO ROLLEMBERG,2760,,FAROLANDIA,49030-640,GASOLINA,22/04/2025,"6,59",,R$ / litro,VIBRA
NE,SE,ARACAJU,POSTO PIRANEMA LTDA, 09.258.664/0003-91,AVENIDA PREFEITO HERACLITO ROLLEMBERG,2760,,FAROLANDIA,49030-640,GASOLINA ADITIVADA,22/04/2025,"6,79",,R$ / litro,VIBRA
NE,SE,ARACAJU,POSTO PIRANEMA LTDA, 09.258.664/0003-91,AVENIDA PREFEITO HERACLITO ROLLEMBERG,2760,,FAROLANDIA,49030-640,ETANOL,22/04/2025,"4,99",,R$ / litro,VIBRA
NE,SE,ARACAJU,VASPETRO COMBUSTIVEL LTDA, 04.979.182/0001-45,AVENIDA BARAO DE MARUIM,552,,CENTRO,49010-340,GASOLINA,29/04/2025,"6,52",,R$ / litro,BRANCA
NE,SE,ARACAJU,VASPETRO COMBUSTIVEL LTDA, 04.979.182/0001-45,AVENIDA BARAO DE MARUIM,552,,CENTRO,49010-340,GASOLINA ADITIVADA,29/04/2025,"6,52",,R$ / litro,BRANCA
NE,SE,ARACAJU,VASPETRO COMBUSTIVEL LTDA, 04.979.182/0001-45,AVENIDA BARAO DE MARUIM,552,,CENTRO,49010-340,ETANOL,29/04/2025,"4,89",,R$ / litro,BRANCA
NE,SE,ARACAJU,GAMA E CIA LTDA, 13.007.752/0002-07,AVENIDA AUGUSTO FRANCO,2990,,PONTO NOVO,49047-040,GASOLINA,29/04/2025,"6,52",,R$ / litro,VIBRA
NE,SE,ARACAJU,TYRESOLES DE SERGIPE INDUSTRIA COMERCIO E SERVICOS LTDA, 13.007.828/0010-04,AVENIDA GONCALO  ROLLEMBERG LEITE,1721,,LUZIA,49045-280,GASOLINA,29/04/2025,"6,57",,R$ / litro,RAIZEN
NE,SE,ARACAJU,TYRESOLES DE SERGIPE INDUSTRIA COMERCIO E SERVICOS LTDA, 13.007.828/0010-04,AVENIDA GONCALO  ROLLEMBERG LEITE,1721,,LUZIA,49045-280,GASOLINA ADITIVADA,29/04/2025,"6,91",,R$ / litro,RAIZEN
NE,SE,ARACAJU,TYRESOLES DE SERGIPE INDUSTRIA COMERCIO E SERVICOS LTDA, 13.007.828/0010-04,AVENIDA GONCALO  ROLLEMBERG LEITE,1721,,LUZIA,49045-280,ETANOL,29/04/2025,"4,80",,R$ / litro,RAIZEN
NE,SE,ARACAJU,REDE DE POSTOS PRESIDENTE LTDA, 32.864.795/0001-72,AVENIDA COELHO E CAMPOS,1254,,SANTO ANTONIO,49060-000,GNV,29/04/2025,"4,90",,R$ / m³,VIBRA
NE,SE,ARACAJU,REDE DE POSTOS PRESIDENTE LTDA, 32.864.795/0001-72,AVENIDA COELHO E CAMPOS,1254,,SANTO ANTONIO,49060-000,GASOLINA,29/04/2025,"6,69",,R$ / litro,VIBRA
NE,SE,ARACAJU,REDE DE POSTOS PRESIDENTE LTDA, 32.864.795/0001-72,AVENIDA COELHO E CAMPOS,1254,,SANTO ANTONIO,49060-000,GASOLINA ADITIVADA,29/04/2025,"6,89",,R$ / litro,VIBRA
NE,SE,ARACAJU,LIDER COMERCIO DE COMBUSTIVEIS LTDA, 15.591.357/0001-69,PRACA DA BANDEIRA,171,,CENTRO,49055-090,GASOLINA,29/04/2025,"6,62",,R$ / litro,VIBRA
NE,SE,ARACAJU,LIDER COMERCIO DE COMBUSTIVEIS LTDA, 15.591.357/0001-69,PRACA DA BANDEIRA,171,,CENTRO,49055-090,GASOLINA ADITIVADA,29/04/2025,"6,75",,R$ / litro,VIBRA
NE,SE,ARACAJU,LIDER COMERCIO DE COMBUSTIVEIS LTDA, 15.591.357/0001-69,PRACA DA BANDEIRA,171,,CENTRO,49055-090,ETANOL,29/04/2025,"4,99",,R$ / litro,VIBRA
NE,SE,ARACAJU,POSTO ARIBE EIRELI, 15.083.140/0001-48,AVENIDA PROF JOSE O DE L NETO,150,,AMERICA,49080-480,GASOLINA,29/04/2025,"6,65",,R$ / litro,VIBRA
NE,SE,ARACAJU,POSTO ARIBE EIRELI, 15.083.140/0001-48,AVENIDA PROF JOSE O DE L NETO,150,,AMERICA,49080-480,GASOLINA ADITIVADA,29/04/2025,"6,83",,R$ / litro,VIBRA
NE,SE,ARACAJU,POSTO ARIBE EIRELI, 15.083.140/0001-48,AVENIDA PROF JOSE O DE L NETO,150,,AMERICA,49080-480,ETANOL,29/04/2025,"4,89",,R$ / litro,VIBRA
NE,SE,ARACAJU,LUBRIFICANTES E ACESSÓRIOS LTDA., 13.257.050/0001-09,AVENIDA BEIRA MAR,6,,13 DE JULHO,49020-010,GASOLINA,29/04/2025,"6,62",,R$ / litro,VIBRA
NE,SE,ARACAJU,LUBRIFICANTES E ACESSÓRIOS LTDA., 13.257.050/0001-09,AVENIDA BEIRA MAR,6,,13 DE JULHO,49020-010,GASOLINA ADITIVADA,29/04/2025,"6,62",,R$ / litro,VIBRA
NE,SE,ARACAJU,LUBRIFICANTES E ACESSÓRIOS LTDA., 13.257.050/0001-09,AVENIDA BEIRA MAR,6,,13 DE JULHO,49020-010,ETANOL,29/04/2025,"4,92",,R$ / litro,VIBRA
NE,SE,ARACAJU,COMERCIAL MARIVAN LTDA, 13.179.247/0001-69,AVENIDA ADELIA FRANCO,2234,,LUZIA,49048-010,GASOLINA,29/04/2025,"6,52",,R$ / litro,VIBRA
NE,SE,ARACAJU,COMERCIAL MARIVAN LTDA, 13.179.247/0001-69,AVENIDA ADELIA FRANCO,2234,,LUZIA,49048-010,GASOLINA ADITIVADA,29/04/2025,"6,59",,R$ / litro,VIBRA
NE,SE,ARACAJU,COMERCIAL MARIVAN LTDA, 13.179.247/0001-69,AVENIDA ADELIA FRANCO,2234,,LUZIA,49048-010,ETANOL,29/04/2025,"4,80",,R$ / litro,VIBRA
NE,SE,ARACAJU,J. L. OLIVEIRA & BARROS LTDA, 13.113.477/0004-78,AVENIDA GENTIL TAVARES,381,CASA,GETULIO VARGAS,49055-670,GASOLINA,29/04/2025,"6,68",,R$ / litro,VIBRA
NE,SE,ARACAJU,J. L. OLIVEIRA & BARROS LTDA, 13.113.477/0004-78,AVENIDA GENTIL TAVARES,381,CASA,GETULIO VARGAS,49055-670,DIESEL S10,29/04/2025,"6,29",,R$ / litro,VIBRA
NE,SE,ARACAJU,POSTO CARMOPOLIS LTDA, 13.077.342/0001-51,AVENIDA JOAO RIBEIRO,680/684,0,SANTO ANTÔNIO,49060-330,GASOLINA,29/04/2025,"6,62",,R$ / litro,VIBRA
NE,SE,ARACAJU,POSTO CARMOPOLIS LTDA, 13.077.342/0001-51,AVENIDA JOAO RIBEIRO,680/684,0,SANTO ANTÔNIO,49060-330,GASOLINA ADITIVADA,29/04/2025,"6,62",,R$ / litro,VIBRA
NE,SE,ARACAJU,POSTO CARMOPOLIS LTDA, 13.077.342/0001-51,AVENIDA JOAO RIBEIRO,680/684,0,SANTO ANTÔNIO,49060-330,ETANOL,29/04/2025,"4,80",,R$ / litro,VIBRA
NE,SE,ARACAJU,KLEBER SANTOS BATISTA LTDA, 13.042.882/0001-08,AVENIDA DESEMBARGADOR MAYNARD,770,,CIRURGIA,49055-210,GNV,29/04/2025,"4,90",,R$ / m³,BRANCA
NE,SE,ARACAJU,KLEBER SANTOS BATISTA LTDA, 13.042.882/0001-08,AVENIDA DESEMBARGADOR MAYNARD,770,,CIRURGIA,49055-210,GASOLINA,29/04/2025,"6,62",,R$ / litro,BRANCA
NE,SE,ARACAJU,KLEBER SANTOS BATISTA LTDA, 13.042.882/0001-08,AVENIDA DESEMBARGADOR MAYNARD,770,,CIRURGIA,49055-210,GASOLINA ADITIVADA,29/04/2025,"6,62",,R$ / litro,BRANCA
NE,SE,ARACAJU,KLEBER SANTOS BATISTA LTDA, 13.042.882/0001-08,AVENIDA DESEMBARGADOR MAYNARD,770,,CIRURGIA,49055-210,DIESEL S10,29/04/2025,"5,78",,R$ / litro,BRANCA
NE,SE,ARACAJU,KLEBER SANTOS BATISTA LTDA, 13.042.882/0001-08,AVENIDA DESEMBARGADOR MAYNARD,770,,CIRURGIA,49055-210,ETANOL,29/04/2025,"4,80",,R$ / litro,BRANCA
NE,SE,ARACAJU,AMARAL & CIA LTDA, 13.008.610/0001-83,RUA MARIANO SALMERON,709,,SIQUEIRA CAMPOS,49075-370,GASOLINA,29/04/2025,"6,52",,R$ / litro,VIBRA
NE,SE,ARACAJU,AMARAL & CIA LTDA, 13.008.610/0001-83,RUA MARIANO SALMERON,709,,SIQUEIRA CAMPOS,49075-370,GASOLINA ADITIVADA,29/04/2025,"6,62",,R$ / litro,VIBRA
NE,SE,ARACAJU,AMARAL & CIA LTDA, 13.008.610/0001-83,RUA MARIANO SALMERON,709,,SIQUEIRA CAMPOS,49075-370,DIESEL S10,29/04/2025,"6,62",,R$ / litro,VIBRA
NE,SE,ARACAJU,AMARAL & CIA LTDA, 13.008.610/0001-83,RUA MARIANO SALMERON,709,,SIQUEIRA CAMPOS,49075-370,ETANOL,29/04/2025,"4,89",,R$ / litro,VIBRA
NE,SE,ARACAJU,GAMA E CIA LTDA, 13.007.752/0001-26,AVENIDA TANCREDO NEVES,2551,,DISTRITO INDUSTRIAL DE ARACAJU,49095-000,GASOLINA,29/04/2025,"6,52",,R$ / litro,VIBRA
NE,SE,ARACAJU,L. V. COMERCIO DE COMBUSTIVEIS LTDA, 11.433.769/0001-10,RUA SAO CRISTOVAO,1877,,GETULIO VARGAS,49055-620,GASOLINA,29/04/2025,"6,62",,R$ / litro,BRANCA
NE,SE,ARACAJU,L. V. COMERCIO DE COMBUSTIVEIS LTDA, 11.433.769/0001-10,RUA SAO CRISTOVAO,1877,,GETULIO VARGAS,49055-620,DIESEL S10,29/04/2025,"5,78",,R$ / litro,BRANCA
NE,SE,ARACAJU,L. V. COMERCIO DE COMBUSTIVEIS LTDA, 11.433.769/0001-10,RUA SAO CRISTOVAO,1877,,GETULIO VARGAS,49055-620,ETANOL,29/04/2025,"4,84",,R$ / litro,BRANCA
NE,SE,ARACAJU,ALPHA COMERCIAL DE COMBUSTIVEIS LTDA, 08.297.710/0008-03,AVENIDA FRANCISCO PORTO,650,LOJA  BR MANIA DELICATESSE,SALGADO FILHO,49020-120,GASOLINA,29/04/2025,"6,69",,R$ / litro,VIBRA
NE,SE,ARACAJU,ALPHA COMERCIAL DE COMBUSTIVEIS LTDA, 08.297.710/0008-03,AVENIDA FRANCISCO PORTO,650,LOJA  BR MANIA DELICATESSE,SALGADO FILHO,49020-120,GASOLINA ADITIVADA,29/04/2025,"6,89",,R$ / litro,VIBRA
NE,SE,ARACAJU,ALPHA COMERCIAL DE COMBUSTIVEIS LTDA, 08.297.710/0008-03,AVENIDA FRANCISCO PORTO,650,LOJA  BR MANIA DELICATESSE,SALGADO FILHO,49020-120,ETANOL,29/04/2025,"4,89",,R$ / litro,VIBRA
NE,SE,ARACAJU,REDE DE POSTOS PRESIDENTE LTDA, 32.864.795/0010-63,RUA LARANJEIRAS,1781,,GETULIO VARGAS,49055-380,GNV,29/04/2025,"4,90",,R$ / m³,VIBRA
NE,SE,ARACAJU,REDE DE POSTOS PRESIDENTE LTDA, 32.864.795/0010-63,RUA LARANJEIRAS,1781,,GETULIO VARGAS,49055-380,GASOLINA,29/04/2025,"6,69",,R$ / litro,VIBRA
NE,SE,ARACAJU,REDE DE POSTOS PRESIDENTE LTDA, 32.864.795/0010-63,RUA LARANJEIRAS,1781,,GETULIO VARGAS,49055-380,GASOLINA ADITIVADA,29/04/2025,"6,89",,R$ / litro,VIBRA
NE,SE,ARACAJU,POSTO PIRANEMA LTDA, 09.258.664/0003-91,AVENIDA PREFEITO HERACLITO ROLLEMBERG,2760,,FAROLANDIA,49030-640,GASOLINA,29/04/2025,"6,69",,R$ / litro,VIBRA
NE,SE,ARACAJU,POSTO PIRANEMA LTDA, 09.258.664/0003-91,AVENIDA PREFEITO HERACLITO ROLLEMBERG,2760,,FAROLANDIA,49030-640,GASOLINA ADITIVADA,29/04/2025,"6,89",,R$ / litro,VIBRA
NE,SE,ARACAJU,POSTO PIRANEMA LTDA, 09.258.664/0003-91,AVENIDA PREFEITO HERACLITO ROLLEMBERG,2760,,FAROLANDIA,49030-640,ETANOL,29/04/2025,"4,99",,R$ / litro,VIBRA
NE,SE,ARACAJU,VASPETRO COMBUSTIVEL LTDA, 04.979.182/0001-45,AVENIDA BARAO DE MARUIM,552,,CENTRO,49010-340,GASOLINA,05/05/2025,"6,62",,R$ / litro,BRANCA
NE,SE,ARACAJU,VASPETRO COMBUSTIVEL LTDA, 04.979.182/0001-45,AVENIDA BARAO DE MARUIM,552,,CENTRO,49010-340,GASOLINA ADITIVADA,05/05/2025,"6,62",,R$ / litro,BRANCA
NE,SE,ARACAJU,VASPETRO COMBUSTIVEL LTDA, 04.979.182/0001-45,AVENIDA BARAO DE MARUIM,552,,CENTRO,49010-340,ETANOL,05/05/2025,"4,99",,R$ / litro,BRANCA
NE,SE,ARACAJU,GAMA E CIA LTDA, 13.007.752/0002-07,AVENIDA AUGUSTO FRANCO,2990,,PONTO NOVO,49047-040,GASOLINA,05/05/2025,"6,62",,R$ / litro,VIBRA
NE,SE,ARACAJU,TYRESOLES DE SERGIPE INDUSTRIA COMERCIO E SERVICOS LTDA, 13.007.828/0010-04,AVENIDA GONCALO  ROLLEMBERG LEITE,1721,,LUZIA,49045-280,GASOLINA,05/05/2025,"6,67",,R$ / litro,RAIZEN
NE,SE,ARACAJU,TYRESOLES DE SERGIPE INDUSTRIA COMERCIO E SERVICOS LTDA, 13.007.828/0010-04,AVENIDA GONCALO  ROLLEMBERG LEITE,1721,,LUZIA,49045-280,GASOLINA ADITIVADA,05/05/2025,"7,01",,R$ / litro,RAIZEN
NE,SE,ARACAJU,TYRESOLES DE SERGIPE INDUSTRIA COMERCIO E SERVICOS LTDA, 13.007.828/0010-04,AVENIDA GONCALO  ROLLEMBERG LEITE,1721,,LUZIA,49045-280,ETANOL,05/05/2025,"4,80",,R$ / litro,RAIZEN
NE,SE,ARACAJU,REDE DE POSTOS PRESIDENTE LTDA, 32.864.795/0001-72,AVENIDA COELHO E CAMPOS,1254,,SANTO ANTONIO,49060-000,GNV,05/05/2025,"4,90",,R$ / m³,VIBRA
NE,SE,ARACAJU,REDE DE POSTOS PRESIDENTE LTDA, 32.864.795/0001-72,AVENIDA COELHO E CAMPOS,1254,,SANTO ANTONIO,49060-000,GASOLINA,05/05/2025,"6,69",,R$ / litro,VIBRA
NE,SE,ARACAJU,REDE DE POSTOS PRESIDENTE LTDA, 32.864.795/0001-72,AVENIDA COELHO E CAMPOS,1254,,SANTO ANTONIO,49060-000,GASOLINA ADITIVADA,05/05/2025,"6,89",,R$ / litro,VIBRA
NE,SE,ARACAJU,LIDER COMERCIO DE COMBUSTIVEIS LTDA, 15.591.357/0001-69,PRACA DA BANDEIRA,171,,CENTRO,49055-090,GASOLINA,05/05/2025,"6,62",,R$ / litro,VIBRA
NE,SE,ARACAJU,LIDER COMERCIO DE COMBUSTIVEIS LTDA, 15.591.357/0001-69,PRACA DA BANDEIRA,171,,CENTRO,49055-090,GASOLINA ADITIVADA,05/05/2025,"6,75",,R$ / litro,VIBRA
NE,SE,ARACAJU,LIDER COMERCIO DE COMBUSTIVEIS LTDA, 15.591.357/0001-69,PRACA DA BANDEIRA,171,,CENTRO,49055-090,ETANOL,05/05/2025,"4,99",,R$ / litro,VIBRA
NE,SE,ARACAJU,POSTO ARIBE EIRELI, 15.083.140/0001-48,AVENIDA PROF JOSE O DE L NETO,150,,AMERICA,49080-480,GASOLINA,05/05/2025,"6,65",,R$ / litro,VIBRA
NE,SE,ARACAJU,POSTO ARIBE EIRELI, 15.083.140/0001-48,AVENIDA PROF JOSE O DE L NETO,150,,AMERICA,49080-480,GASOLINA ADITIVADA,05/05/2025,"6,83",,R$ / litro,VIBRA
NE,SE,ARACAJU,POSTO ARIBE EIRELI, 15.083.140/0001-48,AVENIDA PROF JOSE O DE L NETO,150,,AMERICA,49080-480,ETANOL,05/05/2025,"4,89",,R$ / litro,VIBRA
NE,SE,ARACAJU,LUBRIFICANTES E ACESSÓRIOS LTDA., 13.257.050/0001-09,AVENIDA BEIRA MAR,6,,13 DE JULHO,49020-010,GASOLINA,05/05/2025,"6,62",,R$ / litro,VIBRA
NE,SE,ARACAJU,LUBRIFICANTES E ACESSÓRIOS LTDA., 13.257.050/0001-09,AVENIDA BEIRA MAR,6,,13 DE JULHO,49020-010,GASOLINA ADITIVADA,05/05/2025,"6,62",,R$ / litro,VIBRA
NE,SE,ARACAJU,LUBRIFICANTES E ACESSÓRIOS LTDA., 13.257.050/0001-09,AVENIDA BEIRA MAR,6,,13 DE JULHO,49020-010,ETANOL,05/05/2025,"4,92",,R$ / litro,VIBRA
NE,SE,ARACAJU,COMERCIAL MARIVAN LTDA, 13.179.247/0001-69,AVENIDA ADELIA FRANCO,2234,,LUZIA,49048-010,GASOLINA,05/05/2025,"6,62",,R$ / litro,VIBRA
NE,SE,ARACAJU,COMERCIAL MARIVAN LTDA, 13.179.247/0001-69,AVENIDA ADELIA FRANCO,2234,,LUZIA,49048-010,GASOLINA ADITIVADA,05/05/2025,"6,69",,R$ / litro,VIBRA
NE,SE,ARACAJU,COMERCIAL MARIVAN LTDA, 13.179.247/0001-69,AVENIDA ADELIA FRANCO,2234,,LUZIA,49048-010,ETANOL,05/05/2025,"4,80",,R$ / litro,VIBRA
NE,SE,ARACAJU,J. L. OLIVEIRA & BARROS LTDA, 13.113.477/0004-78,AVENIDA GENTIL TAVARES,381,CASA,GETULIO VARGAS,49055-670,GASOLINA,05/05/2025,"6,68",,R$ / litro,VIBRA
NE,SE,ARACAJU,J. L. OLIVEIRA & BARROS LTDA, 13.113.477/0004-78,AVENIDA GENTIL TAVARES,381,CASA,GETULIO VARGAS,49055-670,DIESEL S10,05/05/2025,"6,29",,R$ / litro,VIBRA
NE,SE,ARACAJU,POSTO CARMOPOLIS LTDA, 13.077.342/0001-51,AVENIDA JOAO RIBEIRO,680/684,0,SANTO ANTÔNIO,49060-330,GASOLINA,05/05/2025,"6,62",,R$ / litro,VIBRA
NE,SE,ARACAJU,POSTO CARMOPOLIS LTDA, 13.077.342/0001-51,AVENIDA JOAO RIBEIRO,680/684,0,SANTO ANTÔNIO,49060-330,GASOLINA ADITIVADA,05/05/2025,"6,62",,R$ / litro,VIBRA
NE,SE,ARACAJU,POSTO CARMOPOLIS LTDA, 13.077.342/0001-51,AVENIDA JOAO RIBEIRO,680/684,0,SANTO ANTÔNIO,49060-330,ETANOL,05/05/2025,"4,80",,R$ / litro,VIBRA
NE,SE,ARACAJU,KLEBER SANTOS BATISTA LTDA, 13.042.882/0001-08,AVENIDA DESEMBARGADOR MAYNARD,770,,CIRURGIA,49055-210,GNV,05/05/2025,"4,90",,R$ / m³,BRANCA
NE,SE,ARACAJU,KLEBER SANTOS BATISTA LTDA, 13.042.882/0001-08,AVENIDA DESEMBARGADOR MAYNARD,770,,CIRURGIA,49055-210,GASOLINA,05/05/2025,"6,62",,R$ / litro,BRANCA
NE,SE,ARACAJU,KLEBER SANTOS BATISTA LTDA, 13.042.882/0001-08,AVENIDA DESEMBARGADOR MAYNARD,770,,CIRURGIA,49055-210,GASOLINA ADITIVADA,05/05/2025,"6,62",,R$ / litro,BRANCA
NE,SE,ARACAJU,KLEBER SANTOS BATISTA LTDA, 13.042.882/0001-08,AVENIDA DESEMBARGADOR MAYNARD,770,,CIRURGIA,49055-210,DIESEL S10,05/05/2025,"5,78",,R$ / litro,BRANCA
NE,SE,ARACAJU,KLEBER SANTOS BATISTA LTDA, 13.042.882/0001-08,AVENIDA DESEMBARGADOR MAYNARD,770,,CIRURGIA,49055-210,ETANOL,05/05/2025,"4,80",,R$ / litro,BRANCA
NE,SE,ARACAJU,AMARAL & CIA LTDA, 13.008.610/0001-83,RUA MARIANO SALMERON,709,,SIQUEIRA CAMPOS,49075-370,GASOLINA,05/05/2025,"6,62",,R$ / litro,VIBRA
NE,SE,ARACAJU,AMARAL & CIA LTDA, 13.008.610/0001-83,RUA MARIANO SALMERON,709,,SIQUEIRA CAMPOS,49075-370,GASOLINA ADITIVADA,05/05/2025,"6,72",,R$ / litro,VIBRA
NE,SE,ARACAJU,AMARAL & CIA LTDA, 13.008.610/0001-83,RUA MARIANO SALMERON,709,,SIQUEIRA CAMPOS,49075-370,DIESEL S10,05/05/2025,"6,62",,R$ / litro,VIBRA
NE,SE,ARACAJU,AMARAL & CIA LTDA, 13.008.610/0001-83,RUA MARIANO SALMERON,709,,SIQUEIRA CAMPOS,49075-370,ETANOL,05/05/2025,"4,89",,R$ / litro,VIBRA
NE,SE,ARACAJU,GAMA E CIA LTDA, 13.007.752/0001-26,AVENIDA TANCREDO NEVES,2551,,DISTRITO INDUSTRIAL DE ARACAJU,49095-000,GASOLINA,05/05/2025,"6,62",,R$ / litro,VIBRA
NE,SE,ARACAJU,L. V. COMERCIO DE COMBUSTIVEIS LTDA, 11.433.769/0001-10,RUA SAO CRISTOVAO,1877,,GETULIO VARGAS,49055-620,GASOLINA,05/05/2025,"6,62",,R$ / litro,BRANCA
NE,SE,ARACAJU,L. V. COMERCIO DE COMBUSTIVEIS LTDA, 11.433.769/0001-10,RUA SAO CRISTOVAO,1877,,GETULIO VARGAS,49055-620,DIESEL S10,05/05/2025,"5,78",,R$ / litro,BRANCA
NE,SE,ARACAJU,L. V. COMERCIO DE COMBUSTIVEIS LTDA, 11.433.769/0001-10,RUA SAO CRISTOVAO,1877,,GETULIO VARGAS,49055-620,ETANOL,05/05/2025,"4,84",,R$ / litro,BRANCA
NE,SE,ARACAJU,ALPHA COMERCIAL DE COMBUSTIVEIS LTDA, 08.297.710/0008-03,AVENIDA FRANCISCO PORTO,650,LOJA  BR MANIA DELICATESSE,SALGADO FILHO,49020-120,GASOLINA,05/05/2025,"6,69",,R$ / litro,VIBRA
NE,SE,ARACAJU,ALPHA COMERCIAL DE COMBUSTIVEIS LTDA, 08.297.710/0008-03,AVENIDA FRANCISCO PORTO,650,LOJA  BR MANIA DELICATESSE,SALGADO FILHO,49020-120,GASOLINA ADITIVADA,05/05/2025,"6,89",,R$ / litro,VIBRA
NE,SE,ARACAJU,ALPHA COMERCIAL DE COMBUSTIVEIS LTDA, 08.297.710/0008-03,AVENIDA FRANCISCO PORTO,650,LOJA  BR MANIA DELICATESSE,SALGADO FILHO,49020-120,ETANOL,05/05/2025,"4,89",,R$ / litro,VIBRA
NE,SE,ARACAJU,REDE DE POSTOS PRESIDENTE LTDA, 32.864.795/0010-63,RUA LARANJEIRAS,1781,,GETULIO VARGAS,49055-380,GNV,05/05/2025,"4,90",,R$ / m³,VIBRA
NE,SE,ARACAJU,REDE DE POSTOS PRESIDENTE LTDA, 32.864.795/0010-63,RUA LARANJEIRAS,1781,,GETULIO VARGAS,49055-380,GASOLINA,05/05/2025,"6,69",,R$ / litro,VIBRA
NE,SE,ARACAJU,REDE DE POSTOS PRESIDENTE LTDA, 32.864.795/0010-63,RUA LARANJEIRAS,1781,,GETULIO VARGAS,49055-380,GASOLINA ADITIVADA,05/05/2025,"6,89",,R$ / litro,VIBRA
NE,SE,ARACAJU,POSTO PIRANEMA LTDA, 09.258.664/0003-91,AVENIDA PREFEITO HERACLITO ROLLEMBERG,2760,,FAROLANDIA,49030-640,GASOLINA,05/05/2025,"6,69",,R$ / litro,VIBRA
NE,SE,ARACAJU,POSTO PIRANEMA LTDA, 09.258.664/0003-91,AVENIDA PREFEITO HERACLITO ROLLEMBERG,2760,,FAROLANDIA,49030-640,GASOLINA ADITIVADA,05/05/2025,"6,89",,R$ / litro,VIBRA
NE,SE,ARACAJU,POSTO PIRANEMA LTDA, 09.258.664/0003-91,AVENIDA PREFEITO HERACLITO ROLLEMBERG,2760,,FAROLANDIA,49030-640,ETANOL,05/05/2025,"4,99",,R$ / litro,VIBRA
NE,SE,ARACAJU,VASPETRO COMBUSTIVEL LTDA, 04.979.182/0001-45,AVENIDA BARAO DE MARUIM,552,,CENTRO,49010-340,GASOLINA,12/05/2025,"6,62",,R$ / litro,BRANCA
NE,SE,ARACAJU,VASPETRO COMBUSTIVEL LTDA, 04.979.182/0001-45,AVENIDA BARAO DE MARUIM,552,,CENTRO,49010-340,GASOLINA ADITIVADA,12/05/2025,"6,62",,R$ / litro,BRANCA
NE,SE,ARACAJU,VASPETRO COMBUSTIVEL LTDA, 04.979.182/0001-45,AVENIDA BARAO DE MARUIM,552,,CENTRO,49010-340,ETANOL,12/05/2025,"4,99",,R$ / litro,BRANCA
NE,SE,ARACAJU,GAMA E CIA LTDA, 13.007.752/0002-07,AVENIDA AUGUSTO FRANCO,2990,,PONTO NOVO,49047-040,GASOLINA,12/05/2025,"6,62",,R$ / litro,VIBRA
NE,SE,ARACAJU,TYRESOLES DE SERGIPE INDUSTRIA COMERCIO E SERVICOS LTDA, 13.007.828/0010-04,AVENIDA GONCALO  ROLLEMBERG LEITE,1721,,LUZIA,49045-280,GASOLINA,12/05/2025,"6,67",,R$ / litro,RAIZEN
NE,SE,ARACAJU,TYRESOLES DE SERGIPE INDUSTRIA COMERCIO E SERVICOS LTDA, 13.007.828/0010-04,AVENIDA GONCALO  ROLLEMBERG LEITE,1721,,LUZIA,49045-280,GASOLINA ADITIVADA,12/05/2025,"7,01",,R$ / litro,RAIZEN
NE,SE,ARACAJU,TYRESOLES DE SERGIPE INDUSTRIA COMERCIO E SERVICOS LTDA, 13.007.828/0010-04,AVENIDA GONCALO  ROLLEMBERG LEITE,1721,,LUZIA,49045-280,ETANOL,12/05/2025,"4,80",,R$ / litro,RAIZEN
NE,SE,ARACAJU,LIDER COMERCIO DE COMBUSTIVEIS LTDA, 15.591.357/0001-69,PRACA DA BANDEIRA,171,,CENTRO,49055-090,GASOLINA,12/05/2025,"6,62",,R$ / litro,VIBRA
NE,SE,ARACAJU,LIDER COMERCIO DE COMBUSTIVEIS LTDA, 15.591.357/0001-69,PRACA DA BANDEIRA,171,,CENTRO,49055-090,GASOLINA ADITIVADA,12/05/2025,"6,75",,R$ / litro,VIBRA
NE,SE,ARACAJU,LIDER COMERCIO DE COMBUSTIVEIS LTDA, 15.591.357/0001-69,PRACA DA BANDEIRA,171,,CENTRO,49055-090,ETANOL,12/05/2025,"4,99",,R$ / litro,VIBRA
NE,SE,ARACAJU,POSTO ARIBE EIRELI, 15.083.140/0001-48,AVENIDA PROF JOSE O DE L NETO,150,,AMERICA,49080-480,GASOLINA,12/05/2025,"6,65",,R$ / litro,VIBRA
NE,SE,ARACAJU,POSTO ARIBE EIRELI, 15.083.140/0001-48,AVENIDA PROF JOSE O DE L NETO,150,,AMERICA,49080-480,GASOLINA ADITIVADA,12/05/2025,"6,83",,R$ / litro,VIBRA
NE,SE,ARACAJU,POSTO ARIBE EIRELI, 15.083.140/0001-48,AVENIDA PROF JOSE O DE L NETO,150,,AMERICA,49080-480,ETANOL,12/05/2025,"4,85",,R$ / litro,VIBRA
NE,SE,ARACAJU,LUBRIFICANTES E ACESSÓRIOS LTDA., 13.257.050/0001-09,AVENIDA BEIRA MAR,6,,13 DE JULHO,49020-010,GASOLINA,12/05/2025,"6,62",,R$ / litro,VIBRA
NE,SE,ARACAJU,LUBRIFICANTES E ACESSÓRIOS LTDA., 13.257.050/0001-09,AVENIDA BEIRA MAR,6,,13 DE JULHO,49020-010,GASOLINA ADITIVADA,12/05/2025,"6,62",,R$ / litro,VIBRA
NE,SE,ARACAJU,LUBRIFICANTES E ACESSÓRIOS LTDA., 13.257.050/0001-09,AVENIDA BEIRA MAR,6,,13 DE JULHO,49020-010,ETANOL,12/05/2025,"4,92",,R$ / litro,VIBRA
NE,SE,ARACAJU,COMERCIAL MARIVAN LTDA, 13.179.247/0001-69,AVENIDA ADELIA FRANCO,2234,,LUZIA,49048-010,GASOLINA,12/05/2025,"6,62",,R$ / litro,VIBRA
NE,SE,ARACAJU,COMERCIAL MARIVAN LTDA, 13.179.247/0001-69,AVENIDA ADELIA FRANCO,2234,,LUZIA,49048-010,GASOLINA ADITIVADA,12/05/2025,"6,69",,R$ / litro,VIBRA
NE,SE,ARACAJU,COMERCIAL MARIVAN LTDA, 13.179.247/0001-69,AVENIDA ADELIA FRANCO,2234,,LUZIA,49048-010,ETANOL,12/05/2025,"4,80",,R$ / litro,VIBRA
NE,SE,ARACAJU,J. L. OLIVEIRA & BARROS LTDA, 13.113.477/0004-78,AVENIDA GENTIL TAVARES,381,CASA,GETULIO VARGAS,49055-670,GASOLINA,12/05/2025,"6,68",,R$ / litro,VIBRA
NE,SE,ARACAJU,J. L. OLIVEIRA & BARROS LTDA, 13.113.477/0004-78,AVENIDA GENTIL TAVARES,381,CASA,GETULIO VARGAS,49055-670,DIESEL S10,12/05/2025,"6,29",,R$ / litro,VIBRA
NE,SE,ARACAJU,POSTO CARMOPOLIS LTDA, 13.077.342/0001-51,AVENIDA JOAO RIBEIRO,680/684,0,SANTO ANTÔNIO,49060-330,GASOLINA,12/05/2025,"6,62",,R$ / litro,VIBRA
NE,SE,ARACAJU,POSTO CARMOPOLIS LTDA, 13.077.342/0001-51,AVENIDA JOAO RIBEIRO,680/684,0,SANTO ANTÔNIO,49060-330,GASOLINA ADITIVADA,12/05/2025,"6,62",,R$ / litro,VIBRA
NE,SE,ARACAJU,POSTO CARMOPOLIS LTDA, 13.077.342/0001-51,AVENIDA JOAO RIBEIRO,680/684,0,SANTO ANTÔNIO,49060-330,ETANOL,12/05/2025,"4,80",,R$ / litro,VIBRA
NE,SE,ARACAJU,KLEBER SANTOS BATISTA LTDA, 13.042.882/0001-08,AVENIDA DESEMBARGADOR MAYNARD,770,,CIRURGIA,49055-210,GNV,12/05/2025,"4,99",,R$ / m³,BRANCA
NE,SE,ARACAJU,KLEBER SANTOS BATISTA LTDA, 13.042.882/0001-08,AVENIDA DESEMBARGADOR MAYNARD,770,,CIRURGIA,49055-210,GASOLINA,12/05/2025,"6,62",,R$ / litro,BRANCA
NE,SE,ARACAJU,KLEBER SANTOS BATISTA LTDA, 13.042.882/0001-08,AVENIDA DESEMBARGADOR MAYNARD,770,,CIRURGIA,49055-210,GASOLINA ADITIVADA,12/05/2025,"6,62",,R$ / litro,BRANCA
NE,SE,ARACAJU,KLEBER SANTOS BATISTA LTDA, 13.042.882/0001-08,AVENIDA DESEMBARGADOR MAYNARD,770,,CIRURGIA,49055-210,DIESEL S10,12/05/2025,"5,64",,R$ / litro,BRANCA
NE,SE,ARACAJU,KLEBER SANTOS BATISTA LTDA, 13.042.882/0001-08,AVENIDA DESEMBARGADOR MAYNARD,770,,CIRURGIA,49055-210,ETANOL,12/05/2025,"4,80",,R$ / litro,BRANCA
NE,SE,ARACAJU,AMARAL & CIA LTDA, 13.008.610/0001-83,RUA MARIANO SALMERON,709,,SIQUEIRA CAMPOS,49075-370,GASOLINA,12/05/2025,"6,62",,R$ / litro,VIBRA
NE,SE,ARACAJU,AMARAL & CIA LTDA, 13.008.610/0001-83,RUA MARIANO SALMERON,709,,SIQUEIRA CAMPOS,49075-370,GASOLINA ADITIVADA,12/05/2025,"6,72",,R$ / litro,VIBRA
NE,SE,ARACAJU,AMARAL & CIA LTDA, 13.008.610/0001-83,RUA MARIANO SALMERON,709,,SIQUEIRA CAMPOS,49075-370,DIESEL S10,12/05/2025,"6,62",,R$ / litro,VIBRA
NE,SE,ARACAJU,AMARAL & CIA LTDA, 13.008.610/0001-83,RUA MARIANO SALMERON,709,,SIQUEIRA CAMPOS,49075-370,ETANOL,12/05/2025,"4,89",,R$ / litro,VIBRA
NE,SE,ARACAJU,GAMA E CIA LTDA, 13.007.752/0001-26,AVENIDA TANCREDO NEVES,2551,,DISTRITO INDUSTRIAL DE ARACAJU,49095-000,GASOLINA,12/05/2025,"6,62",,R$ / litro,VIBRA
NE,SE,ARACAJU,L. V. COMERCIO DE COMBUSTIVEIS LTDA, 11.433.769/0001-10,RUA SAO CRISTOVAO,1877,,GETULIO VARGAS,49055-620,GASOLINA,12/05/2025,"6,62",,R$ / litro,BRANCA
NE,SE,ARACAJU,L. V. COMERCIO DE COMBUSTIVEIS LTDA, 11.433.769/0001-10,RUA SAO CRISTOVAO,1877,,GETULIO VARGAS,49055-620,DIESEL S10,12/05/2025,"5,64",,R$ / litro,BRANCA
NE,SE,ARACAJU,L. V. COMERCIO DE COMBUSTIVEIS LTDA, 11.433.769/0001-10,RUA SAO CRISTOVAO,1877,,GETULIO VARGAS,49055-620,ETANOL,12/05/2025,"4,84",,R$ / litro,BRANCA
NE,SE,ARACAJU,ALPHA COMERCIAL DE COMBUSTIVEIS LTDA, 08.297.710/0008-03,AVENIDA FRANCISCO PORTO,650,LOJA  BR MANIA DELICATESSE,SALGADO FILHO,49020-120,GASOLINA,12/05/2025,"6,69",,R$ / litro,VIBRA
NE,SE,ARACAJU,ALPHA COMERCIAL DE COMBUSTIVEIS LTDA, 08.297.710/0008-03,AVENIDA FRANCISCO PORTO,650,LOJA  BR MANIA DELICATESSE,SALGADO FILHO,49020-120,GASOLINA ADITIVADA,12/05/2025,"6,89",,R$ / litro,VIBRA
NE,SE,ARACAJU,ALPHA COMERCIAL DE COMBUSTIVEIS LTDA, 08.297.710/0008-03,AVENIDA FRANCISCO PORTO,650,LOJA  BR MANIA DELICATESSE,SALGADO FILHO,49020-120,ETANOL,12/05/2025,"4,89",,R$ / litro,VIBRA
NE,SE,ARACAJU,REDE DE POSTOS PRESIDENTE LTDA, 32.864.795/0010-63,RUA LARANJEIRAS,1781,,GETULIO VARGAS,49055-380,GNV,12/05/2025,"4,99",,R$ / m³,VIBRA
NE,SE,ARACAJU,REDE DE POSTOS PRESIDENTE LTDA, 32.864.795/0010-63,RUA LARANJEIRAS,1781,,GETULIO VARGAS,49055-380,GASOLINA,12/05/2025,"6,69",,R$ / litro,VIBRA
NE,SE,ARACAJU,REDE DE POSTOS PRESIDENTE LTDA, 32.864.795/0010-63,RUA LARANJEIRAS,1781,,GETULIO VARGAS,49055-380,GASOLINA ADITIVADA,12/05/2025,"6,89",,R$ / litro,VIBRA
NE,SE,ARACAJU,POSTO PIRANEMA LTDA, 09.258.664/0003-91,AVENIDA PREFEITO HERACLITO ROLLEMBERG,2760,,FAROLANDIA,49030-640,GASOLINA,12/05/2025,"6,69",,R$ / litro,VIBRA
NE,SE,ARACAJU,POSTO PIRANEMA LTDA, 09.258.664/0003-91,AVENIDA PREFEITO HERACLITO ROLLEMBERG,2760,,FAROLANDIA,49030-640,GASOLINA ADITIVADA,12/05/2025,"6,89",,R$ / litro,VIBRA
NE,SE,ARACAJU,POSTO PIRANEMA LTDA, 09.258.664/0003-91,AVENIDA PREFEITO HERACLITO ROLLEMBERG,2760,,FAROLANDIA,49030-640,ETANOL,12/05/2025,"4,99",,R$ / litro,VIBRA
NE,SE,ARACAJU,GAMA E CIA LTDA, 13.007.752/0002-07,AVENIDA AUGUSTO FRANCO,2990,,PONTO NOVO,49047-040,GASOLINA,19/05/2025,"6,62",,R$ / litro,VIBRA
NE,SE,ARACAJU,TYRESOLES DE SERGIPE INDUSTRIA COMERCIO E SERVICOS LTDA, 13.007.828/0010-04,AVENIDA GONCALO  ROLLEMBERG LEITE,1721,,LUZIA,49045-280,GASOLINA,19/05/2025,"6,67",,R$ / litro,RAIZEN
NE,SE,ARACAJU,TYRESOLES DE SERGIPE INDUSTRIA COMERCIO E SERVICOS LTDA, 13.007.828/0010-04,AVENIDA GONCALO  ROLLEMBERG LEITE,1721,,LUZIA,49045-280,GASOLINA ADITIVADA,19/05/2025,"7,01",,R$ / litro,RAIZEN
NE,SE,ARACAJU,TYRESOLES DE SERGIPE INDUSTRIA COMERCIO E SERVICOS LTDA, 13.007.828/0010-04,AVENIDA GONCALO  ROLLEMBERG LEITE,1721,,LUZIA,49045-280,ETANOL,19/05/2025,"4,80",,R$ / litro,RAIZEN
NE,SE,ARACAJU,REDE DE POSTOS PRESIDENTE LTDA, 32.864.795/0001-72,AVENIDA COELHO E CAMPOS,1254,,SANTO ANTONIO,49060-000,GNV,19/05/2025,"4,99",,R$ / m³,VIBRA
NE,SE,ARACAJU,REDE DE POSTOS PRESIDENTE LTDA, 32.864.795/0001-72,AVENIDA COELHO E CAMPOS,1254,,SANTO ANTONIO,49060-000,GASOLINA,19/05/2025,"6,69",,R$ / litro,VIBRA
NE,SE,ARACAJU,REDE DE POSTOS PRESIDENTE LTDA, 32.864.795/0001-72,AVENIDA COELHO E CAMPOS,1254,,SANTO ANTONIO,49060-000,GASOLINA ADITIVADA,19/05/2025,"6,89",,R$ / litro,VIBRA
NE,SE,ARACAJU,LIDER COMERCIO DE COMBUSTIVEIS LTDA, 15.591.357/0001-69,PRACA DA BANDEIRA,171,,CENTRO,49055-090,GASOLINA,19/05/2025,"6,62",,R$ / litro,VIBRA
NE,SE,ARACAJU,LIDER COMERCIO DE COMBUSTIVEIS LTDA, 15.591.357/0001-69,PRACA DA BANDEIRA,171,,CENTRO,49055-090,GASOLINA ADITIVADA,19/05/2025,"6,62",,R$ / litro,VIBRA
NE,SE,ARACAJU,LIDER COMERCIO DE COMBUSTIVEIS LTDA, 15.591.357/0001-69,PRACA DA BANDEIRA,171,,CENTRO,49055-090,ETANOL,19/05/2025,"4,99",,R$ / litro,VIBRA
NE,SE,ARACAJU,POSTO ARIBE EIRELI, 15.083.140/0001-48,AVENIDA PROF JOSE O DE L NETO,150,,AMERICA,49080-480,GASOLINA,19/05/2025,"6,65",,R$ / litro,VIBRA
NE,SE,ARACAJU,POSTO ARIBE EIRELI, 15.083.140/0001-48,AVENIDA PROF JOSE O DE L NETO,150,,AMERICA,49080-480,GASOLINA ADITIVADA,19/05/2025,"6,83",,R$ / litro,VIBRA
NE,SE,ARACAJU,POSTO ARIBE EIRELI, 15.083.140/0001-48,AVENIDA PROF JOSE O DE L NETO,150,,AMERICA,49080-480,ETANOL,19/05/2025,"4,94",,R$ / litro,VIBRA
NE,SE,ARACAJU,LUBRIFICANTES E ACESSÓRIOS LTDA., 13.257.050/0001-09,AVENIDA BEIRA MAR,6,,13 DE JULHO,49020-010,GASOLINA,19/05/2025,"6,62",,R$ / litro,VIBRA
NE,SE,ARACAJU,LUBRIFICANTES E ACESSÓRIOS LTDA., 13.257.050/0001-09,AVENIDA BEIRA MAR,6,,13 DE JULHO,49020-010,GASOLINA ADITIVADA,19/05/2025,"6,62",,R$ / litro,VIBRA
NE,SE,ARACAJU,LUBRIFICANTES E ACESSÓRIOS LTDA., 13.257.050/0001-09,AVENIDA BEIRA MAR,6,,13 DE JULHO,49020-010,ETANOL,19/05/2025,"4,99",,R$ / litro,VIBRA
NE,SE,ARACAJU,COMERCIAL MARIVAN LTDA, 13.179.247/0001-69,AVENIDA ADELIA FRANCO,2234,,LUZIA,49048-010,GASOLINA,19/05/2025,"6,62",,R$ / litro,VIBRA
NE,SE,ARACAJU,COMERCIAL MARIVAN LTDA, 13.179.247/0001-69,AVENIDA ADELIA FRANCO,2234,,LUZIA,49048-010,GASOLINA ADITIVADA,19/05/2025,"6,69",,R$ / litro,VIBRA
NE,SE,ARACAJU,COMERCIAL MARIVAN LTDA, 13.179.247/0001-69,AVENIDA ADELIA FRANCO,2234,,LUZIA,49048-010,ETANOL,19/05/2025,"4,80",,R$ / litro,VIBRA
NE,SE,ARACAJU,J. L. OLIVEIRA & BARROS LTDA, 13.113.477/0004-78,AVENIDA GENTIL TAVARES,381,CASA,GETULIO VARGAS,49055-670,GASOLINA,19/05/2025,"6,68",,R$ / litro,VIBRA
NE,SE,ARACAJU,POSTO CARMOPOLIS LTDA, 13.077.342/0001-51,AVENIDA JOAO RIBEIRO,680/684,0,SANTO ANTÔNIO,49060-330,GASOLINA,19/05/2025,"6,62",,R$ / litro,VIBRA
NE,SE,ARACAJU,POSTO CARMOPOLIS LTDA, 13.077.342/0001-51,AVENIDA JOAO RIBEIRO,680/684,0,SANTO ANTÔNIO,49060-330,GASOLINA ADITIVADA,19/05/2025,"6,62",,R$ / litro,VIBRA
NE,SE,ARACAJU,POSTO CARMOPOLIS LTDA, 13.077.342/0001-51,AVENIDA JOAO RIBEIRO,680/684,0,SANTO ANTÔNIO,49060-330,ETANOL,19/05/2025,"4,80",,R$ / litro,VIBRA
NE,SE,ARACAJU,KLEBER SANTOS BATISTA LTDA, 13.042.882/0001-08,AVENIDA DESEMBARGADOR MAYNARD,770,,CIRURGIA,49055-210,GNV,19/05/2025,"4,99",,R$ / m³,BRANCA
NE,SE,ARACAJU,KLEBER SANTOS BATISTA LTDA, 13.042.882/0001-08,AVENIDA DESEMBARGADOR MAYNARD,770,,CIRURGIA,49055-210,GASOLINA,19/05/2025,"6,62",,R$ / litro,BRANCA
NE,SE,ARACAJU,KLEBER SANTOS BATISTA LTDA, 13.042.882/0001-08,AVENIDA DESEMBARGADOR MAYNARD,770,,CIRURGIA,49055-210,GASOLINA ADITIVADA,19/05/2025,"6,62",,R$ / litro,BRANCA
NE,SE,ARACAJU,KLEBER SANTOS BATISTA LTDA, 13.042.882/0001-08,AVENIDA DESEMBARGADOR MAYNARD,770,,CIRURGIA,49055-210,DIESEL S10,19/05/2025,"5,64",,R$ / litro,BRANCA
NE,SE,ARACAJU,KLEBER SANTOS BATISTA LTDA, 13.042.882/0001-08,AVENIDA DESEMBARGADOR MAYNARD,770,,CIRURGIA,49055-210,ETANOL,19/05/2025,"4,80",,R$ / litro,BRANCA
NE,SE,ARACAJU,AMARAL & CIA LTDA, 13.008.610/0001-83,RUA MARIANO SALMERON,709,,SIQUEIRA CAMPOS,49075-370,GASOLINA,19/05/2025,"6,62",,R$ / litro,VIBRA
NE,SE,ARACAJU,AMARAL & CIA LTDA, 13.008.610/0001-83,RUA MARIANO SALMERON,709,,SIQUEIRA CAMPOS,49075-370,GASOLINA ADITIVADA,19/05/2025,"6,72",,R$ / litro,VIBRA
NE,SE,ARACAJU,AMARAL & CIA LTDA, 13.008.610/0001-83,RUA MARIANO SALMERON,709,,SIQUEIRA CAMPOS,49075-370,DIESEL S10,19/05/2025,"6,28",,R$ / litro,VIBRA
NE,SE,ARACAJU,AMARAL & CIA LTDA, 13.008.610/0001-83,RUA MARIANO SALMERON,709,,SIQUEIRA CAMPOS,49075-370,ETANOL,19/05/2025,"4,98",,R$ / litro,VIBRA
NE,SE,ARACAJU,GAMA E CIA LTDA, 13.007.752/0001-26,AVENIDA TANCREDO NEVES,2551,,DISTRITO INDUSTRIAL DE ARACAJU,49095-000,GASOLINA,19/05/2025,"6,62",,R$ / litro,VIBRA
NE,SE,ARACAJU,L. V. COMERCIO DE COMBUSTIVEIS LTDA, 11.433.769/0001-10,RUA SAO CRISTOVAO,1877,,GETULIO VARGAS,49055-620,GASOLINA,19/05/2025,"6,62",,R$ / litro,BRANCA
NE,SE,ARACAJU,L. V. COMERCIO DE COMBUSTIVEIS LTDA, 11.433.769/0001-10,RUA SAO CRISTOVAO,1877,,GETULIO VARGAS,49055-620,DIESEL S10,19/05/2025,"5,64",,R$ / litro,BRANCA
NE,SE,ARACAJU,L. V. COMERCIO DE COMBUSTIVEIS LTDA, 11.433.769/0001-10,RUA SAO CRISTOVAO,1877,,GETULIO VARGAS,49055-620,ETANOL,19/05/2025,"4,94",,R$ / litro,BRANCA
NE,SE,ARACAJU,ALPHA COMERCIAL DE COMBUSTIVEIS LTDA, 08.297.710/0008-03,AVENIDA FRANCISCO PORTO,650,LOJA  BR MANIA DELICATESSE,SALGADO FILHO,49020-120,GASOLINA,19/05/2025,"6,69",,R$ / litro,VIBRA
NE,SE,ARACAJU,ALPHA COMERCIAL DE COMBUSTIVEIS LTDA, 08.297.710/0008-03,AVENIDA FRANCISCO PORTO,650,LOJA  BR MANIA DELICATESSE,SALGADO FILHO,49020-120,GASOLINA ADITIVADA,19/05/2025,"6,89",,R$ / litro,VIBRA
NE,SE,ARACAJU,ALPHA COMERCIAL DE COMBUSTIVEIS LTDA, 08.297.710/0008-03,AVENIDA FRANCISCO PORTO,650,LOJA  BR MANIA DELICATESSE,SALGADO FILHO,49020-120,ETANOL,19/05/2025,"4,99",,R$ / litro,VIBRA
NE,SE,ARACAJU,REDE DE POSTOS PRESIDENTE LTDA, 32.864.795/0010-63,RUA LARANJEIRAS,1781,,GETULIO VARGAS,49055-380,GNV,19/05/2025,"4,99",,R$ / m³,VIBRA
NE,SE,ARACAJU,REDE DE POSTOS PRESIDENTE LTDA, 32.864.795/0010-63,RUA LARANJEIRAS,1781,,GETULIO VARGAS,49055-380,GASOLINA,19/05/2025,"6,69",,R$ / litro,VIBRA
NE,SE,ARACAJU,REDE DE POSTOS PRESIDENTE LTDA, 32.864.795/0010-63,RUA LARANJEIRAS,1781,,GETULIO VARGAS,49055-380,GASOLINA ADITIVADA,19/05/2025,"6,89",,R$ / litro,VIBRA
NE,SE,ARACAJU,POSTO PIRANEMA LTDA, 09.258.664/0003-91,AVENIDA PREFEITO HERACLITO ROLLEMBERG,2760,,FAROLANDIA,49030-640,GASOLINA,19/05/2025,"6,69",,R$ / litro,VIBRA
NE,SE,ARACAJU,POSTO PIRANEMA LTDA, 09.258.664/0003-91,AVENIDA PREFEITO HERACLITO ROLLEMBERG,2760,,FAROLANDIA,49030-640,GASOLINA ADITIVADA,19/05/2025,"6,89",,R$ / litro,VIBRA
NE,SE,ARACAJU,POSTO PIRANEMA LTDA, 09.258.664/0003-91,AVENIDA PREFEITO HERACLITO ROLLEMBERG,2760,,FAROLANDIA,49030-640,ETANOL,19/05/2025,"4,99",,R$ / litro,VIBRA
NE,SE,ARACAJU,VASPETRO COMBUSTIVEL LTDA, 04.979.182/0001-45,AVENIDA BARAO DE MARUIM,552,,CENTRO,49010-340,GASOLINA,27/05/2025,"6,62",,R$ / litro,BRANCA
NE,SE,ARACAJU,VASPETRO COMBUSTIVEL LTDA, 04.979.182/0001-45,AVENIDA BARAO DE MARUIM,552,,CENTRO,49010-340,GASOLINA ADITIVADA,27/05/2025,"6,62",,R$ / litro,BRANCA
NE,SE,ARACAJU,VASPETRO COMBUSTIVEL LTDA, 04.979.182/0001-45,AVENIDA BARAO DE MARUIM,552,,CENTRO,49010-340,ETANOL,27/05/2025,"4,99",,R$ / litro,BRANCA
NE,SE,ARACAJU,GAMA E CIA LTDA, 13.007.752/0002-07,AVENIDA AUGUSTO FRANCO,2990,,PONTO NOVO,49047-040,GASOLINA,27/05/2025,"6,62",,R$ / litro,VIBRA
NE,SE,ARACAJU,TYRESOLES DE SERGIPE INDUSTRIA COMERCIO E SERVICOS LTDA, 13.007.828/0010-04,AVENIDA GONCALO  ROLLEMBERG LEITE,1721,,LUZIA,49045-280,GASOLINA,27/05/2025,"6,67",,R$ / litro,RAIZEN
NE,SE,ARACAJU,TYRESOLES DE SERGIPE INDUSTRIA COMERCIO E SERVICOS LTDA, 13.007.828/0010-04,AVENIDA GONCALO  ROLLEMBERG LEITE,1721,,LUZIA,49045-280,GASOLINA ADITIVADA,27/05/2025,"7,01",,R$ / litro,RAIZEN
NE,SE,ARACAJU,TYRESOLES DE SERGIPE INDUSTRIA COMERCIO E SERVICOS LTDA, 13.007.828/0010-04,AVENIDA GONCALO  ROLLEMBERG LEITE,1721,,LUZIA,49045-280,ETANOL,27/05/2025,"4,95",,R$ / litro,RAIZEN
NE,SE,ARACAJU,REDE DE POSTOS PRESIDENTE LTDA, 32.864.795/0001-72,AVENIDA COELHO E CAMPOS,1254,,SANTO ANTONIO,49060-000,GNV,27/05/2025,"4,99",,R$ / m³,VIBRA
NE,SE,ARACAJU,REDE DE POSTOS PRESIDENTE LTDA, 32.864.795/0001-72,AVENIDA COELHO E CAMPOS,1254,,SANTO ANTONIO,49060-000,GASOLINA,27/05/2025,"6,69",,R$ / litro,VIBRA
NE,SE,ARACAJU,REDE DE POSTOS PRESIDENTE LTDA, 32.864.795/0001-72,AVENIDA COELHO E CAMPOS,1254,,SANTO ANTONIO,49060-000,GASOLINA ADITIVADA,27/05/2025,"6,89",,R$ / litro,VIBRA
NE,SE,ARACAJU,LIDER COMERCIO DE COMBUSTIVEIS LTDA, 15.591.357/0001-69,PRACA DA BANDEIRA,171,,CENTRO,49055-090,GASOLINA,27/05/2025,"6,62",,R$ / litro,VIBRA
NE,SE,ARACAJU,LIDER COMERCIO DE COMBUSTIVEIS LTDA, 15.591.357/0001-69,PRACA DA BANDEIRA,171,,CENTRO,49055-090,GASOLINA ADITIVADA,27/05/2025,"6,80",,R$ / litro,VIBRA
NE,SE,ARACAJU,LIDER COMERCIO DE COMBUSTIVEIS LTDA, 15.591.357/0001-69,PRACA DA BANDEIRA,171,,CENTRO,49055-090,ETANOL,27/05/2025,"4,99",,R$ / litro,VIBRA
NE,SE,ARACAJU,POSTO ARIBE EIRELI, 15.083.140/0001-48,AVENIDA PROF JOSE O DE L NETO,150,,AMERICA,49080-480,GASOLINA,27/05/2025,"6,65",,R$ / litro,VIBRA
NE,SE,ARACAJU,POSTO ARIBE EIRELI, 15.083.140/0001-48,AVENIDA PROF JOSE O DE L NETO,150,,AMERICA,49080-480,GASOLINA ADITIVADA,27/05/2025,"6,83",,R$ / litro,VIBRA
NE,SE,ARACAJU,POSTO ARIBE EIRELI, 15.083.140/0001-48,AVENIDA PROF JOSE O DE L NETO,150,,AMERICA,49080-480,ETANOL,27/05/2025,"4,94",,R$ / litro,VIBRA
NE,SE,ARACAJU,LUBRIFICANTES E ACESSÓRIOS LTDA., 13.257.050/0001-09,AVENIDA BEIRA MAR,6,,13 DE JULHO,49020-010,GASOLINA,27/05/2025,"6,62",,R$ / litro,VIBRA
NE,SE,ARACAJU,LUBRIFICANTES E ACESSÓRIOS LTDA., 13.257.050/0001-09,AVENIDA BEIRA MAR,6,,13 DE JULHO,49020-010,GASOLINA ADITIVADA,27/05/2025,"6,62",,R$ / litro,VIBRA
NE,SE,ARACAJU,LUBRIFICANTES E ACESSÓRIOS LTDA., 13.257.050/0001-09,AVENIDA BEIRA MAR,6,,13 DE JULHO,49020-010,ETANOL,27/05/2025,"4,99",,R$ / litro,VIBRA
NE,SE,ARACAJU,COMERCIAL MARIVAN LTDA, 13.179.247/0001-69,AVENIDA ADELIA FRANCO,2234,,LUZIA,49048-010,GASOLINA,27/05/2025,"6,62",,R$ / litro,VIBRA
NE,SE,ARACAJU,COMERCIAL MARIVAN LTDA, 13.179.247/0001-69,AVENIDA ADELIA FRANCO,2234,,LUZIA,49048-010,GASOLINA ADITIVADA,27/05/2025,"6,69",,R$ / litro,VIBRA
NE,SE,ARACAJU,COMERCIAL MARIVAN LTDA, 13.179.247/0001-69,AVENIDA ADELIA FRANCO,2234,,LUZIA,49048-010,ETANOL,27/05/2025,"4,90",,R$ / litro,VIBRA
NE,SE,ARACAJU,J. L. OLIVEIRA & BARROS LTDA, 13.113.477/0004-78,AVENIDA GENTIL TAVARES,381,CASA,GETULIO VARGAS,49055-670,GASOLINA,27/05/2025,"6,68",,R$ / litro,VIBRA
NE,SE,ARACAJU,J. L. OLIVEIRA & BARROS LTDA, 13.113.477/0004-78,AVENIDA GENTIL TAVARES,381,CASA,GETULIO VARGAS,49055-670,DIESEL S10,27/05/2025,"6,29",,R$ / litro,VIBRA
NE,SE,ARACAJU,POSTO CARMOPOLIS LTDA, 13.077.342/0001-51,AVENIDA JOAO RIBEIRO,680/684,0,SANTO ANTÔNIO,49060-330,GASOLINA,27/05/2025,"6,62",,R$ / litro,VIBRA
NE,SE,ARACAJU,POSTO CARMOPOLIS LTDA, 13.077.342/0001-51,AVENIDA JOAO RIBEIRO,680/684,0,SANTO ANTÔNIO,49060-330,GASOLINA ADITIVADA,27/05/2025,"6,62",,R$ / litro,VIBRA
NE,SE,ARACAJU,POSTO CARMOPOLIS LTDA, 13.077.342/0001-51,AVENIDA JOAO RIBEIRO,680/684,0,SANTO ANTÔNIO,49060-330,ETANOL,27/05/2025,"4,90",,R$ / litro,VIBRA
NE,SE,ARACAJU,KLEBER SANTOS BATISTA LTDA, 13.042.882/0001-08,AVENIDA DESEMBARGADOR MAYNARD,770,,CIRURGIA,49055-210,GNV,27/05/2025,"4,99",,R$ / m³,BRANCA
NE,SE,ARACAJU,KLEBER SANTOS BATISTA LTDA, 13.042.882/0001-08,AVENIDA DESEMBARGADOR MAYNARD,770,,CIRURGIA,49055-210,GASOLINA,27/05/2025,"6,62",,R$ / litro,BRANCA
NE,SE,ARACAJU,KLEBER SANTOS BATISTA LTDA, 13.042.882/0001-08,AVENIDA DESEMBARGADOR MAYNARD,770,,CIRURGIA,49055-210,GASOLINA ADITIVADA,27/05/2025,"6,62",,R$ / litro,BRANCA
NE,SE,ARACAJU,KLEBER SANTOS BATISTA LTDA, 13.042.882/0001-08,AVENIDA DESEMBARGADOR MAYNARD,770,,CIRURGIA,49055-210,DIESEL S10,27/05/2025,"5,64",,R$ / litro,BRANCA
NE,SE,ARACAJU,KLEBER SANTOS BATISTA LTDA, 13.042.882/0001-08,AVENIDA DESEMBARGADOR MAYNARD,770,,CIRURGIA,49055-210,ETANOL,27/05/2025,"4,90",,R$ / litro,BRANCA
NE,SE,ARACAJU,AMARAL & CIA LTDA, 13.008.610/0001-83,RUA MARIANO SALMERON,709,,SIQUEIRA CAMPOS,49075-370,GASOLINA,27/05/2025,"6,62",,R$ / litro,VIBRA
NE,SE,ARACAJU,AMARAL & CIA LTDA, 13.008.610/0001-83,RUA MARIANO SALMERON,709,,SIQUEIRA CAMPOS,49075-370,GASOLINA ADITIVADA,27/05/2025,"6,72",,R$ / litro,VIBRA
NE,SE,ARACAJU,AMARAL & CIA LTDA, 13.008.610/0001-83,RUA MARIANO SALMERON,709,,SIQUEIRA CAMPOS,49075-370,DIESEL S10,27/05/2025,"6,28",,R$ / litro,VIBRA
NE,SE,ARACAJU,AMARAL & CIA LTDA, 13.008.610/0001-83,RUA MARIANO SALMERON,709,,SIQUEIRA CAMPOS,49075-370,ETANOL,27/05/2025,"4,98",,R$ / litro,VIBRA
NE,SE,ARACAJU,GAMA E CIA LTDA, 13.007.752/0001-26,AVENIDA TANCREDO NEVES,2551,,DISTRITO INDUSTRIAL DE ARACAJU,49095-000,GASOLINA,27/05/2025,"6,62",,R$ / litro,VIBRA
NE,SE,ARACAJU,L. V. COMERCIO DE COMBUSTIVEIS LTDA, 11.433.769/0001-10,RUA SAO CRISTOVAO,1877,,GETULIO VARGAS,49055-620,GASOLINA,27/05/2025,"6,62",,R$ / litro,BRANCA
NE,SE,ARACAJU,L. V. COMERCIO DE COMBUSTIVEIS LTDA, 11.433.769/0001-10,RUA SAO CRISTOVAO,1877,,GETULIO VARGAS,49055-620,DIESEL S10,27/05/2025,"5,64",,R$ / litro,BRANCA
NE,SE,ARACAJU,L. V. COMERCIO DE COMBUSTIVEIS LTDA, 11.433.769/0001-10,RUA SAO CRISTOVAO,1877,,GETULIO VARGAS,49055-620,ETANOL,27/05/2025,"4,94",,R$ / litro,BRANCA
NE,SE,ARACAJU,ALPHA COMERCIAL DE COMBUSTIVEIS LTDA, 08.297.710/0008-03,AVENIDA FRANCISCO PORTO,650,LOJA  BR MANIA DELICATESSE,SALGADO FILHO,49020-120,GASOLINA,27/05/2025,"6,69",,R$ / litro,VIBRA
NE,SE,ARACAJU,ALPHA COMERCIAL DE COMBUSTIVEIS LTDA, 08.297.710/0008-03,AVENIDA FRANCISCO PORTO,650,LOJA  BR MANIA DELICATESSE,SALGADO FILHO,49020-120,GASOLINA ADITIVADA,27/05/2025,"6,89",,R$ / litro,VIBRA
NE,SE,ARACAJU,ALPHA COMERCIAL DE COMBUSTIVEIS LTDA, 08.297.710/0008-03,AVENIDA FRANCISCO PORTO,650,LOJA  BR MANIA DELICATESSE,SALGADO FILHO,49020-120,ETANOL,27/05/2025,"4,99",,R$ / litro,VIBRA
NE,SE,ARACAJU,REDE DE POSTOS PRESIDENTE LTDA, 32.864.795/0010-63,RUA LARANJEIRAS,1781,,GETULIO VARGAS,49055-380,GNV,27/05/2025,"4,99",,R$ / m³,VIBRA
NE,SE,ARACAJU,REDE DE POSTOS PRESIDENTE LTDA, 32.864.795/0010-63,RUA LARANJEIRAS,1781,,GETULIO VARGAS,49055-380,GASOLINA,27/05/2025,"6,69",,R$ / litro,VIBRA
NE,SE,ARACAJU,REDE DE POSTOS PRESIDENTE LTDA, 32.864.795/0010-63,RUA LARANJEIRAS,1781,,GETULIO VARGAS,49055-380,GASOLINA ADITIVADA,27/05/2025,"6,89",,R$ / litro,VIBRA
NE,SE,ARACAJU,POSTO PIRANEMA LTDA, 09.258.664/0003-91,AVENIDA PREFEITO HERACLITO ROLLEMBERG,2760,,FAROLANDIA,49030-640,GASOLINA,27/05/2025,"6,69",,R$ / litro,VIBRA
NE,SE,ARACAJU,POSTO PIRANEMA LTDA, 09.258.664/0003-91,AVENIDA PREFEITO HERACLITO ROLLEMBERG,2760,,FAROLANDIA,49030-640,GASOLINA ADITIVADA,27/05/2025,"6,89",,R$ / litro,VIBRA
NE,SE,ARACAJU,POSTO PIRANEMA LTDA, 09.258.664/0003-91,AVENIDA PREFEITO HERACLITO ROLLEMBERG,2760,,FAROLANDIA,49030-640,ETANOL,27/05/2025,"4,99",,R$ / litro,VIBRA
NE,SE,ARACAJU,VASPETRO COMBUSTIVEL LTDA, 04.979.182/0001-45,AVENIDA BARAO DE MARUIM,552,,CENTRO,49010-340,GASOLINA,03/06/2025,"6,62",,R$ / litro,BRANCA
NE,SE,ARACAJU,VASPETRO COMBUSTIVEL LTDA, 04.979.182/0001-45,AVENIDA BARAO DE MARUIM,552,,CENTRO,49010-340,GASOLINA ADITIVADA,03/06/2025,"6,62",,R$ / litro,BRANCA
NE,SE,ARACAJU,VASPETRO COMBUSTIVEL LTDA, 04.979.182/0001-45,AVENIDA BARAO DE MARUIM,552,,CENTRO,49010-340,ETANOL,03/06/2025,"4,99",,R$ / litro,BRANCA
NE,SE,ARACAJU,GAMA E CIA LTDA, 13.007.752/0002-07,AVENIDA AUGUSTO FRANCO,2990,,PONTO NOVO,49047-040,GASOLINA,03/06/2025,"6,62",,R$ / litro,VIBRA
NE,SE,ARACAJU,TYRESOLES DE SERGIPE INDUSTRIA COMERCIO E SERVICOS LTDA, 13.007.828/0010-04,AVENIDA GONCALO  ROLLEMBERG LEITE,1721,,LUZIA,49045-280,GASOLINA,03/06/2025,"6,67",,R$ / litro,RAIZEN
NE,SE,ARACAJU,TYRESOLES DE SERGIPE INDUSTRIA COMERCIO E SERVICOS LTDA, 13.007.828/0010-04,AVENIDA GONCALO  ROLLEMBERG LEITE,1721,,LUZIA,49045-280,GASOLINA ADITIVADA,03/06/2025,"7,01",,R$ / litro,RAIZEN
NE,SE,ARACAJU,TYRESOLES DE SERGIPE INDUSTRIA COMERCIO E SERVICOS LTDA, 13.007.828/0010-04,AVENIDA GONCALO  ROLLEMBERG LEITE,1721,,LUZIA,49045-280,ETANOL,03/06/2025,"4,95",,R$ / litro,RAIZEN
NE,SE,ARACAJU,REDE DE POSTOS PRESIDENTE LTDA, 32.864.795/0001-72,AVENIDA COELHO E CAMPOS,1254,,SANTO ANTONIO,49060-000,GNV,03/06/2025,"4,99",,R$ / m³,VIBRA
NE,SE,ARACAJU,REDE DE POSTOS PRESIDENTE LTDA, 32.864.795/0001-72,AVENIDA COELHO E CAMPOS,1254,,SANTO ANTONIO,49060-000,GASOLINA,03/06/2025,"6,69",,R$ / litro,VIBRA
NE,SE,ARACAJU,REDE DE POSTOS PRESIDENTE LTDA, 32.864.795/0001-72,AVENIDA COELHO E CAMPOS,1254,,SANTO ANTONIO,49060-000,GASOLINA ADITIVADA,03/06/2025,"6,89",,R$ / litro,VIBRA
NE,SE,ARACAJU,LIDER COMERCIO DE COMBUSTIVEIS LTDA, 15.591.357/0001-69,PRACA DA BANDEIRA,171,,CENTRO,49055-090,GASOLINA,03/06/2025,"6,62",,R$ / litro,VIBRA
NE,SE,ARACAJU,LIDER COMERCIO DE COMBUSTIVEIS LTDA, 15.591.357/0001-69,PRACA DA BANDEIRA,171,,CENTRO,49055-090,GASOLINA ADITIVADA,03/06/2025,"6,80",,R$ / litro,VIBRA
NE,SE,ARACAJU,LIDER COMERCIO DE COMBUSTIVEIS LTDA, 15.591.357/0001-69,PRACA DA BANDEIRA,171,,CENTRO,49055-090,ETANOL,03/06/2025,"4,99",,R$ / litro,VIBRA
NE,SE,ARACAJU,POSTO ARIBE EIRELI, 15.083.140/0001-48,AVENIDA PROF JOSE O DE L NETO,150,,AMERICA,49080-480,GASOLINA,03/06/2025,"6,65",,R$ / litro,VIBRA
NE,SE,ARACAJU,POSTO ARIBE EIRELI, 15.083.140/0001-48,AVENIDA PROF JOSE O DE L NETO,150,,AMERICA,49080-480,GASOLINA ADITIVADA,03/06/2025,"6,83",,R$ / litro,VIBRA
NE,SE,ARACAJU,POSTO ARIBE EIRELI, 15.083.140/0001-48,AVENIDA PROF JOSE O DE L NETO,150,,AMERICA,49080-480,ETANOL,03/06/2025,"4,94",,R$ / litro,VIBRA
NE,SE,ARACAJU,LUBRIFICANTES E ACESSÓRIOS LTDA., 13.257.050/0001-09,AVENIDA BEIRA MAR,6,,13 DE JULHO,49020-010,GASOLINA,03/06/2025,"6,62",,R$ / litro,VIBRA
NE,SE,ARACAJU,LUBRIFICANTES E ACESSÓRIOS LTDA., 13.257.050/0001-09,AVENIDA BEIRA MAR,6,,13 DE JULHO,49020-010,GASOLINA ADITIVADA,03/06/2025,"6,62",,R$ / litro,VIBRA
NE,SE,ARACAJU,LUBRIFICANTES E ACESSÓRIOS LTDA., 13.257.050/0001-09,AVENIDA BEIRA MAR,6,,13 DE JULHO,49020-010,ETANOL,03/06/2025,"4,99",,R$ / litro,VIBRA
NE,SE,ARACAJU,COMERCIAL MARIVAN LTDA, 13.179.247/0001-69,AVENIDA ADELIA FRANCO,2234,,LUZIA,49048-010,GASOLINA,03/06/2025,"6,62",,R$ / litro,VIBRA
NE,SE,ARACAJU,COMERCIAL MARIVAN LTDA, 13.179.247/0001-69,AVENIDA ADELIA FRANCO,2234,,LUZIA,49048-010,GASOLINA ADITIVADA,03/06/2025,"6,69",,R$ / litro,VIBRA
NE,SE,ARACAJU,COMERCIAL MARIVAN LTDA, 13.179.247/0001-69,AVENIDA ADELIA FRANCO,2234,,LUZIA,49048-010,ETANOL,03/06/2025,"4,90",,R$ / litro,VIBRA
NE,SE,ARACAJU,J. L. OLIVEIRA & BARROS LTDA, 13.113.477/0004-78,AVENIDA GENTIL TAVARES,381,CASA,GETULIO VARGAS,49055-670,GASOLINA,03/06/2025,"6,68",,R$ / litro,VIBRA
NE,SE,ARACAJU,J. L. OLIVEIRA & BARROS LTDA, 13.113.477/0004-78,AVENIDA GENTIL TAVARES,381,CASA,GETULIO VARGAS,49055-670,DIESEL S10,03/06/2025,"6,29",,R$ / litro,VIBRA
NE,SE,ARACAJU,POSTO CARMOPOLIS LTDA, 13.077.342/0001-51,AVENIDA JOAO RIBEIRO,680/684,0,SANTO ANTÔNIO,49060-330,GASOLINA,03/06/2025,"6,62",,R$ / litro,VIBRA
NE,SE,ARACAJU,POSTO CARMOPOLIS LTDA, 13.077.342/0001-51,AVENIDA JOAO RIBEIRO,680/684,0,SANTO ANTÔNIO,49060-330,GASOLINA ADITIVADA,03/06/2025,"6,62",,R$ / litro,VIBRA
NE,SE,ARACAJU,POSTO CARMOPOLIS LTDA, 13.077.342/0001-51,AVENIDA JOAO RIBEIRO,680/684,0,SANTO ANTÔNIO,49060-330,ETANOL,03/06/2025,"4,90",,R$ / litro,VIBRA
NE,SE,ARACAJU,KLEBER SANTOS BATISTA LTDA, 13.042.882/0001-08,AVENIDA DESEMBARGADOR MAYNARD,770,,CIRURGIA,49055-210,GNV,03/06/2025,"4,99",,R$ / m³,BRANCA
NE,SE,ARACAJU,KLEBER SANTOS BATISTA LTDA, 13.042.882/0001-08,AVENIDA DESEMBARGADOR MAYNARD,770,,CIRURGIA,49055-210,GASOLINA,03/06/2025,"6,62",,R$ / litro,BRANCA
NE,SE,ARACAJU,KLEBER SANTOS BATISTA LTDA, 13.042.882/0001-08,AVENIDA DESEMBARGADOR MAYNARD,770,,CIRURGIA,49055-210,GASOLINA ADITIVADA,03/06/2025,"6,62",,R$ / litro,BRANCA
NE,SE,ARACAJU,KLEBER SANTOS BATISTA LTDA, 13.042.882/0001-08,AVENIDA DESEMBARGADOR MAYNARD,770,,CIRURGIA,49055-210,DIESEL S10,03/06/2025,"5,64",,R$ / litro,BRANCA
NE,SE,ARACAJU,KLEBER SANTOS BATISTA LTDA, 13.042.882/0001-08,AVENIDA DESEMBARGADOR MAYNARD,770,,CIRURGIA,49055-210,ETANOL,03/06/2025,"4,90",,R$ / litro,BRANCA
NE,SE,ARACAJU,AMARAL & CIA LTDA, 13.008.610/0001-83,RUA MARIANO SALMERON,709,,SIQUEIRA CAMPOS,49075-370,GASOLINA,03/06/2025,"6,62",,R$ / litro,VIBRA
NE,SE,ARACAJU,AMARAL & CIA LTDA, 13.008.610/0001-83,RUA MARIANO SALMERON,709,,SIQUEIRA CAMPOS,49075-370,GASOLINA ADITIVADA,03/06/2025,"6,72",,R$ / litro,VIBRA
NE,SE,ARACAJU,AMARAL & CIA LTDA, 13.008.610/0001-83,RUA MARIANO SALMERON,709,,SIQUEIRA CAMPOS,49075-370,DIESEL S10,03/06/2025,"6,28",,R$ / litro,VIBRA
NE,SE,ARACAJU,AMARAL & CIA LTDA, 13.008.610/0001-83,RUA MARIANO SALMERON,709,,SIQUEIRA CAMPOS,49075-370,ETANOL,03/06/2025,"4,98",,R$ / litro,VIBRA
NE,SE,ARACAJU,GAMA E CIA LTDA, 13.007.752/0001-26,AVENIDA TANCREDO NEVES,2551,,DISTRITO INDUSTRIAL DE ARACAJU,49095-000,GASOLINA,03/06/2025,"6,62",,R$ / litro,VIBRA
NE,SE,ARACAJU,L. V. COMERCIO DE COMBUSTIVEIS LTDA, 11.433.769/0001-10,RUA SAO CRISTOVAO,1877,,GETULIO VARGAS,49055-620,GASOLINA,03/06/2025,"6,62",,R$ / litro,RAIZEN
NE,SE,ARACAJU,L. V. COMERCIO DE COMBUSTIVEIS LTDA, 11.433.769/0001-10,RUA SAO CRISTOVAO,1877,,GETULIO VARGAS,49055-620,DIESEL S10,03/06/2025,"5,64",,R$ / litro,RAIZEN
NE,SE,ARACAJU,L. V. COMERCIO DE COMBUSTIVEIS LTDA, 11.433.769/0001-10,RUA SAO CRISTOVAO,1877,,GETULIO VARGAS,49055-620,ETANOL,03/06/2025,"4,94",,R$ / litro,RAIZEN
NE,SE,ARACAJU,ALPHA COMERCIAL DE COMBUSTIVEIS LTDA, 08.297.710/0008-03,AVENIDA FRANCISCO PORTO,650,LOJA  BR MANIA DELICATESSE,SALGADO FILHO,49020-120,GASOLINA,03/06/2025,"6,69",,R$ / litro,VIBRA
NE,SE,ARACAJU,ALPHA COMERCIAL DE COMBUSTIVEIS LTDA, 08.297.710/0008-03,AVENIDA FRANCISCO PORTO,650,LOJA  BR MANIA DELICATESSE,SALGADO FILHO,49020-120,GASOLINA ADITIVADA,03/06/2025,"6,89",,R$ / litro,VIBRA
NE,SE,ARACAJU,ALPHA COMERCIAL DE COMBUSTIVEIS LTDA, 08.297.710/0008-03,AVENIDA FRANCISCO PORTO,650,LOJA  BR MANIA DELICATESSE,SALGADO FILHO,49020-120,ETANOL,03/06/2025,"4,99",,R$ / litro,VIBRA
NE,SE,ARACAJU,REDE DE POSTOS PRESIDENTE LTDA, 32.864.795/0010-63,RUA LARANJEIRAS,1781,,GETULIO VARGAS,49055-380,GNV,03/06/2025,"4,99",,R$ / m³,VIBRA
NE,SE,ARACAJU,REDE DE POSTOS PRESIDENTE LTDA, 32.864.795/0010-63,RUA LARANJEIRAS,1781,,GETULIO VARGAS,49055-380,GASOLINA,03/06/2025,"6,69",,R$ / litro,VIBRA
NE,SE,ARACAJU,REDE DE POSTOS PRESIDENTE LTDA, 32.864.795/0010-63,RUA LARANJEIRAS,1781,,GETULIO VARGAS,49055-380,GASOLINA ADITIVADA,03/06/2025,"6,89",,R$ / litro,VIBRA
NE,SE,ARACAJU,POSTO PIRANEMA LTDA, 09.258.664/0003-91,AVENIDA PREFEITO HERACLITO ROLLEMBERG,2760,,FAROLANDIA,49030-640,GASOLINA,03/06/2025,"6,69",,R$ / litro,VIBRA
NE,SE,ARACAJU,POSTO PIRANEMA LTDA, 09.258.664/0003-91,AVENIDA PREFEITO HERACLITO ROLLEMBERG,2760,,FAROLANDIA,49030-640,GASOLINA ADITIVADA,03/06/2025,"6,89",,R$ / litro,VIBRA
NE,SE,ARACAJU,VASPETRO COMBUSTIVEL LTDA, 04.979.182/0001-45,AVENIDA BARAO DE MARUIM,552,,CENTRO,49010-340,GASOLINA,09/06/2025,"6,62",,R$ / litro,BRANCA
NE,SE,ARACAJU,VASPETRO COMBUSTIVEL LTDA, 04.979.182/0001-45,AVENIDA BARAO DE MARUIM,552,,CENTRO,49010-340,GASOLINA ADITIVADA,09/06/2025,"6,62",,R$ / litro,BRANCA
NE,SE,ARACAJU,VASPETRO COMBUSTIVEL LTDA, 04.979.182/0001-45,AVENIDA BARAO DE MARUIM,552,,CENTRO,49010-340,ETANOL,09/06/2025,"4,99",,R$ / litro,BRANCA
NE,SE,ARACAJU,GAMA E CIA LTDA, 13.007.752/0002-07,AVENIDA AUGUSTO FRANCO,2990,,PONTO NOVO,49047-040,GASOLINA,09/06/2025,"6,62",,R$ / litro,VIBRA
NE,SE,ARACAJU,TYRESOLES DE SERGIPE INDUSTRIA COMERCIO E SERVICOS LTDA, 13.007.828/0010-04,AVENIDA GONCALO  ROLLEMBERG LEITE,1721,,LUZIA,49045-280,GASOLINA,09/06/2025,"6,67",,R$ / litro,RAIZEN
NE,SE,ARACAJU,TYRESOLES DE SERGIPE INDUSTRIA COMERCIO E SERVICOS LTDA, 13.007.828/0010-04,AVENIDA GONCALO  ROLLEMBERG LEITE,1721,,LUZIA,49045-280,GASOLINA ADITIVADA,09/06/2025,"7,01",,R$ / litro,RAIZEN
NE,SE,ARACAJU,TYRESOLES DE SERGIPE INDUSTRIA COMERCIO E SERVICOS LTDA, 13.007.828/0010-04,AVENIDA GONCALO  ROLLEMBERG LEITE,1721,,LUZIA,49045-280,ETANOL,09/06/2025,"4,95",,R$ / litro,RAIZEN
NE,SE,ARACAJU,REDE DE POSTOS PRESIDENTE LTDA, 32.864.795/0001-72,AVENIDA COELHO E CAMPOS,1254,,SANTO ANTONIO,49060-000,GNV,09/06/2025,"4,99",,R$ / m³,VIBRA
NE,SE,ARACAJU,REDE DE POSTOS PRESIDENTE LTDA, 32.864.795/0001-72,AVENIDA COELHO E CAMPOS,1254,,SANTO ANTONIO,49060-000,GASOLINA,09/06/2025,"6,69",,R$ / litro,VIBRA
NE,SE,ARACAJU,REDE DE POSTOS PRESIDENTE LTDA, 32.864.795/0001-72,AVENIDA COELHO E CAMPOS,1254,,SANTO ANTONIO,49060-000,GASOLINA ADITIVADA,09/06/2025,"6,89",,R$ / litro,VIBRA
NE,SE,ARACAJU,LIDER COMERCIO DE COMBUSTIVEIS LTDA, 15.591.357/0001-69,PRACA DA BANDEIRA,171,,CENTRO,49055-090,GASOLINA,09/06/2025,"6,62",,R$ / litro,VIBRA
NE,SE,ARACAJU,LIDER COMERCIO DE COMBUSTIVEIS LTDA, 15.591.357/0001-69,PRACA DA BANDEIRA,171,,CENTRO,49055-090,GASOLINA ADITIVADA,09/06/2025,"6,80",,R$ / litro,VIBRA
NE,SE,ARACAJU,LIDER COMERCIO DE COMBUSTIVEIS LTDA, 15.591.357/0001-69,PRACA DA BANDEIRA,171,,CENTRO,49055-090,ETANOL,09/06/2025,"4,99",,R$ / litro,VIBRA
NE,SE,ARACAJU,POSTO ARIBE EIRELI, 15.083.140/0001-48,AVENIDA PROF JOSE O DE L NETO,150,,AMERICA,49080-480,GASOLINA,09/06/2025,"6,65",,R$ / litro,VIBRA
NE,SE,ARACAJU,POSTO ARIBE EIRELI, 15.083.140/0001-48,AVENIDA PROF JOSE O DE L NETO,150,,AMERICA,49080-480,GASOLINA ADITIVADA,09/06/2025,"6,83",,R$ / litro,VIBRA
NE,SE,ARACAJU,POSTO ARIBE EIRELI, 15.083.140/0001-48,AVENIDA PROF JOSE O DE L NETO,150,,AMERICA,49080-480,ETANOL,09/06/2025,"4,94",,R$ / litro,VIBRA
NE,SE,ARACAJU,LUBRIFICANTES E ACESSÓRIOS LTDA., 13.257.050/0001-09,AVENIDA BEIRA MAR,6,,13 DE JULHO,49020-010,GASOLINA,09/06/2025,"6,62",,R$ / litro,VIBRA
NE,SE,ARACAJU,LUBRIFICANTES E ACESSÓRIOS LTDA., 13.257.050/0001-09,AVENIDA BEIRA MAR,6,,13 DE JULHO,49020-010,GASOLINA ADITIVADA,09/06/2025,"6,62",,R$ / litro,VIBRA
NE,SE,ARACAJU,LUBRIFICANTES E ACESSÓRIOS LTDA., 13.257.050/0001-09,AVENIDA BEIRA MAR,6,,13 DE JULHO,49020-010,ETANOL,09/06/2025,"4,99",,R$ / litro,VIBRA
NE,SE,ARACAJU,COMERCIAL MARIVAN LTDA, 13.179.247/0001-69,AVENIDA ADELIA FRANCO,2234,,LUZIA,49048-010,GASOLINA,09/06/2025,"6,62",,R$ / litro,VIBRA
NE,SE,ARACAJU,COMERCIAL MARIVAN LTDA, 13.179.247/0001-69,AVENIDA ADELIA FRANCO,2234,,LUZIA,49048-010,GASOLINA ADITIVADA,09/06/2025,"6,69",,R$ / litro,VIBRA
NE,SE,ARACAJU,COMERCIAL MARIVAN LTDA, 13.179.247/0001-69,AVENIDA ADELIA FRANCO,2234,,LUZIA,49048-010,ETANOL,09/06/2025,"4,90",,R$ / litro,VIBRA
NE,SE,ARACAJU,J. L. OLIVEIRA & BARROS LTDA, 13.113.477/0004-78,AVENIDA GENTIL TAVARES,381,CASA,GETULIO VARGAS,49055-670,GASOLINA,09/06/2025,"6,68",,R$ / litro,VIBRA
NE,SE,ARACAJU,POSTO CARMOPOLIS LTDA, 13.077.342/0001-51,AVENIDA JOAO RIBEIRO,680/684,0,SANTO ANTÔNIO,49060-330,GASOLINA,09/06/2025,"6,62",,R$ / litro,VIBRA
NE,SE,ARACAJU,POSTO CARMOPOLIS LTDA, 13.077.342/0001-51,AVENIDA JOAO RIBEIRO,680/684,0,SANTO ANTÔNIO,49060-330,GASOLINA ADITIVADA,09/06/2025,"6,62",,R$ / litro,VIBRA
NE,SE,ARACAJU,POSTO CARMOPOLIS LTDA, 13.077.342/0001-51,AVENIDA JOAO RIBEIRO,680/684,0,SANTO ANTÔNIO,49060-330,ETANOL,09/06/2025,"4,90",,R$ / litro,VIBRA
NE,SE,ARACAJU,KLEBER SANTOS BATISTA LTDA, 13.042.882/0001-08,AVENIDA DESEMBARGADOR MAYNARD,770,,CIRURGIA,49055-210,GNV,09/06/2025,"4,99",,R$ / m³,BRANCA
NE,SE,ARACAJU,KLEBER SANTOS BATISTA LTDA, 13.042.882/0001-08,AVENIDA DESEMBARGADOR MAYNARD,770,,CIRURGIA,49055-210,GASOLINA,09/06/2025,"6,62",,R$ / litro,BRANCA
NE,SE,ARACAJU,KLEBER SANTOS BATISTA LTDA, 13.042.882/0001-08,AVENIDA DESEMBARGADOR MAYNARD,770,,CIRURGIA,49055-210,GASOLINA ADITIVADA,09/06/2025,"6,62",,R$ / litro,BRANCA
NE,SE,ARACAJU,KLEBER SANTOS BATISTA LTDA, 13.042.882/0001-08,AVENIDA DESEMBARGADOR MAYNARD,770,,CIRURGIA,49055-210,DIESEL S10,09/06/2025,"5,64",,R$ / litro,BRANCA
NE,SE,ARACAJU,KLEBER SANTOS BATISTA LTDA, 13.042.882/0001-08,AVENIDA DESEMBARGADOR MAYNARD,770,,CIRURGIA,49055-210,ETANOL,09/06/2025,"4,90",,R$ / litro,BRANCA
NE,SE,ARACAJU,AMARAL & CIA LTDA, 13.008.610/0001-83,RUA MARIANO SALMERON,709,,SIQUEIRA CAMPOS,49075-370,GASOLINA,09/06/2025,"6,62",,R$ / litro,VIBRA
NE,SE,ARACAJU,AMARAL & CIA LTDA, 13.008.610/0001-83,RUA MARIANO SALMERON,709,,SIQUEIRA CAMPOS,49075-370,GASOLINA ADITIVADA,09/06/2025,"6,72",,R$ / litro,VIBRA
NE,SE,ARACAJU,AMARAL & CIA LTDA, 13.008.610/0001-83,RUA MARIANO SALMERON,709,,SIQUEIRA CAMPOS,49075-370,DIESEL S10,09/06/2025,"6,28",,R$ / litro,VIBRA
NE,SE,ARACAJU,AMARAL & CIA LTDA, 13.008.610/0001-83,RUA MARIANO SALMERON,709,,SIQUEIRA CAMPOS,49075-370,ETANOL,09/06/2025,"4,98",,R$ / litro,VIBRA
NE,SE,ARACAJU,GAMA E CIA LTDA, 13.007.752/0001-26,AVENIDA TANCREDO NEVES,2551,,DISTRITO INDUSTRIAL DE ARACAJU,49095-000,GASOLINA,09/06/2025,"6,62",,R$ / litro,VIBRA
NE,SE,ARACAJU,L. V. COMERCIO DE COMBUSTIVEIS LTDA, 11.433.769/0001-10,RUA SAO CRISTOVAO,1877,,GETULIO VARGAS,49055-620,GASOLINA,09/06/2025,"6,62",,R$ / litro,RAIZEN
NE,SE,ARACAJU,L. V. COMERCIO DE COMBUSTIVEIS LTDA, 11.433.769/0001-10,RUA SAO CRISTOVAO,1877,,GETULIO VARGAS,49055-620,GASOLINA ADITIVADA,09/06/2025,"6,62",,R$ / litro,RAIZEN
NE,SE,ARACAJU,L. V. COMERCIO DE COMBUSTIVEIS LTDA, 11.433.769/0001-10,RUA SAO CRISTOVAO,1877,,GETULIO VARGAS,49055-620,DIESEL S10,09/06/2025,"5,64",,R$ / litro,RAIZEN
NE,SE,ARACAJU,L. V. COMERCIO DE COMBUSTIVEIS LTDA, 11.433.769/0001-10,RUA SAO CRISTOVAO,1877,,GETULIO VARGAS,49055-620,ETANOL,09/06/2025,"4,94",,R$ / litro,RAIZEN
NE,SE,ARACAJU,ALPHA COMERCIAL DE COMBUSTIVEIS LTDA, 08.297.710/0008-03,AVENIDA FRANCISCO PORTO,650,LOJA  BR MANIA DELICATESSE,SALGADO FILHO,49020-120,GASOLINA,09/06/2025,"6,69",,R$ / litro,VIBRA
NE,SE,ARACAJU,ALPHA COMERCIAL DE COMBUSTIVEIS LTDA, 08.297.710/0008-03,AVENIDA FRANCISCO PORTO,650,LOJA  BR MANIA DELICATESSE,SALGADO FILHO,49020-120,GASOLINA ADITIVADA,09/06/2025,"6,89",,R$ / litro,VIBRA
NE,SE,ARACAJU,ALPHA COMERCIAL DE COMBUSTIVEIS LTDA, 08.297.710/0008-03,AVENIDA FRANCISCO PORTO,650,LOJA  BR MANIA DELICATESSE,SALGADO FILHO,49020-120,ETANOL,09/06/2025,"4,99",,R$ / litro,VIBRA
NE,SE,ARACAJU,REDE DE POSTOS PRESIDENTE LTDA, 32.864.795/0010-63,RUA LARANJEIRAS,1781,,GETULIO VARGAS,49055-380,GNV,09/06/2025,"4,99",,R$ / m³,VIBRA
NE,SE,ARACAJU,REDE DE POSTOS PRESIDENTE LTDA, 32.864.795/0010-63,RUA LARANJEIRAS,1781,,GETULIO VARGAS,49055-380,GASOLINA,09/06/2025,"6,69",,R$ / litro,VIBRA
NE,SE,ARACAJU,REDE DE POSTOS PRESIDENTE LTDA, 32.864.795/0010-63,RUA LARANJEIRAS,1781,,GETULIO VARGAS,49055-380,GASOLINA ADITIVADA,09/06/2025,"6,89",,R$ / litro,VIBRA
NE,SE,ARACAJU,POSTO PIRANEMA LTDA, 09.258.664/0003-91,AVENIDA PREFEITO HERACLITO ROLLEMBERG,2760,,FAROLANDIA,49030-640,GASOLINA,09/06/2025,"6,69",,R$ / litro,VIBRA
NE,SE,ARACAJU,POSTO PIRANEMA LTDA, 09.258.664/0003-91,AVENIDA PREFEITO HERACLITO ROLLEMBERG,2760,,FAROLANDIA,49030-640,GASOLINA ADITIVADA,09/06/2025,"6,89",,R$ / litro,VIBRA
NE,SE,ARACAJU,VASPETRO COMBUSTIVEL LTDA, 04.979.182/0001-45,AVENIDA BARAO DE MARUIM,552,,CENTRO,49010-340,GASOLINA,16/06/2025,"6,62",,R$ / litro,BRANCA
NE,SE,ARACAJU,VASPETRO COMBUSTIVEL LTDA, 04.979.182/0001-45,AVENIDA BARAO DE MARUIM,552,,CENTRO,49010-340,GASOLINA ADITIVADA,16/06/2025,"6,62",,R$ / litro,BRANCA
NE,SE,ARACAJU,VASPETRO COMBUSTIVEL LTDA, 04.979.182/0001-45,AVENIDA BARAO DE MARUIM,552,,CENTRO,49010-340,ETANOL,16/06/2025,"4,99",,R$ / litro,BRANCA
NE,SE,ARACAJU,GAMA E CIA LTDA, 13.007.752/0002-07,AVENIDA AUGUSTO FRANCO,2990,,PONTO NOVO,49047-040,GASOLINA,16/06/2025,"6,62",,R$ / litro,VIBRA
NE,SE,ARACAJU,TYRESOLES DE SERGIPE INDUSTRIA COMERCIO E SERVICOS LTDA, 13.007.828/0010-04,AVENIDA GONCALO  ROLLEMBERG LEITE,1721,,LUZIA,49045-280,GASOLINA,16/06/2025,"6,67",,R$ / litro,RAIZEN
NE,SE,ARACAJU,TYRESOLES DE SERGIPE INDUSTRIA COMERCIO E SERVICOS LTDA, 13.007.828/0010-04,AVENIDA GONCALO  ROLLEMBERG LEITE,1721,,LUZIA,49045-280,GASOLINA ADITIVADA,16/06/2025,"7,01",,R$ / litro,RAIZEN
NE,SE,ARACAJU,TYRESOLES DE SERGIPE INDUSTRIA COMERCIO E SERVICOS LTDA, 13.007.828/0010-04,AVENIDA GONCALO  ROLLEMBERG LEITE,1721,,LUZIA,49045-280,ETANOL,16/06/2025,"4,95",,R$ / litro,RAIZEN
NE,SE,ARACAJU,REDE DE POSTOS PRESIDENTE LTDA, 32.864.795/0001-72,AVENIDA COELHO E CAMPOS,1254,,SANTO ANTONIO,49060-000,GNV,16/06/2025,"4,99",,R$ / m³,VIBRA
NE,SE,ARACAJU,REDE DE POSTOS PRESIDENTE LTDA, 32.864.795/0001-72,AVENIDA COELHO E CAMPOS,1254,,SANTO ANTONIO,49060-000,GASOLINA,16/06/2025,"6,69",,R$ / litro,VIBRA
NE,SE,ARACAJU,REDE DE POSTOS PRESIDENTE LTDA, 32.864.795/0001-72,AVENIDA COELHO E CAMPOS,1254,,SANTO ANTONIO,49060-000,GASOLINA ADITIVADA,16/06/2025,"6,89",,R$ / litro,VIBRA
NE,SE,ARACAJU,LIDER COMERCIO DE COMBUSTIVEIS LTDA, 15.591.357/0001-69,PRACA DA BANDEIRA,171,,CENTRO,49055-090,GASOLINA,16/06/2025,"6,62",,R$ / litro,VIBRA
NE,SE,ARACAJU,LIDER COMERCIO DE COMBUSTIVEIS LTDA, 15.591.357/0001-69,PRACA DA BANDEIRA,171,,CENTRO,49055-090,GASOLINA ADITIVADA,16/06/2025,"6,80",,R$ / litro,VIBRA
NE,SE,ARACAJU,LIDER COMERCIO DE COMBUSTIVEIS LTDA, 15.591.357/0001-69,PRACA DA BANDEIRA,171,,CENTRO,49055-090,ETANOL,16/06/2025,"4,99",,R$ / litro,VIBRA
NE,SE,ARACAJU,POSTO ARIBE EIRELI, 15.083.140/0001-48,AVENIDA PROF JOSE O DE L NETO,150,,AMERICA,49080-480,GASOLINA,16/06/2025,"6,65",,R$ / litro,VIBRA
NE,SE,ARACAJU,POSTO ARIBE EIRELI, 15.083.140/0001-48,AVENIDA PROF JOSE O DE L NETO,150,,AMERICA,49080-480,GASOLINA ADITIVADA,16/06/2025,"6,83",,R$ / litro,VIBRA
NE,SE,ARACAJU,POSTO ARIBE EIRELI, 15.083.140/0001-48,AVENIDA PROF JOSE O DE L NETO,150,,AMERICA,49080-480,ETANOL,16/06/2025,"4,94",,R$ / litro,VIBRA
NE,SE,ARACAJU,LUBRIFICANTES E ACESSÓRIOS LTDA., 13.257.050/0001-09,AVENIDA BEIRA MAR,6,,13 DE JULHO,49020-010,GASOLINA,16/06/2025,"6,62",,R$ / litro,VIBRA
NE,SE,ARACAJU,LUBRIFICANTES E ACESSÓRIOS LTDA., 13.257.050/0001-09,AVENIDA BEIRA MAR,6,,13 DE JULHO,49020-010,GASOLINA ADITIVADA,16/06/2025,"6,62",,R$ / litro,VIBRA
NE,SE,ARACAJU,LUBRIFICANTES E ACESSÓRIOS LTDA., 13.257.050/0001-09,AVENIDA BEIRA MAR,6,,13 DE JULHO,49020-010,ETANOL,16/06/2025,"4,99",,R$ / litro,VIBRA
NE,SE,ARACAJU,COMERCIAL MARIVAN LTDA, 13.179.247/0001-69,AVENIDA ADELIA FRANCO,2234,,LUZIA,49048-010,GASOLINA,16/06/2025,"6,62",,R$ / litro,VIBRA
NE,SE,ARACAJU,COMERCIAL MARIVAN LTDA, 13.179.247/0001-69,AVENIDA ADELIA FRANCO,2234,,LUZIA,49048-010,GASOLINA ADITIVADA,16/06/2025,"6,69",,R$ / litro,VIBRA
NE,SE,ARACAJU,COMERCIAL MARIVAN LTDA, 13.179.247/0001-69,AVENIDA ADELIA FRANCO,2234,,LUZIA,49048-010,ETANOL,16/06/2025,"4,90",,R$ / litro,VIBRA
NE,SE,ARACAJU,J. L. OLIVEIRA & BARROS LTDA, 13.113.477/0004-78,AVENIDA GENTIL TAVARES,381,CASA,GETULIO VARGAS,49055-670,GASOLINA,16/06/2025,"6,68",,R$ / litro,VIBRA
NE,SE,ARACAJU,POSTO CARMOPOLIS LTDA, 13.077.342/0001-51,AVENIDA JOAO RIBEIRO,680/684,0,SANTO ANTÔNIO,49060-330,GASOLINA,16/06/2025,"6,62",,R$ / litro,VIBRA
NE,SE,ARACAJU,POSTO CARMOPOLIS LTDA, 13.077.342/0001-51,AVENIDA JOAO RIBEIRO,680/684,0,SANTO ANTÔNIO,49060-330,GASOLINA ADITIVADA,16/06/2025,"6,62",,R$ / litro,VIBRA
NE,SE,ARACAJU,POSTO CARMOPOLIS LTDA, 13.077.342/0001-51,AVENIDA JOAO RIBEIRO,680/684,0,SANTO ANTÔNIO,49060-330,ETANOL,16/06/2025,"4,90",,R$ / litro,VIBRA
NE,SE,ARACAJU,KLEBER SANTOS BATISTA LTDA, 13.042.882/0001-08,AVENIDA DESEMBARGADOR MAYNARD,770,,CIRURGIA,49055-210,GNV,16/06/2025,"4,99",,R$ / m³,BRANCA
NE,SE,ARACAJU,KLEBER SANTOS BATISTA LTDA, 13.042.882/0001-08,AVENIDA DESEMBARGADOR MAYNARD,770,,CIRURGIA,49055-210,GASOLINA,16/06/2025,"6,62",,R$ / litro,BRANCA
NE,SE,ARACAJU,KLEBER SANTOS BATISTA LTDA, 13.042.882/0001-08,AVENIDA DESEMBARGADOR MAYNARD,770,,CIRURGIA,49055-210,GASOLINA ADITIVADA,16/06/2025,"6,62",,R$ / litro,BRANCA
NE,SE,ARACAJU,KLEBER SANTOS BATISTA LTDA, 13.042.882/0001-08,AVENIDA DESEMBARGADOR MAYNARD,770,,CIRURGIA,49055-210,DIESEL S10,16/06/2025,"5,64",,R$ / litro,BRANCA
NE,SE,ARACAJU,KLEBER SANTOS BATISTA LTDA, 13.042.882/0001-08,AVENIDA DESEMBARGADOR MAYNARD,770,,CIRURGIA,49055-210,ETANOL,16/06/2025,"4,90",,R$ / litro,BRANCA
NE,SE,ARACAJU,AMARAL & CIA LTDA, 13.008.610/0001-83,RUA MARIANO SALMERON,709,,SIQUEIRA CAMPOS,49075-370,GASOLINA,16/06/2025,"6,62",,R$ / litro,VIBRA
NE,SE,ARACAJU,AMARAL & CIA LTDA, 13.008.610/0001-83,RUA MARIANO SALMERON,709,,SIQUEIRA CAMPOS,49075-370,GASOLINA ADITIVADA,16/06/2025,"6,72",,R$ / litro,VIBRA
NE,SE,ARACAJU,AMARAL & CIA LTDA, 13.008.610/0001-83,RUA MARIANO SALMERON,709,,SIQUEIRA CAMPOS,49075-370,DIESEL S10,16/06/2025,"6,28",,R$ / litro,VIBRA
NE,SE,ARACAJU,AMARAL & CIA LTDA, 13.008.610/0001-83,RUA MARIANO SALMERON,709,,SIQUEIRA CAMPOS,49075-370,ETANOL,16/06/2025,"4,98",,R$ / litro,VIBRA
NE,SE,ARACAJU,GAMA E CIA LTDA, 13.007.752/0001-26,AVENIDA TANCREDO NEVES,2551,,DISTRITO INDUSTRIAL DE ARACAJU,49095-000,GASOLINA,16/06/2025,"6,62",,R$ / litro,VIBRA
NE,SE,ARACAJU,L. V. COMERCIO DE COMBUSTIVEIS LTDA, 11.433.769/0001-10,RUA SAO CRISTOVAO,1877,,GETULIO VARGAS,49055-620,GASOLINA,16/06/2025,"6,62",,R$ / litro,RAIZEN
NE,SE,ARACAJU,L. V. COMERCIO DE COMBUSTIVEIS LTDA, 11.433.769/0001-10,RUA SAO CRISTOVAO,1877,,GETULIO VARGAS,49055-620,DIESEL S10,16/06/2025,"5,64",,R$ / litro,RAIZEN
NE,SE,ARACAJU,L. V. COMERCIO DE COMBUSTIVEIS LTDA, 11.433.769/0001-10,RUA SAO CRISTOVAO,1877,,GETULIO VARGAS,49055-620,ETANOL,16/06/2025,"4,94",,R$ / litro,RAIZEN
NE,SE,ARACAJU,ALPHA COMERCIAL DE COMBUSTIVEIS LTDA, 08.297.710/0008-03,AVENIDA FRANCISCO PORTO,650,LOJA  BR MANIA DELICATESSE,SALGADO FILHO,49020-120,GASOLINA,16/06/2025,"6,69",,R$ / litro,VIBRA
NE,SE,ARACAJU,ALPHA COMERCIAL DE COMBUSTIVEIS LTDA, 08.297.710/0008-03,AVENIDA FRANCISCO PORTO,650,LOJA  BR MANIA DELICATESSE,SALGADO FILHO,49020-120,GASOLINA ADITIVADA,16/06/2025,"6,89",,R$ / litro,VIBRA
NE,SE,ARACAJU,ALPHA COMERCIAL DE COMBUSTIVEIS LTDA, 08.297.710/0008-03,AVENIDA FRANCISCO PORTO,650,LOJA  BR MANIA DELICATESSE,SALGADO FILHO,49020-120,ETANOL,16/06/2025,"4,99",,R$ / litro,VIBRA
NE,SE,ARACAJU,REDE DE POSTOS PRESIDENTE LTDA, 32.864.795/0010-63,RUA LARANJEIRAS,1781,,GETULIO VARGAS,49055-380,GNV,16/06/2025,"4,99",,R$ / m³,VIBRA
NE,SE,ARACAJU,REDE DE POSTOS PRESIDENTE LTDA, 32.864.795/0010-63,RUA LARANJEIRAS,1781,,GETULIO VARGAS,49055-380,GASOLINA,16/06/2025,"6,69",,R$ / litro,VIBRA
NE,SE,ARACAJU,REDE DE POSTOS PRESIDENTE LTDA, 32.864.795/0010-63,RUA LARANJEIRAS,1781,,GETULIO VARGAS,49055-380,GASOLINA ADITIVADA,16/06/2025,"6,89",,R$ / litro,VIBRA
NE,SE,ARACAJU,POSTO PIRANEMA LTDA, 09.258.664/0003-91,AVENIDA PREFEITO HERACLITO ROLLEMBERG,2760,,FAROLANDIA,49030-640,GASOLINA,16/06/2025,"6,69",,R$ / litro,VIBRA
NE,SE,ARACAJU,POSTO PIRANEMA LTDA, 09.258.664/0003-91,AVENIDA PREFEITO HERACLITO ROLLEMBERG,2760,,FAROLANDIA,49030-640,GASOLINA ADITIVADA,16/06/2025,"6,89",,R$ / litro,VIBRA
NE,SE,ARACAJU,VASPETRO COMBUSTIVEL LTDA, 04.979.182/0001-45,AVENIDA BARAO DE MARUIM,552,,CENTRO,49010-340,GASOLINA,24/06/2025,"6,62",,R$ / litro,BRANCA
NE,SE,ARACAJU,VASPETRO COMBUSTIVEL LTDA, 04.979.182/0001-45,AVENIDA BARAO DE MARUIM,552,,CENTRO,49010-340,GASOLINA ADITIVADA,24/06/2025,"6,62",,R$ / litro,BRANCA
NE,SE,ARACAJU,VASPETRO COMBUSTIVEL LTDA, 04.979.182/0001-45,AVENIDA BARAO DE MARUIM,552,,CENTRO,49010-340,ETANOL,24/06/2025,"4,99",,R$ / litro,BRANCA
NE,SE,ARACAJU,GAMA E CIA LTDA, 13.007.752/0002-07,AVENIDA AUGUSTO FRANCO,2990,,PONTO NOVO,49047-040,GASOLINA,24/06/2025,"6,62",,R$ / litro,VIBRA
NE,SE,ARACAJU,TYRESOLES DE SERGIPE INDUSTRIA COMERCIO E SERVICOS LTDA, 13.007.828/0010-04,AVENIDA GONCALO  ROLLEMBERG LEITE,1721,,LUZIA,49045-280,GASOLINA,24/06/2025,"6,67",,R$ / litro,RAIZEN
NE,SE,ARACAJU,TYRESOLES DE SERGIPE INDUSTRIA COMERCIO E SERVICOS LTDA, 13.007.828/0010-04,AVENIDA GONCALO  ROLLEMBERG LEITE,1721,,LUZIA,49045-280,GASOLINA ADITIVADA,24/06/2025,"7,01",,R$ / litro,RAIZEN
NE,SE,ARACAJU,TYRESOLES DE SERGIPE INDUSTRIA COMERCIO E SERVICOS LTDA, 13.007.828/0010-04,AVENIDA GONCALO  ROLLEMBERG LEITE,1721,,LUZIA,49045-280,ETANOL,24/06/2025,"4,95",,R$ / litro,RAIZEN
NE,SE,ARACAJU,REDE DE POSTOS PRESIDENTE LTDA, 32.864.795/0001-72,AVENIDA COELHO E CAMPOS,1254,,SANTO ANTONIO,49060-000,GNV,24/06/2025,"4,99",,R$ / m³,VIBRA
NE,SE,ARACAJU,REDE DE POSTOS PRESIDENTE LTDA, 32.864.795/0001-72,AVENIDA COELHO E CAMPOS,1254,,SANTO ANTONIO,49060-000,GASOLINA,24/06/2025,"6,69",,R$ / litro,VIBRA
NE,SE,ARACAJU,REDE DE POSTOS PRESIDENTE LTDA, 32.864.795/0001-72,AVENIDA COELHO E CAMPOS,1254,,SANTO ANTONIO,49060-000,GASOLINA ADITIVADA,24/06/2025,"6,89",,R$ / litro,VIBRA
NE,SE,ARACAJU,LIDER COMERCIO DE COMBUSTIVEIS LTDA, 15.591.357/0001-69,PRACA DA BANDEIRA,171,,CENTRO,49055-090,GASOLINA,24/06/2025,"6,62",,R$ / litro,VIBRA
NE,SE,ARACAJU,LIDER COMERCIO DE COMBUSTIVEIS LTDA, 15.591.357/0001-69,PRACA DA BANDEIRA,171,,CENTRO,49055-090,GASOLINA ADITIVADA,24/06/2025,"6,80",,R$ / litro,VIBRA
NE,SE,ARACAJU,LIDER COMERCIO DE COMBUSTIVEIS LTDA, 15.591.357/0001-69,PRACA DA BANDEIRA,171,,CENTRO,49055-090,ETANOL,24/06/2025,"4,99",,R$ / litro,VIBRA
NE,SE,ARACAJU,POSTO ARIBE EIRELI, 15.083.140/0001-48,AVENIDA PROF JOSE O DE L NETO,150,,AMERICA,49080-480,GASOLINA,24/06/2025,"6,65",,R$ / litro,VIBRA
NE,SE,ARACAJU,POSTO ARIBE EIRELI, 15.083.140/0001-48,AVENIDA PROF JOSE O DE L NETO,150,,AMERICA,49080-480,GASOLINA ADITIVADA,24/06/2025,"6,83",,R$ / litro,VIBRA
NE,SE,ARACAJU,POSTO ARIBE EIRELI, 15.083.140/0001-48,AVENIDA PROF JOSE O DE L NETO,150,,AMERICA,49080-480,ETANOL,24/06/2025,"4,94",,R$ / litro,VIBRA
NE,SE,ARACAJU,LUBRIFICANTES E ACESSÓRIOS LTDA., 13.257.050/0001-09,AVENIDA BEIRA MAR,6,,13 DE JULHO,49020-010,GASOLINA,24/06/2025,"6,62",,R$ / litro,VIBRA
NE,SE,ARACAJU,LUBRIFICANTES E ACESSÓRIOS LTDA., 13.257.050/0001-09,AVENIDA BEIRA MAR,6,,13 DE JULHO,49020-010,GASOLINA ADITIVADA,24/06/2025,"6,62",,R$ / litro,VIBRA
NE,SE,ARACAJU,LUBRIFICANTES E ACESSÓRIOS LTDA., 13.257.050/0001-09,AVENIDA BEIRA MAR,6,,13 DE JULHO,49020-010,ETANOL,24/06/2025,"4,99",,R$ / litro,VIBRA
NE,SE,ARACAJU,COMERCIAL MARIVAN LTDA, 13.179.247/0001-69,AVENIDA ADELIA FRANCO,2234,,LUZIA,49048-010,GASOLINA,24/06/2025,"6,62",,R$ / litro,VIBRA
NE,SE,ARACAJU,COMERCIAL MARIVAN LTDA, 13.179.247/0001-69,AVENIDA ADELIA FRANCO,2234,,LUZIA,49048-010,GASOLINA ADITIVADA,24/06/2025,"6,69",,R$ / litro,VIBRA
NE,SE,ARACAJU,COMERCIAL MARIVAN LTDA, 13.179.247/0001-69,AVENIDA ADELIA FRANCO,2234,,LUZIA,49048-010,ETANOL,24/06/2025,"4,90",,R$ / litro,VIBRA
NE,SE,ARACAJU,J. L. OLIVEIRA & BARROS LTDA, 13.113.477/0004-78,AVENIDA GENTIL TAVARES,381,CASA,GETULIO VARGAS,49055-670,GASOLINA,24/06/2025,"6,68",,R$ / litro,VIBRA
NE,SE,ARACAJU,J. L. OLIVEIRA & BARROS LTDA, 13.113.477/0004-78,AVENIDA GENTIL TAVARES,381,CASA,GETULIO VARGAS,49055-670,DIESEL S10,24/06/2025,"6,29",,R$ / litro,VIBRA
NE,SE,ARACAJU,POSTO CARMOPOLIS LTDA, 13.077.342/0001-51,AVENIDA JOAO RIBEIRO,680/684,0,SANTO ANTÔNIO,49060-330,GASOLINA,24/06/2025,"6,62",,R$ / litro,VIBRA
NE,SE,ARACAJU,POSTO CARMOPOLIS LTDA, 13.077.342/0001-51,AVENIDA JOAO RIBEIRO,680/684,0,SANTO ANTÔNIO,49060-330,GASOLINA ADITIVADA,24/06/2025,"6,62",,R$ / litro,VIBRA
NE,SE,ARACAJU,POSTO CARMOPOLIS LTDA, 13.077.342/0001-51,AVENIDA JOAO RIBEIRO,680/684,0,SANTO ANTÔNIO,49060-330,ETANOL,24/06/2025,"4,90",,R$ / litro,VIBRA
NE,SE,ARACAJU,KLEBER SANTOS BATISTA LTDA, 13.042.882/0001-08,AVENIDA DESEMBARGADOR MAYNARD,770,,CIRURGIA,49055-210,GNV,24/06/2025,"4,99",,R$ / m³,BRANCA
NE,SE,ARACAJU,KLEBER SANTOS BATISTA LTDA, 13.042.882/0001-08,AVENIDA DESEMBARGADOR MAYNARD,770,,CIRURGIA,49055-210,GASOLINA,24/06/2025,"6,62",,R$ / litro,BRANCA
NE,SE,ARACAJU,KLEBER SANTOS BATISTA LTDA, 13.042.882/0001-08,AVENIDA DESEMBARGADOR MAYNARD,770,,CIRURGIA,49055-210,GASOLINA ADITIVADA,24/06/2025,"6,62",,R$ / litro,BRANCA
NE,SE,ARACAJU,KLEBER SANTOS BATISTA LTDA, 13.042.882/0001-08,AVENIDA DESEMBARGADOR MAYNARD,770,,CIRURGIA,49055-210,DIESEL S10,24/06/2025,"5,64",,R$ / litro,BRANCA
NE,SE,ARACAJU,KLEBER SANTOS BATISTA LTDA, 13.042.882/0001-08,AVENIDA DESEMBARGADOR MAYNARD,770,,CIRURGIA,49055-210,ETANOL,24/06/2025,"4,90",,R$ / litro,BRANCA
NE,SE,ARACAJU,AMARAL & CIA LTDA, 13.008.610/0001-83,RUA MARIANO SALMERON,709,,SIQUEIRA CAMPOS,49075-370,GASOLINA,24/06/2025,"6,62",,R$ / litro,VIBRA
NE,SE,ARACAJU,AMARAL & CIA LTDA, 13.008.610/0001-83,RUA MARIANO SALMERON,709,,SIQUEIRA CAMPOS,49075-370,GASOLINA ADITIVADA,24/06/2025,"6,72",,R$ / litro,VIBRA
NE,SE,ARACAJU,AMARAL & CIA LTDA, 13.008.610/0001-83,RUA MARIANO SALMERON,709,,SIQUEIRA CAMPOS,49075-370,DIESEL S10,24/06/2025,"6,28",,R$ / litro,VIBRA
NE,SE,ARACAJU,AMARAL & CIA LTDA, 13.008.610/0001-83,RUA MARIANO SALMERON,709,,SIQUEIRA CAMPOS,49075-370,ETANOL,24/06/2025,"4,98",,R$ / litro,VIBRA
NE,SE,ARACAJU,GAMA E CIA LTDA, 13.007.752/0001-26,AVENIDA TANCREDO NEVES,2551,,DISTRITO INDUSTRIAL DE ARACAJU,49095-000,GASOLINA,24/06/2025,"6,62",,R$ / litro,VIBRA
NE,SE,ARACAJU,L. V. COMERCIO DE COMBUSTIVEIS LTDA, 11.433.769/0001-10,RUA SAO CRISTOVAO,1877,,GETULIO VARGAS,49055-620,GASOLINA,24/06/2025,"6,62",,R$ / litro,RAIZEN
NE,SE,ARACAJU,L. V. COMERCIO DE COMBUSTIVEIS LTDA, 11.433.769/0001-10,RUA SAO CRISTOVAO,1877,,GETULIO VARGAS,49055-620,DIESEL S10,24/06/2025,"5,64",,R$ / litro,RAIZEN
NE,SE,ARACAJU,L. V. COMERCIO DE COMBUSTIVEIS LTDA, 11.433.769/0001-10,RUA SAO CRISTOVAO,1877,,GETULIO VARGAS,49055-620,ETANOL,24/06/2025,"4,94",,R$ / litro,RAIZEN
NE,SE,ARACAJU,ALPHA COMERCIAL DE COMBUSTIVEIS LTDA, 08.297.710/0008-03,AVENIDA FRANCISCO PORTO,650,LOJA  BR MANIA DELICATESSE,SALGADO FILHO,49020-120,GASOLINA,24/06/2025,"6,69",,R$ / litro,VIBRA
NE,SE,ARACAJU,ALPHA COMERCIAL DE COMBUSTIVEIS LTDA, 08.297.710/0008-03,AVENIDA FRANCISCO PORTO,650,LOJA  BR MANIA DELICATESSE,SALGADO FILHO,49020-120,GASOLINA ADITIVADA,24/06/2025,"6,89",,R$ / litro,VIBRA
NE,SE,ARACAJU,ALPHA COMERCIAL DE COMBUSTIVEIS LTDA, 08.297.710/0008-03,AVENIDA FRANCISCO PORTO,650,LOJA  BR MANIA DELICATESSE,SALGADO FILHO,49020-120,ETANOL,24/06/2025,"4,99",,R$ / litro,VIBRA
NE,SE,ARACAJU,REDE DE POSTOS PRESIDENTE LTDA, 32.864.795/0010-63,RUA LARANJEIRAS,1781,,GETULIO VARGAS,49055-380,GNV,24/06/2025,"4,99",,R$ / m³,VIBRA
NE,SE,ARACAJU,REDE DE POSTOS PRESIDENTE LTDA, 32.864.795/0010-63,RUA LARANJEIRAS,1781,,GETULIO VARGAS,49055-380,GASOLINA,24/06/2025,"6,69",,R$ / litro,VIBRA
NE,SE,ARACAJU,REDE DE POSTOS PRESIDENTE LTDA, 32.864.795/0010-63,RUA LARANJEIRAS,1781,,GETULIO VARGAS,49055-380,GASOLINA ADITIVADA,24/06/2025,"6,89",,R$ / litro,VIBRA
NE,SE,ARACAJU,POSTO PIRANEMA LTDA, 09.258.664/0003-91,AVENIDA PREFEITO HERACLITO ROLLEMBERG,2760,,FAROLANDIA,49030-640,GASOLINA,24/06/2025,"6,69",,R$ / litro,VIBRA
NE,SE,ARACAJU,POSTO PIRANEMA LTDA, 09.258.664/0003-91,AVENIDA PREFEITO HERACLITO ROLLEMBERG,2760,,FAROLANDIA,49030-640,GASOLINA ADITIVADA,24/06/2025,"6,89",,R$ / litro,VIBRA
NE,SE,ARACAJU,VASPETRO COMBUSTIVEL LTDA, 04.979.182/0001-45,AVENIDA BARAO DE MARUIM,552,,CENTRO,49010-340,GASOLINA,30/06/2025,"6,62",,R$ / litro,BRANCA
NE,SE,ARACAJU,VASPETRO COMBUSTIVEL LTDA, 04.979.182/0001-45,AVENIDA BARAO DE MARUIM,552,,CENTRO,49010-340,GASOLINA ADITIVADA,30/06/2025,"6,62",,R$ / litro,BRANCA
NE,SE,ARACAJU,VASPETRO COMBUSTIVEL LTDA, 04.979.182/0001-45,AVENIDA BARAO DE MARUIM,552,,CENTRO,49010-340,ETANOL,30/06/2025,"4,99",,R$ / litro,BRANCA
NE,SE,ARACAJU,GAMA E CIA LTDA, 13.007.752/0002-07,AVENIDA AUGUSTO FRANCO,2990,,PONTO NOVO,49047-040,GASOLINA,30/06/2025,"6,62",,R$ / litro,VIBRA
NE,SE,ARACAJU,TYRESOLES DE SERGIPE INDUSTRIA COMERCIO E SERVICOS LTDA, 13.007.828/0010-04,AVENIDA GONCALO  ROLLEMBERG LEITE,1721,,LUZIA,49045-280,GASOLINA,30/06/2025,"6,67",,R$ / litro,RAIZEN
NE,SE,ARACAJU,TYRESOLES DE SERGIPE INDUSTRIA COMERCIO E SERVICOS LTDA, 13.007.828/0010-04,AVENIDA GONCALO  ROLLEMBERG LEITE,1721,,LUZIA,49045-280,GASOLINA ADITIVADA,30/06/2025,"7,01",,R$ / litro,RAIZEN
NE,SE,ARACAJU,TYRESOLES DE SERGIPE INDUSTRIA COMERCIO E SERVICOS LTDA, 13.007.828/0010-04,AVENIDA GONCALO  ROLLEMBERG LEITE,1721,,LUZIA,49045-280,ETANOL,30/06/2025,"4,95",,R$ / litro,RAIZEN
NE,SE,ARACAJU,REDE DE POSTOS PRESIDENTE LTDA, 32.864.795/0001-72,AVENIDA COELHO E CAMPOS,1254,,SANTO ANTONIO,49060-000,GNV,30/06/2025,"4,99",,R$ / m³,VIBRA
NE,SE,ARACAJU,REDE DE POSTOS PRESIDENTE LTDA, 32.864.795/0001-72,AVENIDA COELHO E CAMPOS,1254,,SANTO ANTONIO,49060-000,GASOLINA,30/06/2025,"6,69",,R$ / litro,VIBRA
NE,SE,ARACAJU,REDE DE POSTOS PRESIDENTE LTDA, 32.864.795/0001-72,AVENIDA COELHO E CAMPOS,1254,,SANTO ANTONIO,49060-000,GASOLINA ADITIVADA,30/06/2025,"6,89",,R$ / litro,VIBRA
NE,SE,ARACAJU,LIDER COMERCIO DE COMBUSTIVEIS LTDA, 15.591.357/0001-69,PRACA DA BANDEIRA,171,,CENTRO,49055-090,GASOLINA,30/06/2025,"6,62",,R$ / litro,VIBRA
NE,SE,ARACAJU,LIDER COMERCIO DE COMBUSTIVEIS LTDA, 15.591.357/0001-69,PRACA DA BANDEIRA,171,,CENTRO,49055-090,GASOLINA ADITIVADA,30/06/2025,"6,80",,R$ / litro,VIBRA
NE,SE,ARACAJU,LIDER COMERCIO DE COMBUSTIVEIS LTDA, 15.591.357/0001-69,PRACA DA BANDEIRA,171,,CENTRO,49055-090,ETANOL,30/06/2025,"4,99",,R$ / litro,VIBRA
NE,SE,ARACAJU,POSTO ARIBE EIRELI, 15.083.140/0001-48,AVENIDA PROF JOSE O DE L NETO,150,,AMERICA,49080-480,GASOLINA,30/06/2025,"6,65",,R$ / litro,VIBRA
NE,SE,ARACAJU,POSTO ARIBE EIRELI, 15.083.140/0001-48,AVENIDA PROF JOSE O DE L NETO,150,,AMERICA,49080-480,GASOLINA ADITIVADA,30/06/2025,"6,83",,R$ / litro,VIBRA
NE,SE,ARACAJU,POSTO ARIBE EIRELI, 15.083.140/0001-48,AVENIDA PROF JOSE O DE L NETO,150,,AMERICA,49080-480,ETANOL,30/06/2025,"4,94",,R$ / litro,VIBRA
NE,SE,ARACAJU,LUBRIFICANTES E ACESSÓRIOS LTDA., 13.257.050/0001-09,AVENIDA BEIRA MAR,6,,13 DE JULHO,49020-010,GASOLINA,30/06/2025,"6,62",,R$ / litro,VIBRA
NE,SE,ARACAJU,LUBRIFICANTES E ACESSÓRIOS LTDA., 13.257.050/0001-09,AVENIDA BEIRA MAR,6,,13 DE JULHO,49020-010,GASOLINA ADITIVADA,30/06/2025,"6,62",,R$ / litro,VIBRA
NE,SE,ARACAJU,LUBRIFICANTES E ACESSÓRIOS LTDA., 13.257.050/0001-09,AVENIDA BEIRA MAR,6,,13 DE JULHO,49020-010,ETANOL,30/06/2025,"4,99",,R$ / litro,VIBRA
NE,SE,ARACAJU,COMERCIAL MARIVAN LTDA, 13.179.247/0001-69,AVENIDA ADELIA FRANCO,2234,,LUZIA,49048-010,GASOLINA,30/06/2025,"6,62",,R$ / litro,VIBRA
NE,SE,ARACAJU,COMERCIAL MARIVAN LTDA, 13.179.247/0001-69,AVENIDA ADELIA FRANCO,2234,,LUZIA,49048-010,GASOLINA ADITIVADA,30/06/2025,"6,69",,R$ / litro,VIBRA
NE,SE,ARACAJU,COMERCIAL MARIVAN LTDA, 13.179.247/0001-69,AVENIDA ADELIA FRANCO,2234,,LUZIA,49048-010,ETANOL,30/06/2025,"4,90",,R$ / litro,VIBRA
NE,SE,ARACAJU,J. L. OLIVEIRA & BARROS LTDA, 13.113.477/0004-78,AVENIDA GENTIL TAVARES,381,CASA,GETULIO VARGAS,49055-670,GASOLINA,30/06/2025,"6,68",,R$ / litro,VIBRA
NE,SE,ARACAJU,J. L. OLIVEIRA & BARROS LTDA, 13.113.477/0004-78,AVENIDA GENTIL TAVARES,381,CASA,GETULIO VARGAS,49055-670,DIESEL S10,30/06/2025,"6,29",,R$ / litro,VIBRA
NE,SE,ARACAJU,POSTO CARMOPOLIS LTDA, 13.077.342/0001-51,AVENIDA JOAO RIBEIRO,680/684,0,SANTO ANTÔNIO,49060-330,GASOLINA,30/06/2025,"6,62",,R$ / litro,VIBRA
NE,SE,ARACAJU,POSTO CARMOPOLIS LTDA, 13.077.342/0001-51,AVENIDA JOAO RIBEIRO,680/684,0,SANTO ANTÔNIO,49060-330,GASOLINA ADITIVADA,30/06/2025,"6,62",,R$ / litro,VIBRA
NE,SE,ARACAJU,POSTO CARMOPOLIS LTDA, 13.077.342/0001-51,AVENIDA JOAO RIBEIRO,680/684,0,SANTO ANTÔNIO,49060-330,ETANOL,30/06/2025,"4,90",,R$ / litro,VIBRA
NE,SE,ARACAJU,KLEBER SANTOS BATISTA LTDA, 13.042.882/0001-08,AVENIDA DESEMBARGADOR MAYNARD,770,,CIRURGIA,49055-210,GNV,30/06/2025,"4,99",,R$ / m³,BRANCA
NE,SE,ARACAJU,KLEBER SANTOS BATISTA LTDA, 13.042.882/0001-08,AVENIDA DESEMBARGADOR MAYNARD,770,,CIRURGIA,49055-210,GASOLINA,30/06/2025,"6,62",,R$ / litro,BRANCA
NE,SE,ARACAJU,KLEBER SANTOS BATISTA LTDA, 13.042.882/0001-08,AVENIDA DESEMBARGADOR MAYNARD,770,,CIRURGIA,49055-210,GASOLINA ADITIVADA,30/06/2025,"6,62",,R$ / litro,BRANCA
NE,SE,ARACAJU,KLEBER SANTOS BATISTA LTDA, 13.042.882/0001-08,AVENIDA DESEMBARGADOR MAYNARD,770,,CIRURGIA,49055-210,DIESEL S10,30/06/2025,"5,64",,R$ / litro,BRANCA
NE,SE,ARACAJU,KLEBER SANTOS BATISTA LTDA, 13.042.882/0001-08,AVENIDA DESEMBARGADOR MAYNARD,770,,CIRURGIA,49055-210,ETANOL,30/06/2025,"4,90",,R$ / litro,BRANCA
NE,SE,ARACAJU,AMARAL & CIA LTDA, 13.008.610/0001-83,RUA MARIANO SALMERON,709,,SIQUEIRA CAMPOS,49075-370,GASOLINA,30/06/2025,"6,62",,R$ / litro,VIBRA
NE,SE,ARACAJU,AMARAL & CIA LTDA, 13.008.610/0001-83,RUA MARIANO SALMERON,709,,SIQUEIRA CAMPOS,49075-370,GASOLINA ADITIVADA,30/06/2025,"6,72",,R$ / litro,VIBRA
NE,SE,ARACAJU,AMARAL & CIA LTDA, 13.008.610/0001-83,RUA MARIANO SALMERON,709,,SIQUEIRA CAMPOS,49075-370,DIESEL S10,30/06/2025,"6,28",,R$ / litro,VIBRA
NE,SE,ARACAJU,AMARAL & CIA LTDA, 13.008.610/0001-83,RUA MARIANO SALMERON,709,,SIQUEIRA CAMPOS,49075-370,ETANOL,30/06/2025,"4,98",,R$ / litro,VIBRA
NE,SE,ARACAJU,GAMA E CIA LTDA, 13.007.752/0001-26,AVENIDA TANCREDO NEVES,2551,,DISTRITO INDUSTRIAL DE ARACAJU,49095-000,GASOLINA,30/06/2025,"6,62",,R$ / litro,VIBRA
NE,SE,ARACAJU,L. V. COMERCIO DE COMBUSTIVEIS LTDA, 11.433.769/0001-10,RUA SAO CRISTOVAO,1877,,GETULIO VARGAS,49055-620,GASOLINA,30/06/2025,"6,62",,R$ / litro,RAIZEN
NE,SE,ARACAJU,L. V. COMERCIO DE COMBUSTIVEIS LTDA, 11.433.769/0001-10,RUA SAO CRISTOVAO,1877,,GETULIO VARGAS,49055-620,DIESEL S10,30/06/2025,"5,64",,R$ / litro,RAIZEN
NE,SE,ARACAJU,L. V. COMERCIO DE COMBUSTIVEIS LTDA, 11.433.769/0001-10,RUA SAO CRISTOVAO,1877,,GETULIO VARGAS,49055-620,ETANOL,30/06/2025,"4,94",,R$ / litro,RAIZEN
NE,SE,ARACAJU,ALPHA COMERCIAL DE COMBUSTIVEIS LTDA, 08.297.710/0008-03,AVENIDA FRANCISCO PORTO,650,LOJA  BR MANIA DELICATESSE,SALGADO FILHO,49020-120,GASOLINA,30/06/2025,"6,69",,R$ / litro,VIBRA
NE,SE,ARACAJU,ALPHA COMERCIAL DE COMBUSTIVEIS LTDA, 08.297.710/0008-03,AVENIDA FRANCISCO PORTO,650,LOJA  BR MANIA DELICATESSE,SALGADO FILHO,49020-120,GASOLINA ADITIVADA,30/06/2025,"6,89",,R$ / litro,VIBRA
NE,SE,ARACAJU,ALPHA COMERCIAL DE COMBUSTIVEIS LTDA, 08.297.710/0008-03,AVENIDA FRANCISCO PORTO,650,LOJA  BR MANIA DELICATESSE,SALGADO FILHO,49020-120,ETANOL,30/06/2025,"4,99",,R$ / litro,VIBRA
NE,SE,ARACAJU,REDE DE POSTOS PRESIDENTE LTDA, 32.864.795/0010-63,RUA LARANJEIRAS,1781,,GETULIO VARGAS,49055-380,GNV,30/06/2025,"4,99",,R$ / m³,VIBRA
NE,SE,ARACAJU,REDE DE POSTOS PRESIDENTE LTDA, 32.864.795/0010-63,RUA LARANJEIRAS,1781,,GETULIO VARGAS,49055-380,GASOLINA,30/06/2025,"6,69",,R$ / litro,VIBRA
NE,SE,ARACAJU,REDE DE POSTOS PRESIDENTE LTDA, 32.864.795/0010-63,RUA LARANJEIRAS,1781,,GETULIO VARGAS,49055-380,GASOLINA ADITIVADA,30/06/2025,"6,89",,R$ / litro,VIBRA
NE,SE,ARACAJU,POSTO PIRANEMA LTDA, 09.258.664/0003-91,AVENIDA PREFEITO HERACLITO ROLLEMBERG,2760,,FAROLANDIA,49030-640,GASOLINA,30/06/2025,"6,69",,R$ / litro,VIBRA
NE,SE,ARACAJU,POSTO PIRANEMA LTDA, 09.258.664/0003-91,AVENIDA PREFEITO HERACLITO ROLLEMBERG,2760,,FAROLANDIA,49030-640,GASOLINA ADITIVADA,30/06/2025,"6,89",,R$ / litro,VIBRA
NE,SE,ARACAJU,L. V. COMERCIO DE COMBUSTIVEIS LTDA,11433769000110,RUA SAO CRISTOVAO,1877,,GETULIO VARGAS,49055-620,DIESEL,02/09/2025,"5,68",,R$ / litro,RAIZEN
NE,SE,ARACAJU,L. V. COMERCIO DE COMBUSTIVEIS LTDA,11433769000110,RUA SAO CRISTOVAO,1877,,GETULIO VARGAS,49055-620,DIESEL,09/09/2025,"5,76",,R$ / litro,RAIZEN
NE,SE,ARACAJU,L. V. COMERCIO DE COMBUSTIVEIS LTDA,11433769000110,RUA SAO CRISTOVAO,1877,,GETULIO VARGAS,49055-620,DIESEL,17/09/2025,"5,76",,R$ / litro,RAIZEN
NE,SE,ARACAJU,L. V. COMERCIO DE COMBUSTIVEIS LTDA,11433769000110,RUA SAO CRISTOVAO,1877,,GETULIO VARGAS,49055-620,DIESEL,22/09/2025,"5,76",,R$ / litro,RAIZEN
NE,SE,ARACAJU,L. V. COMERCIO DE COMBUSTIVEIS LTDA,11433769000110,RUA SAO CRISTOVAO,1877,,GETULIO VARGAS,49055-620,DIESEL,30/09/2025,"5,76",,R$ / litro,RAIZEN
NE,SE,ARACAJU,L. V. COMERCIO DE COMBUSTIVEIS LTDA,11433769000110,RUA SAO CRISTOVAO,1877,,GETULIO VARGAS,49055-620,DIESEL,06/10/2025,"5,76",,R$ / litro,RAIZEN
NE,SE,ARACAJU,L. V. COMERCIO DE COMBUSTIVEIS LTDA,11433769000110,RUA SAO CRISTOVAO,1877,,GETULIO VARGAS,49055-620,DIESEL,13/10/2025,"5,76",,R$ / litro,RAIZEN
NE,SE,ARACAJU,L. V. COMERCIO DE COMBUSTIVEIS LTDA,11433769000110,RUA SAO CRISTOVAO,1877,,GETULIO VARGAS,49055-620,DIESEL,20/10/2025,"5,76",,R$ / litro,RAIZEN
NE,SE,ARACAJU,L. V. COMERCIO DE COMBUSTIVEIS LTDA,11433769000110,RUA SAO CRISTOVAO,1877,,GETULIO VARGAS,49055-620,DIESEL,28/10/2025,"5,76",,R$ / litro,RAIZEN
NE,SE,ARACAJU,L. V. COMERCIO DE COMBUSTIVEIS LTDA,11433769000110,RUA SAO CRISTOVAO,1877,,GETULIO VARGAS,49055-620,DIESEL,04/11/2025,"5,76",,R$ / litro,RAIZEN
NE,SE,ARACAJU,L. V. COMERCIO DE COMBUSTIVEIS LTDA,11433769000110,RUA SAO CRISTOVAO,1877,,GETULIO VARGAS,49055-620,DIESEL,11/11/2025,"5,76",,R$ / litro,RAIZEN
NE,SE,ARACAJU,L. V. COMERCIO DE COMBUSTIVEIS LTDA,11433769000110,RUA SAO CRISTOVAO,1877,,GETULIO VARGAS,49055-620,DIESEL,18/11/2025,"5,76",,R$ / litro,RAIZEN
NE,SE,ARACAJU,L. V. COMERCIO DE COMBUSTIVEIS LTDA,11433769000110,RUA SAO CRISTOVAO,1877,,GETULIO VARGAS,49055-620,DIESEL,25/11/2025,"5,76",,R$ / litro,RAIZEN
NE,SE,ARACAJU,L. V. COMERCIO DE COMBUSTIVEIS LTDA,11433769000110,RUA SAO CRISTOVAO,1877,,GETULIO VARGAS,49055-620,DIESEL,08/12/2025,"5,76",,R$ / litro,RAIZEN
NE,SE,ARACAJU,L. V. COMERCIO DE COMBUSTIVEIS LTDA,11433769000110,RUA SAO CRISTOVAO,1877,,GETULIO VARGAS,49055-620,DIESEL,15/12/2025,"5,76",,R$ / litro,RAIZEN
NE,SE,ARACAJU,L. V. COMERCIO DE COMBUSTIVEIS LTDA,11433769000110,RUA SAO CRISTOVAO,1877,,GETULIO VARGAS,49055-620,DIESEL,23/12/2025,"5,76",,R$ / litro,RAIZEN
NE,SE,ARACAJU,L. V. COMERCIO DE COMBUSTIVEIS LTDA,11433769000110,RUA SAO CRISTOVAO,1877,,GETULIO VARGAS,49055-620,DIESEL,29/12/2025,"5,76",,R$ / litro,RAIZEN
NE,SE,ARACAJU,J. L. OLIVEIRA & BARROS LTDA,13113477000478,AVENIDA GENTIL TAVARES,381,CASA,GETULIO VARGAS,49055-670,DIESEL S10,08/07/2025,"6,29",,R$ / litro,VIBRA
NE,SE,ARACAJU,KLEBER SANTOS BATISTA LTDA,13042882000108,AVENIDA DESEMBARGADOR MAYNARD,770,,CIRURGIA,49055-210,DIESEL S10,08/07/2025,"5,64",,R$ / litro,BRANCA
NE,SE,ARACAJU,AMARAL & CIA LTDA,13008610000183,RUA MARIANO SALMERON,709,,SIQUEIRA CAMPOS,49075-370,DIESEL S10,08/07/2025,"6,28",,R$ / litro,VIBRA
NE,SE,ARACAJU,L. V. COMERCIO DE COMBUSTIVEIS LTDA,11433769000110,RUA SAO CRISTOVAO,1877,,GETULIO VARGAS,49055-620,DIESEL S10,08/07/2025,"5,64",,R$ / litro,RAIZEN
NE,SE,ARACAJU,J. L. OLIVEIRA & BARROS LTDA,13113477000478,AVENIDA GENTIL TAVARES,381,CASA,GETULIO VARGAS,49055-670,DIESEL S10,15/07/2025,"6,29",,R$ / litro,VIBRA
NE,SE,ARACAJU,KLEBER SANTOS BATISTA LTDA,13042882000108,AVENIDA DESEMBARGADOR MAYNARD,770,,CIRURGIA,49055-210,DIESEL S10,15/07/2025,"5,64",,R$ / litro,BRANCA
NE,SE,ARACAJU,AMARAL & CIA LTDA,13008610000183,RUA MARIANO SALMERON,709,,SIQUEIRA CAMPOS,49075-370,DIESEL S10,15/07/2025,"6,28",,R$ / litro,VIBRA
NE,SE,ARACAJU,L. V. COMERCIO DE COMBUSTIVEIS LTDA,11433769000110,RUA SAO CRISTOVAO,1877,,GETULIO VARGAS,49055-620,DIESEL S10,15/07/2025,"5,64",,R$ / litro,RAIZEN
NE,SE,ARACAJU,J. L. OLIVEIRA & BARROS LTDA,13113477000478,AVENIDA GENTIL TAVARES,381,CASA,GETULIO VARGAS,49055-670,DIESEL S10,22/07/2025,"6,29",,R$ / litro,VIBRA
NE,SE,ARACAJU,KLEBER SANTOS BATISTA LTDA,13042882000108,AVENIDA DESEMBARGADOR MAYNARD,770,,CIRURGIA,49055-210,DIESEL S10,22/07/2025,"5,64",,R$ / litro,BRANCA
NE,SE,ARACAJU,AMARAL & CIA LTDA,13008610000183,RUA MARIANO SALMERON,709,,SIQUEIRA CAMPOS,49075-370,DIESEL S10,22/07/2025,"6,28",,R$ / litro,VIBRA
NE,SE,ARACAJU,L. V. COMERCIO DE COMBUSTIVEIS LTDA,11433769000110,RUA SAO CRISTOVAO,1877,,GETULIO VARGAS,49055-620,DIESEL S10,22/07/2025,"5,64",,R$ / litro,RAIZEN
NE,SE,ARACAJU,J. L. OLIVEIRA & BARROS LTDA,13113477000478,AVENIDA GENTIL TAVARES,381,CASA,GETULIO VARGAS,49055-670,DIESEL S10,28/07/2025,"6,29",,R$ / litro,VIBRA
NE,SE,ARACAJU,KLEBER SANTOS BATISTA LTDA,13042882000108,AVENIDA DESEMBARGADOR MAYNARD,770,,CIRURGIA,49055-210,DIESEL S10,28/07/2025,"5,64",,R$ / litro,BRANCA
NE,SE,ARACAJU,AMARAL & CIA LTDA,13008610000183,RUA MARIANO SALMERON,709,,SIQUEIRA CAMPOS,49075-370,DIESEL S10,28/07/2025,"6,28",,R$ / litro,VIBRA
NE,SE,ARACAJU,L. V. COMERCIO DE COMBUSTIVEIS LTDA,11433769000110,RUA SAO CRISTOVAO,1877,,GETULIO VARGAS,49055-620,DIESEL S10,28/07/2025,"5,68",,R$ / litro,RAIZEN
NE,SE,ARACAJU,J. L. OLIVEIRA & BARROS LTDA,13113477000478,AVENIDA GENTIL TAVARES,381,CASA,GETULIO VARGAS,49055-670,DIESEL S10,05/08/2025,"6,29",,R$ / litro,VIBRA
NE,SE,ARACAJU,KLEBER SANTOS BATISTA LTDA,13042882000108,AVENIDA DESEMBARGADOR MAYNARD,770,,CIRURGIA,49055-210,DIESEL S10,05/08/2025,"5,64",,R$ / litro,BRANCA
NE,SE,ARACAJU,AMARAL & CIA LTDA,13008610000183,RUA MARIANO SALMERON,709,,SIQUEIRA CAMPOS,49075-370,DIESEL S10,05/08/2025,"6,28",,R$ / litro,VIBRA
NE,SE,ARACAJU,L. V. COMERCIO DE COMBUSTIVEIS LTDA,11433769000110,RUA SAO CRISTOVAO,1877,,GETULIO VARGAS,49055-620,DIESEL S10,05/08/2025,"5,68",,R$ / litro,RAIZEN
NE,SE,ARACAJU,KLEBER SANTOS BATISTA LTDA,13042882000108,AVENIDA DESEMBARGADOR MAYNARD,770,,CIRURGIA,49055-210,DIESEL S10,12/08/2025,"5,64",,R$ / litro,BRANCA
NE,SE,ARACAJU,AMARAL & CIA LTDA,13008610000183,RUA MARIANO SALMERON,709,,SIQUEIRA CAMPOS,49075-370,DIESEL S10,12/08/2025,"6,28",,R$ / litro,VIBRA
NE,SE,ARACAJU,L. V. COMERCIO DE COMBUSTIVEIS LTDA,11433769000110,RUA SAO CRISTOVAO,1877,,GETULIO VARGAS,49055-620,DIESEL S10,12/08/2025,"5,68",,R$ / litro,RAIZEN
NE,SE,ARACAJU,KLEBER SANTOS BATISTA LTDA,13042882000108,AVENIDA DESEMBARGADOR MAYNARD,770,,CIRURGIA,49055-210,DIESEL S10,19/08/2025,"5,64",,R$ / litro,BRANCA
NE,SE,ARACAJU,AMARAL & CIA LTDA,13008610000183,RUA MARIANO SALMERON,709,,SIQUEIRA CAMPOS,49075-370,DIESEL S10,19/08/2025,"6,28",,R$ / litro,VIBRA
NE,SE,ARACAJU,L. V. COMERCIO DE COMBUSTIVEIS LTDA,11433769000110,RUA SAO CRISTOVAO,1877,,GETULIO VARGAS,49055-620,DIESEL S10,19/08/2025,"5,68",,R$ / litro,RAIZEN
NE,SE,ARACAJU,KLEBER SANTOS BATISTA LTDA,13042882000108,AVENIDA DESEMBARGADOR MAYNARD,770,,CIRURGIA,49055-210,DIESEL S10,27/08/2025,"5,64",,R$ / litro,BRANCA
NE,SE,ARACAJU,AMARAL & CIA LTDA,13008610000183,RUA MARIANO SALMERON,709,,SIQUEIRA CAMPOS,49075-370,DIESEL S10,27/08/2025,"6,28",,R$ / litro,VIBRA
NE,SE,ARACAJU,L. V. COMERCIO DE COMBUSTIVEIS LTDA,11433769000110,RUA SAO CRISTOVAO,1877,,GETULIO VARGAS,49055-620,DIESEL S10,27/08/2025,"5,68",,R$ / litro,RAIZEN
NE,SE,ARACAJU,J. L. OLIVEIRA & BARROS LTDA,13113477000478,AVENIDA GENTIL TAVARES,381,CASA,GETULIO VARGAS,49055-670,DIESEL S10,02/09/2025,"6,29",,R$ / litro,VIBRA
NE,SE,ARACAJU,KLEBER SANTOS BATISTA LTDA,13042882000108,AVENIDA DESEMBARGADOR MAYNARD,770,,CIRURGIA,49055-210,DIESEL S10,02/09/2025,"5,64",,R$ / litro,BRANCA
NE,SE,ARACAJU,AMARAL & CIA LTDA,13008610000183,RUA MARIANO SALMERON,709,,SIQUEIRA CAMPOS,49075-370,DIESEL S10,02/09/2025,"6,28",,R$ / litro,VIBRA
NE,SE,ARACAJU,ALPHA COMERCIAL DE COMBUSTIVEIS LTDA,8297710000803,AVENIDA FRANCISCO PORTO,650,LOJA  BR MANIA DELICATESSE,SALGADO FILHO,49020-120,DIESEL S10,02/09/2025,"5,99",,R$ / litro,VIBRA
NE,SE,ARACAJU,J. L. OLIVEIRA & BARROS LTDA,13113477000478,AVENIDA GENTIL TAVARES,381,CASA,GETULIO VARGAS,49055-670,DIESEL S10,09/09/2025,"6,29",,R$ / litro,VIBRA
NE,SE,ARACAJU,KLEBER SANTOS BATISTA LTDA,13042882000108,AVENIDA DESEMBARGADOR MAYNARD,770,,CIRURGIA,49055-210,DIESEL S10,09/09/2025,"5,76",,R$ / litro,BRANCA
NE,SE,ARACAJU,AMARAL & CIA LTDA,13008610000183,RUA MARIANO SALMERON,709,,SIQUEIRA CAMPOS,49075-370,DIESEL S10,09/09/2025,"6,28",,R$ / litro,VIBRA
NE,SE,ARACAJU,ALPHA COMERCIAL DE COMBUSTIVEIS LTDA,8297710000803,AVENIDA FRANCISCO PORTO,650,LOJA  BR MANIA DELICATESSE,SALGADO FILHO,49020-120,DIESEL S10,09/09/2025,"5,99",,R$ / litro,VIBRA
NE,SE,ARACAJU,J. L. OLIVEIRA & BARROS LTDA,13113477000478,AVENIDA GENTIL TAVARES,381,CASA,GETULIO VARGAS,49055-670,DIESEL S10,17/09/2025,"6,29",,R$ / litro,VIBRA
NE,SE,ARACAJU,KLEBER SANTOS BATISTA LTDA,13042882000108,AVENIDA DESEMBARGADOR MAYNARD,770,,CIRURGIA,49055-210,DIESEL S10,17/09/2025,"5,76",,R$ / litro,BRANCA
NE,SE,ARACAJU,AMARAL & CIA LTDA,13008610000183,RUA MARIANO SALMERON,709,,SIQUEIRA CAMPOS,49075-370,DIESEL S10,17/09/2025,"6,28",,R$ / litro,VIBRA
NE,SE,ARACAJU,J. L. OLIVEIRA & BARROS LTDA,13113477000478,AVENIDA GENTIL TAVARES,381,CASA,GETULIO VARGAS,49055-670,DIESEL S10,22/09/2025,"6,29",,R$ / litro,VIBRA
NE,SE,ARACAJU,KLEBER SANTOS BATISTA LTDA,13042882000108,AVENIDA DESEMBARGADOR MAYNARD,770,,CIRURGIA,49055-210,DIESEL S10,22/09/2025,"5,76",,R$ / litro,BRANCA
NE,SE,ARACAJU,AMARAL & CIA LTDA,13008610000183,RUA MARIANO SALMERON,709,,SIQUEIRA CAMPOS,49075-370,DIESEL S10,22/09/2025,"6,28",,R$ / litro,VIBRA
NE,SE,ARACAJU,ALPHA COMERCIAL DE COMBUSTIVEIS LTDA,8297710000803,AVENIDA FRANCISCO PORTO,650,LOJA  BR MANIA DELICATESSE,SALGADO FILHO,49020-120,DIESEL S10,22/09/2025,"5,99",,R$ / litro,VIBRA
NE,SE,ARACAJU,J. L. OLIVEIRA & BARROS LTDA,13113477000478,AVENIDA GENTIL TAVARES,381,CASA,GETULIO VARGAS,49055-670,DIESEL S10,30/09/2025,"6,29",,R$ / litro,VIBRA
NE,SE,ARACAJU,KLEBER SANTOS BATISTA LTDA,13042882000108,AVENIDA DESEMBARGADOR MAYNARD,770,,CIRURGIA,49055-210,DIESEL S10,30/09/2025,"5,76",,R$ / litro,BRANCA
NE,SE,ARACAJU,AMARAL & CIA LTDA,13008610000183,RUA MARIANO SALMERON,709,,SIQUEIRA CAMPOS,49075-370,DIESEL S10,30/09/2025,"6,28",,R$ / litro,VIBRA
NE,SE,ARACAJU,ALPHA COMERCIAL DE COMBUSTIVEIS LTDA,8297710000803,AVENIDA FRANCISCO PORTO,650,LOJA  BR MANIA DELICATESSE,SALGADO FILHO,49020-120,DIESEL S10,30/09/2025,"5,99",,R$ / litro,VIBRA
NE,SE,ARACAJU,J. L. OLIVEIRA & BARROS LTDA,13113477000478,AVENIDA GENTIL TAVARES,381,CASA,GETULIO VARGAS,49055-670,DIESEL S10,06/10/2025,"6,29",,R$ / litro,VIBRA
NE,SE,ARACAJU,KLEBER SANTOS BATISTA LTDA,13042882000108,AVENIDA DESEMBARGADOR MAYNARD,770,,CIRURGIA,49055-210,DIESEL S10,06/10/2025,"5,76",,R$ / litro,BRANCA
NE,SE,ARACAJU,AMARAL & CIA LTDA,13008610000183,RUA MARIANO SALMERON,709,,SIQUEIRA CAMPOS,49075-370,DIESEL S10,06/10/2025,"6,28",,R$ / litro,VIBRA
NE,SE,ARACAJU,ALPHA COMERCIAL DE COMBUSTIVEIS LTDA,8297710000803,AVENIDA FRANCISCO PORTO,650,LOJA  BR MANIA DELICATESSE,SALGADO FILHO,49020-120,DIESEL S10,06/10/2025,"5,99",,R$ / litro,VIBRA
NE,SE,ARACAJU,J. L. OLIVEIRA & BARROS LTDA,13113477000478,AVENIDA GENTIL TAVARES,381,CASA,GETULIO VARGAS,49055-670,DIESEL S10,13/10/2025,"6,29",,R$ / litro,VIBRA
NE,SE,ARACAJU,KLEBER SANTOS BATISTA LTDA,13042882000108,AVENIDA DESEMBARGADOR MAYNARD,770,,CIRURGIA,49055-210,DIESEL S10,13/10/2025,"5,76",,R$ / litro,BRANCA
NE,SE,ARACAJU,AMARAL & CIA LTDA,13008610000183,RUA MARIANO SALMERON,709,,SIQUEIRA CAMPOS,49075-370,DIESEL S10,13/10/2025,"6,28",,R$ / litro,VIBRA
NE,SE,ARACAJU,ALPHA COMERCIAL DE COMBUSTIVEIS LTDA,8297710000803,AVENIDA FRANCISCO PORTO,650,LOJA  BR MANIA DELICATESSE,SALGADO FILHO,49020-120,DIESEL S10,13/10/2025,"5,99",,R$ / litro,VIBRA
NE,SE,ARACAJU,J. L. OLIVEIRA & BARROS LTDA,13113477000478,AVENIDA GENTIL TAVARES,381,CASA,GETULIO VARGAS,49055-670,DIESEL S10,20/10/2025,"6,29",,R$ / litro,VIBRA
NE,SE,ARACAJU,KLEBER SANTOS BATISTA LTDA,13042882000108,AVENIDA DESEMBARGADOR MAYNARD,770,,CIRURGIA,49055-210,DIESEL S10,20/10/2025,"5,76",,R$ / litro,BRANCA
NE,SE,ARACAJU,AMARAL & CIA LTDA,13008610000183,RUA MARIANO SALMERON,709,,SIQUEIRA CAMPOS,49075-370,DIESEL S10,20/10/2025,"6,28",,R$ / litro,VIBRA
NE,SE,ARACAJU,J. L. OLIVEIRA & BARROS LTDA,13113477000478,AVENIDA GENTIL TAVARES,381,CASA,GETULIO VARGAS,49055-670,DIESEL S10,28/10/2025,"6,29",,R$ / litro,VIBRA
NE,SE,ARACAJU,KLEBER SANTOS BATISTA LTDA,13042882000108,AVENIDA DESEMBARGADOR MAYNARD,770,,CIRURGIA,49055-210,DIESEL S10,28/10/2025,"5,76",,R$ / litro,BRANCA
NE,SE,ARACAJU,AMARAL & CIA LTDA,13008610000183,RUA MARIANO SALMERON,709,,SIQUEIRA CAMPOS,49075-370,DIESEL S10,28/10/2025,"6,28",,R$ / litro,VIBRA
NE,SE,ARACAJU,J. L. OLIVEIRA & BARROS LTDA,13113477000478,AVENIDA GENTIL TAVARES,381,CASA,GETULIO VARGAS,49055-670,DIESEL S10,04/11/2025,"6,29",,R$ / litro,VIBRA
NE,SE,ARACAJU,KLEBER SANTOS BATISTA LTDA,13042882000108,AVENIDA DESEMBARGADOR MAYNARD,770,,CIRURGIA,49055-210,DIESEL S10,04/11/2025,"5,76",,R$ / litro,BRANCA
NE,SE,ARACAJU,AMARAL & CIA LTDA,13008610000183,RUA MARIANO SALMERON,709,,SIQUEIRA CAMPOS,49075-370,DIESEL S10,04/11/2025,"6,28",,R$ / litro,VIBRA
NE,SE,ARACAJU,J. L. OLIVEIRA & BARROS LTDA,13113477000478,AVENIDA GENTIL TAVARES,381,CASA,GETULIO VARGAS,49055-670,DIESEL S10,11/11/2025,"6,29",,R$ / litro,VIBRA
NE,SE,ARACAJU,KLEBER SANTOS BATISTA LTDA,13042882000108,AVENIDA DESEMBARGADOR MAYNARD,770,,CIRURGIA,49055-210,DIESEL S10,11/11/2025,"5,76",,R$ / litro,BRANCA
NE,SE,ARACAJU,AMARAL & CIA LTDA,13008610000183,RUA MARIANO SALMERON,709,,SIQUEIRA CAMPOS,49075-370,DIESEL S10,11/11/2025,"6,28",,R$ / litro,VIBRA
NE,SE,ARACAJU,KLEBER SANTOS BATISTA LTDA,13042882000108,AVENIDA DESEMBARGADOR MAYNARD,770,,CIRURGIA,49055-210,DIESEL S10,18/11/2025,"5,76",,R$ / litro,BRANCA
NE,SE,ARACAJU,AMARAL & CIA LTDA,13008610000183,RUA MARIANO SALMERON,709,,SIQUEIRA CAMPOS,49075-370,DIESEL S10,18/11/2025,"6,28",,R$ / litro,VIBRA
NE,SE,ARACAJU,J. L. OLIVEIRA & BARROS LTDA,13113477000478,AVENIDA GENTIL TAVARES,381,CASA,GETULIO VARGAS,49055-670,DIESEL S10,25/11/2025,"6,29",,R$ / litro,VIBRA
NE,SE,ARACAJU,KLEBER SANTOS BATISTA LTDA,13042882000108,AVENIDA DESEMBARGADOR MAYNARD,770,,CIRURGIA,49055-210,DIESEL S10,25/11/2025,"5,76",,R$ / litro,BRANCA
NE,SE,ARACAJU,AMARAL & CIA LTDA,13008610000183,RUA MARIANO SALMERON,709,,SIQUEIRA CAMPOS,49075-370,DIESEL S10,25/11/2025,"6,28",,R$ / litro,VIBRA
NE,SE,ARACAJU,J. L. OLIVEIRA & BARROS LTDA,13113477000478,AVENIDA GENTIL TAVARES,381,CASA,GETULIO VARGAS,49055-670,DIESEL S10,01/12/2025,"6,29",,R$ / litro,VIBRA
NE,SE,ARACAJU,POSTO CARMOPOLIS LTDA,13077342000151,AVENIDA JOAO RIBEIRO,680,,INDUSTRIAL,49065-310,DIESEL S10,02/12/2025,"5,76",,R$ / litro,BRANCA
NE,SE,ARACAJU,AMARAL & CIA LTDA,13008610000183,RUA MARIANO SALMERON,709,,SIQUEIRA CAMPOS,49075-370,DIESEL S10,02/12/2025,"6,28",,R$ / litro,VIBRA
NE,SE,ARACAJU,J. L. OLIVEIRA & BARROS LTDA,13113477000478,AVENIDA GENTIL TAVARES,381,CASA,GETULIO VARGAS,49055-670,DIESEL S10,08/12/2025,"6,29",,R$ / litro,VIBRA
NE,SE,ARACAJU,KLEBER SANTOS BATISTA LTDA,13042882000108,AVENIDA DESEMBARGADOR MAYNARD,770,,CIRURGIA,49055-210,DIESEL S10,08/12/2025,"5,76",,R$ / litro,BRANCA
NE,SE,ARACAJU,POSTO CARMOPOLIS LTDA,13077342000151,AVENIDA JOAO RIBEIRO,680,,INDUSTRIAL,49065-310,DIESEL S10,09/12/2025,"5,76",,R$ / litro,BRANCA
NE,SE,ARACAJU,AMARAL & CIA LTDA,13008610000183,RUA MARIANO SALMERON,709,,SIQUEIRA CAMPOS,49075-370,DIESEL S10,09/12/2025,"6,28",,R$ / litro,VIBRA
NE,SE,ARACAJU,J. L. OLIVEIRA & BARROS LTDA,13113477000478,AVENIDA GENTIL TAVARES,381,CASA,GETULIO VARGAS,49055-670,DIESEL S10,15/12/2025,"6,29",,R$ / litro,VIBRA
NE,SE,ARACAJU,KLEBER SANTOS BATISTA LTDA,13042882000108,AVENIDA DESEMBARGADOR MAYNARD,770,,CIRURGIA,49055-210,DIESEL S10,15/12/2025,"5,76",,R$ / litro,BRANCA
NE,SE,ARACAJU,POSTO CARMOPOLIS LTDA,13077342000151,AVENIDA JOAO RIBEIRO,680,,INDUSTRIAL,49065-310,DIESEL S10,17/12/2025,"5,76",,R$ / litro,BRANCA
NE,SE,ARACAJU,AMARAL & CIA LTDA,13008610000183,RUA MARIANO SALMERON,709,,SIQUEIRA CAMPOS,49075-370,DIESEL S10,17/12/2025,"6,28",,R$ / litro,VIBRA
NE,SE,ARACAJU,KLEBER SANTOS BATISTA LTDA,13042882000108,AVENIDA DESEMBARGADOR MAYNARD,770,,CIRURGIA,49055-210,DIESEL S10,23/12/2025,"5,76",,R$ / litro,BRANCA
NE,SE,ARACAJU,POSTO CARMOPOLIS LTDA,13077342000151,AVENIDA JOAO RIBEIRO,680,,INDUSTRIAL,49065-310,DIESEL S10,24/12/2025,"5,76",,R$ / litro,BRANCA
NE,SE,ARACAJU,AMARAL & CIA LTDA,13008610000183,RUA MARIANO SALMERON,709,,SIQUEIRA CAMPOS,49075-370,DIESEL S10,24/12/2025,"6,28",,R$ / litro,VIBRA
NE,SE,ARACAJU,POSTO CARMOPOLIS LTDA,13077342000151,AVENIDA JOAO RIBEIRO,680,,INDUSTRIAL,49065-310,DIESEL S10,29/12/2025,"5,76",,R$ / litro,BRANCA
NE,SE,ARACAJU,KLEBER SANTOS BATISTA LTDA,13042882000108,AVENIDA DESEMBARGADOR MAYNARD,770,,CIRURGIA,49055-210,DIESEL S10,29/12/2025,"5,76",,R$ / litro,BRANCA
NE,SE,ARACAJU,AMARAL & CIA LTDA,13008610000183,RUA MARIANO SALMERON,709,,SIQUEIRA CAMPOS,49075-370,DIESEL S10,30/12/2025,"6,28",,R$ / litro,VIBRA
NE,SE,ARACAJU,VASPETRO COMBUSTIVEL LTDA,4979182000145,AVENIDA BARAO DE MARUIM,552,,CENTRO,49010-340,ETANOL,08/07/2025,"4,99",,R$ / litro,BRANCA
NE,SE,ARACAJU,TYRESOLES DE SERGIPE INDUSTRIA COMERCIO E SERVICOS LTDA,13007828001004,AVENIDA GONCALO  ROLLEMBERG LEITE,1721,,LUZIA,49045-280,ETANOL,08/07/2025,"4,95",,R$ / litro,RAIZEN
NE,SE,ARACAJU,LIDER COMERCIO DE COMBUSTIVEIS LTDA,15591357000169,PRACA DA BANDEIRA,171,,CENTRO,49055-090,ETANOL,08/07/2025,"4,99",,R$ / litro,VIBRA
NE,SE,ARACAJU,POSTO ARIBE EIRELI,15083140000148,AVENIDA PROF JOSE O DE L NETO,150,,AMERICA,49080-480,ETANOL,08/07/2025,"4,9",,R$ / litro,VIBRA
NE,SE,ARACAJU,LUBRIFICANTES E ACESSÓRIOS LTDA.,13257050000109,AVENIDA BEIRA MAR,6,,13 DE JULHO,49020-010,ETANOL,08/07/2025,"4,99",,R$ / litro,VIBRA
NE,SE,ARACAJU,COMERCIAL MARIVAN LTDA,13179247000169,AVENIDA ADELIA FRANCO,2234,,LUZIA,49048-010,ETANOL,08/07/2025,"4,9",,R$ / litro,VIBRA
NE,SE,ARACAJU,POSTO CARMOPOLIS LTDA,13077342000151,AVENIDA JOAO RIBEIRO,680,,INDUSTRIAL,49065-310,ETANOL,08/07/2025,"4,9",,R$ / litro,VIBRA
NE,SE,ARACAJU,KLEBER SANTOS BATISTA LTDA,13042882000108,AVENIDA DESEMBARGADOR MAYNARD,770,,CIRURGIA,49055-210,ETANOL,08/07/2025,"4,9",,R$ / litro,BRANCA
NE,SE,ARACAJU,AMARAL & CIA LTDA,13008610000183,RUA MARIANO SALMERON,709,,SIQUEIRA CAMPOS,49075-370,ETANOL,08/07/2025,"4,98",,R$ / litro,VIBRA
NE,SE,ARACAJU,L. V. COMERCIO DE COMBUSTIVEIS LTDA,11433769000110,RUA SAO CRISTOVAO,1877,,GETULIO VARGAS,49055-620,ETANOL,08/07/2025,"4,94",,R$ / litro,RAIZEN
NE,SE,ARACAJU,ALPHA COMERCIAL DE COMBUSTIVEIS LTDA,8297710000803,AVENIDA FRANCISCO PORTO,650,LOJA  BR MANIA DELICATESSE,SALGADO FILHO,49020-120,ETANOL,08/07/2025,"4,99",,R$ / litro,VIBRA
NE,SE,ARACAJU,VASPETRO COMBUSTIVEL LTDA,4979182000145,AVENIDA BARAO DE MARUIM,552,,CENTRO,49010-340,ETANOL,15/07/2025,"4,99",,R$ / litro,BRANCA
NE,SE,ARACAJU,TYRESOLES DE SERGIPE INDUSTRIA COMERCIO E SERVICOS LTDA,13007828001004,AVENIDA GONCALO  ROLLEMBERG LEITE,1721,,LUZIA,49045-280,ETANOL,15/07/2025,"4,95",,R$ / litro,RAIZEN
NE,SE,ARACAJU,LIDER COMERCIO DE COMBUSTIVEIS LTDA,15591357000169,PRACA DA BANDEIRA,171,,CENTRO,49055-090,ETANOL,15/07/2025,"4,99",,R$ / litro,VIBRA
NE,SE,ARACAJU,POSTO ARIBE EIRELI,15083140000148,AVENIDA PROF JOSE O DE L NETO,150,,AMERICA,49080-480,ETANOL,15/07/2025,"4,9",,R$ / litro,VIBRA
NE,SE,ARACAJU,LUBRIFICANTES E ACESSÓRIOS LTDA.,13257050000109,AVENIDA BEIRA MAR,6,,13 DE JULHO,49020-010,ETANOL,15/07/2025,"4,99",,R$ / litro,VIBRA
NE,SE,ARACAJU,COMERCIAL MARIVAN LTDA,13179247000169,AVENIDA ADELIA FRANCO,2234,,LUZIA,49048-010,ETANOL,15/07/2025,"4,9",,R$ / litro,VIBRA
NE,SE,ARACAJU,POSTO CARMOPOLIS LTDA,13077342000151,AVENIDA JOAO RIBEIRO,680,,INDUSTRIAL,49065-310,ETANOL,15/07/2025,"4,9",,R$ / litro,VIBRA
NE,SE,ARACAJU,KLEBER SANTOS BATISTA LTDA,13042882000108,AVENIDA DESEMBARGADOR MAYNARD,770,,CIRURGIA,49055-210,ETANOL,15/07/2025,"4,9",,R$ / litro,BRANCA
NE,SE,ARACAJU,AMARAL & CIA LTDA,13008610000183,RUA MARIANO SALMERON,709,,SIQUEIRA CAMPOS,49075-370,ETANOL,15/07/2025,"4,98",,R$ / litro,VIBRA
NE,SE,ARACAJU,L. V. COMERCIO DE COMBUSTIVEIS LTDA,11433769000110,RUA SAO CRISTOVAO,1877,,GETULIO VARGAS,49055-620,ETANOL,15/07/2025,"4,94",,R$ / litro,RAIZEN
NE,SE,ARACAJU,ALPHA COMERCIAL DE COMBUSTIVEIS LTDA,8297710000803,AVENIDA FRANCISCO PORTO,650,LOJA  BR MANIA DELICATESSE,SALGADO FILHO,49020-120,ETANOL,15/07/2025,"4,99",,R$ / litro,VIBRA
NE,SE,ARACAJU,VASPETRO COMBUSTIVEL LTDA,4979182000145,AVENIDA BARAO DE MARUIM,552,,CENTRO,49010-340,ETANOL,22/07/2025,"4,99",,R$ / litro,BRANCA
NE,SE,ARACAJU,TYRESOLES DE SERGIPE INDUSTRIA COMERCIO E SERVICOS LTDA,13007828001004,AVENIDA GONCALO  ROLLEMBERG LEITE,1721,,LUZIA,49045-280,ETANOL,22/07/2025,"4,95",,R$ / litro,RAIZEN
NE,SE,ARACAJU,LIDER COMERCIO DE COMBUSTIVEIS LTDA,15591357000169,PRACA DA BANDEIRA,171,,CENTRO,49055-090,ETANOL,22/07/2025,"4,99",,R$ / litro,VIBRA
NE,SE,ARACAJU,POSTO ARIBE EIRELI,15083140000148,AVENIDA PROF JOSE O DE L NETO,150,,AMERICA,49080-480,ETANOL,22/07/2025,"4,9",,R$ / litro,VIBRA
NE,SE,ARACAJU,LUBRIFICANTES E ACESSÓRIOS LTDA.,13257050000109,AVENIDA BEIRA MAR,6,,13 DE JULHO,49020-010,ETANOL,22/07/2025,"4,99",,R$ / litro,VIBRA
NE,SE,ARACAJU,COMERCIAL MARIVAN LTDA,13179247000169,AVENIDA ADELIA FRANCO,2234,,LUZIA,49048-010,ETANOL,22/07/2025,"4,9",,R$ / litro,VIBRA
NE,SE,ARACAJU,POSTO CARMOPOLIS LTDA,13077342000151,AVENIDA JOAO RIBEIRO,680,,INDUSTRIAL,49065-310,ETANOL,22/07/2025,"4,9",,R$ / litro,VIBRA
NE,SE,ARACAJU,KLEBER SANTOS BATISTA LTDA,13042882000108,AVENIDA DESEMBARGADOR MAYNARD,770,,CIRURGIA,49055-210,ETANOL,22/07/2025,"4,9",,R$ / litro,BRANCA
NE,SE,ARACAJU,AMARAL & CIA LTDA,13008610000183,RUA MARIANO SALMERON,709,,SIQUEIRA CAMPOS,49075-370,ETANOL,22/07/2025,"4,98",,R$ / litro,VIBRA
NE,SE,ARACAJU,L. V. COMERCIO DE COMBUSTIVEIS LTDA,11433769000110,RUA SAO CRISTOVAO,1877,,GETULIO VARGAS,49055-620,ETANOL,22/07/2025,"4,94",,R$ / litro,RAIZEN
NE,SE,ARACAJU,ALPHA COMERCIAL DE COMBUSTIVEIS LTDA,8297710000803,AVENIDA FRANCISCO PORTO,650,LOJA  BR MANIA DELICATESSE,SALGADO FILHO,49020-120,ETANOL,22/07/2025,"4,99",,R$ / litro,VIBRA
NE,SE,ARACAJU,VASPETRO COMBUSTIVEL LTDA,4979182000145,AVENIDA BARAO DE MARUIM,552,,CENTRO,49010-340,ETANOL,28/07/2025,"4,99",,R$ / litro,BRANCA
NE,SE,ARACAJU,TYRESOLES DE SERGIPE INDUSTRIA COMERCIO E SERVICOS LTDA,13007828001004,AVENIDA GONCALO  ROLLEMBERG LEITE,1721,,LUZIA,49045-280,ETANOL,28/07/2025,"4,95",,R$ / litro,RAIZEN
NE,SE,ARACAJU,LIDER COMERCIO DE COMBUSTIVEIS LTDA,15591357000169,PRACA DA BANDEIRA,171,,CENTRO,49055-090,ETANOL,28/07/2025,"4,99",,R$ / litro,VIBRA
NE,SE,ARACAJU,POSTO ARIBE EIRELI,15083140000148,AVENIDA PROF JOSE O DE L NETO,150,,AMERICA,49080-480,ETANOL,28/07/2025,"4,9",,R$ / litro,VIBRA
NE,SE,ARACAJU,LUBRIFICANTES E ACESSÓRIOS LTDA.,13257050000109,AVENIDA BEIRA MAR,6,,13 DE JULHO,49020-010,ETANOL,28/07/2025,"4,99",,R$ / litro,VIBRA
NE,SE,ARACAJU,COMERCIAL MARIVAN LTDA,13179247000169,AVENIDA ADELIA FRANCO,2234,,LUZIA,49048-010,ETANOL,28/07/2025,"4,9",,R$ / litro,VIBRA
NE,SE,ARACAJU,POSTO CARMOPOLIS LTDA,13077342000151,AVENIDA JOAO RIBEIRO,680,,INDUSTRIAL,49065-310,ETANOL,28/07/2025,"4,9",,R$ / litro,VIBRA
NE,SE,ARACAJU,KLEBER SANTOS BATISTA LTDA,13042882000108,AVENIDA DESEMBARGADOR MAYNARD,770,,CIRURGIA,49055-210,ETANOL,28/07/2025,"4,9",,R$ / litro,BRANCA
NE,SE,ARACAJU,AMARAL & CIA LTDA,13008610000183,RUA MARIANO SALMERON,709,,SIQUEIRA CAMPOS,49075-370,ETANOL,28/07/2025,"4,98",,R$ / litro,VIBRA
NE,SE,ARACAJU,L. V. COMERCIO DE COMBUSTIVEIS LTDA,11433769000110,RUA SAO CRISTOVAO,1877,,GETULIO VARGAS,49055-620,ETANOL,28/07/2025,"4,94",,R$ / litro,RAIZEN
NE,SE,ARACAJU,ALPHA COMERCIAL DE COMBUSTIVEIS LTDA,8297710000803,AVENIDA FRANCISCO PORTO,650,LOJA  BR MANIA DELICATESSE,SALGADO FILHO,49020-120,ETANOL,28/07/2025,"4,99",,R$ / litro,VIBRA
NE,SE,ARACAJU,VASPETRO COMBUSTIVEL LTDA,4979182000145,AVENIDA BARAO DE MARUIM,552,,CENTRO,49010-340,ETANOL,05/08/2025,"4,99",,R$ / litro,BRANCA
NE,SE,ARACAJU,TYRESOLES DE SERGIPE INDUSTRIA COMERCIO E SERVICOS LTDA,13007828001004,AVENIDA GONCALO  ROLLEMBERG LEITE,1721,,LUZIA,49045-280,ETANOL,05/08/2025,"4,95",,R$ / litro,RAIZEN
NE,SE,ARACAJU,LIDER COMERCIO DE COMBUSTIVEIS LTDA,15591357000169,PRACA DA BANDEIRA,171,,CENTRO,49055-090,ETANOL,05/08/2025,"4,99",,R$ / litro,VIBRA
NE,SE,ARACAJU,POSTO ARIBE EIRELI,15083140000148,AVENIDA PROF JOSE O DE L NETO,150,,AMERICA,49080-480,ETANOL,05/08/2025,"4,9",,R$ / litro,VIBRA
NE,SE,ARACAJU,LUBRIFICANTES E ACESSÓRIOS LTDA.,13257050000109,AVENIDA BEIRA MAR,6,,13 DE JULHO,49020-010,ETANOL,05/08/2025,"4,99",,R$ / litro,VIBRA
NE,SE,ARACAJU,COMERCIAL MARIVAN LTDA,13179247000169,AVENIDA ADELIA FRANCO,2234,,LUZIA,49048-010,ETANOL,05/08/2025,"4,9",,R$ / litro,VIBRA
NE,SE,ARACAJU,POSTO CARMOPOLIS LTDA,13077342000151,AVENIDA JOAO RIBEIRO,680,,INDUSTRIAL,49065-310,ETANOL,05/08/2025,"4,9",,R$ / litro,VIBRA
NE,SE,ARACAJU,KLEBER SANTOS BATISTA LTDA,13042882000108,AVENIDA DESEMBARGADOR MAYNARD,770,,CIRURGIA,49055-210,ETANOL,05/08/2025,"4,9",,R$ / litro,BRANCA
NE,SE,ARACAJU,AMARAL & CIA LTDA,13008610000183,RUA MARIANO SALMERON,709,,SIQUEIRA CAMPOS,49075-370,ETANOL,05/08/2025,"4,98",,R$ / litro,VIBRA
NE,SE,ARACAJU,L. V. COMERCIO DE COMBUSTIVEIS LTDA,11433769000110,RUA SAO CRISTOVAO,1877,,GETULIO VARGAS,49055-620,ETANOL,05/08/2025,"4,94",,R$ / litro,RAIZEN
NE,SE,ARACAJU,ALPHA COMERCIAL DE COMBUSTIVEIS LTDA,8297710000803,AVENIDA FRANCISCO PORTO,650,LOJA  BR MANIA DELICATESSE,SALGADO FILHO,49020-120,ETANOL,05/08/2025,"4,99",,R$ / litro,VIBRA
NE,SE,ARACAJU,VASPETRO COMBUSTIVEL LTDA,4979182000145,AVENIDA BARAO DE MARUIM,552,,CENTRO,49010-340,ETANOL,12/08/2025,"4,99",,R$ / litro,BRANCA
NE,SE,ARACAJU,TYRESOLES DE SERGIPE INDUSTRIA COMERCIO E SERVICOS LTDA,13007828001004,AVENIDA GONCALO  ROLLEMBERG LEITE,1721,,LUZIA,49045-280,ETANOL,12/08/2025,"4,95",,R$ / litro,RAIZEN
NE,SE,ARACAJU,LIDER COMERCIO DE COMBUSTIVEIS LTDA,15591357000169,PRACA DA BANDEIRA,171,,CENTRO,49055-090,ETANOL,12/08/2025,"4,99",,R$ / litro,VIBRA
NE,SE,ARACAJU,POSTO ARIBE EIRELI,15083140000148,AVENIDA PROF JOSE O DE L NETO,150,,AMERICA,49080-480,ETANOL,12/08/2025,"4,9",,R$ / litro,VIBRA
NE,SE,ARACAJU,LUBRIFICANTES E ACESSÓRIOS LTDA.,13257050000109,AVENIDA BEIRA MAR,6,,13 DE JULHO,49020-010,ETANOL,12/08/2025,"4,99",,R$ / litro,VIBRA
NE,SE,ARACAJU,COMERCIAL MARIVAN LTDA,13179247000169,AVENIDA ADELIA FRANCO,2234,,LUZIA,49048-010,ETANOL,12/08/2025,"4,9",,R$ / litro,VIBRA
NE,SE,ARACAJU,POSTO CARMOPOLIS LTDA,13077342000151,AVENIDA JOAO RIBEIRO,680,,INDUSTRIAL,49065-310,ETANOL,12/08/2025,"4,9",,R$ / litro,VIBRA
NE,SE,ARACAJU,KLEBER SANTOS BATISTA LTDA,13042882000108,AVENIDA DESEMBARGADOR MAYNARD,770,,CIRURGIA,49055-210,ETANOL,12/08/2025,"4,9",,R$ / litro,BRANCA
NE,SE,ARACAJU,AMARAL & CIA LTDA,13008610000183,RUA MARIANO SALMERON,709,,SIQUEIRA CAMPOS,49075-370,ETANOL,12/08/2025,"4,98",,R$ / litro,VIBRA
NE,SE,ARACAJU,L. V. COMERCIO DE COMBUSTIVEIS LTDA,11433769000110,RUA SAO CRISTOVAO,1877,,GETULIO VARGAS,49055-620,ETANOL,12/08/2025,"4,94",,R$ / litro,RAIZEN
NE,SE,ARACAJU,ALPHA COMERCIAL DE COMBUSTIVEIS LTDA,8297710000803,AVENIDA FRANCISCO PORTO,650,LOJA  BR MANIA DELICATESSE,SALGADO FILHO,49020-120,ETANOL,12/08/2025,"4,99",,R$ / litro,VIBRA
NE,SE,ARACAJU,VASPETRO COMBUSTIVEL LTDA,4979182000145,AVENIDA BARAO DE MARUIM,552,,CENTRO,49010-340,ETANOL,19/08/2025,"4,99",,R$ / litro,BRANCA
NE,SE,ARACAJU,TYRESOLES DE SERGIPE INDUSTRIA COMERCIO E SERVICOS LTDA,13007828001004,AVENIDA GONCALO  ROLLEMBERG LEITE,1721,,LUZIA,49045-280,ETANOL,19/08/2025,"4,95",,R$ / litro,RAIZEN
NE,SE,ARACAJU,LIDER COMERCIO DE COMBUSTIVEIS LTDA,15591357000169,PRACA DA BANDEIRA,171,,CENTRO,49055-090,ETANOL,19/08/2025,"4,99",,R$ / litro,VIBRA
NE,SE,ARACAJU,LUBRIFICANTES E ACESSÓRIOS LTDA.,13257050000109,AVENIDA BEIRA MAR,6,,13 DE JULHO,49020-010,ETANOL,19/08/2025,"4,99",,R$ / litro,VIBRA
NE,SE,ARACAJU,COMERCIAL MARIVAN LTDA,13179247000169,AVENIDA ADELIA FRANCO,2234,,LUZIA,49048-010,ETANOL,19/08/2025,"4,9",,R$ / litro,VIBRA
NE,SE,ARACAJU,POSTO CARMOPOLIS LTDA,13077342000151,AVENIDA JOAO RIBEIRO,680,,INDUSTRIAL,49065-310,ETANOL,19/08/2025,"4,9",,R$ / litro,VIBRA
NE,SE,ARACAJU,KLEBER SANTOS BATISTA LTDA,13042882000108,AVENIDA DESEMBARGADOR MAYNARD,770,,CIRURGIA,49055-210,ETANOL,19/08/2025,"4,9",,R$ / litro,BRANCA
NE,SE,ARACAJU,AMARAL & CIA LTDA,13008610000183,RUA MARIANO SALMERON,709,,SIQUEIRA CAMPOS,49075-370,ETANOL,19/08/2025,"4,98",,R$ / litro,VIBRA
NE,SE,ARACAJU,L. V. COMERCIO DE COMBUSTIVEIS LTDA,11433769000110,RUA SAO CRISTOVAO,1877,,GETULIO VARGAS,49055-620,ETANOL,19/08/2025,"4,94",,R$ / litro,RAIZEN
NE,SE,ARACAJU,ALPHA COMERCIAL DE COMBUSTIVEIS LTDA,8297710000803,AVENIDA FRANCISCO PORTO,650,LOJA  BR MANIA DELICATESSE,SALGADO FILHO,49020-120,ETANOL,19/08/2025,"4,99",,R$ / litro,VIBRA
NE,SE,ARACAJU,VASPETRO COMBUSTIVEL LTDA,4979182000145,AVENIDA BARAO DE MARUIM,552,,CENTRO,49010-340,ETANOL,27/08/2025,"4,99",,R$ / litro,BRANCA
NE,SE,ARACAJU,TYRESOLES DE SERGIPE INDUSTRIA COMERCIO E SERVICOS LTDA,13007828001004,AVENIDA GONCALO  ROLLEMBERG LEITE,1721,,LUZIA,49045-280,ETANOL,27/08/2025,"4,95",,R$ / litro,RAIZEN
NE,SE,ARACAJU,LIDER COMERCIO DE COMBUSTIVEIS LTDA,15591357000169,PRACA DA BANDEIRA,171,,CENTRO,49055-090,ETANOL,27/08/2025,"4,99",,R$ / litro,VIBRA
NE,SE,ARACAJU,LUBRIFICANTES E ACESSÓRIOS LTDA.,13257050000109,AVENIDA BEIRA MAR,6,,13 DE JULHO,49020-010,ETANOL,27/08/2025,"4,99",,R$ / litro,VIBRA
NE,SE,ARACAJU,COMERCIAL MARIVAN LTDA,13179247000169,AVENIDA ADELIA FRANCO,2234,,LUZIA,49048-010,ETANOL,27/08/2025,"4,9",,R$ / litro,VIBRA
NE,SE,ARACAJU,POSTO CARMOPOLIS LTDA,13077342000151,AVENIDA JOAO RIBEIRO,680,,INDUSTRIAL,49065-310,ETANOL,27/08/2025,"4,9",,R$ / litro,VIBRA
NE,SE,ARACAJU,KLEBER SANTOS BATISTA LTDA,13042882000108,AVENIDA DESEMBARGADOR MAYNARD,770,,CIRURGIA,49055-210,ETANOL,27/08/2025,"4,9",,R$ / litro,BRANCA
NE,SE,ARACAJU,AMARAL & CIA LTDA,13008610000183,RUA MARIANO SALMERON,709,,SIQUEIRA CAMPOS,49075-370,ETANOL,27/08/2025,"4,98",,R$ / litro,VIBRA
NE,SE,ARACAJU,L. V. COMERCIO DE COMBUSTIVEIS LTDA,11433769000110,RUA SAO CRISTOVAO,1877,,GETULIO VARGAS,49055-620,ETANOL,27/08/2025,"4,94",,R$ / litro,RAIZEN
NE,SE,ARACAJU,ALPHA COMERCIAL DE COMBUSTIVEIS LTDA,8297710000803,AVENIDA FRANCISCO PORTO,650,LOJA  BR MANIA DELICATESSE,SALGADO FILHO,49020-120,ETANOL,27/08/2025,"4,99",,R$ / litro,VIBRA
NE,SE,ARACAJU,VASPETRO COMBUSTIVEL LTDA,4979182000145,AVENIDA BARAO DE MARUIM,552,,CENTRO,49010-340,ETANOL,02/09/2025,"4,99",,R$ / litro,BRANCA
NE,SE,ARACAJU,TYRESOLES DE SERGIPE INDUSTRIA COMERCIO E SERVICOS LTDA,13007828001004,AVENIDA GONCALO  ROLLEMBERG LEITE,1721,,LUZIA,49045-280,ETANOL,02/09/2025,"4,95",,R$ / litro,RAIZEN
NE,SE,ARACAJU,LIDER COMERCIO DE COMBUSTIVEIS LTDA,15591357000169,PRACA DA BANDEIRA,171,,CENTRO,49055-090,ETANOL,02/09/2025,"4,99",,R$ / litro,VIBRA
NE,SE,ARACAJU,LUBRIFICANTES E ACESSÓRIOS LTDA.,13257050000109,AVENIDA BEIRA MAR,6,,13 DE JULHO,49020-010,ETANOL,02/09/2025,"4,99",,R$ / litro,VIBRA
NE,SE,ARACAJU,COMERCIAL MARIVAN LTDA,13179247000169,AVENIDA ADELIA FRANCO,2234,,LUZIA,49048-010,ETANOL,02/09/2025,"4,9",,R$ / litro,VIBRA
NE,SE,ARACAJU,POSTO CARMOPOLIS LTDA,13077342000151,AVENIDA JOAO RIBEIRO,680,,INDUSTRIAL,49065-310,ETANOL,02/09/2025,"4,9",,R$ / litro,VIBRA
NE,SE,ARACAJU,KLEBER SANTOS BATISTA LTDA,13042882000108,AVENIDA DESEMBARGADOR MAYNARD,770,,CIRURGIA,49055-210,ETANOL,02/09/2025,"4,9",,R$ / litro,BRANCA
NE,SE,ARACAJU,AMARAL & CIA LTDA,13008610000183,RUA MARIANO SALMERON,709,,SIQUEIRA CAMPOS,49075-370,ETANOL,02/09/2025,"4,98",,R$ / litro,VIBRA
NE,SE,ARACAJU,L. V. COMERCIO DE COMBUSTIVEIS LTDA,11433769000110,RUA SAO CRISTOVAO,1877,,GETULIO VARGAS,49055-620,ETANOL,02/09/2025,"4,94",,R$ / litro,RAIZEN
NE,SE,ARACAJU,VASPETRO COMBUSTIVEL LTDA,4979182000145,AVENIDA BARAO DE MARUIM,552,,CENTRO,49010-340,ETANOL,09/09/2025,"4,99",,R$ / litro,BRANCA
NE,SE,ARACAJU,TYRESOLES DE SERGIPE INDUSTRIA COMERCIO E SERVICOS LTDA,13007828001004,AVENIDA GONCALO  ROLLEMBERG LEITE,1721,,LUZIA,49045-280,ETANOL,09/09/2025,"4,95",,R$ / litro,RAIZEN
NE,SE,ARACAJU,LIDER COMERCIO DE COMBUSTIVEIS LTDA,15591357000169,PRACA DA BANDEIRA,171,,CENTRO,49055-090,ETANOL,09/09/2025,"4,99",,R$ / litro,VIBRA
NE,SE,ARACAJU,LUBRIFICANTES E ACESSÓRIOS LTDA.,13257050000109,AVENIDA BEIRA MAR,6,,13 DE JULHO,49020-010,ETANOL,09/09/2025,"4,99",,R$ / litro,VIBRA
NE,SE,ARACAJU,COMERCIAL MARIVAN LTDA,13179247000169,AVENIDA ADELIA FRANCO,2234,,LUZIA,49048-010,ETANOL,09/09/2025,"4,9",,R$ / litro,VIBRA
NE,SE,ARACAJU,POSTO CARMOPOLIS LTDA,13077342000151,AVENIDA JOAO RIBEIRO,680,,INDUSTRIAL,49065-310,ETANOL,09/09/2025,"4,9",,R$ / litro,VIBRA
NE,SE,ARACAJU,KLEBER SANTOS BATISTA LTDA,13042882000108,AVENIDA DESEMBARGADOR MAYNARD,770,,CIRURGIA,49055-210,ETANOL,09/09/2025,"4,9",,R$ / litro,BRANCA
NE,SE,ARACAJU,AMARAL & CIA LTDA,13008610000183,RUA MARIANO SALMERON,709,,SIQUEIRA CAMPOS,49075-370,ETANOL,09/09/2025,"4,98",,R$ / litro,VIBRA
NE,SE,ARACAJU,L. V. COMERCIO DE COMBUSTIVEIS LTDA,11433769000110,RUA SAO CRISTOVAO,1877,,GETULIO VARGAS,49055-620,ETANOL,09/09/2025,"4,94",,R$ / litro,RAIZEN
NE,SE,ARACAJU,ALPHA COMERCIAL DE COMBUSTIVEIS LTDA,8297710000803,AVENIDA FRANCISCO PORTO,650,LOJA  BR MANIA DELICATESSE,SALGADO FILHO,49020-120,ETANOL,09/09/2025,"4,99",,R$ / litro,VIBRA
NE,SE,ARACAJU,TYRESOLES DE SERGIPE INDUSTRIA COMERCIO E SERVICOS LTDA,13007828001004,AVENIDA GONCALO  ROLLEMBERG LEITE,1721,,LUZIA,49045-280,ETANOL,16/09/2025,"4,95",,R$ / litro,RAIZEN
NE,SE,ARACAJU,COMERCIAL MARIVAN LTDA,13179247000169,AVENIDA ADELIA FRANCO,2234,,LUZIA,49048-010,ETANOL,16/09/2025,"4,9",,R$ / litro,VIBRA
NE,SE,ARACAJU,ALPHA COMERCIAL DE COMBUSTIVEIS LTDA,8297710000803,AVENIDA FRANCISCO PORTO,650,LOJA  BR MANIA DELICATESSE,SALGADO FILHO,49020-120,ETANOL,16/09/2025,"4,99",,R$ / litro,VIBRA
NE,SE,ARACAJU,VASPETRO COMBUSTIVEL LTDA,4979182000145,AVENIDA BARAO DE MARUIM,552,,CENTRO,49010-340,ETANOL,17/09/2025,"4,99",,R$ / litro,BRANCA
NE,SE,ARACAJU,LIDER COMERCIO DE COMBUSTIVEIS LTDA,15591357000169,PRACA DA BANDEIRA,171,,CENTRO,49055-090,ETANOL,17/09/2025,"4,99",,R$ / litro,VIBRA
NE,SE,ARACAJU,LUBRIFICANTES E ACESSÓRIOS LTDA.,13257050000109,AVENIDA BEIRA MAR,6,,13 DE JULHO,49020-010,ETANOL,17/09/2025,"4,99",,R$ / litro,VIBRA
NE,SE,ARACAJU,POSTO CARMOPOLIS LTDA,13077342000151,AVENIDA JOAO RIBEIRO,680,,INDUSTRIAL,49065-310,ETANOL,17/09/2025,"4,9",,R$ / litro,VIBRA
NE,SE,ARACAJU,KLEBER SANTOS BATISTA LTDA,13042882000108,AVENIDA DESEMBARGADOR MAYNARD,770,,CIRURGIA,49055-210,ETANOL,17/09/2025,"4,9",,R$ / litro,BRANCA
NE,SE,ARACAJU,AMARAL & CIA LTDA,13008610000183,RUA MARIANO SALMERON,709,,SIQUEIRA CAMPOS,49075-370,ETANOL,17/09/2025,"4,98",,R$ / litro,VIBRA
NE,SE,ARACAJU,L. V. COMERCIO DE COMBUSTIVEIS LTDA,11433769000110,RUA SAO CRISTOVAO,1877,,GETULIO VARGAS,49055-620,ETANOL,17/09/2025,"4,94",,R$ / litro,RAIZEN
NE,SE,ARACAJU,VASPETRO COMBUSTIVEL LTDA,4979182000145,AVENIDA BARAO DE MARUIM,552,,CENTRO,49010-340,ETANOL,22/09/2025,"4,99",,R$ / litro,BRANCA
NE,SE,ARACAJU,TYRESOLES DE SERGIPE INDUSTRIA COMERCIO E SERVICOS LTDA,13007828001004,AVENIDA GONCALO  ROLLEMBERG LEITE,1721,,LUZIA,49045-280,ETANOL,22/09/2025,"4,95",,R$ / litro,RAIZEN
NE,SE,ARACAJU,LIDER COMERCIO DE COMBUSTIVEIS LTDA,15591357000169,PRACA DA BANDEIRA,171,,CENTRO,49055-090,ETANOL,22/09/2025,"4,99",,R$ / litro,VIBRA
NE,SE,ARACAJU,LUBRIFICANTES E ACESSÓRIOS LTDA.,13257050000109,AVENIDA BEIRA MAR,6,,13 DE JULHO,49020-010,ETANOL,22/09/2025,"4,99",,R$ / litro,VIBRA
NE,SE,ARACAJU,COMERCIAL MARIVAN LTDA,13179247000169,AVENIDA ADELIA FRANCO,2234,,LUZIA,49048-010,ETANOL,22/09/2025,"4,9",,R$ / litro,VIBRA
NE,SE,ARACAJU,POSTO CARMOPOLIS LTDA,13077342000151,AVENIDA JOAO RIBEIRO,680,,INDUSTRIAL,49065-310,ETANOL,22/09/2025,"4,9",,R$ / litro,VIBRA
NE,SE,ARACAJU,KLEBER SANTOS BATISTA LTDA,13042882000108,AVENIDA DESEMBARGADOR MAYNARD,770,,CIRURGIA,49055-210,ETANOL,22/09/2025,"4,9",,R$ / litro,BRANCA
NE,SE,ARACAJU,AMARAL & CIA LTDA,13008610000183,RUA MARIANO SALMERON,709,,SIQUEIRA CAMPOS,49075-370,ETANOL,22/09/2025,"4,98",,R$ / litro,VIBRA
NE,SE,ARACAJU,L. V. COMERCIO DE COMBUSTIVEIS LTDA,11433769000110,RUA SAO CRISTOVAO,1877,,GETULIO VARGAS,49055-620,ETANOL,22/09/2025,"4,94",,R$ / litro,RAIZEN
NE,SE,ARACAJU,ALPHA COMERCIAL DE COMBUSTIVEIS LTDA,8297710000803,AVENIDA FRANCISCO PORTO,650,LOJA  BR MANIA DELICATESSE,SALGADO FILHO,49020-120,ETANOL,22/09/2025,"4,99",,R$ / litro,VIBRA
NE,SE,ARACAJU,VASPETRO COMBUSTIVEL LTDA,4979182000145,AVENIDA BARAO DE MARUIM,552,,CENTRO,49010-340,ETANOL,30/09/2025,"4,99",,R$ / litro,BRANCA
NE,SE,ARACAJU,TYRESOLES DE SERGIPE INDUSTRIA COMERCIO E SERVICOS LTDA,13007828001004,AVENIDA GONCALO  ROLLEMBERG LEITE,1721,,LUZIA,49045-280,ETANOL,30/09/2025,"4,95",,R$ / litro,RAIZEN
NE,SE,ARACAJU,LIDER COMERCIO DE COMBUSTIVEIS LTDA,15591357000169,PRACA DA BANDEIRA,171,,CENTRO,49055-090,ETANOL,30/09/2025,"4,99",,R$ / litro,VIBRA
NE,SE,ARACAJU,LUBRIFICANTES E ACESSÓRIOS LTDA.,13257050000109,AVENIDA BEIRA MAR,6,,13 DE JULHO,49020-010,ETANOL,30/09/2025,"4,99",,R$ / litro,VIBRA
NE,SE,ARACAJU,COMERCIAL MARIVAN LTDA,13179247000169,AVENIDA ADELIA FRANCO,2234,,LUZIA,49048-010,ETANOL,30/09/2025,"4,9",,R$ / litro,VIBRA
NE,SE,ARACAJU,POSTO CARMOPOLIS LTDA,13077342000151,AVENIDA JOAO RIBEIRO,680,,INDUSTRIAL,49065-310,ETANOL,30/09/2025,"4,9",,R$ / litro,VIBRA
NE,SE,ARACAJU,KLEBER SANTOS BATISTA LTDA,13042882000108,AVENIDA DESEMBARGADOR MAYNARD,770,,CIRURGIA,49055-210,ETANOL,30/09/2025,"4,9",,R$ / litro,BRANCA
NE,SE,ARACAJU,AMARAL & CIA LTDA,13008610000183,RUA MARIANO SALMERON,709,,SIQUEIRA CAMPOS,49075-370,ETANOL,30/09/2025,"4,98",,R$ / litro,VIBRA
NE,SE,ARACAJU,L. V. COMERCIO DE COMBUSTIVEIS LTDA,11433769000110,RUA SAO CRISTOVAO,1877,,GETULIO VARGAS,49055-620,ETANOL,30/09/2025,"4,94",,R$ / litro,RAIZEN
NE,SE,ARACAJU,ALPHA COMERCIAL DE COMBUSTIVEIS LTDA,8297710000803,AVENIDA FRANCISCO PORTO,650,LOJA  BR MANIA DELICATESSE,SALGADO FILHO,49020-120,ETANOL,30/09/2025,"4,99",,R$ / litro,VIBRA
NE,SE,ARACAJU,VASPETRO COMBUSTIVEL LTDA,4979182000145,AVENIDA BARAO DE MARUIM,552,,CENTRO,49010-340,ETANOL,06/10/2025,"4,99",,R$ / litro,BRANCA
NE,SE,ARACAJU,TYRESOLES DE SERGIPE INDUSTRIA COMERCIO E SERVICOS LTDA,13007828001004,AVENIDA GONCALO  ROLLEMBERG LEITE,1721,,LUZIA,49045-280,ETANOL,06/10/2025,"4,95",,R$ / litro,RAIZEN
NE,SE,ARACAJU,LIDER COMERCIO DE COMBUSTIVEIS LTDA,15591357000169,PRACA DA BANDEIRA,171,,CENTRO,49055-090,ETANOL,06/10/2025,"4,99",,R$ / litro,VIBRA
NE,SE,ARACAJU,LUBRIFICANTES E ACESSÓRIOS LTDA.,13257050000109,AVENIDA BEIRA MAR,6,,13 DE JULHO,49020-010,ETANOL,06/10/2025,"4,99",,R$ / litro,VIBRA
NE,SE,ARACAJU,COMERCIAL MARIVAN LTDA,13179247000169,AVENIDA ADELIA FRANCO,2234,,LUZIA,49048-010,ETANOL,06/10/2025,"4,9",,R$ / litro,VIBRA
NE,SE,ARACAJU,POSTO CARMOPOLIS LTDA,13077342000151,AVENIDA JOAO RIBEIRO,680,,INDUSTRIAL,49065-310,ETANOL,06/10/2025,"4,9",,R$ / litro,VIBRA
NE,SE,ARACAJU,KLEBER SANTOS BATISTA LTDA,13042882000108,AVENIDA DESEMBARGADOR MAYNARD,770,,CIRURGIA,49055-210,ETANOL,06/10/2025,"4,9",,R$ / litro,BRANCA
NE,SE,ARACAJU,AMARAL & CIA LTDA,13008610000183,RUA MARIANO SALMERON,709,,SIQUEIRA CAMPOS,49075-370,ETANOL,06/10/2025,"4,98",,R$ / litro,VIBRA
NE,SE,ARACAJU,L. V. COMERCIO DE COMBUSTIVEIS LTDA,11433769000110,RUA SAO CRISTOVAO,1877,,GETULIO VARGAS,49055-620,ETANOL,06/10/2025,"4,94",,R$ / litro,RAIZEN
NE,SE,ARACAJU,ALPHA COMERCIAL DE COMBUSTIVEIS LTDA,8297710000803,AVENIDA FRANCISCO PORTO,650,LOJA  BR MANIA DELICATESSE,SALGADO FILHO,49020-120,ETANOL,06/10/2025,"4,99",,R$ / litro,VIBRA
NE,SE,ARACAJU,VASPETRO COMBUSTIVEL LTDA,4979182000145,AVENIDA BARAO DE MARUIM,552,,CENTRO,49010-340,ETANOL,13/10/2025,"4,99",,R$ / litro,BRANCA
NE,SE,ARACAJU,TYRESOLES DE SERGIPE INDUSTRIA COMERCIO E SERVICOS LTDA,13007828001004,AVENIDA GONCALO  ROLLEMBERG LEITE,1721,,LUZIA,49045-280,ETANOL,13/10/2025,"4,95",,R$ / litro,RAIZEN
NE,SE,ARACAJU,LIDER COMERCIO DE COMBUSTIVEIS LTDA,15591357000169,PRACA DA BANDEIRA,171,,CENTRO,49055-090,ETANOL,13/10/2025,"4,99",,R$ / litro,VIBRA
NE,SE,ARACAJU,LUBRIFICANTES E ACESSÓRIOS LTDA.,13257050000109,AVENIDA BEIRA MAR,6,,13 DE JULHO,49020-010,ETANOL,13/10/2025,"4,99",,R$ / litro,VIBRA
NE,SE,ARACAJU,COMERCIAL MARIVAN LTDA,13179247000169,AVENIDA ADELIA FRANCO,2234,,LUZIA,49048-010,ETANOL,13/10/2025,"4,9",,R$ / litro,VIBRA
NE,SE,ARACAJU,POSTO CARMOPOLIS LTDA,13077342000151,AVENIDA JOAO RIBEIRO,680,,INDUSTRIAL,49065-310,ETANOL,13/10/2025,"4,9",,R$ / litro,VIBRA
NE,SE,ARACAJU,KLEBER SANTOS BATISTA LTDA,13042882000108,AVENIDA DESEMBARGADOR MAYNARD,770,,CIRURGIA,49055-210,ETANOL,13/10/2025,"4,9",,R$ / litro,BRANCA
NE,SE,ARACAJU,AMARAL & CIA LTDA,13008610000183,RUA MARIANO SALMERON,709,,SIQUEIRA CAMPOS,49075-370,ETANOL,13/10/2025,"4,98",,R$ / litro,VIBRA
NE,SE,ARACAJU,L. V. COMERCIO DE COMBUSTIVEIS LTDA,11433769000110,RUA SAO CRISTOVAO,1877,,GETULIO VARGAS,49055-620,ETANOL,13/10/2025,"4,94",,R$ / litro,RAIZEN
NE,SE,ARACAJU,ALPHA COMERCIAL DE COMBUSTIVEIS LTDA,8297710000803,AVENIDA FRANCISCO PORTO,650,LOJA  BR MANIA DELICATESSE,SALGADO FILHO,49020-120,ETANOL,13/10/2025,"4,99",,R$ / litro,VIBRA
NE,SE,ARACAJU,VASPETRO COMBUSTIVEL LTDA,4979182000145,AVENIDA BARAO DE MARUIM,552,,CENTRO,49010-340,ETANOL,20/10/2025,"4,99",,R$ / litro,BRANCA
NE,SE,ARACAJU,TYRESOLES DE SERGIPE INDUSTRIA COMERCIO E SERVICOS LTDA,13007828001004,AVENIDA GONCALO  ROLLEMBERG LEITE,1721,,LUZIA,49045-280,ETANOL,20/10/2025,"4,95",,R$ / litro,RAIZEN
NE,SE,ARACAJU,LIDER COMERCIO DE COMBUSTIVEIS LTDA,15591357000169,PRACA DA BANDEIRA,171,,CENTRO,49055-090,ETANOL,20/10/2025,"4,99",,R$ / litro,VIBRA
NE,SE,ARACAJU,LUBRIFICANTES E ACESSÓRIOS LTDA.,13257050000109,AVENIDA BEIRA MAR,6,,13 DE JULHO,49020-010,ETANOL,20/10/2025,"4,99",,R$ / litro,VIBRA
NE,SE,ARACAJU,COMERCIAL MARIVAN LTDA,13179247000169,AVENIDA ADELIA FRANCO,2234,,LUZIA,49048-010,ETANOL,20/10/2025,"4,9",,R$ / litro,VIBRA
NE,SE,ARACAJU,POSTO CARMOPOLIS LTDA,13077342000151,AVENIDA JOAO RIBEIRO,680,,INDUSTRIAL,49065-310,ETANOL,20/10/2025,"4,9",,R$ / litro,VIBRA
NE,SE,ARACAJU,KLEBER SANTOS BATISTA LTDA,13042882000108,AVENIDA DESEMBARGADOR MAYNARD,770,,CIRURGIA,49055-210,ETANOL,20/10/2025,"4,9",,R$ / litro,BRANCA
NE,SE,ARACAJU,AMARAL & CIA LTDA,13008610000183,RUA MARIANO SALMERON,709,,SIQUEIRA CAMPOS,49075-370,ETANOL,20/10/2025,"4,98",,R$ / litro,VIBRA
NE,SE,ARACAJU,L. V. COMERCIO DE COMBUSTIVEIS LTDA,11433769000110,RUA SAO CRISTOVAO,1877,,GETULIO VARGAS,49055-620,ETANOL,20/10/2025,"4,94",,R$ / litro,RAIZEN
NE,SE,ARACAJU,TYRESOLES DE SERGIPE INDUSTRIA COMERCIO E SERVICOS LTDA,13007828001004,AVENIDA GONCALO  ROLLEMBERG LEITE,1721,,LUZIA,49045-280,ETANOL,28/10/2025,"4,85",,R$ / litro,RAIZEN
NE,SE,ARACAJU,COMERCIAL MARIVAN LTDA,13179247000169,AVENIDA ADELIA FRANCO,2234,,LUZIA,49048-010,ETANOL,28/10/2025,"4,8",,R$ / litro,VIBRA
NE,SE,ARACAJU,POSTO CARMOPOLIS LTDA,13077342000151,AVENIDA JOAO RIBEIRO,680,,INDUSTRIAL,49065-310,ETANOL,28/10/2025,"4,8",,R$ / litro,VIBRA
NE,SE,ARACAJU,KLEBER SANTOS BATISTA LTDA,13042882000108,AVENIDA DESEMBARGADOR MAYNARD,770,,CIRURGIA,49055-210,ETANOL,28/10/2025,"4,8",,R$ / litro,BRANCA
NE,SE,ARACAJU,AMARAL & CIA LTDA,13008610000183,RUA MARIANO SALMERON,709,,SIQUEIRA CAMPOS,49075-370,ETANOL,28/10/2025,"4,98",,R$ / litro,VIBRA
NE,SE,ARACAJU,L. V. COMERCIO DE COMBUSTIVEIS LTDA,11433769000110,RUA SAO CRISTOVAO,1877,,GETULIO VARGAS,49055-620,ETANOL,28/10/2025,"4,84",,R$ / litro,RAIZEN
NE,SE,ARACAJU,VASPETRO COMBUSTIVEL LTDA,4979182000145,AVENIDA BARAO DE MARUIM,552,,CENTRO,49010-340,ETANOL,29/10/2025,"4,99",,R$ / litro,BRANCA
NE,SE,ARACAJU,LIDER COMERCIO DE COMBUSTIVEIS LTDA,15591357000169,PRACA DA BANDEIRA,171,,CENTRO,49055-090,ETANOL,29/10/2025,"4,89",,R$ / litro,VIBRA
NE,SE,ARACAJU,LUBRIFICANTES E ACESSÓRIOS LTDA.,13257050000109,AVENIDA BEIRA MAR,6,,13 DE JULHO,49020-010,ETANOL,29/10/2025,"4,99",,R$ / litro,VIBRA
NE,SE,ARACAJU,TYRESOLES DE SERGIPE INDUSTRIA COMERCIO E SERVICOS LTDA,13007828001004,AVENIDA GONCALO  ROLLEMBERG LEITE,1721,,LUZIA,49045-280,ETANOL,04/11/2025,"4,8",,R$ / litro,RAIZEN
NE,SE,ARACAJU,COMERCIAL MARIVAN LTDA,13179247000169,AVENIDA ADELIA FRANCO,2234,,LUZIA,49048-010,ETANOL,04/11/2025,"4,8",,R$ / litro,VIBRA
NE,SE,ARACAJU,KLEBER SANTOS BATISTA LTDA,13042882000108,AVENIDA DESEMBARGADOR MAYNARD,770,,CIRURGIA,49055-210,ETANOL,04/11/2025,"4,8",,R$ / litro,BRANCA
NE,SE,ARACAJU,AMARAL & CIA LTDA,13008610000183,RUA MARIANO SALMERON,709,,SIQUEIRA CAMPOS,49075-370,ETANOL,04/11/2025,"4,98",,R$ / litro,VIBRA
NE,SE,ARACAJU,L. V. COMERCIO DE COMBUSTIVEIS LTDA,11433769000110,RUA SAO CRISTOVAO,1877,,GETULIO VARGAS,49055-620,ETANOL,04/11/2025,"4,84",,R$ / litro,RAIZEN
NE,SE,ARACAJU,VASPETRO COMBUSTIVEL LTDA,4979182000145,AVENIDA BARAO DE MARUIM,552,,CENTRO,49010-340,ETANOL,05/11/2025,"4,99",,R$ / litro,BRANCA
NE,SE,ARACAJU,LIDER COMERCIO DE COMBUSTIVEIS LTDA,15591357000169,PRACA DA BANDEIRA,171,,CENTRO,49055-090,ETANOL,05/11/2025,"4,8",,R$ / litro,VIBRA
NE,SE,ARACAJU,LUBRIFICANTES E ACESSÓRIOS LTDA.,13257050000109,AVENIDA BEIRA MAR,6,,13 DE JULHO,49020-010,ETANOL,05/11/2025,"4,99",,R$ / litro,VIBRA
NE,SE,ARACAJU,POSTO CARMOPOLIS LTDA,13077342000151,AVENIDA JOAO RIBEIRO,680,,INDUSTRIAL,49065-310,ETANOL,05/11/2025,"4,8",,R$ / litro,BRANCA
NE,SE,ARACAJU,VASPETRO COMBUSTIVEL LTDA,4979182000145,AVENIDA BARAO DE MARUIM,552,,CENTRO,49010-340,ETANOL,11/11/2025,"4,99",,R$ / litro,BRANCA
NE,SE,ARACAJU,TYRESOLES DE SERGIPE INDUSTRIA COMERCIO E SERVICOS LTDA,13007828001004,AVENIDA GONCALO  ROLLEMBERG LEITE,1721,,LUZIA,49045-280,ETANOL,11/11/2025,"4,8",,R$ / litro,RAIZEN
NE,SE,ARACAJU,LIDER COMERCIO DE COMBUSTIVEIS LTDA,15591357000169,PRACA DA BANDEIRA,171,,CENTRO,49055-090,ETANOL,11/11/2025,"4,8",,R$ / litro,VIBRA
NE,SE,ARACAJU,LUBRIFICANTES E ACESSÓRIOS LTDA.,13257050000109,AVENIDA BEIRA MAR,6,,13 DE JULHO,49020-010,ETANOL,11/11/2025,"4,8",,R$ / litro,VIBRA
NE,SE,ARACAJU,COMERCIAL MARIVAN LTDA,13179247000169,AVENIDA ADELIA FRANCO,2234,,LUZIA,49048-010,ETANOL,11/11/2025,"4,8",,R$ / litro,VIBRA
NE,SE,ARACAJU,POSTO CARMOPOLIS LTDA,13077342000151,AVENIDA JOAO RIBEIRO,680,,INDUSTRIAL,49065-310,ETANOL,11/11/2025,"4,8",,R$ / litro,BRANCA
NE,SE,ARACAJU,KLEBER SANTOS BATISTA LTDA,13042882000108,AVENIDA DESEMBARGADOR MAYNARD,770,,CIRURGIA,49055-210,ETANOL,11/11/2025,"4,8",,R$ / litro,BRANCA
NE,SE,ARACAJU,AMARAL & CIA LTDA,13008610000183,RUA MARIANO SALMERON,709,,SIQUEIRA CAMPOS,49075-370,ETANOL,11/11/2025,"4,98",,R$ / litro,VIBRA
NE,SE,ARACAJU,L. V. COMERCIO DE COMBUSTIVEIS LTDA,11433769000110,RUA SAO CRISTOVAO,1877,,GETULIO VARGAS,49055-620,ETANOL,11/11/2025,"4,84",,R$ / litro,RAIZEN
NE,SE,ARACAJU,VASPETRO COMBUSTIVEL LTDA,4979182000145,AVENIDA BARAO DE MARUIM,552,,CENTRO,49010-340,ETANOL,18/11/2025,"4,99",,R$ / litro,BRANCA
NE,SE,ARACAJU,TYRESOLES DE SERGIPE INDUSTRIA COMERCIO E SERVICOS LTDA,13007828001004,AVENIDA GONCALO  ROLLEMBERG LEITE,1721,,LUZIA,49045-280,ETANOL,18/11/2025,"4,8",,R$ / litro,RAIZEN
NE,SE,ARACAJU,LIDER COMERCIO DE COMBUSTIVEIS LTDA,15591357000169,PRACA DA BANDEIRA,171,,CENTRO,49055-090,ETANOL,18/11/2025,"4,8",,R$ / litro,VIBRA
NE,SE,ARACAJU,LUBRIFICANTES E ACESSÓRIOS LTDA.,13257050000109,AVENIDA BEIRA MAR,6,,13 DE JULHO,49020-010,ETANOL,18/11/2025,"4,8",,R$ / litro,VIBRA
NE,SE,ARACAJU,COMERCIAL MARIVAN LTDA,13179247000169,AVENIDA ADELIA FRANCO,2234,,LUZIA,49048-010,ETANOL,18/11/2025,"4,8",,R$ / litro,VIBRA
NE,SE,ARACAJU,POSTO CARMOPOLIS LTDA,13077342000151,AVENIDA JOAO RIBEIRO,680,,INDUSTRIAL,49065-310,ETANOL,18/11/2025,"4,8",,R$ / litro,BRANCA
NE,SE,ARACAJU,KLEBER SANTOS BATISTA LTDA,13042882000108,AVENIDA DESEMBARGADOR MAYNARD,770,,CIRURGIA,49055-210,ETANOL,18/11/2025,"4,8",,R$ / litro,BRANCA
NE,SE,ARACAJU,L. V. COMERCIO DE COMBUSTIVEIS LTDA,11433769000110,RUA SAO CRISTOVAO,1877,,GETULIO VARGAS,49055-620,ETANOL,18/11/2025,"4,84",,R$ / litro,RAIZEN
NE,SE,ARACAJU,VASPETRO COMBUSTIVEL LTDA,4979182000145,AVENIDA BARAO DE MARUIM,552,,CENTRO,49010-340,ETANOL,25/11/2025,"4,8",,R$ / litro,BRANCA
NE,SE,ARACAJU,TYRESOLES DE SERGIPE INDUSTRIA COMERCIO E SERVICOS LTDA,13007828001004,AVENIDA GONCALO  ROLLEMBERG LEITE,1721,,LUZIA,49045-280,ETANOL,25/11/2025,"4,8",,R$ / litro,RAIZEN
NE,SE,ARACAJU,LIDER COMERCIO DE COMBUSTIVEIS LTDA,15591357000169,PRACA DA BANDEIRA,171,,CENTRO,49055-090,ETANOL,25/11/2025,"4,8",,R$ / litro,VIBRA
NE,SE,ARACAJU,LUBRIFICANTES E ACESSÓRIOS LTDA.,13257050000109,AVENIDA BEIRA MAR,6,,13 DE JULHO,49020-010,ETANOL,25/11/2025,"4,8",,R$ / litro,VIBRA
NE,SE,ARACAJU,COMERCIAL MARIVAN LTDA,13179247000169,AVENIDA ADELIA FRANCO,2234,,LUZIA,49048-010,ETANOL,25/11/2025,"4,8",,R$ / litro,VIBRA
NE,SE,ARACAJU,POSTO CARMOPOLIS LTDA,13077342000151,AVENIDA JOAO RIBEIRO,680,,INDUSTRIAL,49065-310,ETANOL,25/11/2025,"4,8",,R$ / litro,BRANCA
NE,SE,ARACAJU,KLEBER SANTOS BATISTA LTDA,13042882000108,AVENIDA DESEMBARGADOR MAYNARD,770,,CIRURGIA,49055-210,ETANOL,25/11/2025,"4,8",,R$ / litro,BRANCA
NE,SE,ARACAJU,AMARAL & CIA LTDA,13008610000183,RUA MARIANO SALMERON,709,,SIQUEIRA CAMPOS,49075-370,ETANOL,25/11/2025,"4,8",,R$ / litro,VIBRA
NE,SE,ARACAJU,L. V. COMERCIO DE COMBUSTIVEIS LTDA,11433769000110,RUA SAO CRISTOVAO,1877,,GETULIO VARGAS,49055-620,ETANOL,25/11/2025,"4,84",,R$ / litro,RAIZEN
NE,SE,ARACAJU,POSTO CARMOPOLIS LTDA,13077342000151,AVENIDA JOAO RIBEIRO,680,,INDUSTRIAL,49065-310,ETANOL,02/12/2025,"4,8",,R$ / litro,BRANCA
NE,SE,ARACAJU,AMARAL & CIA LTDA,13008610000183,RUA MARIANO SALMERON,709,,SIQUEIRA CAMPOS,49075-370,ETANOL,02/12/2025,"4,8",,R$ / litro,VIBRA
NE,SE,ARACAJU,KLEBER SANTOS BATISTA LTDA,13042882000108,AVENIDA DESEMBARGADOR MAYNARD,770,,CIRURGIA,49055-210,ETANOL,08/12/2025,"4,8",,R$ / litro,BRANCA
NE,SE,ARACAJU,L. V. COMERCIO DE COMBUSTIVEIS LTDA,11433769000110,RUA SAO CRISTOVAO,1877,,GETULIO VARGAS,49055-620,ETANOL,08/12/2025,"4,84",,R$ / litro,RAIZEN
NE,SE,ARACAJU,LIDER COMERCIO DE COMBUSTIVEIS LTDA,15591357000169,PRACA DA BANDEIRA,171,,CENTRO,49055-090,ETANOL,09/12/2025,"4,8",,R$ / litro,VIBRA
NE,SE,ARACAJU,POSTO CARMOPOLIS LTDA,13077342000151,AVENIDA JOAO RIBEIRO,680,,INDUSTRIAL,49065-310,ETANOL,09/12/2025,"4,8",,R$ / litro,BRANCA
NE,SE,ARACAJU,AMARAL & CIA LTDA,13008610000183,RUA MARIANO SALMERON,709,,SIQUEIRA CAMPOS,49075-370,ETANOL,09/12/2025,"4,8",,R$ / litro,VIBRA
NE,SE,ARACAJU,KLEBER SANTOS BATISTA LTDA,13042882000108,AVENIDA DESEMBARGADOR MAYNARD,770,,CIRURGIA,49055-210,ETANOL,15/12/2025,"4,8",,R$ / litro,BRANCA
NE,SE,ARACAJU,L. V. COMERCIO DE COMBUSTIVEIS LTDA,11433769000110,RUA SAO CRISTOVAO,1877,,GETULIO VARGAS,49055-620,ETANOL,15/12/2025,"4,84",,R$ / litro,RAIZEN
NE,SE,ARACAJU,TYRESOLES DE SERGIPE INDUSTRIA COMERCIO E SERVICOS LTDA,13007828001004,AVENIDA GONCALO  ROLLEMBERG LEITE,1721,,LUZIA,49045-280,ETANOL,17/12/2025,"4,8",,R$ / litro,RAIZEN
NE,SE,ARACAJU,POSTO CARMOPOLIS LTDA,13077342000151,AVENIDA JOAO RIBEIRO,680,,INDUSTRIAL,49065-310,ETANOL,17/12/2025,"4,8",,R$ / litro,BRANCA
NE,SE,ARACAJU,KLEBER SANTOS BATISTA LTDA,13042882000108,AVENIDA DESEMBARGADOR MAYNARD,770,,CIRURGIA,49055-210,ETANOL,23/12/2025,"4,8",,R$ / litro,BRANCA
NE,SE,ARACAJU,L. V. COMERCIO DE COMBUSTIVEIS LTDA,11433769000110,RUA SAO CRISTOVAO,1877,,GETULIO VARGAS,49055-620,ETANOL,23/12/2025,"4,84",,R$ / litro,RAIZEN
NE,SE,ARACAJU,TYRESOLES DE SERGIPE INDUSTRIA COMERCIO E SERVICOS LTDA,13007828001004,AVENIDA GONCALO  ROLLEMBERG LEITE,1721,,LUZIA,49045-280,ETANOL,24/12/2025,"4,8",,R$ / litro,RAIZEN
NE,SE,ARACAJU,POSTO CARMOPOLIS LTDA,13077342000151,AVENIDA JOAO RIBEIRO,680,,INDUSTRIAL,49065-310,ETANOL,24/12/2025,"4,8",,R$ / litro,BRANCA
NE,SE,ARACAJU,AMARAL & CIA LTDA,13008610000183,RUA MARIANO SALMERON,709,,SIQUEIRA CAMPOS,49075-370,ETANOL,24/12/2025,"4,8",,R$ / litro,VIBRA
NE,SE,ARACAJU,POSTO CARMOPOLIS LTDA,13077342000151,AVENIDA JOAO RIBEIRO,680,,INDUSTRIAL,49065-310,ETANOL,29/12/2025,"4,8",,R$ / litro,BRANCA
NE,SE,ARACAJU,KLEBER SANTOS BATISTA LTDA,13042882000108,AVENIDA DESEMBARGADOR MAYNARD,770,,CIRURGIA,49055-210,ETANOL,29/12/2025,"4,8",,R$ / litro,BRANCA
NE,SE,ARACAJU,L. V. COMERCIO DE COMBUSTIVEIS LTDA,11433769000110,RUA SAO CRISTOVAO,1877,,GETULIO VARGAS,49055-620,ETANOL,29/12/2025,"4,84",,R$ / litro,RAIZEN
NE,SE,ARACAJU,AMARAL & CIA LTDA,13008610000183,RUA MARIANO SALMERON,709,,SIQUEIRA CAMPOS,49075-370,ETANOL,30/12/2025,"4,8",,R$ / litro,VIBRA
NE,SE,ARACAJU,VASPETRO COMBUSTIVEL LTDA,4979182000145,AVENIDA BARAO DE MARUIM,552,,CENTRO,49010-340,GASOLINA,08/07/2025,"6,62",,R$ / litro,BRANCA
NE,SE,ARACAJU,GAMA E CIA LTDA,13007752000207,AVENIDA AUGUSTO FRANCO,2990,,PONTO NOVO,49047-040,GASOLINA,08/07/2025,"6,62",,R$ / litro,VIBRA
NE,SE,ARACAJU,TYRESOLES DE SERGIPE INDUSTRIA COMERCIO E SERVICOS LTDA,13007828001004,AVENIDA GONCALO  ROLLEMBERG LEITE,1721,,LUZIA,49045-280,GASOLINA,08/07/2025,"6,67",,R$ / litro,RAIZEN
NE,SE,ARACAJU,REDE DE POSTOS PRESIDENTE LTDA,32864795000172,AVENIDA COELHO E CAMPOS,1254,,SANTO ANTONIO,49060-000,GASOLINA,08/07/2025,"6,69",,R$ / litro,VIBRA
NE,SE,ARACAJU,LIDER COMERCIO DE COMBUSTIVEIS LTDA,15591357000169,PRACA DA BANDEIRA,171,,CENTRO,49055-090,GASOLINA,08/07/2025,"6,62",,R$ / litro,VIBRA
NE,SE,ARACAJU,POSTO ARIBE EIRELI,15083140000148,AVENIDA PROF JOSE O DE L NETO,150,,AMERICA,49080-480,GASOLINA,08/07/2025,"6,62",,R$ / litro,VIBRA
NE,SE,ARACAJU,LUBRIFICANTES E ACESSÓRIOS LTDA.,13257050000109,AVENIDA BEIRA MAR,6,,13 DE JULHO,49020-010,GASOLINA,08/07/2025,"6,62",,R$ / litro,VIBRA
NE,SE,ARACAJU,COMERCIAL MARIVAN LTDA,13179247000169,AVENIDA ADELIA FRANCO,2234,,LUZIA,49048-010,GASOLINA,08/07/2025,"6,62",,R$ / litro,VIBRA
NE,SE,ARACAJU,J. L. OLIVEIRA & BARROS LTDA,13113477000478,AVENIDA GENTIL TAVARES,381,CASA,GETULIO VARGAS,49055-670,GASOLINA,08/07/2025,"6,68",,R$ / litro,VIBRA
NE,SE,ARACAJU,POSTO CARMOPOLIS LTDA,13077342000151,AVENIDA JOAO RIBEIRO,680,,INDUSTRIAL,49065-310,GASOLINA,08/07/2025,"6,62",,R$ / litro,VIBRA
NE,SE,ARACAJU,KLEBER SANTOS BATISTA LTDA,13042882000108,AVENIDA DESEMBARGADOR MAYNARD,770,,CIRURGIA,49055-210,GASOLINA,08/07/2025,"6,62",,R$ / litro,BRANCA
NE,SE,ARACAJU,AMARAL & CIA LTDA,13008610000183,RUA MARIANO SALMERON,709,,SIQUEIRA CAMPOS,49075-370,GASOLINA,08/07/2025,"6,62",,R$ / litro,VIBRA
NE,SE,ARACAJU,GAMA E CIA LTDA,13007752000126,AVENIDA TANCREDO NEVES,2551,,DISTRITO INDUSTRIAL DE ARACAJU,49095-000,GASOLINA,08/07/2025,"6,62",,R$ / litro,VIBRA
NE,SE,ARACAJU,L. V. COMERCIO DE COMBUSTIVEIS LTDA,11433769000110,RUA SAO CRISTOVAO,1877,,GETULIO VARGAS,49055-620,GASOLINA,08/07/2025,"6,62",,R$ / litro,RAIZEN
NE,SE,ARACAJU,ALPHA COMERCIAL DE COMBUSTIVEIS LTDA,8297710000803,AVENIDA FRANCISCO PORTO,650,LOJA  BR MANIA DELICATESSE,SALGADO FILHO,49020-120,GASOLINA,08/07/2025,"6,69",,R$ / litro,VIBRA
NE,SE,ARACAJU,REDE DE POSTOS PRESIDENTE LTDA,32864795001063,RUA LARANJEIRAS,1781,,GETULIO VARGAS,49055-380,GASOLINA,08/07/2025,"6,69",,R$ / litro,VIBRA
NE,SE,ARACAJU,POSTO PIRANEMA LTDA,9258664000391,AVENIDA PREFEITO HERACLITO ROLLEMBERG,2760,,FAROLANDIA,49030-640,GASOLINA,08/07/2025,"6,69",,R$ / litro,VIBRA
NE,SE,ARACAJU,VASPETRO COMBUSTIVEL LTDA,4979182000145,AVENIDA BARAO DE MARUIM,552,,CENTRO,49010-340,GASOLINA,15/07/2025,"6,62",,R$ / litro,BRANCA
NE,SE,ARACAJU,GAMA E CIA LTDA,13007752000207,AVENIDA AUGUSTO FRANCO,2990,,PONTO NOVO,49047-040,GASOLINA,15/07/2025,"6,62",,R$ / litro,VIBRA
NE,SE,ARACAJU,TYRESOLES DE SERGIPE INDUSTRIA COMERCIO E SERVICOS LTDA,13007828001004,AVENIDA GONCALO  ROLLEMBERG LEITE,1721,,LUZIA,49045-280,GASOLINA,15/07/2025,"6,67",,R$ / litro,RAIZEN
NE,SE,ARACAJU,REDE DE POSTOS PRESIDENTE LTDA,32864795000172,AVENIDA COELHO E CAMPOS,1254,,SANTO ANTONIO,49060-000,GASOLINA,15/07/2025,"6,69",,R$ / litro,VIBRA
NE,SE,ARACAJU,LIDER COMERCIO DE COMBUSTIVEIS LTDA,15591357000169,PRACA DA BANDEIRA,171,,CENTRO,49055-090,GASOLINA,15/07/2025,"6,62",,R$ / litro,VIBRA
NE,SE,ARACAJU,POSTO ARIBE EIRELI,15083140000148,AVENIDA PROF JOSE O DE L NETO,150,,AMERICA,49080-480,GASOLINA,15/07/2025,"6,62",,R$ / litro,VIBRA
NE,SE,ARACAJU,LUBRIFICANTES E ACESSÓRIOS LTDA.,13257050000109,AVENIDA BEIRA MAR,6,,13 DE JULHO,49020-010,GASOLINA,15/07/2025,"6,62",,R$ / litro,VIBRA
NE,SE,ARACAJU,COMERCIAL MARIVAN LTDA,13179247000169,AVENIDA ADELIA FRANCO,2234,,LUZIA,49048-010,GASOLINA,15/07/2025,"6,62",,R$ / litro,VIBRA
NE,SE,ARACAJU,J. L. OLIVEIRA & BARROS LTDA,13113477000478,AVENIDA GENTIL TAVARES,381,CASA,GETULIO VARGAS,49055-670,GASOLINA,15/07/2025,"6,68",,R$ / litro,VIBRA
NE,SE,ARACAJU,POSTO CARMOPOLIS LTDA,13077342000151,AVENIDA JOAO RIBEIRO,680,,INDUSTRIAL,49065-310,GASOLINA,15/07/2025,"6,62",,R$ / litro,VIBRA
NE,SE,ARACAJU,KLEBER SANTOS BATISTA LTDA,13042882000108,AVENIDA DESEMBARGADOR MAYNARD,770,,CIRURGIA,49055-210,GASOLINA,15/07/2025,"6,62",,R$ / litro,BRANCA
NE,SE,ARACAJU,AMARAL & CIA LTDA,13008610000183,RUA MARIANO SALMERON,709,,SIQUEIRA CAMPOS,49075-370,GASOLINA,15/07/2025,"6,62",,R$ / litro,VIBRA
NE,SE,ARACAJU,GAMA E CIA LTDA,13007752000126,AVENIDA TANCREDO NEVES,2551,,DISTRITO INDUSTRIAL DE ARACAJU,49095-000,GASOLINA,15/07/2025,"6,62",,R$ / litro,VIBRA
NE,SE,ARACAJU,L. V. COMERCIO DE COMBUSTIVEIS LTDA,11433769000110,RUA SAO CRISTOVAO,1877,,GETULIO VARGAS,49055-620,GASOLINA,15/07/2025,"6,62",,R$ / litro,RAIZEN
NE,SE,ARACAJU,ALPHA COMERCIAL DE COMBUSTIVEIS LTDA,8297710000803,AVENIDA FRANCISCO PORTO,650,LOJA  BR MANIA DELICATESSE,SALGADO FILHO,49020-120,GASOLINA,15/07/2025,"6,69",,R$ / litro,VIBRA
NE,SE,ARACAJU,REDE DE POSTOS PRESIDENTE LTDA,32864795001063,RUA LARANJEIRAS,1781,,GETULIO VARGAS,49055-380,GASOLINA,15/07/2025,"6,69",,R$ / litro,VIBRA
NE,SE,ARACAJU,POSTO PIRANEMA LTDA,9258664000391,AVENIDA PREFEITO HERACLITO ROLLEMBERG,2760,,FAROLANDIA,49030-640,GASOLINA,15/07/2025,"6,69",,R$ / litro,VIBRA
NE,SE,ARACAJU,VASPETRO COMBUSTIVEL LTDA,4979182000145,AVENIDA BARAO DE MARUIM,552,,CENTRO,49010-340,GASOLINA,22/07/2025,"6,62",,R$ / litro,BRANCA
NE,SE,ARACAJU,GAMA E CIA LTDA,13007752000207,AVENIDA AUGUSTO FRANCO,2990,,PONTO NOVO,49047-040,GASOLINA,22/07/2025,"6,62",,R$ / litro,VIBRA
NE,SE,ARACAJU,TYRESOLES DE SERGIPE INDUSTRIA COMERCIO E SERVICOS LTDA,13007828001004,AVENIDA GONCALO  ROLLEMBERG LEITE,1721,,LUZIA,49045-280,GASOLINA,22/07/2025,"6,67",,R$ / litro,RAIZEN
NE,SE,ARACAJU,REDE DE POSTOS PRESIDENTE LTDA,32864795000172,AVENIDA COELHO E CAMPOS,1254,,SANTO ANTONIO,49060-000,GASOLINA,22/07/2025,"6,69",,R$ / litro,VIBRA
NE,SE,ARACAJU,LIDER COMERCIO DE COMBUSTIVEIS LTDA,15591357000169,PRACA DA BANDEIRA,171,,CENTRO,49055-090,GASOLINA,22/07/2025,"6,62",,R$ / litro,VIBRA
NE,SE,ARACAJU,POSTO ARIBE EIRELI,15083140000148,AVENIDA PROF JOSE O DE L NETO,150,,AMERICA,49080-480,GASOLINA,22/07/2025,"6,62",,R$ / litro,VIBRA
NE,SE,ARACAJU,LUBRIFICANTES E ACESSÓRIOS LTDA.,13257050000109,AVENIDA BEIRA MAR,6,,13 DE JULHO,49020-010,GASOLINA,22/07/2025,"6,62",,R$ / litro,VIBRA
NE,SE,ARACAJU,COMERCIAL MARIVAN LTDA,13179247000169,AVENIDA ADELIA FRANCO,2234,,LUZIA,49048-010,GASOLINA,22/07/2025,"6,62",,R$ / litro,VIBRA
NE,SE,ARACAJU,J. L. OLIVEIRA & BARROS LTDA,13113477000478,AVENIDA GENTIL TAVARES,381,CASA,GETULIO VARGAS,49055-670,GASOLINA,22/07/2025,"6,68",,R$ / litro,VIBRA
NE,SE,ARACAJU,POSTO CARMOPOLIS LTDA,13077342000151,AVENIDA JOAO RIBEIRO,680,,INDUSTRIAL,49065-310,GASOLINA,22/07/2025,"6,62",,R$ / litro,VIBRA
NE,SE,ARACAJU,KLEBER SANTOS BATISTA LTDA,13042882000108,AVENIDA DESEMBARGADOR MAYNARD,770,,CIRURGIA,49055-210,GASOLINA,22/07/2025,"6,62",,R$ / litro,BRANCA
NE,SE,ARACAJU,AMARAL & CIA LTDA,13008610000183,RUA MARIANO SALMERON,709,,SIQUEIRA CAMPOS,49075-370,GASOLINA,22/07/2025,"6,62",,R$ / litro,VIBRA
NE,SE,ARACAJU,GAMA E CIA LTDA,13007752000126,AVENIDA TANCREDO NEVES,2551,,DISTRITO INDUSTRIAL DE ARACAJU,49095-000,GASOLINA,22/07/2025,"6,62",,R$ / litro,VIBRA
NE,SE,ARACAJU,L. V. COMERCIO DE COMBUSTIVEIS LTDA,11433769000110,RUA SAO CRISTOVAO,1877,,GETULIO VARGAS,49055-620,GASOLINA,22/07/2025,"6,62",,R$ / litro,RAIZEN
NE,SE,ARACAJU,ALPHA COMERCIAL DE COMBUSTIVEIS LTDA,8297710000803,AVENIDA FRANCISCO PORTO,650,LOJA  BR MANIA DELICATESSE,SALGADO FILHO,49020-120,GASOLINA,22/07/2025,"6,69",,R$ / litro,VIBRA
NE,SE,ARACAJU,REDE DE POSTOS PRESIDENTE LTDA,32864795001063,RUA LARANJEIRAS,1781,,GETULIO VARGAS,49055-380,GASOLINA,22/07/2025,"6,69",,R$ / litro,VIBRA
NE,SE,ARACAJU,POSTO PIRANEMA LTDA,9258664000391,AVENIDA PREFEITO HERACLITO ROLLEMBERG,2760,,FAROLANDIA,49030-640,GASOLINA,22/07/2025,"6,69",,R$ / litro,VIBRA
NE,SE,ARACAJU,VASPETRO COMBUSTIVEL LTDA,4979182000145,AVENIDA BARAO DE MARUIM,552,,CENTRO,49010-340,GASOLINA,28/07/2025,"6,62",,R$ / litro,BRANCA
NE,SE,ARACAJU,GAMA E CIA LTDA,13007752000207,AVENIDA AUGUSTO FRANCO,2990,,PONTO NOVO,49047-040,GASOLINA,28/07/2025,"6,62",,R$ / litro,VIBRA
NE,SE,ARACAJU,TYRESOLES DE SERGIPE INDUSTRIA COMERCIO E SERVICOS LTDA,13007828001004,AVENIDA GONCALO  ROLLEMBERG LEITE,1721,,LUZIA,49045-280,GASOLINA,28/07/2025,"6,67",,R$ / litro,RAIZEN
NE,SE,ARACAJU,REDE DE POSTOS PRESIDENTE LTDA,32864795000172,AVENIDA COELHO E CAMPOS,1254,,SANTO ANTONIO,49060-000,GASOLINA,28/07/2025,"6,69",,R$ / litro,VIBRA
NE,SE,ARACAJU,LIDER COMERCIO DE COMBUSTIVEIS LTDA,15591357000169,PRACA DA BANDEIRA,171,,CENTRO,49055-090,GASOLINA,28/07/2025,"6,62",,R$ / litro,VIBRA
NE,SE,ARACAJU,POSTO ARIBE EIRELI,15083140000148,AVENIDA PROF JOSE O DE L NETO,150,,AMERICA,49080-480,GASOLINA,28/07/2025,"6,62",,R$ / litro,VIBRA
NE,SE,ARACAJU,LUBRIFICANTES E ACESSÓRIOS LTDA.,13257050000109,AVENIDA BEIRA MAR,6,,13 DE JULHO,49020-010,GASOLINA,28/07/2025,"6,62",,R$ / litro,VIBRA
NE,SE,ARACAJU,COMERCIAL MARIVAN LTDA,13179247000169,AVENIDA ADELIA FRANCO,2234,,LUZIA,49048-010,GASOLINA,28/07/2025,"6,62",,R$ / litro,VIBRA
NE,SE,ARACAJU,J. L. OLIVEIRA & BARROS LTDA,13113477000478,AVENIDA GENTIL TAVARES,381,CASA,GETULIO VARGAS,49055-670,GASOLINA,28/07/2025,"6,68",,R$ / litro,VIBRA
NE,SE,ARACAJU,POSTO CARMOPOLIS LTDA,13077342000151,AVENIDA JOAO RIBEIRO,680,,INDUSTRIAL,49065-310,GASOLINA,28/07/2025,"6,62",,R$ / litro,VIBRA
NE,SE,ARACAJU,KLEBER SANTOS BATISTA LTDA,13042882000108,AVENIDA DESEMBARGADOR MAYNARD,770,,CIRURGIA,49055-210,GASOLINA,28/07/2025,"6,62",,R$ / litro,BRANCA
NE,SE,ARACAJU,AMARAL & CIA LTDA,13008610000183,RUA MARIANO SALMERON,709,,SIQUEIRA CAMPOS,49075-370,GASOLINA,28/07/2025,"6,62",,R$ / litro,VIBRA
NE,SE,ARACAJU,GAMA E CIA LTDA,13007752000126,AVENIDA TANCREDO NEVES,2551,,DISTRITO INDUSTRIAL DE ARACAJU,49095-000,GASOLINA,28/07/2025,"6,62",,R$ / litro,VIBRA
NE,SE,ARACAJU,L. V. COMERCIO DE COMBUSTIVEIS LTDA,11433769000110,RUA SAO CRISTOVAO,1877,,GETULIO VARGAS,49055-620,GASOLINA,28/07/2025,"6,62",,R$ / litro,RAIZEN
NE,SE,ARACAJU,ALPHA COMERCIAL DE COMBUSTIVEIS LTDA,8297710000803,AVENIDA FRANCISCO PORTO,650,LOJA  BR MANIA DELICATESSE,SALGADO FILHO,49020-120,GASOLINA,28/07/2025,"6,69",,R$ / litro,VIBRA
NE,SE,ARACAJU,REDE DE POSTOS PRESIDENTE LTDA,32864795001063,RUA LARANJEIRAS,1781,,GETULIO VARGAS,49055-380,GASOLINA,28/07/2025,"6,69",,R$ / litro,VIBRA
NE,SE,ARACAJU,POSTO PIRANEMA LTDA,9258664000391,AVENIDA PREFEITO HERACLITO ROLLEMBERG,2760,,FAROLANDIA,49030-640,GASOLINA,28/07/2025,"6,69",,R$ / litro,VIBRA
NE,SE,ARACAJU,VASPETRO COMBUSTIVEL LTDA,4979182000145,AVENIDA BARAO DE MARUIM,552,,CENTRO,49010-340,GASOLINA,05/08/2025,"6,62",,R$ / litro,BRANCA
NE,SE,ARACAJU,GAMA E CIA LTDA,13007752000207,AVENIDA AUGUSTO FRANCO,2990,,PONTO NOVO,49047-040,GASOLINA,05/08/2025,"6,62",,R$ / litro,VIBRA
NE,SE,ARACAJU,TYRESOLES DE SERGIPE INDUSTRIA COMERCIO E SERVICOS LTDA,13007828001004,AVENIDA GONCALO  ROLLEMBERG LEITE,1721,,LUZIA,49045-280,GASOLINA,05/08/2025,"6,67",,R$ / litro,RAIZEN
NE,SE,ARACAJU,REDE DE POSTOS PRESIDENTE LTDA,32864795000172,AVENIDA COELHO E CAMPOS,1254,,SANTO ANTONIO,49060-000,GASOLINA,05/08/2025,"6,69",,R$ / litro,VIBRA
NE,SE,ARACAJU,LIDER COMERCIO DE COMBUSTIVEIS LTDA,15591357000169,PRACA DA BANDEIRA,171,,CENTRO,49055-090,GASOLINA,05/08/2025,"6,62",,R$ / litro,VIBRA
NE,SE,ARACAJU,POSTO ARIBE EIRELI,15083140000148,AVENIDA PROF JOSE O DE L NETO,150,,AMERICA,49080-480,GASOLINA,05/08/2025,"6,62",,R$ / litro,VIBRA
NE,SE,ARACAJU,LUBRIFICANTES E ACESSÓRIOS LTDA.,13257050000109,AVENIDA BEIRA MAR,6,,13 DE JULHO,49020-010,GASOLINA,05/08/2025,"6,62",,R$ / litro,VIBRA
NE,SE,ARACAJU,COMERCIAL MARIVAN LTDA,13179247000169,AVENIDA ADELIA FRANCO,2234,,LUZIA,49048-010,GASOLINA,05/08/2025,"6,62",,R$ / litro,VIBRA
NE,SE,ARACAJU,J. L. OLIVEIRA & BARROS LTDA,13113477000478,AVENIDA GENTIL TAVARES,381,CASA,GETULIO VARGAS,49055-670,GASOLINA,05/08/2025,"6,68",,R$ / litro,VIBRA
NE,SE,ARACAJU,POSTO CARMOPOLIS LTDA,13077342000151,AVENIDA JOAO RIBEIRO,680,,INDUSTRIAL,49065-310,GASOLINA,05/08/2025,"6,62",,R$ / litro,VIBRA
NE,SE,ARACAJU,KLEBER SANTOS BATISTA LTDA,13042882000108,AVENIDA DESEMBARGADOR MAYNARD,770,,CIRURGIA,49055-210,GASOLINA,05/08/2025,"6,62",,R$ / litro,BRANCA
NE,SE,ARACAJU,AMARAL & CIA LTDA,13008610000183,RUA MARIANO SALMERON,709,,SIQUEIRA CAMPOS,49075-370,GASOLINA,05/08/2025,"6,62",,R$ / litro,VIBRA
NE,SE,ARACAJU,GAMA E CIA LTDA,13007752000126,AVENIDA TANCREDO NEVES,2551,,DISTRITO INDUSTRIAL DE ARACAJU,49095-000,GASOLINA,05/08/2025,"6,62",,R$ / litro,VIBRA
NE,SE,ARACAJU,L. V. COMERCIO DE COMBUSTIVEIS LTDA,11433769000110,RUA SAO CRISTOVAO,1877,,GETULIO VARGAS,49055-620,GASOLINA,05/08/2025,"6,62",,R$ / litro,RAIZEN
NE,SE,ARACAJU,ALPHA COMERCIAL DE COMBUSTIVEIS LTDA,8297710000803,AVENIDA FRANCISCO PORTO,650,LOJA  BR MANIA DELICATESSE,SALGADO FILHO,49020-120,GASOLINA,05/08/2025,"6,69",,R$ / litro,VIBRA
NE,SE,ARACAJU,REDE DE POSTOS PRESIDENTE LTDA,32864795001063,RUA LARANJEIRAS,1781,,GETULIO VARGAS,49055-380,GASOLINA,05/08/2025,"6,69",,R$ / litro,VIBRA
NE,SE,ARACAJU,POSTO PIRANEMA LTDA,9258664000391,AVENIDA PREFEITO HERACLITO ROLLEMBERG,2760,,FAROLANDIA,49030-640,GASOLINA,05/08/2025,"6,69",,R$ / litro,VIBRA
NE,SE,ARACAJU,VASPETRO COMBUSTIVEL LTDA,4979182000145,AVENIDA BARAO DE MARUIM,552,,CENTRO,49010-340,GASOLINA,12/08/2025,"6,62",,R$ / litro,BRANCA
NE,SE,ARACAJU,GAMA E CIA LTDA,13007752000207,AVENIDA AUGUSTO FRANCO,2990,,PONTO NOVO,49047-040,GASOLINA,12/08/2025,"6,62",,R$ / litro,VIBRA
NE,SE,ARACAJU,TYRESOLES DE SERGIPE INDUSTRIA COMERCIO E SERVICOS LTDA,13007828001004,AVENIDA GONCALO  ROLLEMBERG LEITE,1721,,LUZIA,49045-280,GASOLINA,12/08/2025,"6,67",,R$ / litro,RAIZEN
NE,SE,ARACAJU,REDE DE POSTOS PRESIDENTE LTDA,32864795000172,AVENIDA COELHO E CAMPOS,1254,,SANTO ANTONIO,49060-000,GASOLINA,12/08/2025,"6,69",,R$ / litro,VIBRA
NE,SE,ARACAJU,LIDER COMERCIO DE COMBUSTIVEIS LTDA,15591357000169,PRACA DA BANDEIRA,171,,CENTRO,49055-090,GASOLINA,12/08/2025,"6,62",,R$ / litro,VIBRA
NE,SE,ARACAJU,POSTO ARIBE EIRELI,15083140000148,AVENIDA PROF JOSE O DE L NETO,150,,AMERICA,49080-480,GASOLINA,12/08/2025,"6,62",,R$ / litro,VIBRA
NE,SE,ARACAJU,LUBRIFICANTES E ACESSÓRIOS LTDA.,13257050000109,AVENIDA BEIRA MAR,6,,13 DE JULHO,49020-010,GASOLINA,12/08/2025,"6,62",,R$ / litro,VIBRA
NE,SE,ARACAJU,COMERCIAL MARIVAN LTDA,13179247000169,AVENIDA ADELIA FRANCO,2234,,LUZIA,49048-010,GASOLINA,12/08/2025,"6,62",,R$ / litro,VIBRA
NE,SE,ARACAJU,J. L. OLIVEIRA & BARROS LTDA,13113477000478,AVENIDA GENTIL TAVARES,381,CASA,GETULIO VARGAS,49055-670,GASOLINA,12/08/2025,"6,68",,R$ / litro,VIBRA
NE,SE,ARACAJU,POSTO CARMOPOLIS LTDA,13077342000151,AVENIDA JOAO RIBEIRO,680,,INDUSTRIAL,49065-310,GASOLINA,12/08/2025,"6,62",,R$ / litro,VIBRA
NE,SE,ARACAJU,KLEBER SANTOS BATISTA LTDA,13042882000108,AVENIDA DESEMBARGADOR MAYNARD,770,,CIRURGIA,49055-210,GASOLINA,12/08/2025,"6,62",,R$ / litro,BRANCA
NE,SE,ARACAJU,AMARAL & CIA LTDA,13008610000183,RUA MARIANO SALMERON,709,,SIQUEIRA CAMPOS,49075-370,GASOLINA,12/08/2025,"6,62",,R$ / litro,VIBRA
NE,SE,ARACAJU,GAMA E CIA LTDA,13007752000126,AVENIDA TANCREDO NEVES,2551,,DISTRITO INDUSTRIAL DE ARACAJU,49095-000,GASOLINA,12/08/2025,"6,62",,R$ / litro,VIBRA
NE,SE,ARACAJU,L. V. COMERCIO DE COMBUSTIVEIS LTDA,11433769000110,RUA SAO CRISTOVAO,1877,,GETULIO VARGAS,49055-620,GASOLINA,12/08/2025,"6,62",,R$ / litro,RAIZEN
NE,SE,ARACAJU,ALPHA COMERCIAL DE COMBUSTIVEIS LTDA,8297710000803,AVENIDA FRANCISCO PORTO,650,LOJA  BR MANIA DELICATESSE,SALGADO FILHO,49020-120,GASOLINA,12/08/2025,"6,69",,R$ / litro,VIBRA
NE,SE,ARACAJU,REDE DE POSTOS PRESIDENTE LTDA,32864795001063,RUA LARANJEIRAS,1781,,GETULIO VARGAS,49055-380,GASOLINA,12/08/2025,"6,69",,R$ / litro,VIBRA
NE,SE,ARACAJU,POSTO PIRANEMA LTDA,9258664000391,AVENIDA PREFEITO HERACLITO ROLLEMBERG,2760,,FAROLANDIA,49030-640,GASOLINA,12/08/2025,"6,69",,R$ / litro,VIBRA
NE,SE,ARACAJU,VASPETRO COMBUSTIVEL LTDA,4979182000145,AVENIDA BARAO DE MARUIM,552,,CENTRO,49010-340,GASOLINA,19/08/2025,"6,62",,R$ / litro,BRANCA
NE,SE,ARACAJU,GAMA E CIA LTDA,13007752000207,AVENIDA AUGUSTO FRANCO,2990,,PONTO NOVO,49047-040,GASOLINA,19/08/2025,"6,62",,R$ / litro,VIBRA
NE,SE,ARACAJU,TYRESOLES DE SERGIPE INDUSTRIA COMERCIO E SERVICOS LTDA,13007828001004,AVENIDA GONCALO  ROLLEMBERG LEITE,1721,,LUZIA,49045-280,GASOLINA,19/08/2025,"6,67",,R$ / litro,RAIZEN
NE,SE,ARACAJU,REDE DE POSTOS PRESIDENTE LTDA,32864795000172,AVENIDA COELHO E CAMPOS,1254,,SANTO ANTONIO,49060-000,GASOLINA,19/08/2025,"6,69",,R$ / litro,VIBRA
NE,SE,ARACAJU,LIDER COMERCIO DE COMBUSTIVEIS LTDA,15591357000169,PRACA DA BANDEIRA,171,,CENTRO,49055-090,GASOLINA,19/08/2025,"6,62",,R$ / litro,VIBRA
NE,SE,ARACAJU,POSTO ARIBE EIRELI,15083140000148,AVENIDA PROF JOSE O DE L NETO,150,,AMERICA,49080-480,GASOLINA,19/08/2025,"6,62",,R$ / litro,VIBRA
NE,SE,ARACAJU,LUBRIFICANTES E ACESSÓRIOS LTDA.,13257050000109,AVENIDA BEIRA MAR,6,,13 DE JULHO,49020-010,GASOLINA,19/08/2025,"6,62",,R$ / litro,VIBRA
NE,SE,ARACAJU,COMERCIAL MARIVAN LTDA,13179247000169,AVENIDA ADELIA FRANCO,2234,,LUZIA,49048-010,GASOLINA,19/08/2025,"6,62",,R$ / litro,VIBRA
NE,SE,ARACAJU,J. L. OLIVEIRA & BARROS LTDA,13113477000478,AVENIDA GENTIL TAVARES,381,CASA,GETULIO VARGAS,49055-670,GASOLINA,19/08/2025,"6,68",,R$ / litro,VIBRA
NE,SE,ARACAJU,POSTO CARMOPOLIS LTDA,13077342000151,AVENIDA JOAO RIBEIRO,680,,INDUSTRIAL,49065-310,GASOLINA,19/08/2025,"6,62",,R$ / litro,VIBRA
NE,SE,ARACAJU,KLEBER SANTOS BATISTA LTDA,13042882000108,AVENIDA DESEMBARGADOR MAYNARD,770,,CIRURGIA,49055-210,GASOLINA,19/08/2025,"6,62",,R$ / litro,BRANCA
NE,SE,ARACAJU,AMARAL & CIA LTDA,13008610000183,RUA MARIANO SALMERON,709,,SIQUEIRA CAMPOS,49075-370,GASOLINA,19/08/2025,"6,62",,R$ / litro,VIBRA
NE,SE,ARACAJU,GAMA E CIA LTDA,13007752000126,AVENIDA TANCREDO NEVES,2551,,DISTRITO INDUSTRIAL DE ARACAJU,49095-000,GASOLINA,19/08/2025,"6,62",,R$ / litro,VIBRA
NE,SE,ARACAJU,L. V. COMERCIO DE COMBUSTIVEIS LTDA,11433769000110,RUA SAO CRISTOVAO,1877,,GETULIO VARGAS,49055-620,GASOLINA,19/08/2025,"6,62",,R$ / litro,RAIZEN
NE,SE,ARACAJU,ALPHA COMERCIAL DE COMBUSTIVEIS LTDA,8297710000803,AVENIDA FRANCISCO PORTO,650,LOJA  BR MANIA DELICATESSE,SALGADO FILHO,49020-120,GASOLINA,19/08/2025,"6,69",,R$ / litro,VIBRA
NE,SE,ARACAJU,REDE DE POSTOS PRESIDENTE LTDA,32864795001063,RUA LARANJEIRAS,1781,,GETULIO VARGAS,49055-380,GASOLINA,19/08/2025,"6,69",,R$ / litro,VIBRA
NE,SE,ARACAJU,POSTO PIRANEMA LTDA,9258664000391,AVENIDA PREFEITO HERACLITO ROLLEMBERG,2760,,FAROLANDIA,49030-640,GASOLINA,19/08/2025,"6,69",,R$ / litro,VIBRA
NE,SE,ARACAJU,VASPETRO COMBUSTIVEL LTDA,4979182000145,AVENIDA BARAO DE MARUIM,552,,CENTRO,49010-340,GASOLINA,27/08/2025,"6,62",,R$ / litro,BRANCA
NE,SE,ARACAJU,GAMA E CIA LTDA,13007752000207,AVENIDA AUGUSTO FRANCO,2990,,PONTO NOVO,49047-040,GASOLINA,27/08/2025,"6,62",,R$ / litro,VIBRA
NE,SE,ARACAJU,TYRESOLES DE SERGIPE INDUSTRIA COMERCIO E SERVICOS LTDA,13007828001004,AVENIDA GONCALO  ROLLEMBERG LEITE,1721,,LUZIA,49045-280,GASOLINA,27/08/2025,"6,67",,R$ / litro,RAIZEN
NE,SE,ARACAJU,LIDER COMERCIO DE COMBUSTIVEIS LTDA,15591357000169,PRACA DA BANDEIRA,171,,CENTRO,49055-090,GASOLINA,27/08/2025,"6,62",,R$ / litro,VIBRA
NE,SE,ARACAJU,POSTO ARIBE EIRELI,15083140000148,AVENIDA PROF JOSE O DE L NETO,150,,AMERICA,49080-480,GASOLINA,27/08/2025,"6,62",,R$ / litro,VIBRA
NE,SE,ARACAJU,LUBRIFICANTES E ACESSÓRIOS LTDA.,13257050000109,AVENIDA BEIRA MAR,6,,13 DE JULHO,49020-010,GASOLINA,27/08/2025,"6,62",,R$ / litro,VIBRA
NE,SE,ARACAJU,COMERCIAL MARIVAN LTDA,13179247000169,AVENIDA ADELIA FRANCO,2234,,LUZIA,49048-010,GASOLINA,27/08/2025,"6,62",,R$ / litro,VIBRA
NE,SE,ARACAJU,J. L. OLIVEIRA & BARROS LTDA,13113477000478,AVENIDA GENTIL TAVARES,381,CASA,GETULIO VARGAS,49055-670,GASOLINA,27/08/2025,"6,68",,R$ / litro,VIBRA
NE,SE,ARACAJU,POSTO CARMOPOLIS LTDA,13077342000151,AVENIDA JOAO RIBEIRO,680,,INDUSTRIAL,49065-310,GASOLINA,27/08/2025,"6,62",,R$ / litro,VIBRA
NE,SE,ARACAJU,KLEBER SANTOS BATISTA LTDA,13042882000108,AVENIDA DESEMBARGADOR MAYNARD,770,,CIRURGIA,49055-210,GASOLINA,27/08/2025,"6,62",,R$ / litro,BRANCA
NE,SE,ARACAJU,AMARAL & CIA LTDA,13008610000183,RUA MARIANO SALMERON,709,,SIQUEIRA CAMPOS,49075-370,GASOLINA,27/08/2025,"6,62",,R$ / litro,VIBRA
NE,SE,ARACAJU,GAMA E CIA LTDA,13007752000126,AVENIDA TANCREDO NEVES,2551,,DISTRITO INDUSTRIAL DE ARACAJU,49095-000,GASOLINA,27/08/2025,"6,62",,R$ / litro,VIBRA
NE,SE,ARACAJU,L. V. COMERCIO DE COMBUSTIVEIS LTDA,11433769000110,RUA SAO CRISTOVAO,1877,,GETULIO VARGAS,49055-620,GASOLINA,27/08/2025,"6,62",,R$ / litro,RAIZEN
NE,SE,ARACAJU,ALPHA COMERCIAL DE COMBUSTIVEIS LTDA,8297710000803,AVENIDA FRANCISCO PORTO,650,LOJA  BR MANIA DELICATESSE,SALGADO FILHO,49020-120,GASOLINA,27/08/2025,"6,69",,R$ / litro,VIBRA
NE,SE,ARACAJU,REDE DE POSTOS PRESIDENTE LTDA,32864795001063,RUA LARANJEIRAS,1781,,GETULIO VARGAS,49055-380,GASOLINA,27/08/2025,"6,69",,R$ / litro,VIBRA
NE,SE,ARACAJU,POSTO PIRANEMA LTDA,9258664000391,AVENIDA PREFEITO HERACLITO ROLLEMBERG,2760,,FAROLANDIA,49030-640,GASOLINA,27/08/2025,"6,69",,R$ / litro,VIBRA
NE,SE,ARACAJU,VASPETRO COMBUSTIVEL LTDA,4979182000145,AVENIDA BARAO DE MARUIM,552,,CENTRO,49010-340,GASOLINA,02/09/2025,"6,62",,R$ / litro,BRANCA
NE,SE,ARACAJU,GAMA E CIA LTDA,13007752000207,AVENIDA AUGUSTO FRANCO,2990,,PONTO NOVO,49047-040,GASOLINA,02/09/2025,"6,62",,R$ / litro,VIBRA
NE,SE,ARACAJU,TYRESOLES DE SERGIPE INDUSTRIA COMERCIO E SERVICOS LTDA,13007828001004,AVENIDA GONCALO  ROLLEMBERG LEITE,1721,,LUZIA,49045-280,GASOLINA,02/09/2025,"6,67",,R$ / litro,RAIZEN
NE,SE,ARACAJU,REDE DE POSTOS PRESIDENTE LTDA,32864795000172,AVENIDA COELHO E CAMPOS,1254,,SANTO ANTONIO,49060-000,GASOLINA,02/09/2025,"6,69",,R$ / litro,VIBRA
NE,SE,ARACAJU,LIDER COMERCIO DE COMBUSTIVEIS LTDA,15591357000169,PRACA DA BANDEIRA,171,,CENTRO,49055-090,GASOLINA,02/09/2025,"6,62",,R$ / litro,VIBRA
NE,SE,ARACAJU,POSTO ARIBE EIRELI,15083140000148,AVENIDA PROF JOSE O DE L NETO,150,,AMERICA,49080-480,GASOLINA,02/09/2025,"6,62",,R$ / litro,VIBRA
NE,SE,ARACAJU,LUBRIFICANTES E ACESSÓRIOS LTDA.,13257050000109,AVENIDA BEIRA MAR,6,,13 DE JULHO,49020-010,GASOLINA,02/09/2025,"6,62",,R$ / litro,VIBRA
NE,SE,ARACAJU,COMERCIAL MARIVAN LTDA,13179247000169,AVENIDA ADELIA FRANCO,2234,,LUZIA,49048-010,GASOLINA,02/09/2025,"6,62",,R$ / litro,VIBRA
NE,SE,ARACAJU,J. L. OLIVEIRA & BARROS LTDA,13113477000478,AVENIDA GENTIL TAVARES,381,CASA,GETULIO VARGAS,49055-670,GASOLINA,02/09/2025,"6,68",,R$ / litro,VIBRA
NE,SE,ARACAJU,POSTO CARMOPOLIS LTDA,13077342000151,AVENIDA JOAO RIBEIRO,680,,INDUSTRIAL,49065-310,GASOLINA,02/09/2025,"6,62",,R$ / litro,VIBRA
NE,SE,ARACAJU,KLEBER SANTOS BATISTA LTDA,13042882000108,AVENIDA DESEMBARGADOR MAYNARD,770,,CIRURGIA,49055-210,GASOLINA,02/09/2025,"6,62",,R$ / litro,BRANCA
NE,SE,ARACAJU,AMARAL & CIA LTDA,13008610000183,RUA MARIANO SALMERON,709,,SIQUEIRA CAMPOS,49075-370,GASOLINA,02/09/2025,"6,62",,R$ / litro,VIBRA
NE,SE,ARACAJU,GAMA E CIA LTDA,13007752000126,AVENIDA TANCREDO NEVES,2551,,DISTRITO INDUSTRIAL DE ARACAJU,49095-000,GASOLINA,02/09/2025,"6,62",,R$ / litro,VIBRA
NE,SE,ARACAJU,L. V. COMERCIO DE COMBUSTIVEIS LTDA,11433769000110,RUA SAO CRISTOVAO,1877,,GETULIO VARGAS,49055-620,GASOLINA,02/09/2025,"6,62",,R$ / litro,RAIZEN
NE,SE,ARACAJU,ALPHA COMERCIAL DE COMBUSTIVEIS LTDA,8297710000803,AVENIDA FRANCISCO PORTO,650,LOJA  BR MANIA DELICATESSE,SALGADO FILHO,49020-120,GASOLINA,02/09/2025,"6,69",,R$ / litro,VIBRA
NE,SE,ARACAJU,REDE DE POSTOS PRESIDENTE LTDA,32864795001063,RUA LARANJEIRAS,1781,,GETULIO VARGAS,49055-380,GASOLINA,02/09/2025,"6,69",,R$ / litro,VIBRA
NE,SE,ARACAJU,POSTO PIRANEMA LTDA,9258664000391,AVENIDA PREFEITO HERACLITO ROLLEMBERG,2760,,FAROLANDIA,49030-640,GASOLINA,02/09/2025,"6,69",,R$ / litro,VIBRA
NE,SE,ARACAJU,VASPETRO COMBUSTIVEL LTDA,4979182000145,AVENIDA BARAO DE MARUIM,552,,CENTRO,49010-340,GASOLINA,09/09/2025,"6,62",,R$ / litro,BRANCA
NE,SE,ARACAJU,GAMA E CIA LTDA,13007752000207,AVENIDA AUGUSTO FRANCO,2990,,PONTO NOVO,49047-040,GASOLINA,09/09/2025,"6,62",,R$ / litro,VIBRA
NE,SE,ARACAJU,TYRESOLES DE SERGIPE INDUSTRIA COMERCIO E SERVICOS LTDA,13007828001004,AVENIDA GONCALO  ROLLEMBERG LEITE,1721,,LUZIA,49045-280,GASOLINA,09/09/2025,"6,67",,R$ / litro,RAIZEN
NE,SE,ARACAJU,REDE DE POSTOS PRESIDENTE LTDA,32864795000172,AVENIDA COELHO E CAMPOS,1254,,SANTO ANTONIO,49060-000,GASOLINA,09/09/2025,"6,69",,R$ / litro,VIBRA
NE,SE,ARACAJU,LIDER COMERCIO DE COMBUSTIVEIS LTDA,15591357000169,PRACA DA BANDEIRA,171,,CENTRO,49055-090,GASOLINA,09/09/2025,"6,62",,R$ / litro,VIBRA
NE,SE,ARACAJU,POSTO ARIBE EIRELI,15083140000148,AVENIDA PROF JOSE O DE L NETO,150,,AMERICA,49080-480,GASOLINA,09/09/2025,"6,62",,R$ / litro,VIBRA
NE,SE,ARACAJU,LUBRIFICANTES E ACESSÓRIOS LTDA.,13257050000109,AVENIDA BEIRA MAR,6,,13 DE JULHO,49020-010,GASOLINA,09/09/2025,"6,62",,R$ / litro,VIBRA
NE,SE,ARACAJU,COMERCIAL MARIVAN LTDA,13179247000169,AVENIDA ADELIA FRANCO,2234,,LUZIA,49048-010,GASOLINA,09/09/2025,"6,62",,R$ / litro,VIBRA
NE,SE,ARACAJU,J. L. OLIVEIRA & BARROS LTDA,13113477000478,AVENIDA GENTIL TAVARES,381,CASA,GETULIO VARGAS,49055-670,GASOLINA,09/09/2025,"6,68",,R$ / litro,VIBRA
NE,SE,ARACAJU,POSTO CARMOPOLIS LTDA,13077342000151,AVENIDA JOAO RIBEIRO,680,,INDUSTRIAL,49065-310,GASOLINA,09/09/2025,"6,62",,R$ / litro,VIBRA
NE,SE,ARACAJU,KLEBER SANTOS BATISTA LTDA,13042882000108,AVENIDA DESEMBARGADOR MAYNARD,770,,CIRURGIA,49055-210,GASOLINA,09/09/2025,"6,62",,R$ / litro,BRANCA
NE,SE,ARACAJU,AMARAL & CIA LTDA,13008610000183,RUA MARIANO SALMERON,709,,SIQUEIRA CAMPOS,49075-370,GASOLINA,09/09/2025,"6,62",,R$ / litro,VIBRA
NE,SE,ARACAJU,GAMA E CIA LTDA,13007752000126,AVENIDA TANCREDO NEVES,2551,,DISTRITO INDUSTRIAL DE ARACAJU,49095-000,GASOLINA,09/09/2025,"6,62",,R$ / litro,VIBRA
NE,SE,ARACAJU,L. V. COMERCIO DE COMBUSTIVEIS LTDA,11433769000110,RUA SAO CRISTOVAO,1877,,GETULIO VARGAS,49055-620,GASOLINA,09/09/2025,"6,62",,R$ / litro,RAIZEN
NE,SE,ARACAJU,ALPHA COMERCIAL DE COMBUSTIVEIS LTDA,8297710000803,AVENIDA FRANCISCO PORTO,650,LOJA  BR MANIA DELICATESSE,SALGADO FILHO,49020-120,GASOLINA,09/09/2025,"6,69",,R$ / litro,VIBRA
NE,SE,ARACAJU,REDE DE POSTOS PRESIDENTE LTDA,32864795001063,RUA LARANJEIRAS,1781,,GETULIO VARGAS,49055-380,GASOLINA,09/09/2025,"6,69",,R$ / litro,VIBRA
NE,SE,ARACAJU,POSTO PIRANEMA LTDA,9258664000391,AVENIDA PREFEITO HERACLITO ROLLEMBERG,2760,,FAROLANDIA,49030-640,GASOLINA,09/09/2025,"6,69",,R$ / litro,VIBRA
NE,SE,ARACAJU,GAMA E CIA LTDA,13007752000207,AVENIDA AUGUSTO FRANCO,2990,,PONTO NOVO,49047-040,GASOLINA,16/09/2025,"6,62",,R$ / litro,VIBRA
NE,SE,ARACAJU,TYRESOLES DE SERGIPE INDUSTRIA COMERCIO E SERVICOS LTDA,13007828001004,AVENIDA GONCALO  ROLLEMBERG LEITE,1721,,LUZIA,49045-280,GASOLINA,16/09/2025,"6,67",,R$ / litro,RAIZEN
NE,SE,ARACAJU,COMERCIAL MARIVAN LTDA,13179247000169,AVENIDA ADELIA FRANCO,2234,,LUZIA,49048-010,GASOLINA,16/09/2025,"6,62",,R$ / litro,VIBRA
NE,SE,ARACAJU,GAMA E CIA LTDA,13007752000126,AVENIDA TANCREDO NEVES,2551,,DISTRITO INDUSTRIAL DE ARACAJU,49095-000,GASOLINA,16/09/2025,"6,62",,R$ / litro,VIBRA
NE,SE,ARACAJU,ALPHA COMERCIAL DE COMBUSTIVEIS LTDA,8297710000803,AVENIDA FRANCISCO PORTO,650,LOJA  BR MANIA DELICATESSE,SALGADO FILHO,49020-120,GASOLINA,16/09/2025,"6,69",,R$ / litro,VIBRA
NE,SE,ARACAJU,POSTO PIRANEMA LTDA,9258664000391,AVENIDA PREFEITO HERACLITO ROLLEMBERG,2760,,FAROLANDIA,49030-640,GASOLINA,16/09/2025,"6,69",,R$ / litro,VIBRA
NE,SE,ARACAJU,VASPETRO COMBUSTIVEL LTDA,4979182000145,AVENIDA BARAO DE MARUIM,552,,CENTRO,49010-340,GASOLINA,17/09/2025,"6,62",,R$ / litro,BRANCA
NE,SE,ARACAJU,REDE DE POSTOS PRESIDENTE LTDA,32864795000172,AVENIDA COELHO E CAMPOS,1254,,SANTO ANTONIO,49060-000,GASOLINA,17/09/2025,"6,69",,R$ / litro,VIBRA
NE,SE,ARACAJU,LIDER COMERCIO DE COMBUSTIVEIS LTDA,15591357000169,PRACA DA BANDEIRA,171,,CENTRO,49055-090,GASOLINA,17/09/2025,"6,62",,R$ / litro,VIBRA
NE,SE,ARACAJU,POSTO ARIBE EIRELI,15083140000148,AVENIDA PROF JOSE O DE L NETO,150,,AMERICA,49080-480,GASOLINA,17/09/2025,"6,62",,R$ / litro,VIBRA
NE,SE,ARACAJU,LUBRIFICANTES E ACESSÓRIOS LTDA.,13257050000109,AVENIDA BEIRA MAR,6,,13 DE JULHO,49020-010,GASOLINA,17/09/2025,"6,62",,R$ / litro,VIBRA
NE,SE,ARACAJU,J. L. OLIVEIRA & BARROS LTDA,13113477000478,AVENIDA GENTIL TAVARES,381,CASA,GETULIO VARGAS,49055-670,GASOLINA,17/09/2025,"6,68",,R$ / litro,VIBRA
NE,SE,ARACAJU,POSTO CARMOPOLIS LTDA,13077342000151,AVENIDA JOAO RIBEIRO,680,,INDUSTRIAL,49065-310,GASOLINA,17/09/2025,"6,62",,R$ / litro,VIBRA
NE,SE,ARACAJU,KLEBER SANTOS BATISTA LTDA,13042882000108,AVENIDA DESEMBARGADOR MAYNARD,770,,CIRURGIA,49055-210,GASOLINA,17/09/2025,"6,62",,R$ / litro,BRANCA
NE,SE,ARACAJU,AMARAL & CIA LTDA,13008610000183,RUA MARIANO SALMERON,709,,SIQUEIRA CAMPOS,49075-370,GASOLINA,17/09/2025,"6,62",,R$ / litro,VIBRA
NE,SE,ARACAJU,L. V. COMERCIO DE COMBUSTIVEIS LTDA,11433769000110,RUA SAO CRISTOVAO,1877,,GETULIO VARGAS,49055-620,GASOLINA,17/09/2025,"6,69",,R$ / litro,RAIZEN
NE,SE,ARACAJU,REDE DE POSTOS PRESIDENTE LTDA,32864795001063,RUA LARANJEIRAS,1781,,GETULIO VARGAS,49055-380,GASOLINA,17/09/2025,"6,69",,R$ / litro,VIBRA
NE,SE,ARACAJU,VASPETRO COMBUSTIVEL LTDA,4979182000145,AVENIDA BARAO DE MARUIM,552,,CENTRO,49010-340,GASOLINA,22/09/2025,"6,62",,R$ / litro,BRANCA
NE,SE,ARACAJU,GAMA E CIA LTDA,13007752000207,AVENIDA AUGUSTO FRANCO,2990,,PONTO NOVO,49047-040,GASOLINA,22/09/2025,"6,62",,R$ / litro,VIBRA
NE,SE,ARACAJU,TYRESOLES DE SERGIPE INDUSTRIA COMERCIO E SERVICOS LTDA,13007828001004,AVENIDA GONCALO  ROLLEMBERG LEITE,1721,,LUZIA,49045-280,GASOLINA,22/09/2025,"6,67",,R$ / litro,RAIZEN
NE,SE,ARACAJU,REDE DE POSTOS PRESIDENTE LTDA,32864795000172,AVENIDA COELHO E CAMPOS,1254,,SANTO ANTONIO,49060-000,GASOLINA,22/09/2025,"6,69",,R$ / litro,VIBRA
NE,SE,ARACAJU,LIDER COMERCIO DE COMBUSTIVEIS LTDA,15591357000169,PRACA DA BANDEIRA,171,,CENTRO,49055-090,GASOLINA,22/09/2025,"6,62",,R$ / litro,VIBRA
NE,SE,ARACAJU,POSTO ARIBE EIRELI,15083140000148,AVENIDA PROF JOSE O DE L NETO,150,,AMERICA,49080-480,GASOLINA,22/09/2025,"6,62",,R$ / litro,VIBRA
NE,SE,ARACAJU,LUBRIFICANTES E ACESSÓRIOS LTDA.,13257050000109,AVENIDA BEIRA MAR,6,,13 DE JULHO,49020-010,GASOLINA,22/09/2025,"6,62",,R$ / litro,VIBRA
NE,SE,ARACAJU,COMERCIAL MARIVAN LTDA,13179247000169,AVENIDA ADELIA FRANCO,2234,,LUZIA,49048-010,GASOLINA,22/09/2025,"6,62",,R$ / litro,VIBRA
NE,SE,ARACAJU,J. L. OLIVEIRA & BARROS LTDA,13113477000478,AVENIDA GENTIL TAVARES,381,CASA,GETULIO VARGAS,49055-670,GASOLINA,22/09/2025,"6,68",,R$ / litro,VIBRA
NE,SE,ARACAJU,POSTO CARMOPOLIS LTDA,13077342000151,AVENIDA JOAO RIBEIRO,680,,INDUSTRIAL,49065-310,GASOLINA,22/09/2025,"6,62",,R$ / litro,VIBRA
NE,SE,ARACAJU,KLEBER SANTOS BATISTA LTDA,13042882000108,AVENIDA DESEMBARGADOR MAYNARD,770,,CIRURGIA,49055-210,GASOLINA,22/09/2025,"6,62",,R$ / litro,BRANCA
NE,SE,ARACAJU,AMARAL & CIA LTDA,13008610000183,RUA MARIANO SALMERON,709,,SIQUEIRA CAMPOS,49075-370,GASOLINA,22/09/2025,"6,62",,R$ / litro,VIBRA
NE,SE,ARACAJU,GAMA E CIA LTDA,13007752000126,AVENIDA TANCREDO NEVES,2551,,DISTRITO INDUSTRIAL DE ARACAJU,49095-000,GASOLINA,22/09/2025,"6,62",,R$ / litro,VIBRA
NE,SE,ARACAJU,L. V. COMERCIO DE COMBUSTIVEIS LTDA,11433769000110,RUA SAO CRISTOVAO,1877,,GETULIO VARGAS,49055-620,GASOLINA,22/09/2025,"6,69",,R$ / litro,RAIZEN
NE,SE,ARACAJU,ALPHA COMERCIAL DE COMBUSTIVEIS LTDA,8297710000803,AVENIDA FRANCISCO PORTO,650,LOJA  BR MANIA DELICATESSE,SALGADO FILHO,49020-120,GASOLINA,22/09/2025,"6,69",,R$ / litro,VIBRA
NE,SE,ARACAJU,REDE DE POSTOS PRESIDENTE LTDA,32864795001063,RUA LARANJEIRAS,1781,,GETULIO VARGAS,49055-380,GASOLINA,22/09/2025,"6,69",,R$ / litro,VIBRA
NE,SE,ARACAJU,POSTO PIRANEMA LTDA,9258664000391,AVENIDA PREFEITO HERACLITO ROLLEMBERG,2760,,FAROLANDIA,49030-640,GASOLINA,22/09/2025,"6,69",,R$ / litro,VIBRA
NE,SE,ARACAJU,VASPETRO COMBUSTIVEL LTDA,4979182000145,AVENIDA BARAO DE MARUIM,552,,CENTRO,49010-340,GASOLINA,30/09/2025,"6,62",,R$ / litro,BRANCA
NE,SE,ARACAJU,GAMA E CIA LTDA,13007752000207,AVENIDA AUGUSTO FRANCO,2990,,PONTO NOVO,49047-040,GASOLINA,30/09/2025,"6,62",,R$ / litro,VIBRA
NE,SE,ARACAJU,TYRESOLES DE SERGIPE INDUSTRIA COMERCIO E SERVICOS LTDA,13007828001004,AVENIDA GONCALO  ROLLEMBERG LEITE,1721,,LUZIA,49045-280,GASOLINA,30/09/2025,"6,67",,R$ / litro,RAIZEN
NE,SE,ARACAJU,REDE DE POSTOS PRESIDENTE LTDA,32864795000172,AVENIDA COELHO E CAMPOS,1254,,SANTO ANTONIO,49060-000,GASOLINA,30/09/2025,"6,69",,R$ / litro,VIBRA
NE,SE,ARACAJU,LIDER COMERCIO DE COMBUSTIVEIS LTDA,15591357000169,PRACA DA BANDEIRA,171,,CENTRO,49055-090,GASOLINA,30/09/2025,"6,62",,R$ / litro,VIBRA
NE,SE,ARACAJU,POSTO ARIBE EIRELI,15083140000148,AVENIDA PROF JOSE O DE L NETO,150,,AMERICA,49080-480,GASOLINA,30/09/2025,"6,62",,R$ / litro,VIBRA
NE,SE,ARACAJU,LUBRIFICANTES E ACESSÓRIOS LTDA.,13257050000109,AVENIDA BEIRA MAR,6,,13 DE JULHO,49020-010,GASOLINA,30/09/2025,"6,62",,R$ / litro,VIBRA
NE,SE,ARACAJU,COMERCIAL MARIVAN LTDA,13179247000169,AVENIDA ADELIA FRANCO,2234,,LUZIA,49048-010,GASOLINA,30/09/2025,"6,62",,R$ / litro,VIBRA
NE,SE,ARACAJU,J. L. OLIVEIRA & BARROS LTDA,13113477000478,AVENIDA GENTIL TAVARES,381,CASA,GETULIO VARGAS,49055-670,GASOLINA,30/09/2025,"6,68",,R$ / litro,VIBRA
NE,SE,ARACAJU,POSTO CARMOPOLIS LTDA,13077342000151,AVENIDA JOAO RIBEIRO,680,,INDUSTRIAL,49065-310,GASOLINA,30/09/2025,"6,62",,R$ / litro,VIBRA
NE,SE,ARACAJU,KLEBER SANTOS BATISTA LTDA,13042882000108,AVENIDA DESEMBARGADOR MAYNARD,770,,CIRURGIA,49055-210,GASOLINA,30/09/2025,"6,62",,R$ / litro,BRANCA
NE,SE,ARACAJU,AMARAL & CIA LTDA,13008610000183,RUA MARIANO SALMERON,709,,SIQUEIRA CAMPOS,49075-370,GASOLINA,30/09/2025,"6,62",,R$ / litro,VIBRA
NE,SE,ARACAJU,GAMA E CIA LTDA,13007752000126,AVENIDA TANCREDO NEVES,2551,,DISTRITO INDUSTRIAL DE ARACAJU,49095-000,GASOLINA,30/09/2025,"6,62",,R$ / litro,VIBRA
NE,SE,ARACAJU,L. V. COMERCIO DE COMBUSTIVEIS LTDA,11433769000110,RUA SAO CRISTOVAO,1877,,GETULIO VARGAS,49055-620,GASOLINA,30/09/2025,"6,69",,R$ / litro,RAIZEN
NE,SE,ARACAJU,ALPHA COMERCIAL DE COMBUSTIVEIS LTDA,8297710000803,AVENIDA FRANCISCO PORTO,650,LOJA  BR MANIA DELICATESSE,SALGADO FILHO,49020-120,GASOLINA,30/09/2025,"6,69",,R$ / litro,VIBRA
NE,SE,ARACAJU,REDE DE POSTOS PRESIDENTE LTDA,32864795001063,RUA LARANJEIRAS,1781,,GETULIO VARGAS,49055-380,GASOLINA,30/09/2025,"6,69",,R$ / litro,VIBRA
NE,SE,ARACAJU,POSTO PIRANEMA LTDA,9258664000391,AVENIDA PREFEITO HERACLITO ROLLEMBERG,2760,,FAROLANDIA,49030-640,GASOLINA,30/09/2025,"6,69",,R$ / litro,VIBRA
NE,SE,ARACAJU,VASPETRO COMBUSTIVEL LTDA,4979182000145,AVENIDA BARAO DE MARUIM,552,,CENTRO,49010-340,GASOLINA,06/10/2025,"6,62",,R$ / litro,BRANCA
NE,SE,ARACAJU,GAMA E CIA LTDA,13007752000207,AVENIDA AUGUSTO FRANCO,2990,,PONTO NOVO,49047-040,GASOLINA,06/10/2025,"6,62",,R$ / litro,VIBRA
NE,SE,ARACAJU,TYRESOLES DE SERGIPE INDUSTRIA COMERCIO E SERVICOS LTDA,13007828001004,AVENIDA GONCALO  ROLLEMBERG LEITE,1721,,LUZIA,49045-280,GASOLINA,06/10/2025,"6,67",,R$ / litro,RAIZEN
NE,SE,ARACAJU,REDE DE POSTOS PRESIDENTE LTDA,32864795000172,AVENIDA COELHO E CAMPOS,1254,,SANTO ANTONIO,49060-000,GASOLINA,06/10/2025,"6,69",,R$ / litro,VIBRA
NE,SE,ARACAJU,LIDER COMERCIO DE COMBUSTIVEIS LTDA,15591357000169,PRACA DA BANDEIRA,171,,CENTRO,49055-090,GASOLINA,06/10/2025,"6,62",,R$ / litro,VIBRA
NE,SE,ARACAJU,POSTO ARIBE EIRELI,15083140000148,AVENIDA PROF JOSE O DE L NETO,150,,AMERICA,49080-480,GASOLINA,06/10/2025,"6,62",,R$ / litro,VIBRA
NE,SE,ARACAJU,LUBRIFICANTES E ACESSÓRIOS LTDA.,13257050000109,AVENIDA BEIRA MAR,6,,13 DE JULHO,49020-010,GASOLINA,06/10/2025,"6,62",,R$ / litro,VIBRA
NE,SE,ARACAJU,COMERCIAL MARIVAN LTDA,13179247000169,AVENIDA ADELIA FRANCO,2234,,LUZIA,49048-010,GASOLINA,06/10/2025,"6,62",,R$ / litro,VIBRA
NE,SE,ARACAJU,J. L. OLIVEIRA & BARROS LTDA,13113477000478,AVENIDA GENTIL TAVARES,381,CASA,GETULIO VARGAS,49055-670,GASOLINA,06/10/2025,"6,68",,R$ / litro,VIBRA
NE,SE,ARACAJU,POSTO CARMOPOLIS LTDA,13077342000151,AVENIDA JOAO RIBEIRO,680,,INDUSTRIAL,49065-310,GASOLINA,06/10/2025,"6,62",,R$ / litro,VIBRA
NE,SE,ARACAJU,KLEBER SANTOS BATISTA LTDA,13042882000108,AVENIDA DESEMBARGADOR MAYNARD,770,,CIRURGIA,49055-210,GASOLINA,06/10/2025,"6,62",,R$ / litro,BRANCA
NE,SE,ARACAJU,AMARAL & CIA LTDA,13008610000183,RUA MARIANO SALMERON,709,,SIQUEIRA CAMPOS,49075-370,GASOLINA,06/10/2025,"6,62",,R$ / litro,VIBRA
NE,SE,ARACAJU,GAMA E CIA LTDA,13007752000126,AVENIDA TANCREDO NEVES,2551,,DISTRITO INDUSTRIAL DE ARACAJU,49095-000,GASOLINA,06/10/2025,"6,62",,R$ / litro,VIBRA
NE,SE,ARACAJU,L. V. COMERCIO DE COMBUSTIVEIS LTDA,11433769000110,RUA SAO CRISTOVAO,1877,,GETULIO VARGAS,49055-620,GASOLINA,06/10/2025,"6,69",,R$ / litro,RAIZEN
NE,SE,ARACAJU,ALPHA COMERCIAL DE COMBUSTIVEIS LTDA,8297710000803,AVENIDA FRANCISCO PORTO,650,LOJA  BR MANIA DELICATESSE,SALGADO FILHO,49020-120,GASOLINA,06/10/2025,"6,69",,R$ / litro,VIBRA
NE,SE,ARACAJU,REDE DE POSTOS PRESIDENTE LTDA,32864795001063,RUA LARANJEIRAS,1781,,GETULIO VARGAS,49055-380,GASOLINA,06/10/2025,"6,69",,R$ / litro,VIBRA
NE,SE,ARACAJU,POSTO PIRANEMA LTDA,9258664000391,AVENIDA PREFEITO HERACLITO ROLLEMBERG,2760,,FAROLANDIA,49030-640,GASOLINA,06/10/2025,"6,69",,R$ / litro,VIBRA
NE,SE,ARACAJU,VASPETRO COMBUSTIVEL LTDA,4979182000145,AVENIDA BARAO DE MARUIM,552,,CENTRO,49010-340,GASOLINA,13/10/2025,"6,62",,R$ / litro,BRANCA
NE,SE,ARACAJU,GAMA E CIA LTDA,13007752000207,AVENIDA AUGUSTO FRANCO,2990,,PONTO NOVO,49047-040,GASOLINA,13/10/2025,"6,62",,R$ / litro,VIBRA
NE,SE,ARACAJU,TYRESOLES DE SERGIPE INDUSTRIA COMERCIO E SERVICOS LTDA,13007828001004,AVENIDA GONCALO  ROLLEMBERG LEITE,1721,,LUZIA,49045-280,GASOLINA,13/10/2025,"6,67",,R$ / litro,RAIZEN
NE,SE,ARACAJU,REDE DE POSTOS PRESIDENTE LTDA,32864795000172,AVENIDA COELHO E CAMPOS,1254,,SANTO ANTONIO,49060-000,GASOLINA,13/10/2025,"6,69",,R$ / litro,VIBRA
NE,SE,ARACAJU,LIDER COMERCIO DE COMBUSTIVEIS LTDA,15591357000169,PRACA DA BANDEIRA,171,,CENTRO,49055-090,GASOLINA,13/10/2025,"6,62",,R$ / litro,VIBRA
NE,SE,ARACAJU,POSTO ARIBE EIRELI,15083140000148,AVENIDA PROF JOSE O DE L NETO,150,,AMERICA,49080-480,GASOLINA,13/10/2025,"6,62",,R$ / litro,VIBRA
NE,SE,ARACAJU,LUBRIFICANTES E ACESSÓRIOS LTDA.,13257050000109,AVENIDA BEIRA MAR,6,,13 DE JULHO,49020-010,GASOLINA,13/10/2025,"6,62",,R$ / litro,VIBRA
NE,SE,ARACAJU,COMERCIAL MARIVAN LTDA,13179247000169,AVENIDA ADELIA FRANCO,2234,,LUZIA,49048-010,GASOLINA,13/10/2025,"6,62",,R$ / litro,VIBRA
NE,SE,ARACAJU,J. L. OLIVEIRA & BARROS LTDA,13113477000478,AVENIDA GENTIL TAVARES,381,CASA,GETULIO VARGAS,49055-670,GASOLINA,13/10/2025,"6,68",,R$ / litro,VIBRA
NE,SE,ARACAJU,POSTO CARMOPOLIS LTDA,13077342000151,AVENIDA JOAO RIBEIRO,680,,INDUSTRIAL,49065-310,GASOLINA,13/10/2025,"6,62",,R$ / litro,VIBRA
NE,SE,ARACAJU,KLEBER SANTOS BATISTA LTDA,13042882000108,AVENIDA DESEMBARGADOR MAYNARD,770,,CIRURGIA,49055-210,GASOLINA,13/10/2025,"6,62",,R$ / litro,BRANCA
NE,SE,ARACAJU,AMARAL & CIA LTDA,13008610000183,RUA MARIANO SALMERON,709,,SIQUEIRA CAMPOS,49075-370,GASOLINA,13/10/2025,"6,62",,R$ / litro,VIBRA
NE,SE,ARACAJU,GAMA E CIA LTDA,13007752000126,AVENIDA TANCREDO NEVES,2551,,DISTRITO INDUSTRIAL DE ARACAJU,49095-000,GASOLINA,13/10/2025,"6,62",,R$ / litro,VIBRA
NE,SE,ARACAJU,L. V. COMERCIO DE COMBUSTIVEIS LTDA,11433769000110,RUA SAO CRISTOVAO,1877,,GETULIO VARGAS,49055-620,GASOLINA,13/10/2025,"6,69",,R$ / litro,RAIZEN
NE,SE,ARACAJU,ALPHA COMERCIAL DE COMBUSTIVEIS LTDA,8297710000803,AVENIDA FRANCISCO PORTO,650,LOJA  BR MANIA DELICATESSE,SALGADO FILHO,49020-120,GASOLINA,13/10/2025,"6,69",,R$ / litro,VIBRA
NE,SE,ARACAJU,REDE DE POSTOS PRESIDENTE LTDA,32864795001063,RUA LARANJEIRAS,1781,,GETULIO VARGAS,49055-380,GASOLINA,13/10/2025,"6,69",,R$ / litro,VIBRA
NE,SE,ARACAJU,POSTO PIRANEMA LTDA,9258664000391,AVENIDA PREFEITO HERACLITO ROLLEMBERG,2760,,FAROLANDIA,49030-640,GASOLINA,13/10/2025,"6,69",,R$ / litro,VIBRA
NE,SE,ARACAJU,VASPETRO COMBUSTIVEL LTDA,4979182000145,AVENIDA BARAO DE MARUIM,552,,CENTRO,49010-340,GASOLINA,20/10/2025,"6,62",,R$ / litro,BRANCA
NE,SE,ARACAJU,GAMA E CIA LTDA,13007752000207,AVENIDA AUGUSTO FRANCO,2990,,PONTO NOVO,49047-040,GASOLINA,20/10/2025,"6,62",,R$ / litro,VIBRA
NE,SE,ARACAJU,TYRESOLES DE SERGIPE INDUSTRIA COMERCIO E SERVICOS LTDA,13007828001004,AVENIDA GONCALO  ROLLEMBERG LEITE,1721,,LUZIA,49045-280,GASOLINA,20/10/2025,"6,67",,R$ / litro,RAIZEN
NE,SE,ARACAJU,LIDER COMERCIO DE COMBUSTIVEIS LTDA,15591357000169,PRACA DA BANDEIRA,171,,CENTRO,49055-090,GASOLINA,20/10/2025,"6,62",,R$ / litro,VIBRA
NE,SE,ARACAJU,POSTO ARIBE EIRELI,15083140000148,AVENIDA PROF JOSE O DE L NETO,150,,AMERICA,49080-480,GASOLINA,20/10/2025,"6,62",,R$ / litro,VIBRA
NE,SE,ARACAJU,LUBRIFICANTES E ACESSÓRIOS LTDA.,13257050000109,AVENIDA BEIRA MAR,6,,13 DE JULHO,49020-010,GASOLINA,20/10/2025,"6,62",,R$ / litro,VIBRA
NE,SE,ARACAJU,COMERCIAL MARIVAN LTDA,13179247000169,AVENIDA ADELIA FRANCO,2234,,LUZIA,49048-010,GASOLINA,20/10/2025,"6,62",,R$ / litro,VIBRA
NE,SE,ARACAJU,J. L. OLIVEIRA & BARROS LTDA,13113477000478,AVENIDA GENTIL TAVARES,381,CASA,GETULIO VARGAS,49055-670,GASOLINA,20/10/2025,"6,68",,R$ / litro,VIBRA
NE,SE,ARACAJU,POSTO CARMOPOLIS LTDA,13077342000151,AVENIDA JOAO RIBEIRO,680,,INDUSTRIAL,49065-310,GASOLINA,20/10/2025,"6,62",,R$ / litro,VIBRA
NE,SE,ARACAJU,KLEBER SANTOS BATISTA LTDA,13042882000108,AVENIDA DESEMBARGADOR MAYNARD,770,,CIRURGIA,49055-210,GASOLINA,20/10/2025,"6,62",,R$ / litro,BRANCA
NE,SE,ARACAJU,AMARAL & CIA LTDA,13008610000183,RUA MARIANO SALMERON,709,,SIQUEIRA CAMPOS,49075-370,GASOLINA,20/10/2025,"6,62",,R$ / litro,VIBRA
NE,SE,ARACAJU,GAMA E CIA LTDA,13007752000126,AVENIDA TANCREDO NEVES,2551,,DISTRITO INDUSTRIAL DE ARACAJU,49095-000,GASOLINA,20/10/2025,"6,62",,R$ / litro,VIBRA
NE,SE,ARACAJU,L. V. COMERCIO DE COMBUSTIVEIS LTDA,11433769000110,RUA SAO CRISTOVAO,1877,,GETULIO VARGAS,49055-620,GASOLINA,20/10/2025,"6,69",,R$ / litro,RAIZEN
NE,SE,ARACAJU,ALPHA COMERCIAL DE COMBUSTIVEIS LTDA,8297710000803,AVENIDA FRANCISCO PORTO,650,LOJA  BR MANIA DELICATESSE,SALGADO FILHO,49020-120,GASOLINA,20/10/2025,"6,69",,R$ / litro,VIBRA
NE,SE,ARACAJU,REDE DE POSTOS PRESIDENTE LTDA,32864795001063,RUA LARANJEIRAS,1781,,GETULIO VARGAS,49055-380,GASOLINA,20/10/2025,"6,69",,R$ / litro,VIBRA
NE,SE,ARACAJU,POSTO PIRANEMA LTDA,9258664000391,AVENIDA PREFEITO HERACLITO ROLLEMBERG,2760,,FAROLANDIA,49030-640,GASOLINA,20/10/2025,"6,69",,R$ / litro,VIBRA
NE,SE,ARACAJU,GAMA E CIA LTDA,13007752000207,AVENIDA AUGUSTO FRANCO,2990,,PONTO NOVO,49047-040,GASOLINA,28/10/2025,"6,52",,R$ / litro,VIBRA
NE,SE,ARACAJU,TYRESOLES DE SERGIPE INDUSTRIA COMERCIO E SERVICOS LTDA,13007828001004,AVENIDA GONCALO  ROLLEMBERG LEITE,1721,,LUZIA,49045-280,GASOLINA,28/10/2025,"6,57",,R$ / litro,RAIZEN
NE,SE,ARACAJU,REDE DE POSTOS PRESIDENTE LTDA,32864795000172,AVENIDA COELHO E CAMPOS,1254,,SANTO ANTONIO,49060-000,GASOLINA,28/10/2025,"6,59",,R$ / litro,VIBRA
NE,SE,ARACAJU,POSTO ARIBE EIRELI,15083140000148,AVENIDA PROF JOSE O DE L NETO,150,,AMERICA,49080-480,GASOLINA,28/10/2025,"6,52",,R$ / litro,VIBRA
NE,SE,ARACAJU,COMERCIAL MARIVAN LTDA,13179247000169,AVENIDA ADELIA FRANCO,2234,,LUZIA,49048-010,GASOLINA,28/10/2025,"6,52",,R$ / litro,VIBRA
NE,SE,ARACAJU,J. L. OLIVEIRA & BARROS LTDA,13113477000478,AVENIDA GENTIL TAVARES,381,CASA,GETULIO VARGAS,49055-670,GASOLINA,28/10/2025,"6,58",,R$ / litro,VIBRA
NE,SE,ARACAJU,POSTO CARMOPOLIS LTDA,13077342000151,AVENIDA JOAO RIBEIRO,680,,INDUSTRIAL,49065-310,GASOLINA,28/10/2025,"6,52",,R$ / litro,VIBRA
NE,SE,ARACAJU,KLEBER SANTOS BATISTA LTDA,13042882000108,AVENIDA DESEMBARGADOR MAYNARD,770,,CIRURGIA,49055-210,GASOLINA,28/10/2025,"6,52",,R$ / litro,BRANCA
NE,SE,ARACAJU,AMARAL & CIA LTDA,13008610000183,RUA MARIANO SALMERON,709,,SIQUEIRA CAMPOS,49075-370,GASOLINA,28/10/2025,"6,52",,R$ / litro,VIBRA
NE,SE,ARACAJU,GAMA E CIA LTDA,13007752000126,AVENIDA TANCREDO NEVES,2551,,DISTRITO INDUSTRIAL DE ARACAJU,49095-000,GASOLINA,28/10/2025,"6,52",,R$ / litro,VIBRA
NE,SE,ARACAJU,L. V. COMERCIO DE COMBUSTIVEIS LTDA,11433769000110,RUA SAO CRISTOVAO,1877,,GETULIO VARGAS,49055-620,GASOLINA,28/10/2025,"6,59",,R$ / litro,RAIZEN
NE,SE,ARACAJU,ALPHA COMERCIAL DE COMBUSTIVEIS LTDA,8297710000803,AVENIDA FRANCISCO PORTO,650,LOJA  BR MANIA DELICATESSE,SALGADO FILHO,49020-120,GASOLINA,28/10/2025,"6,59",,R$ / litro,VIBRA
NE,SE,ARACAJU,REDE DE POSTOS PRESIDENTE LTDA,32864795001063,RUA LARANJEIRAS,1781,,GETULIO VARGAS,49055-380,GASOLINA,28/10/2025,"6,59",,R$ / litro,VIBRA
NE,SE,ARACAJU,POSTO PIRANEMA LTDA,9258664000391,AVENIDA PREFEITO HERACLITO ROLLEMBERG,2760,,FAROLANDIA,49030-640,GASOLINA,28/10/2025,"6,59",,R$ / litro,VIBRA
NE,SE,ARACAJU,VASPETRO COMBUSTIVEL LTDA,4979182000145,AVENIDA BARAO DE MARUIM,552,,CENTRO,49010-340,GASOLINA,29/10/2025,"6,52",,R$ / litro,BRANCA
NE,SE,ARACAJU,LIDER COMERCIO DE COMBUSTIVEIS LTDA,15591357000169,PRACA DA BANDEIRA,171,,CENTRO,49055-090,GASOLINA,29/10/2025,"6,52",,R$ / litro,VIBRA
NE,SE,ARACAJU,LUBRIFICANTES E ACESSÓRIOS LTDA.,13257050000109,AVENIDA BEIRA MAR,6,,13 DE JULHO,49020-010,GASOLINA,29/10/2025,"6,52",,R$ / litro,VIBRA
NE,SE,ARACAJU,GAMA E CIA LTDA,13007752000207,AVENIDA AUGUSTO FRANCO,2990,,PONTO NOVO,49047-040,GASOLINA,04/11/2025,"6,52",,R$ / litro,VIBRA
NE,SE,ARACAJU,TYRESOLES DE SERGIPE INDUSTRIA COMERCIO E SERVICOS LTDA,13007828001004,AVENIDA GONCALO  ROLLEMBERG LEITE,1721,,LUZIA,49045-280,GASOLINA,04/11/2025,"6,57",,R$ / litro,RAIZEN
NE,SE,ARACAJU,REDE DE POSTOS PRESIDENTE LTDA,32864795000172,AVENIDA COELHO E CAMPOS,1254,,SANTO ANTONIO,49060-000,GASOLINA,04/11/2025,"6,59",,R$ / litro,VIBRA
NE,SE,ARACAJU,POSTO ARIBE EIRELI,15083140000148,AVENIDA PROF JOSE O DE L NETO,150,,AMERICA,49080-480,GASOLINA,04/11/2025,"6,52",,R$ / litro,VIBRA
NE,SE,ARACAJU,COMERCIAL MARIVAN LTDA,13179247000169,AVENIDA ADELIA FRANCO,2234,,LUZIA,49048-010,GASOLINA,04/11/2025,"6,52",,R$ / litro,VIBRA
NE,SE,ARACAJU,J. L. OLIVEIRA & BARROS LTDA,13113477000478,AVENIDA GENTIL TAVARES,381,CASA,GETULIO VARGAS,49055-670,GASOLINA,04/11/2025,"6,58",,R$ / litro,VIBRA
NE,SE,ARACAJU,KLEBER SANTOS BATISTA LTDA,13042882000108,AVENIDA DESEMBARGADOR MAYNARD,770,,CIRURGIA,49055-210,GASOLINA,04/11/2025,"6,52",,R$ / litro,BRANCA
NE,SE,ARACAJU,AMARAL & CIA LTDA,13008610000183,RUA MARIANO SALMERON,709,,SIQUEIRA CAMPOS,49075-370,GASOLINA,04/11/2025,"6,52",,R$ / litro,VIBRA
NE,SE,ARACAJU,GAMA E CIA LTDA,13007752000126,AVENIDA TANCREDO NEVES,2551,,DISTRITO INDUSTRIAL DE ARACAJU,49095-000,GASOLINA,04/11/2025,"6,52",,R$ / litro,VIBRA
NE,SE,ARACAJU,L. V. COMERCIO DE COMBUSTIVEIS LTDA,11433769000110,RUA SAO CRISTOVAO,1877,,GETULIO VARGAS,49055-620,GASOLINA,04/11/2025,"6,59",,R$ / litro,RAIZEN
NE,SE,ARACAJU,ALPHA COMERCIAL DE COMBUSTIVEIS LTDA,8297710000803,AVENIDA FRANCISCO PORTO,650,LOJA  BR MANIA DELICATESSE,SALGADO FILHO,49020-120,GASOLINA,04/11/2025,"6,59",,R$ / litro,VIBRA
NE,SE,ARACAJU,REDE DE POSTOS PRESIDENTE LTDA,32864795001063,RUA LARANJEIRAS,1781,,GETULIO VARGAS,49055-380,GASOLINA,04/11/2025,"6,59",,R$ / litro,VIBRA
NE,SE,ARACAJU,POSTO PIRANEMA LTDA,9258664000391,AVENIDA PREFEITO HERACLITO ROLLEMBERG,2760,,FAROLANDIA,49030-640,GASOLINA,04/11/2025,"6,59",,R$ / litro,VIBRA
NE,SE,ARACAJU,VASPETRO COMBUSTIVEL LTDA,4979182000145,AVENIDA BARAO DE MARUIM,552,,CENTRO,49010-340,GASOLINA,05/11/2025,"6,52",,R$ / litro,BRANCA
NE,SE,ARACAJU,LIDER COMERCIO DE COMBUSTIVEIS LTDA,15591357000169,PRACA DA BANDEIRA,171,,CENTRO,49055-090,GASOLINA,05/11/2025,"6,52",,R$ / litro,VIBRA
NE,SE,ARACAJU,LUBRIFICANTES E ACESSÓRIOS LTDA.,13257050000109,AVENIDA BEIRA MAR,6,,13 DE JULHO,49020-010,GASOLINA,05/11/2025,"6,52",,R$ / litro,VIBRA
NE,SE,ARACAJU,POSTO CARMOPOLIS LTDA,13077342000151,AVENIDA JOAO RIBEIRO,680,,INDUSTRIAL,49065-310,GASOLINA,05/11/2025,"6,52",,R$ / litro,BRANCA
NE,SE,ARACAJU,VASPETRO COMBUSTIVEL LTDA,4979182000145,AVENIDA BARAO DE MARUIM,552,,CENTRO,49010-340,GASOLINA,11/11/2025,"6,52",,R$ / litro,BRANCA
NE,SE,ARACAJU,GAMA E CIA LTDA,13007752000207,AVENIDA AUGUSTO FRANCO,2990,,PONTO NOVO,49047-040,GASOLINA,11/11/2025,"6,52",,R$ / litro,VIBRA
NE,SE,ARACAJU,TYRESOLES DE SERGIPE INDUSTRIA COMERCIO E SERVICOS LTDA,13007828001004,AVENIDA GONCALO  ROLLEMBERG LEITE,1721,,LUZIA,49045-280,GASOLINA,11/11/2025,"6,57",,R$ / litro,RAIZEN
NE,SE,ARACAJU,REDE DE POSTOS PRESIDENTE LTDA,32864795000172,AVENIDA COELHO E CAMPOS,1254,,SANTO ANTONIO,49060-000,GASOLINA,11/11/2025,"6,59",,R$ / litro,VIBRA
NE,SE,ARACAJU,LIDER COMERCIO DE COMBUSTIVEIS LTDA,15591357000169,PRACA DA BANDEIRA,171,,CENTRO,49055-090,GASOLINA,11/11/2025,"6,52",,R$ / litro,VIBRA
NE,SE,ARACAJU,POSTO ARIBE EIRELI,15083140000148,AVENIDA PROF JOSE O DE L NETO,150,,AMERICA,49080-480,GASOLINA,11/11/2025,"6,52",,R$ / litro,VIBRA
NE,SE,ARACAJU,LUBRIFICANTES E ACESSÓRIOS LTDA.,13257050000109,AVENIDA BEIRA MAR,6,,13 DE JULHO,49020-010,GASOLINA,11/11/2025,"6,52",,R$ / litro,VIBRA
NE,SE,ARACAJU,COMERCIAL MARIVAN LTDA,13179247000169,AVENIDA ADELIA FRANCO,2234,,LUZIA,49048-010,GASOLINA,11/11/2025,"6,52",,R$ / litro,VIBRA
NE,SE,ARACAJU,J. L. OLIVEIRA & BARROS LTDA,13113477000478,AVENIDA GENTIL TAVARES,381,CASA,GETULIO VARGAS,49055-670,GASOLINA,11/11/2025,"6,58",,R$ / litro,VIBRA
NE,SE,ARACAJU,POSTO CARMOPOLIS LTDA,13077342000151,AVENIDA JOAO RIBEIRO,680,,INDUSTRIAL,49065-310,GASOLINA,11/11/2025,"6,52",,R$ / litro,BRANCA
NE,SE,ARACAJU,KLEBER SANTOS BATISTA LTDA,13042882000108,AVENIDA DESEMBARGADOR MAYNARD,770,,CIRURGIA,49055-210,GASOLINA,11/11/2025,"6,52",,R$ / litro,BRANCA
NE,SE,ARACAJU,AMARAL & CIA LTDA,13008610000183,RUA MARIANO SALMERON,709,,SIQUEIRA CAMPOS,49075-370,GASOLINA,11/11/2025,"6,52",,R$ / litro,VIBRA
NE,SE,ARACAJU,GAMA E CIA LTDA,13007752000126,AVENIDA TANCREDO NEVES,2551,,DISTRITO INDUSTRIAL DE ARACAJU,49095-000,GASOLINA,11/11/2025,"6,52",,R$ / litro,VIBRA
NE,SE,ARACAJU,L. V. COMERCIO DE COMBUSTIVEIS LTDA,11433769000110,RUA SAO CRISTOVAO,1877,,GETULIO VARGAS,49055-620,GASOLINA,11/11/2025,"6,59",,R$ / litro,RAIZEN
NE,SE,ARACAJU,ALPHA COMERCIAL DE COMBUSTIVEIS LTDA,8297710000803,AVENIDA FRANCISCO PORTO,650,LOJA  BR MANIA DELICATESSE,SALGADO FILHO,49020-120,GASOLINA,11/11/2025,"6,59",,R$ / litro,VIBRA
NE,SE,ARACAJU,REDE DE POSTOS PRESIDENTE LTDA,32864795001063,RUA LARANJEIRAS,1781,,GETULIO VARGAS,49055-380,GASOLINA,11/11/2025,"6,59",,R$ / litro,VIBRA
NE,SE,ARACAJU,POSTO PIRANEMA LTDA,9258664000391,AVENIDA PREFEITO HERACLITO ROLLEMBERG,2760,,FAROLANDIA,49030-640,GASOLINA,11/11/2025,"6,59",,R$ / litro,VIBRA
NE,SE,ARACAJU,VASPETRO COMBUSTIVEL LTDA,4979182000145,AVENIDA BARAO DE MARUIM,552,,CENTRO,49010-340,GASOLINA,18/11/2025,"6,52",,R$ / litro,BRANCA
NE,SE,ARACAJU,GAMA E CIA LTDA,13007752000207,AVENIDA AUGUSTO FRANCO,2990,,PONTO NOVO,49047-040,GASOLINA,18/11/2025,"6,52",,R$ / litro,VIBRA
NE,SE,ARACAJU,TYRESOLES DE SERGIPE INDUSTRIA COMERCIO E SERVICOS LTDA,13007828001004,AVENIDA GONCALO  ROLLEMBERG LEITE,1721,,LUZIA,49045-280,GASOLINA,18/11/2025,"6,57",,R$ / litro,RAIZEN
NE,SE,ARACAJU,REDE DE POSTOS PRESIDENTE LTDA,32864795000172,AVENIDA COELHO E CAMPOS,1254,,SANTO ANTONIO,49060-000,GASOLINA,18/11/2025,"6,59",,R$ / litro,VIBRA
NE,SE,ARACAJU,LIDER COMERCIO DE COMBUSTIVEIS LTDA,15591357000169,PRACA DA BANDEIRA,171,,CENTRO,49055-090,GASOLINA,18/11/2025,"6,52",,R$ / litro,VIBRA
NE,SE,ARACAJU,POSTO ARIBE EIRELI,15083140000148,AVENIDA PROF JOSE O DE L NETO,150,,AMERICA,49080-480,GASOLINA,18/11/2025,"6,52",,R$ / litro,VIBRA
NE,SE,ARACAJU,LUBRIFICANTES E ACESSÓRIOS LTDA.,13257050000109,AVENIDA BEIRA MAR,6,,13 DE JULHO,49020-010,GASOLINA,18/11/2025,"6,52",,R$ / litro,VIBRA
NE,SE,ARACAJU,COMERCIAL MARIVAN LTDA,13179247000169,AVENIDA ADELIA FRANCO,2234,,LUZIA,49048-010,GASOLINA,18/11/2025,"6,52",,R$ / litro,VIBRA
NE,SE,ARACAJU,J. L. OLIVEIRA & BARROS LTDA,13113477000478,AVENIDA GENTIL TAVARES,381,CASA,GETULIO VARGAS,49055-670,GASOLINA,18/11/2025,"6,58",,R$ / litro,VIBRA
NE,SE,ARACAJU,POSTO CARMOPOLIS LTDA,13077342000151,AVENIDA JOAO RIBEIRO,680,,INDUSTRIAL,49065-310,GASOLINA,18/11/2025,"6,52",,R$ / litro,BRANCA
NE,SE,ARACAJU,KLEBER SANTOS BATISTA LTDA,13042882000108,AVENIDA DESEMBARGADOR MAYNARD,770,,CIRURGIA,49055-210,GASOLINA,18/11/2025,"6,52",,R$ / litro,BRANCA
NE,SE,ARACAJU,AMARAL & CIA LTDA,13008610000183,RUA MARIANO SALMERON,709,,SIQUEIRA CAMPOS,49075-370,GASOLINA,18/11/2025,"6,52",,R$ / litro,VIBRA
NE,SE,ARACAJU,GAMA E CIA LTDA,13007752000126,AVENIDA TANCREDO NEVES,2551,,DISTRITO INDUSTRIAL DE ARACAJU,49095-000,GASOLINA,18/11/2025,"6,52",,R$ / litro,VIBRA
NE,SE,ARACAJU,L. V. COMERCIO DE COMBUSTIVEIS LTDA,11433769000110,RUA SAO CRISTOVAO,1877,,GETULIO VARGAS,49055-620,GASOLINA,18/11/2025,"6,59",,R$ / litro,RAIZEN
NE,SE,ARACAJU,ALPHA COMERCIAL DE COMBUSTIVEIS LTDA,8297710000803,AVENIDA FRANCISCO PORTO,650,LOJA  BR MANIA DELICATESSE,SALGADO FILHO,49020-120,GASOLINA,18/11/2025,"6,59",,R$ / litro,VIBRA
NE,SE,ARACAJU,REDE DE POSTOS PRESIDENTE LTDA,32864795001063,RUA LARANJEIRAS,1781,,GETULIO VARGAS,49055-380,GASOLINA,18/11/2025,"6,59",,R$ / litro,VIBRA
NE,SE,ARACAJU,POSTO PIRANEMA LTDA,9258664000391,AVENIDA PREFEITO HERACLITO ROLLEMBERG,2760,,FAROLANDIA,49030-640,GASOLINA,18/11/2025,"6,59",,R$ / litro,VIBRA
NE,SE,ARACAJU,VASPETRO COMBUSTIVEL LTDA,4979182000145,AVENIDA BARAO DE MARUIM,552,,CENTRO,49010-340,GASOLINA,25/11/2025,"6,52",,R$ / litro,BRANCA
NE,SE,ARACAJU,GAMA E CIA LTDA,13007752000207,AVENIDA AUGUSTO FRANCO,2990,,PONTO NOVO,49047-040,GASOLINA,25/11/2025,"6,52",,R$ / litro,VIBRA
NE,SE,ARACAJU,TYRESOLES DE SERGIPE INDUSTRIA COMERCIO E SERVICOS LTDA,13007828001004,AVENIDA GONCALO  ROLLEMBERG LEITE,1721,,LUZIA,49045-280,GASOLINA,25/11/2025,"6,57",,R$ / litro,RAIZEN
NE,SE,ARACAJU,REDE DE POSTOS PRESIDENTE LTDA,32864795000172,AVENIDA COELHO E CAMPOS,1254,,SANTO ANTONIO,49060-000,GASOLINA,25/11/2025,"6,59",,R$ / litro,VIBRA
NE,SE,ARACAJU,LIDER COMERCIO DE COMBUSTIVEIS LTDA,15591357000169,PRACA DA BANDEIRA,171,,CENTRO,49055-090,GASOLINA,25/11/2025,"6,52",,R$ / litro,VIBRA
NE,SE,ARACAJU,POSTO ARIBE EIRELI,15083140000148,AVENIDA PROF JOSE O DE L NETO,150,,AMERICA,49080-480,GASOLINA,25/11/2025,"6,52",,R$ / litro,VIBRA
NE,SE,ARACAJU,LUBRIFICANTES E ACESSÓRIOS LTDA.,13257050000109,AVENIDA BEIRA MAR,6,,13 DE JULHO,49020-010,GASOLINA,25/11/2025,"6,52",,R$ / litro,VIBRA
NE,SE,ARACAJU,COMERCIAL MARIVAN LTDA,13179247000169,AVENIDA ADELIA FRANCO,2234,,LUZIA,49048-010,GASOLINA,25/11/2025,"6,52",,R$ / litro,VIBRA
NE,SE,ARACAJU,J. L. OLIVEIRA & BARROS LTDA,13113477000478,AVENIDA GENTIL TAVARES,381,CASA,GETULIO VARGAS,49055-670,GASOLINA,25/11/2025,"6,58",,R$ / litro,VIBRA
NE,SE,ARACAJU,POSTO CARMOPOLIS LTDA,13077342000151,AVENIDA JOAO RIBEIRO,680,,INDUSTRIAL,49065-310,GASOLINA,25/11/2025,"6,52",,R$ / litro,BRANCA
NE,SE,ARACAJU,KLEBER SANTOS BATISTA LTDA,13042882000108,AVENIDA DESEMBARGADOR MAYNARD,770,,CIRURGIA,49055-210,GASOLINA,25/11/2025,"6,52",,R$ / litro,BRANCA
NE,SE,ARACAJU,AMARAL & CIA LTDA,13008610000183,RUA MARIANO SALMERON,709,,SIQUEIRA CAMPOS,49075-370,GASOLINA,25/11/2025,"6,52",,R$ / litro,VIBRA
NE,SE,ARACAJU,GAMA E CIA LTDA,13007752000126,AVENIDA TANCREDO NEVES,2551,,DISTRITO INDUSTRIAL DE ARACAJU,49095-000,GASOLINA,25/11/2025,"6,52",,R$ / litro,VIBRA
NE,SE,ARACAJU,L. V. COMERCIO DE COMBUSTIVEIS LTDA,11433769000110,RUA SAO CRISTOVAO,1877,,GETULIO VARGAS,49055-620,GASOLINA,25/11/2025,"6,59",,R$ / litro,RAIZEN
NE,SE,ARACAJU,ALPHA COMERCIAL DE COMBUSTIVEIS LTDA,8297710000803,AVENIDA FRANCISCO PORTO,650,LOJA  BR MANIA DELICATESSE,SALGADO FILHO,49020-120,GASOLINA,25/11/2025,"6,59",,R$ / litro,VIBRA
NE,SE,ARACAJU,REDE DE POSTOS PRESIDENTE LTDA,32864795001063,RUA LARANJEIRAS,1781,,GETULIO VARGAS,49055-380,GASOLINA,25/11/2025,"6,59",,R$ / litro,VIBRA
NE,SE,ARACAJU,POSTO PIRANEMA LTDA,9258664000391,AVENIDA PREFEITO HERACLITO ROLLEMBERG,2760,,FAROLANDIA,49030-640,GASOLINA,25/11/2025,"6,59",,R$ / litro,VIBRA
NE,SE,ARACAJU,J. L. OLIVEIRA & BARROS LTDA,13113477000478,AVENIDA GENTIL TAVARES,381,CASA,GETULIO VARGAS,49055-670,GASOLINA,01/12/2025,"6,58",,R$ / litro,VIBRA
NE,SE,ARACAJU,POSTO ARIBE EIRELI,15083140000148,AVENIDA PROF JOSE O DE L NETO,150,,AMERICA,49080-480,GASOLINA,02/12/2025,"6,52",,R$ / litro,VIBRA
NE,SE,ARACAJU,POSTO CARMOPOLIS LTDA,13077342000151,AVENIDA JOAO RIBEIRO,680,,INDUSTRIAL,49065-310,GASOLINA,02/12/2025,"6,52",,R$ / litro,BRANCA
NE,SE,ARACAJU,AMARAL & CIA LTDA,13008610000183,RUA MARIANO SALMERON,709,,SIQUEIRA CAMPOS,49075-370,GASOLINA,02/12/2025,"6,52",,R$ / litro,VIBRA
NE,SE,ARACAJU,ALPHA COMERCIAL DE COMBUSTIVEIS LTDA,8297710000803,AVENIDA FRANCISCO PORTO,650,LOJA  BR MANIA DELICATESSE,SALGADO FILHO,49020-120,GASOLINA,02/12/2025,"6,59",,R$ / litro,VIBRA
NE,SE,ARACAJU,J. L. OLIVEIRA & BARROS LTDA,13113477000478,AVENIDA GENTIL TAVARES,381,CASA,GETULIO VARGAS,49055-670,GASOLINA,08/12/2025,"6,58",,R$ / litro,VIBRA
NE,SE,ARACAJU,KLEBER SANTOS BATISTA LTDA,13042882000108,AVENIDA DESEMBARGADOR MAYNARD,770,,CIRURGIA,49055-210,GASOLINA,08/12/2025,"6,52",,R$ / litro,BRANCA
NE,SE,ARACAJU,L. V. COMERCIO DE COMBUSTIVEIS LTDA,11433769000110,RUA SAO CRISTOVAO,1877,,GETULIO VARGAS,49055-620,GASOLINA,08/12/2025,"6,59",,R$ / litro,RAIZEN
NE,SE,ARACAJU,REDE DE POSTOS PRESIDENTE LTDA,32864795001063,RUA LARANJEIRAS,1781,,GETULIO VARGAS,49055-380,GASOLINA,08/12/2025,"6,59",,R$ / litro,VIBRA
NE,SE,ARACAJU,LIDER COMERCIO DE COMBUSTIVEIS LTDA,15591357000169,PRACA DA BANDEIRA,171,,CENTRO,49055-090,GASOLINA,09/12/2025,"6,52",,R$ / litro,VIBRA
NE,SE,ARACAJU,POSTO ARIBE EIRELI,15083140000148,AVENIDA PROF JOSE O DE L NETO,150,,AMERICA,49080-480,GASOLINA,09/12/2025,"6,52",,R$ / litro,VIBRA
NE,SE,ARACAJU,POSTO CARMOPOLIS LTDA,13077342000151,AVENIDA JOAO RIBEIRO,680,,INDUSTRIAL,49065-310,GASOLINA,09/12/2025,"6,52",,R$ / litro,BRANCA
NE,SE,ARACAJU,AMARAL & CIA LTDA,13008610000183,RUA MARIANO SALMERON,709,,SIQUEIRA CAMPOS,49075-370,GASOLINA,09/12/2025,"6,52",,R$ / litro,VIBRA
NE,SE,ARACAJU,ALPHA COMERCIAL DE COMBUSTIVEIS LTDA,8297710000803,AVENIDA FRANCISCO PORTO,650,LOJA  BR MANIA DELICATESSE,SALGADO FILHO,49020-120,GASOLINA,09/12/2025,"6,59",,R$ / litro,VIBRA
NE,SE,ARACAJU,J. L. OLIVEIRA & BARROS LTDA,13113477000478,AVENIDA GENTIL TAVARES,381,CASA,GETULIO VARGAS,49055-670,GASOLINA,15/12/2025,"6,58",,R$ / litro,VIBRA
NE,SE,ARACAJU,KLEBER SANTOS BATISTA LTDA,13042882000108,AVENIDA DESEMBARGADOR MAYNARD,770,,CIRURGIA,49055-210,GASOLINA,15/12/2025,"6,52",,R$ / litro,BRANCA
NE,SE,ARACAJU,L. V. COMERCIO DE COMBUSTIVEIS LTDA,11433769000110,RUA SAO CRISTOVAO,1877,,GETULIO VARGAS,49055-620,GASOLINA,15/12/2025,"6,59",,R$ / litro,RAIZEN
NE,SE,ARACAJU,REDE DE POSTOS PRESIDENTE LTDA,32864795001063,RUA LARANJEIRAS,1781,,GETULIO VARGAS,49055-380,GASOLINA,15/12/2025,"6,59",,R$ / litro,VIBRA
NE,SE,ARACAJU,TYRESOLES DE SERGIPE INDUSTRIA COMERCIO E SERVICOS LTDA,13007828001004,AVENIDA GONCALO  ROLLEMBERG LEITE,1721,,LUZIA,49045-280,GASOLINA,17/12/2025,"6,57",,R$ / litro,RAIZEN
NE,SE,ARACAJU,POSTO ARIBE EIRELI,15083140000148,AVENIDA PROF JOSE O DE L NETO,150,,AMERICA,49080-480,GASOLINA,17/12/2025,"6,52",,R$ / litro,VIBRA
NE,SE,ARACAJU,POSTO CARMOPOLIS LTDA,13077342000151,AVENIDA JOAO RIBEIRO,680,,INDUSTRIAL,49065-310,GASOLINA,17/12/2025,"6,52",,R$ / litro,BRANCA
NE,SE,ARACAJU,AMARAL & CIA LTDA,13008610000183,RUA MARIANO SALMERON,709,,SIQUEIRA CAMPOS,49075-370,GASOLINA,17/12/2025,"6,52",,R$ / litro,VIBRA
NE,SE,ARACAJU,ALPHA COMERCIAL DE COMBUSTIVEIS LTDA,8297710000803,AVENIDA FRANCISCO PORTO,650,LOJA  BR MANIA DELICATESSE,SALGADO FILHO,49020-120,GASOLINA,17/12/2025,"6,59",,R$ / litro,VIBRA
NE,SE,ARACAJU,REDE DE POSTOS PRESIDENTE LTDA,32864795000172,AVENIDA COELHO E CAMPOS,1254,,SANTO ANTONIO,49060-000,GASOLINA,23/12/2025,"6,59",,R$ / litro,VIBRA
NE,SE,ARACAJU,KLEBER SANTOS BATISTA LTDA,13042882000108,AVENIDA DESEMBARGADOR MAYNARD,770,,CIRURGIA,49055-210,GASOLINA,23/12/2025,"6,52",,R$ / litro,BRANCA
NE,SE,ARACAJU,L. V. COMERCIO DE COMBUSTIVEIS LTDA,11433769000110,RUA SAO CRISTOVAO,1877,,GETULIO VARGAS,49055-620,GASOLINA,23/12/2025,"6,59",,R$ / litro,RAIZEN
NE,SE,ARACAJU,REDE DE POSTOS PRESIDENTE LTDA,32864795001063,RUA LARANJEIRAS,1781,,GETULIO VARGAS,49055-380,GASOLINA,23/12/2025,"6,59",,R$ / litro,VIBRA
NE,SE,ARACAJU,TYRESOLES DE SERGIPE INDUSTRIA COMERCIO E SERVICOS LTDA,13007828001004,AVENIDA GONCALO  ROLLEMBERG LEITE,1721,,LUZIA,49045-280,GASOLINA,24/12/2025,"6,57",,R$ / litro,RAIZEN
NE,SE,ARACAJU,POSTO ARIBE EIRELI,15083140000148,AVENIDA PROF JOSE O DE L NETO,150,,AMERICA,49080-480,GASOLINA,24/12/2025,"6,52",,R$ / litro,VIBRA
NE,SE,ARACAJU,J. L. OLIVEIRA & BARROS LTDA,13113477000478,AVENIDA GENTIL TAVARES,381,CASA,GETULIO VARGAS,49055-670,GASOLINA,24/12/2025,"6,58",,R$ / litro,VIBRA
NE,SE,ARACAJU,POSTO CARMOPOLIS LTDA,13077342000151,AVENIDA JOAO RIBEIRO,680,,INDUSTRIAL,49065-310,GASOLINA,24/12/2025,"6,52",,R$ / litro,BRANCA
NE,SE,ARACAJU,AMARAL & CIA LTDA,13008610000183,RUA MARIANO SALMERON,709,,SIQUEIRA CAMPOS,49075-370,GASOLINA,24/12/2025,"6,52",,R$ / litro,VIBRA
NE,SE,ARACAJU,ALPHA COMERCIAL DE COMBUSTIVEIS LTDA,8297710000803,AVENIDA FRANCISCO PORTO,650,LOJA  BR MANIA DELICATESSE,SALGADO FILHO,49020-120,GASOLINA,24/12/2025,"6,59",,R$ / litro,VIBRA
NE,SE,ARACAJU,J. L. OLIVEIRA & BARROS LTDA,13113477000478,AVENIDA GENTIL TAVARES,381,CASA,GETULIO VARGAS,49055-670,GASOLINA,29/12/2025,"6,58",,R$ / litro,VIBRA
NE,SE,ARACAJU,POSTO CARMOPOLIS LTDA,13077342000151,AVENIDA JOAO RIBEIRO,680,,INDUSTRIAL,49065-310,GASOLINA,29/12/2025,"6,52",,R$ / litro,BRANCA
NE,SE,ARACAJU,KLEBER SANTOS BATISTA LTDA,13042882000108,AVENIDA DESEMBARGADOR MAYNARD,770,,CIRURGIA,49055-210,GASOLINA,29/12/2025,"6,52",,R$ / litro,BRANCA
NE,SE,ARACAJU,L. V. COMERCIO DE COMBUSTIVEIS LTDA,11433769000110,RUA SAO CRISTOVAO,1877,,GETULIO VARGAS,49055-620,GASOLINA,29/12/2025,"6,59",,R$ / litro,RAIZEN
NE,SE,ARACAJU,REDE DE POSTOS PRESIDENTE LTDA,32864795001063,RUA LARANJEIRAS,1781,,GETULIO VARGAS,49055-380,GASOLINA,29/12/2025,"6,59",,R$ / litro,VIBRA
NE,SE,ARACAJU,POSTO ARIBE EIRELI,15083140000148,AVENIDA PROF JOSE O DE L NETO,150,,AMERICA,49080-480,GASOLINA,30/12/2025,"6,52",,R$ / litro,VIBRA
NE,SE,ARACAJU,AMARAL & CIA LTDA,13008610000183,RUA MARIANO SALMERON,709,,SIQUEIRA CAMPOS,49075-370,GASOLINA,30/12/2025,"6,52",,R$ / litro,VIBRA
NE,SE,ARACAJU,ALPHA COMERCIAL DE COMBUSTIVEIS LTDA,8297710000803,AVENIDA FRANCISCO PORTO,650,LOJA  BR MANIA DELICATESSE,SALGADO FILHO,49020-120,GASOLINA,30/12/2025,"6,59",,R$ / litro,VIBRA
NE,SE,ARACAJU,VASPETRO COMBUSTIVEL LTDA,4979182000145,AVENIDA BARAO DE MARUIM,552,,CENTRO,49010-340,GASOLINA ADITIVADA,08/07/2025,"6,62",,R$ / litro,BRANCA
NE,SE,ARACAJU,TYRESOLES DE SERGIPE INDUSTRIA COMERCIO E SERVICOS LTDA,13007828001004,AVENIDA GONCALO  ROLLEMBERG LEITE,1721,,LUZIA,49045-280,GASOLINA ADITIVADA,08/07/2025,"7,01",,R$ / litro,RAIZEN
NE,SE,ARACAJU,REDE DE POSTOS PRESIDENTE LTDA,32864795000172,AVENIDA COELHO E CAMPOS,1254,,SANTO ANTONIO,49060-000,GASOLINA ADITIVADA,08/07/2025,"6,89",,R$ / litro,VIBRA
NE,SE,ARACAJU,LIDER COMERCIO DE COMBUSTIVEIS LTDA,15591357000169,PRACA DA BANDEIRA,171,,CENTRO,49055-090,GASOLINA ADITIVADA,08/07/2025,"6,8",,R$ / litro,VIBRA
NE,SE,ARACAJU,POSTO ARIBE EIRELI,15083140000148,AVENIDA PROF JOSE O DE L NETO,150,,AMERICA,49080-480,GASOLINA ADITIVADA,08/07/2025,"6,8",,R$ / litro,VIBRA
NE,SE,ARACAJU,LUBRIFICANTES E ACESSÓRIOS LTDA.,13257050000109,AVENIDA BEIRA MAR,6,,13 DE JULHO,49020-010,GASOLINA ADITIVADA,08/07/2025,"6,62",,R$ / litro,VIBRA
NE,SE,ARACAJU,COMERCIAL MARIVAN LTDA,13179247000169,AVENIDA ADELIA FRANCO,2234,,LUZIA,49048-010,GASOLINA ADITIVADA,08/07/2025,"6,69",,R$ / litro,VIBRA
NE,SE,ARACAJU,POSTO CARMOPOLIS LTDA,13077342000151,AVENIDA JOAO RIBEIRO,680,,INDUSTRIAL,49065-310,GASOLINA ADITIVADA,08/07/2025,"6,62",,R$ / litro,VIBRA
NE,SE,ARACAJU,KLEBER SANTOS BATISTA LTDA,13042882000108,AVENIDA DESEMBARGADOR MAYNARD,770,,CIRURGIA,49055-210,GASOLINA ADITIVADA,08/07/2025,"6,62",,R$ / litro,BRANCA
NE,SE,ARACAJU,AMARAL & CIA LTDA,13008610000183,RUA MARIANO SALMERON,709,,SIQUEIRA CAMPOS,49075-370,GASOLINA ADITIVADA,08/07/2025,"6,72",,R$ / litro,VIBRA
NE,SE,ARACAJU,ALPHA COMERCIAL DE COMBUSTIVEIS LTDA,8297710000803,AVENIDA FRANCISCO PORTO,650,LOJA  BR MANIA DELICATESSE,SALGADO FILHO,49020-120,GASOLINA ADITIVADA,08/07/2025,"6,89",,R$ / litro,VIBRA
NE,SE,ARACAJU,REDE DE POSTOS PRESIDENTE LTDA,32864795001063,RUA LARANJEIRAS,1781,,GETULIO VARGAS,49055-380,GASOLINA ADITIVADA,08/07/2025,"6,89",,R$ / litro,VIBRA
NE,SE,ARACAJU,POSTO PIRANEMA LTDA,9258664000391,AVENIDA PREFEITO HERACLITO ROLLEMBERG,2760,,FAROLANDIA,49030-640,GASOLINA ADITIVADA,08/07/2025,"6,89",,R$ / litro,VIBRA
NE,SE,ARACAJU,VASPETRO COMBUSTIVEL LTDA,4979182000145,AVENIDA BARAO DE MARUIM,552,,CENTRO,49010-340,GASOLINA ADITIVADA,15/07/2025,"6,62",,R$ / litro,BRANCA
NE,SE,ARACAJU,TYRESOLES DE SERGIPE INDUSTRIA COMERCIO E SERVICOS LTDA,13007828001004,AVENIDA GONCALO  ROLLEMBERG LEITE,1721,,LUZIA,49045-280,GASOLINA ADITIVADA,15/07/2025,"7,01",,R$ / litro,RAIZEN
NE,SE,ARACAJU,REDE DE POSTOS PRESIDENTE LTDA,32864795000172,AVENIDA COELHO E CAMPOS,1254,,SANTO ANTONIO,49060-000,GASOLINA ADITIVADA,15/07/2025,"6,89",,R$ / litro,VIBRA
NE,SE,ARACAJU,LIDER COMERCIO DE COMBUSTIVEIS LTDA,15591357000169,PRACA DA BANDEIRA,171,,CENTRO,49055-090,GASOLINA ADITIVADA,15/07/2025,"6,8",,R$ / litro,VIBRA
NE,SE,ARACAJU,POSTO ARIBE EIRELI,15083140000148,AVENIDA PROF JOSE O DE L NETO,150,,AMERICA,49080-480,GASOLINA ADITIVADA,15/07/2025,"6,8",,R$ / litro,VIBRA
NE,SE,ARACAJU,LUBRIFICANTES E ACESSÓRIOS LTDA.,13257050000109,AVENIDA BEIRA MAR,6,,13 DE JULHO,49020-010,GASOLINA ADITIVADA,15/07/2025,"6,62",,R$ / litro,VIBRA
NE,SE,ARACAJU,COMERCIAL MARIVAN LTDA,13179247000169,AVENIDA ADELIA FRANCO,2234,,LUZIA,49048-010,GASOLINA ADITIVADA,15/07/2025,"6,69",,R$ / litro,VIBRA
NE,SE,ARACAJU,POSTO CARMOPOLIS LTDA,13077342000151,AVENIDA JOAO RIBEIRO,680,,INDUSTRIAL,49065-310,GASOLINA ADITIVADA,15/07/2025,"6,62",,R$ / litro,VIBRA
NE,SE,ARACAJU,KLEBER SANTOS BATISTA LTDA,13042882000108,AVENIDA DESEMBARGADOR MAYNARD,770,,CIRURGIA,49055-210,GASOLINA ADITIVADA,15/07/2025,"6,62",,R$ / litro,BRANCA
NE,SE,ARACAJU,AMARAL & CIA LTDA,13008610000183,RUA MARIANO SALMERON,709,,SIQUEIRA CAMPOS,49075-370,GASOLINA ADITIVADA,15/07/2025,"6,72",,R$ / litro,VIBRA
NE,SE,ARACAJU,ALPHA COMERCIAL DE COMBUSTIVEIS LTDA,8297710000803,AVENIDA FRANCISCO PORTO,650,LOJA  BR MANIA DELICATESSE,SALGADO FILHO,49020-120,GASOLINA ADITIVADA,15/07/2025,"6,89",,R$ / litro,VIBRA
NE,SE,ARACAJU,REDE DE POSTOS PRESIDENTE LTDA,32864795001063,RUA LARANJEIRAS,1781,,GETULIO VARGAS,49055-380,GASOLINA ADITIVADA,15/07/2025,"6,89",,R$ / litro,VIBRA
NE,SE,ARACAJU,POSTO PIRANEMA LTDA,9258664000391,AVENIDA PREFEITO HERACLITO ROLLEMBERG,2760,,FAROLANDIA,49030-640,GASOLINA ADITIVADA,15/07/2025,"6,89",,R$ / litro,VIBRA
NE,SE,ARACAJU,VASPETRO COMBUSTIVEL LTDA,4979182000145,AVENIDA BARAO DE MARUIM,552,,CENTRO,49010-340,GASOLINA ADITIVADA,22/07/2025,"6,62",,R$ / litro,BRANCA
NE,SE,ARACAJU,TYRESOLES DE SERGIPE INDUSTRIA COMERCIO E SERVICOS LTDA,13007828001004,AVENIDA GONCALO  ROLLEMBERG LEITE,1721,,LUZIA,49045-280,GASOLINA ADITIVADA,22/07/2025,"7,01",,R$ / litro,RAIZEN
NE,SE,ARACAJU,REDE DE POSTOS PRESIDENTE LTDA,32864795000172,AVENIDA COELHO E CAMPOS,1254,,SANTO ANTONIO,49060-000,GASOLINA ADITIVADA,22/07/2025,"6,89",,R$ / litro,VIBRA
NE,SE,ARACAJU,LIDER COMERCIO DE COMBUSTIVEIS LTDA,15591357000169,PRACA DA BANDEIRA,171,,CENTRO,49055-090,GASOLINA ADITIVADA,22/07/2025,"6,8",,R$ / litro,VIBRA
NE,SE,ARACAJU,POSTO ARIBE EIRELI,15083140000148,AVENIDA PROF JOSE O DE L NETO,150,,AMERICA,49080-480,GASOLINA ADITIVADA,22/07/2025,"6,8",,R$ / litro,VIBRA
NE,SE,ARACAJU,LUBRIFICANTES E ACESSÓRIOS LTDA.,13257050000109,AVENIDA BEIRA MAR,6,,13 DE JULHO,49020-010,GASOLINA ADITIVADA,22/07/2025,"6,62",,R$ / litro,VIBRA
NE,SE,ARACAJU,COMERCIAL MARIVAN LTDA,13179247000169,AVENIDA ADELIA FRANCO,2234,,LUZIA,49048-010,GASOLINA ADITIVADA,22/07/2025,"6,69",,R$ / litro,VIBRA
NE,SE,ARACAJU,POSTO CARMOPOLIS LTDA,13077342000151,AVENIDA JOAO RIBEIRO,680,,INDUSTRIAL,49065-310,GASOLINA ADITIVADA,22/07/2025,"6,62",,R$ / litro,VIBRA
NE,SE,ARACAJU,KLEBER SANTOS BATISTA LTDA,13042882000108,AVENIDA DESEMBARGADOR MAYNARD,770,,CIRURGIA,49055-210,GASOLINA ADITIVADA,22/07/2025,"6,62",,R$ / litro,BRANCA
NE,SE,ARACAJU,AMARAL & CIA LTDA,13008610000183,RUA MARIANO SALMERON,709,,SIQUEIRA CAMPOS,49075-370,GASOLINA ADITIVADA,22/07/2025,"6,72",,R$ / litro,VIBRA
NE,SE,ARACAJU,ALPHA COMERCIAL DE COMBUSTIVEIS LTDA,8297710000803,AVENIDA FRANCISCO PORTO,650,LOJA  BR MANIA DELICATESSE,SALGADO FILHO,49020-120,GASOLINA ADITIVADA,22/07/2025,"6,89",,R$ / litro,VIBRA
NE,SE,ARACAJU,REDE DE POSTOS PRESIDENTE LTDA,32864795001063,RUA LARANJEIRAS,1781,,GETULIO VARGAS,49055-380,GASOLINA ADITIVADA,22/07/2025,"6,89",,R$ / litro,VIBRA
NE,SE,ARACAJU,POSTO PIRANEMA LTDA,9258664000391,AVENIDA PREFEITO HERACLITO ROLLEMBERG,2760,,FAROLANDIA,49030-640,GASOLINA ADITIVADA,22/07/2025,"6,89",,R$ / litro,VIBRA
NE,SE,ARACAJU,VASPETRO COMBUSTIVEL LTDA,4979182000145,AVENIDA BARAO DE MARUIM,552,,CENTRO,49010-340,GASOLINA ADITIVADA,28/07/2025,"6,62",,R$ / litro,BRANCA
NE,SE,ARACAJU,TYRESOLES DE SERGIPE INDUSTRIA COMERCIO E SERVICOS LTDA,13007828001004,AVENIDA GONCALO  ROLLEMBERG LEITE,1721,,LUZIA,49045-280,GASOLINA ADITIVADA,28/07/2025,"7,01",,R$ / litro,RAIZEN
NE,SE,ARACAJU,REDE DE POSTOS PRESIDENTE LTDA,32864795000172,AVENIDA COELHO E CAMPOS,1254,,SANTO ANTONIO,49060-000,GASOLINA ADITIVADA,28/07/2025,"6,89",,R$ / litro,VIBRA
NE,SE,ARACAJU,LIDER COMERCIO DE COMBUSTIVEIS LTDA,15591357000169,PRACA DA BANDEIRA,171,,CENTRO,49055-090,GASOLINA ADITIVADA,28/07/2025,"6,8",,R$ / litro,VIBRA
NE,SE,ARACAJU,POSTO ARIBE EIRELI,15083140000148,AVENIDA PROF JOSE O DE L NETO,150,,AMERICA,49080-480,GASOLINA ADITIVADA,28/07/2025,"6,8",,R$ / litro,VIBRA
NE,SE,ARACAJU,LUBRIFICANTES E ACESSÓRIOS LTDA.,13257050000109,AVENIDA BEIRA MAR,6,,13 DE JULHO,49020-010,GASOLINA ADITIVADA,28/07/2025,"6,62",,R$ / litro,VIBRA
NE,SE,ARACAJU,COMERCIAL MARIVAN LTDA,13179247000169,AVENIDA ADELIA FRANCO,2234,,LUZIA,49048-010,GASOLINA ADITIVADA,28/07/2025,"6,69",,R$ / litro,VIBRA
NE,SE,ARACAJU,POSTO CARMOPOLIS LTDA,13077342000151,AVENIDA JOAO RIBEIRO,680,,INDUSTRIAL,49065-310,GASOLINA ADITIVADA,28/07/2025,"6,62",,R$ / litro,VIBRA
NE,SE,ARACAJU,KLEBER SANTOS BATISTA LTDA,13042882000108,AVENIDA DESEMBARGADOR MAYNARD,770,,CIRURGIA,49055-210,GASOLINA ADITIVADA,28/07/2025,"6,62",,R$ / litro,BRANCA
NE,SE,ARACAJU,AMARAL & CIA LTDA,13008610000183,RUA MARIANO SALMERON,709,,SIQUEIRA CAMPOS,49075-370,GASOLINA ADITIVADA,28/07/2025,"6,72",,R$ / litro,VIBRA
NE,SE,ARACAJU,ALPHA COMERCIAL DE COMBUSTIVEIS LTDA,8297710000803,AVENIDA FRANCISCO PORTO,650,LOJA  BR MANIA DELICATESSE,SALGADO FILHO,49020-120,GASOLINA ADITIVADA,28/07/2025,"6,89",,R$ / litro,VIBRA
NE,SE,ARACAJU,REDE DE POSTOS PRESIDENTE LTDA,32864795001063,RUA LARANJEIRAS,1781,,GETULIO VARGAS,49055-380,GASOLINA ADITIVADA,28/07/2025,"6,89",,R$ / litro,VIBRA
NE,SE,ARACAJU,POSTO PIRANEMA LTDA,9258664000391,AVENIDA PREFEITO HERACLITO ROLLEMBERG,2760,,FAROLANDIA,49030-640,GASOLINA ADITIVADA,28/07/2025,"6,89",,R$ / litro,VIBRA
NE,SE,ARACAJU,VASPETRO COMBUSTIVEL LTDA,4979182000145,AVENIDA BARAO DE MARUIM,552,,CENTRO,49010-340,GASOLINA ADITIVADA,05/08/2025,"6,62",,R$ / litro,BRANCA
NE,SE,ARACAJU,TYRESOLES DE SERGIPE INDUSTRIA COMERCIO E SERVICOS LTDA,13007828001004,AVENIDA GONCALO  ROLLEMBERG LEITE,1721,,LUZIA,49045-280,GASOLINA ADITIVADA,05/08/2025,"7,01",,R$ / litro,RAIZEN
NE,SE,ARACAJU,REDE DE POSTOS PRESIDENTE LTDA,32864795000172,AVENIDA COELHO E CAMPOS,1254,,SANTO ANTONIO,49060-000,GASOLINA ADITIVADA,05/08/2025,"6,89",,R$ / litro,VIBRA
NE,SE,ARACAJU,LIDER COMERCIO DE COMBUSTIVEIS LTDA,15591357000169,PRACA DA BANDEIRA,171,,CENTRO,49055-090,GASOLINA ADITIVADA,05/08/2025,"6,8",,R$ / litro,VIBRA
NE,SE,ARACAJU,POSTO ARIBE EIRELI,15083140000148,AVENIDA PROF JOSE O DE L NETO,150,,AMERICA,49080-480,GASOLINA ADITIVADA,05/08/2025,"6,8",,R$ / litro,VIBRA
NE,SE,ARACAJU,LUBRIFICANTES E ACESSÓRIOS LTDA.,13257050000109,AVENIDA BEIRA MAR,6,,13 DE JULHO,49020-010,GASOLINA ADITIVADA,05/08/2025,"6,62",,R$ / litro,VIBRA
NE,SE,ARACAJU,COMERCIAL MARIVAN LTDA,13179247000169,AVENIDA ADELIA FRANCO,2234,,LUZIA,49048-010,GASOLINA ADITIVADA,05/08/2025,"6,69",,R$ / litro,VIBRA
NE,SE,ARACAJU,POSTO CARMOPOLIS LTDA,13077342000151,AVENIDA JOAO RIBEIRO,680,,INDUSTRIAL,49065-310,GASOLINA ADITIVADA,05/08/2025,"6,62",,R$ / litro,VIBRA
NE,SE,ARACAJU,KLEBER SANTOS BATISTA LTDA,13042882000108,AVENIDA DESEMBARGADOR MAYNARD,770,,CIRURGIA,49055-210,GASOLINA ADITIVADA,05/08/2025,"6,62",,R$ / litro,BRANCA
NE,SE,ARACAJU,AMARAL & CIA LTDA,13008610000183,RUA MARIANO SALMERON,709,,SIQUEIRA CAMPOS,49075-370,GASOLINA ADITIVADA,05/08/2025,"6,72",,R$ / litro,VIBRA
NE,SE,ARACAJU,ALPHA COMERCIAL DE COMBUSTIVEIS LTDA,8297710000803,AVENIDA FRANCISCO PORTO,650,LOJA  BR MANIA DELICATESSE,SALGADO FILHO,49020-120,GASOLINA ADITIVADA,05/08/2025,"6,89",,R$ / litro,VIBRA
NE,SE,ARACAJU,REDE DE POSTOS PRESIDENTE LTDA,32864795001063,RUA LARANJEIRAS,1781,,GETULIO VARGAS,49055-380,GASOLINA ADITIVADA,05/08/2025,"6,89",,R$ / litro,VIBRA
NE,SE,ARACAJU,POSTO PIRANEMA LTDA,9258664000391,AVENIDA PREFEITO HERACLITO ROLLEMBERG,2760,,FAROLANDIA,49030-640,GASOLINA ADITIVADA,05/08/2025,"6,89",,R$ / litro,VIBRA
NE,SE,ARACAJU,VASPETRO COMBUSTIVEL LTDA,4979182000145,AVENIDA BARAO DE MARUIM,552,,CENTRO,49010-340,GASOLINA ADITIVADA,12/08/2025,"6,62",,R$ / litro,BRANCA
NE,SE,ARACAJU,TYRESOLES DE SERGIPE INDUSTRIA COMERCIO E SERVICOS LTDA,13007828001004,AVENIDA GONCALO  ROLLEMBERG LEITE,1721,,LUZIA,49045-280,GASOLINA ADITIVADA,12/08/2025,"7,01",,R$ / litro,RAIZEN
NE,SE,ARACAJU,REDE DE POSTOS PRESIDENTE LTDA,32864795000172,AVENIDA COELHO E CAMPOS,1254,,SANTO ANTONIO,49060-000,GASOLINA ADITIVADA,12/08/2025,"6,89",,R$ / litro,VIBRA
NE,SE,ARACAJU,LIDER COMERCIO DE COMBUSTIVEIS LTDA,15591357000169,PRACA DA BANDEIRA,171,,CENTRO,49055-090,GASOLINA ADITIVADA,12/08/2025,"6,8",,R$ / litro,VIBRA
NE,SE,ARACAJU,LUBRIFICANTES E ACESSÓRIOS LTDA.,13257050000109,AVENIDA BEIRA MAR,6,,13 DE JULHO,49020-010,GASOLINA ADITIVADA,12/08/2025,"6,62",,R$ / litro,VIBRA
NE,SE,ARACAJU,COMERCIAL MARIVAN LTDA,13179247000169,AVENIDA ADELIA FRANCO,2234,,LUZIA,49048-010,GASOLINA ADITIVADA,12/08/2025,"6,69",,R$ / litro,VIBRA
NE,SE,ARACAJU,POSTO CARMOPOLIS LTDA,13077342000151,AVENIDA JOAO RIBEIRO,680,,INDUSTRIAL,49065-310,GASOLINA ADITIVADA,12/08/2025,"6,62",,R$ / litro,VIBRA
NE,SE,ARACAJU,KLEBER SANTOS BATISTA LTDA,13042882000108,AVENIDA DESEMBARGADOR MAYNARD,770,,CIRURGIA,49055-210,GASOLINA ADITIVADA,12/08/2025,"6,62",,R$ / litro,BRANCA
NE,SE,ARACAJU,AMARAL & CIA LTDA,13008610000183,RUA MARIANO SALMERON,709,,SIQUEIRA CAMPOS,49075-370,GASOLINA ADITIVADA,12/08/2025,"6,72",,R$ / litro,VIBRA
NE,SE,ARACAJU,ALPHA COMERCIAL DE COMBUSTIVEIS LTDA,8297710000803,AVENIDA FRANCISCO PORTO,650,LOJA  BR MANIA DELICATESSE,SALGADO FILHO,49020-120,GASOLINA ADITIVADA,12/08/2025,"6,89",,R$ / litro,VIBRA
NE,SE,ARACAJU,REDE DE POSTOS PRESIDENTE LTDA,32864795001063,RUA LARANJEIRAS,1781,,GETULIO VARGAS,49055-380,GASOLINA ADITIVADA,12/08/2025,"6,89",,R$ / litro,VIBRA
NE,SE,ARACAJU,POSTO PIRANEMA LTDA,9258664000391,AVENIDA PREFEITO HERACLITO ROLLEMBERG,2760,,FAROLANDIA,49030-640,GASOLINA ADITIVADA,12/08/2025,"6,89",,R$ / litro,VIBRA
NE,SE,ARACAJU,VASPETRO COMBUSTIVEL LTDA,4979182000145,AVENIDA BARAO DE MARUIM,552,,CENTRO,49010-340,GASOLINA ADITIVADA,19/08/2025,"6,62",,R$ / litro,BRANCA
NE,SE,ARACAJU,TYRESOLES DE SERGIPE INDUSTRIA COMERCIO E SERVICOS LTDA,13007828001004,AVENIDA GONCALO  ROLLEMBERG LEITE,1721,,LUZIA,49045-280,GASOLINA ADITIVADA,19/08/2025,"7,01",,R$ / litro,RAIZEN
NE,SE,ARACAJU,REDE DE POSTOS PRESIDENTE LTDA,32864795000172,AVENIDA COELHO E CAMPOS,1254,,SANTO ANTONIO,49060-000,GASOLINA ADITIVADA,19/08/2025,"6,89",,R$ / litro,VIBRA
NE,SE,ARACAJU,LIDER COMERCIO DE COMBUSTIVEIS LTDA,15591357000169,PRACA DA BANDEIRA,171,,CENTRO,49055-090,GASOLINA ADITIVADA,19/08/2025,"6,8",,R$ / litro,VIBRA
NE,SE,ARACAJU,POSTO ARIBE EIRELI,15083140000148,AVENIDA PROF JOSE O DE L NETO,150,,AMERICA,49080-480,GASOLINA ADITIVADA,19/08/2025,"6,8",,R$ / litro,VIBRA
NE,SE,ARACAJU,LUBRIFICANTES E ACESSÓRIOS LTDA.,13257050000109,AVENIDA BEIRA MAR,6,,13 DE JULHO,49020-010,GASOLINA ADITIVADA,19/08/2025,"6,62",,R$ / litro,VIBRA
NE,SE,ARACAJU,COMERCIAL MARIVAN LTDA,13179247000169,AVENIDA ADELIA FRANCO,2234,,LUZIA,49048-010,GASOLINA ADITIVADA,19/08/2025,"6,62",,R$ / litro,VIBRA
NE,SE,ARACAJU,POSTO CARMOPOLIS LTDA,13077342000151,AVENIDA JOAO RIBEIRO,680,,INDUSTRIAL,49065-310,GASOLINA ADITIVADA,19/08/2025,"6,62",,R$ / litro,VIBRA
NE,SE,ARACAJU,KLEBER SANTOS BATISTA LTDA,13042882000108,AVENIDA DESEMBARGADOR MAYNARD,770,,CIRURGIA,49055-210,GASOLINA ADITIVADA,19/08/2025,"6,62",,R$ / litro,BRANCA
NE,SE,ARACAJU,AMARAL & CIA LTDA,13008610000183,RUA MARIANO SALMERON,709,,SIQUEIRA CAMPOS,49075-370,GASOLINA ADITIVADA,19/08/2025,"6,72",,R$ / litro,VIBRA
NE,SE,ARACAJU,ALPHA COMERCIAL DE COMBUSTIVEIS LTDA,8297710000803,AVENIDA FRANCISCO PORTO,650,LOJA  BR MANIA DELICATESSE,SALGADO FILHO,49020-120,GASOLINA ADITIVADA,19/08/2025,"6,89",,R$ / litro,VIBRA
NE,SE,ARACAJU,REDE DE POSTOS PRESIDENTE LTDA,32864795001063,RUA LARANJEIRAS,1781,,GETULIO VARGAS,49055-380,GASOLINA ADITIVADA,19/08/2025,"6,89",,R$ / litro,VIBRA
NE,SE,ARACAJU,POSTO PIRANEMA LTDA,9258664000391,AVENIDA PREFEITO HERACLITO ROLLEMBERG,2760,,FAROLANDIA,49030-640,GASOLINA ADITIVADA,19/08/2025,"6,89",,R$ / litro,VIBRA
NE,SE,ARACAJU,VASPETRO COMBUSTIVEL LTDA,4979182000145,AVENIDA BARAO DE MARUIM,552,,CENTRO,49010-340,GASOLINA ADITIVADA,27/08/2025,"6,62",,R$ / litro,BRANCA
NE,SE,ARACAJU,TYRESOLES DE SERGIPE INDUSTRIA COMERCIO E SERVICOS LTDA,13007828001004,AVENIDA GONCALO  ROLLEMBERG LEITE,1721,,LUZIA,49045-280,GASOLINA ADITIVADA,27/08/2025,"7,01",,R$ / litro,RAIZEN
NE,SE,ARACAJU,LIDER COMERCIO DE COMBUSTIVEIS LTDA,15591357000169,PRACA DA BANDEIRA,171,,CENTRO,49055-090,GASOLINA ADITIVADA,27/08/2025,"6,8",,R$ / litro,VIBRA
NE,SE,ARACAJU,POSTO ARIBE EIRELI,15083140000148,AVENIDA PROF JOSE O DE L NETO,150,,AMERICA,49080-480,GASOLINA ADITIVADA,27/08/2025,"6,8",,R$ / litro,VIBRA
NE,SE,ARACAJU,LUBRIFICANTES E ACESSÓRIOS LTDA.,13257050000109,AVENIDA BEIRA MAR,6,,13 DE JULHO,49020-010,GASOLINA ADITIVADA,27/08/2025,"6,62",,R$ / litro,VIBRA
NE,SE,ARACAJU,COMERCIAL MARIVAN LTDA,13179247000169,AVENIDA ADELIA FRANCO,2234,,LUZIA,49048-010,GASOLINA ADITIVADA,27/08/2025,"6,69",,R$ / litro,VIBRA
NE,SE,ARACAJU,POSTO CARMOPOLIS LTDA,13077342000151,AVENIDA JOAO RIBEIRO,680,,INDUSTRIAL,49065-310,GASOLINA ADITIVADA,27/08/2025,"6,62",,R$ / litro,VIBRA
NE,SE,ARACAJU,KLEBER SANTOS BATISTA LTDA,13042882000108,AVENIDA DESEMBARGADOR MAYNARD,770,,CIRURGIA,49055-210,GASOLINA ADITIVADA,27/08/2025,"6,62",,R$ / litro,BRANCA
NE,SE,ARACAJU,AMARAL & CIA LTDA,13008610000183,RUA MARIANO SALMERON,709,,SIQUEIRA CAMPOS,49075-370,GASOLINA ADITIVADA,27/08/2025,"6,72",,R$ / litro,VIBRA
NE,SE,ARACAJU,L. V. COMERCIO DE COMBUSTIVEIS LTDA,11433769000110,RUA SAO CRISTOVAO,1877,,GETULIO VARGAS,49055-620,GASOLINA ADITIVADA,27/08/2025,"6,62",,R$ / litro,RAIZEN
NE,SE,ARACAJU,ALPHA COMERCIAL DE COMBUSTIVEIS LTDA,8297710000803,AVENIDA FRANCISCO PORTO,650,LOJA  BR MANIA DELICATESSE,SALGADO FILHO,49020-120,GASOLINA ADITIVADA,27/08/2025,"6,89",,R$ / litro,VIBRA
NE,SE,ARACAJU,REDE DE POSTOS PRESIDENTE LTDA,32864795001063,RUA LARANJEIRAS,1781,,GETULIO VARGAS,49055-380,GASOLINA ADITIVADA,27/08/2025,"6,89",,R$ / litro,VIBRA
NE,SE,ARACAJU,POSTO PIRANEMA LTDA,9258664000391,AVENIDA PREFEITO HERACLITO ROLLEMBERG,2760,,FAROLANDIA,49030-640,GASOLINA ADITIVADA,27/08/2025,"6,89",,R$ / litro,VIBRA
NE,SE,ARACAJU,VASPETRO COMBUSTIVEL LTDA,4979182000145,AVENIDA BARAO DE MARUIM,552,,CENTRO,49010-340,GASOLINA ADITIVADA,02/09/2025,"6,62",,R$ / litro,BRANCA
NE,SE,ARACAJU,TYRESOLES DE SERGIPE INDUSTRIA COMERCIO E SERVICOS LTDA,13007828001004,AVENIDA GONCALO  ROLLEMBERG LEITE,1721,,LUZIA,49045-280,GASOLINA ADITIVADA,02/09/2025,"7,01",,R$ / litro,RAIZEN
NE,SE,ARACAJU,REDE DE POSTOS PRESIDENTE LTDA,32864795000172,AVENIDA COELHO E CAMPOS,1254,,SANTO ANTONIO,49060-000,GASOLINA ADITIVADA,02/09/2025,"6,89",,R$ / litro,VIBRA
NE,SE,ARACAJU,LIDER COMERCIO DE COMBUSTIVEIS LTDA,15591357000169,PRACA DA BANDEIRA,171,,CENTRO,49055-090,GASOLINA ADITIVADA,02/09/2025,"6,8",,R$ / litro,VIBRA
NE,SE,ARACAJU,POSTO ARIBE EIRELI,15083140000148,AVENIDA PROF JOSE O DE L NETO,150,,AMERICA,49080-480,GASOLINA ADITIVADA,02/09/2025,"6,8",,R$ / litro,VIBRA
NE,SE,ARACAJU,LUBRIFICANTES E ACESSÓRIOS LTDA.,13257050000109,AVENIDA BEIRA MAR,6,,13 DE JULHO,49020-010,GASOLINA ADITIVADA,02/09/2025,"6,62",,R$ / litro,VIBRA
NE,SE,ARACAJU,COMERCIAL MARIVAN LTDA,13179247000169,AVENIDA ADELIA FRANCO,2234,,LUZIA,49048-010,GASOLINA ADITIVADA,02/09/2025,"6,69",,R$ / litro,VIBRA
NE,SE,ARACAJU,POSTO CARMOPOLIS LTDA,13077342000151,AVENIDA JOAO RIBEIRO,680,,INDUSTRIAL,49065-310,GASOLINA ADITIVADA,02/09/2025,"6,62",,R$ / litro,VIBRA
NE,SE,ARACAJU,KLEBER SANTOS BATISTA LTDA,13042882000108,AVENIDA DESEMBARGADOR MAYNARD,770,,CIRURGIA,49055-210,GASOLINA ADITIVADA,02/09/2025,"6,62",,R$ / litro,BRANCA
NE,SE,ARACAJU,AMARAL & CIA LTDA,13008610000183,RUA MARIANO SALMERON,709,,SIQUEIRA CAMPOS,49075-370,GASOLINA ADITIVADA,02/09/2025,"6,72",,R$ / litro,VIBRA
NE,SE,ARACAJU,L. V. COMERCIO DE COMBUSTIVEIS LTDA,11433769000110,RUA SAO CRISTOVAO,1877,,GETULIO VARGAS,49055-620,GASOLINA ADITIVADA,02/09/2025,"6,79",,R$ / litro,RAIZEN
NE,SE,ARACAJU,ALPHA COMERCIAL DE COMBUSTIVEIS LTDA,8297710000803,AVENIDA FRANCISCO PORTO,650,LOJA  BR MANIA DELICATESSE,SALGADO FILHO,49020-120,GASOLINA ADITIVADA,02/09/2025,"6,89",,R$ / litro,VIBRA
NE,SE,ARACAJU,REDE DE POSTOS PRESIDENTE LTDA,32864795001063,RUA LARANJEIRAS,1781,,GETULIO VARGAS,49055-380,GASOLINA ADITIVADA,02/09/2025,"6,89",,R$ / litro,VIBRA
NE,SE,ARACAJU,POSTO PIRANEMA LTDA,9258664000391,AVENIDA PREFEITO HERACLITO ROLLEMBERG,2760,,FAROLANDIA,49030-640,GASOLINA ADITIVADA,02/09/2025,"6,89",,R$ / litro,VIBRA
NE,SE,ARACAJU,VASPETRO COMBUSTIVEL LTDA,4979182000145,AVENIDA BARAO DE MARUIM,552,,CENTRO,49010-340,GASOLINA ADITIVADA,09/09/2025,"6,62",,R$ / litro,BRANCA
NE,SE,ARACAJU,TYRESOLES DE SERGIPE INDUSTRIA COMERCIO E SERVICOS LTDA,13007828001004,AVENIDA GONCALO  ROLLEMBERG LEITE,1721,,LUZIA,49045-280,GASOLINA ADITIVADA,09/09/2025,"7,01",,R$ / litro,RAIZEN
NE,SE,ARACAJU,REDE DE POSTOS PRESIDENTE LTDA,32864795000172,AVENIDA COELHO E CAMPOS,1254,,SANTO ANTONIO,49060-000,GASOLINA ADITIVADA,09/09/2025,"6,89",,R$ / litro,VIBRA
NE,SE,ARACAJU,LIDER COMERCIO DE COMBUSTIVEIS LTDA,15591357000169,PRACA DA BANDEIRA,171,,CENTRO,49055-090,GASOLINA ADITIVADA,09/09/2025,"6,8",,R$ / litro,VIBRA
NE,SE,ARACAJU,POSTO ARIBE EIRELI,15083140000148,AVENIDA PROF JOSE O DE L NETO,150,,AMERICA,49080-480,GASOLINA ADITIVADA,09/09/2025,"6,8",,R$ / litro,VIBRA
NE,SE,ARACAJU,LUBRIFICANTES E ACESSÓRIOS LTDA.,13257050000109,AVENIDA BEIRA MAR,6,,13 DE JULHO,49020-010,GASOLINA ADITIVADA,09/09/2025,"6,62",,R$ / litro,VIBRA
NE,SE,ARACAJU,COMERCIAL MARIVAN LTDA,13179247000169,AVENIDA ADELIA FRANCO,2234,,LUZIA,49048-010,GASOLINA ADITIVADA,09/09/2025,"6,69",,R$ / litro,VIBRA
NE,SE,ARACAJU,POSTO CARMOPOLIS LTDA,13077342000151,AVENIDA JOAO RIBEIRO,680,,INDUSTRIAL,49065-310,GASOLINA ADITIVADA,09/09/2025,"6,62",,R$ / litro,VIBRA
NE,SE,ARACAJU,KLEBER SANTOS BATISTA LTDA,13042882000108,AVENIDA DESEMBARGADOR MAYNARD,770,,CIRURGIA,49055-210,GASOLINA ADITIVADA,09/09/2025,"6,62",,R$ / litro,BRANCA
NE,SE,ARACAJU,AMARAL & CIA LTDA,13008610000183,RUA MARIANO SALMERON,709,,SIQUEIRA CAMPOS,49075-370,GASOLINA ADITIVADA,09/09/2025,"6,72",,R$ / litro,VIBRA
NE,SE,ARACAJU,L. V. COMERCIO DE COMBUSTIVEIS LTDA,11433769000110,RUA SAO CRISTOVAO,1877,,GETULIO VARGAS,49055-620,GASOLINA ADITIVADA,09/09/2025,"6,79",,R$ / litro,RAIZEN
NE,SE,ARACAJU,ALPHA COMERCIAL DE COMBUSTIVEIS LTDA,8297710000803,AVENIDA FRANCISCO PORTO,650,LOJA  BR MANIA DELICATESSE,SALGADO FILHO,49020-120,GASOLINA ADITIVADA,09/09/2025,"6,89",,R$ / litro,VIBRA
NE,SE,ARACAJU,REDE DE POSTOS PRESIDENTE LTDA,32864795001063,RUA LARANJEIRAS,1781,,GETULIO VARGAS,49055-380,GASOLINA ADITIVADA,09/09/2025,"6,89",,R$ / litro,VIBRA
NE,SE,ARACAJU,POSTO PIRANEMA LTDA,9258664000391,AVENIDA PREFEITO HERACLITO ROLLEMBERG,2760,,FAROLANDIA,49030-640,GASOLINA ADITIVADA,09/09/2025,"6,89",,R$ / litro,VIBRA
NE,SE,ARACAJU,TYRESOLES DE SERGIPE INDUSTRIA COMERCIO E SERVICOS LTDA,13007828001004,AVENIDA GONCALO  ROLLEMBERG LEITE,1721,,LUZIA,49045-280,GASOLINA ADITIVADA,16/09/2025,"7,01",,R$ / litro,RAIZEN
NE,SE,ARACAJU,COMERCIAL MARIVAN LTDA,13179247000169,AVENIDA ADELIA FRANCO,2234,,LUZIA,49048-010,GASOLINA ADITIVADA,16/09/2025,"6,69",,R$ / litro,VIBRA
NE,SE,ARACAJU,ALPHA COMERCIAL DE COMBUSTIVEIS LTDA,8297710000803,AVENIDA FRANCISCO PORTO,650,LOJA  BR MANIA DELICATESSE,SALGADO FILHO,49020-120,GASOLINA ADITIVADA,16/09/2025,"6,89",,R$ / litro,VIBRA
NE,SE,ARACAJU,POSTO PIRANEMA LTDA,9258664000391,AVENIDA PREFEITO HERACLITO ROLLEMBERG,2760,,FAROLANDIA,49030-640,GASOLINA ADITIVADA,16/09/2025,"6,89",,R$ / litro,VIBRA
NE,SE,ARACAJU,VASPETRO COMBUSTIVEL LTDA,4979182000145,AVENIDA BARAO DE MARUIM,552,,CENTRO,49010-340,GASOLINA ADITIVADA,17/09/2025,"6,62",,R$ / litro,BRANCA
NE,SE,ARACAJU,REDE DE POSTOS PRESIDENTE LTDA,32864795000172,AVENIDA COELHO E CAMPOS,1254,,SANTO ANTONIO,49060-000,GASOLINA ADITIVADA,17/09/2025,"6,89",,R$ / litro,VIBRA
NE,SE,ARACAJU,LIDER COMERCIO DE COMBUSTIVEIS LTDA,15591357000169,PRACA DA BANDEIRA,171,,CENTRO,49055-090,GASOLINA ADITIVADA,17/09/2025,"6,8",,R$ / litro,VIBRA
NE,SE,ARACAJU,POSTO ARIBE EIRELI,15083140000148,AVENIDA PROF JOSE O DE L NETO,150,,AMERICA,49080-480,GASOLINA ADITIVADA,17/09/2025,"6,8",,R$ / litro,VIBRA
NE,SE,ARACAJU,LUBRIFICANTES E ACESSÓRIOS LTDA.,13257050000109,AVENIDA BEIRA MAR,6,,13 DE JULHO,49020-010,GASOLINA ADITIVADA,17/09/2025,"6,62",,R$ / litro,VIBRA
NE,SE,ARACAJU,POSTO CARMOPOLIS LTDA,13077342000151,AVENIDA JOAO RIBEIRO,680,,INDUSTRIAL,49065-310,GASOLINA ADITIVADA,17/09/2025,"6,62",,R$ / litro,VIBRA
NE,SE,ARACAJU,KLEBER SANTOS BATISTA LTDA,13042882000108,AVENIDA DESEMBARGADOR MAYNARD,770,,CIRURGIA,49055-210,GASOLINA ADITIVADA,17/09/2025,"6,62",,R$ / litro,BRANCA
NE,SE,ARACAJU,AMARAL & CIA LTDA,13008610000183,RUA MARIANO SALMERON,709,,SIQUEIRA CAMPOS,49075-370,GASOLINA ADITIVADA,17/09/2025,"6,72",,R$ / litro,VIBRA
NE,SE,ARACAJU,L. V. COMERCIO DE COMBUSTIVEIS LTDA,11433769000110,RUA SAO CRISTOVAO,1877,,GETULIO VARGAS,49055-620,GASOLINA ADITIVADA,17/09/2025,"6,88",,R$ / litro,RAIZEN
NE,SE,ARACAJU,REDE DE POSTOS PRESIDENTE LTDA,32864795001063,RUA LARANJEIRAS,1781,,GETULIO VARGAS,49055-380,GASOLINA ADITIVADA,17/09/2025,"6,89",,R$ / litro,VIBRA
NE,SE,ARACAJU,VASPETRO COMBUSTIVEL LTDA,4979182000145,AVENIDA BARAO DE MARUIM,552,,CENTRO,49010-340,GASOLINA ADITIVADA,22/09/2025,"6,62",,R$ / litro,BRANCA
NE,SE,ARACAJU,TYRESOLES DE SERGIPE INDUSTRIA COMERCIO E SERVICOS LTDA,13007828001004,AVENIDA GONCALO  ROLLEMBERG LEITE,1721,,LUZIA,49045-280,GASOLINA ADITIVADA,22/09/2025,"7,01",,R$ / litro,RAIZEN
NE,SE,ARACAJU,REDE DE POSTOS PRESIDENTE LTDA,32864795000172,AVENIDA COELHO E CAMPOS,1254,,SANTO ANTONIO,49060-000,GASOLINA ADITIVADA,22/09/2025,"6,89",,R$ / litro,VIBRA
NE,SE,ARACAJU,LIDER COMERCIO DE COMBUSTIVEIS LTDA,15591357000169,PRACA DA BANDEIRA,171,,CENTRO,49055-090,GASOLINA ADITIVADA,22/09/2025,"6,8",,R$ / litro,VIBRA
NE,SE,ARACAJU,POSTO ARIBE EIRELI,15083140000148,AVENIDA PROF JOSE O DE L NETO,150,,AMERICA,49080-480,GASOLINA ADITIVADA,22/09/2025,"6,83",,R$ / litro,VIBRA
NE,SE,ARACAJU,LUBRIFICANTES E ACESSÓRIOS LTDA.,13257050000109,AVENIDA BEIRA MAR,6,,13 DE JULHO,49020-010,GASOLINA ADITIVADA,22/09/2025,"6,62",,R$ / litro,VIBRA
NE,SE,ARACAJU,COMERCIAL MARIVAN LTDA,13179247000169,AVENIDA ADELIA FRANCO,2234,,LUZIA,49048-010,GASOLINA ADITIVADA,22/09/2025,"6,69",,R$ / litro,VIBRA
NE,SE,ARACAJU,POSTO CARMOPOLIS LTDA,13077342000151,AVENIDA JOAO RIBEIRO,680,,INDUSTRIAL,49065-310,GASOLINA ADITIVADA,22/09/2025,"6,62",,R$ / litro,VIBRA
NE,SE,ARACAJU,KLEBER SANTOS BATISTA LTDA,13042882000108,AVENIDA DESEMBARGADOR MAYNARD,770,,CIRURGIA,49055-210,GASOLINA ADITIVADA,22/09/2025,"6,62",,R$ / litro,BRANCA
NE,SE,ARACAJU,AMARAL & CIA LTDA,13008610000183,RUA MARIANO SALMERON,709,,SIQUEIRA CAMPOS,49075-370,GASOLINA ADITIVADA,22/09/2025,"6,72",,R$ / litro,VIBRA
NE,SE,ARACAJU,L. V. COMERCIO DE COMBUSTIVEIS LTDA,11433769000110,RUA SAO CRISTOVAO,1877,,GETULIO VARGAS,49055-620,GASOLINA ADITIVADA,22/09/2025,"6,88",,R$ / litro,RAIZEN
NE,SE,ARACAJU,ALPHA COMERCIAL DE COMBUSTIVEIS LTDA,8297710000803,AVENIDA FRANCISCO PORTO,650,LOJA  BR MANIA DELICATESSE,SALGADO FILHO,49020-120,GASOLINA ADITIVADA,22/09/2025,"6,89",,R$ / litro,VIBRA
NE,SE,ARACAJU,REDE DE POSTOS PRESIDENTE LTDA,32864795001063,RUA LARANJEIRAS,1781,,GETULIO VARGAS,49055-380,GASOLINA ADITIVADA,22/09/2025,"6,89",,R$ / litro,VIBRA
NE,SE,ARACAJU,POSTO PIRANEMA LTDA,9258664000391,AVENIDA PREFEITO HERACLITO ROLLEMBERG,2760,,FAROLANDIA,49030-640,GASOLINA ADITIVADA,22/09/2025,"6,89",,R$ / litro,VIBRA
NE,SE,ARACAJU,VASPETRO COMBUSTIVEL LTDA,4979182000145,AVENIDA BARAO DE MARUIM,552,,CENTRO,49010-340,GASOLINA ADITIVADA,30/09/2025,"6,62",,R$ / litro,BRANCA
NE,SE,ARACAJU,TYRESOLES DE SERGIPE INDUSTRIA COMERCIO E SERVICOS LTDA,13007828001004,AVENIDA GONCALO  ROLLEMBERG LEITE,1721,,LUZIA,49045-280,GASOLINA ADITIVADA,30/09/2025,"7,01",,R$ / litro,RAIZEN
NE,SE,ARACAJU,REDE DE POSTOS PRESIDENTE LTDA,32864795000172,AVENIDA COELHO E CAMPOS,1254,,SANTO ANTONIO,49060-000,GASOLINA ADITIVADA,30/09/2025,"6,89",,R$ / litro,VIBRA
NE,SE,ARACAJU,LIDER COMERCIO DE COMBUSTIVEIS LTDA,15591357000169,PRACA DA BANDEIRA,171,,CENTRO,49055-090,GASOLINA ADITIVADA,30/09/2025,"6,8",,R$ / litro,VIBRA
NE,SE,ARACAJU,POSTO ARIBE EIRELI,15083140000148,AVENIDA PROF JOSE O DE L NETO,150,,AMERICA,49080-480,GASOLINA ADITIVADA,30/09/2025,"6,83",,R$ / litro,VIBRA
NE,SE,ARACAJU,LUBRIFICANTES E ACESSÓRIOS LTDA.,13257050000109,AVENIDA BEIRA MAR,6,,13 DE JULHO,49020-010,GASOLINA ADITIVADA,30/09/2025,"6,62",,R$ / litro,VIBRA
NE,SE,ARACAJU,COMERCIAL MARIVAN LTDA,13179247000169,AVENIDA ADELIA FRANCO,2234,,LUZIA,49048-010,GASOLINA ADITIVADA,30/09/2025,"6,69",,R$ / litro,VIBRA
NE,SE,ARACAJU,POSTO CARMOPOLIS LTDA,13077342000151,AVENIDA JOAO RIBEIRO,680,,INDUSTRIAL,49065-310,GASOLINA ADITIVADA,30/09/2025,"6,62",,R$ / litro,VIBRA
NE,SE,ARACAJU,KLEBER SANTOS BATISTA LTDA,13042882000108,AVENIDA DESEMBARGADOR MAYNARD,770,,CIRURGIA,49055-210,GASOLINA ADITIVADA,30/09/2025,"6,62",,R$ / litro,BRANCA
NE,SE,ARACAJU,AMARAL & CIA LTDA,13008610000183,RUA MARIANO SALMERON,709,,SIQUEIRA CAMPOS,49075-370,GASOLINA ADITIVADA,30/09/2025,"6,72",,R$ / litro,VIBRA
NE,SE,ARACAJU,L. V. COMERCIO DE COMBUSTIVEIS LTDA,11433769000110,RUA SAO CRISTOVAO,1877,,GETULIO VARGAS,49055-620,GASOLINA ADITIVADA,30/09/2025,"6,88",,R$ / litro,RAIZEN
NE,SE,ARACAJU,ALPHA COMERCIAL DE COMBUSTIVEIS LTDA,8297710000803,AVENIDA FRANCISCO PORTO,650,LOJA  BR MANIA DELICATESSE,SALGADO FILHO,49020-120,GASOLINA ADITIVADA,30/09/2025,"6,89",,R$ / litro,VIBRA
NE,SE,ARACAJU,REDE DE POSTOS PRESIDENTE LTDA,32864795001063,RUA LARANJEIRAS,1781,,GETULIO VARGAS,49055-380,GASOLINA ADITIVADA,30/09/2025,"6,89",,R$ / litro,VIBRA
NE,SE,ARACAJU,POSTO PIRANEMA LTDA,9258664000391,AVENIDA PREFEITO HERACLITO ROLLEMBERG,2760,,FAROLANDIA,49030-640,GASOLINA ADITIVADA,30/09/2025,"6,89",,R$ / litro,VIBRA
NE,SE,ARACAJU,VASPETRO COMBUSTIVEL LTDA,4979182000145,AVENIDA BARAO DE MARUIM,552,,CENTRO,49010-340,GASOLINA ADITIVADA,06/10/2025,"6,62",,R$ / litro,BRANCA
NE,SE,ARACAJU,TYRESOLES DE SERGIPE INDUSTRIA COMERCIO E SERVICOS LTDA,13007828001004,AVENIDA GONCALO  ROLLEMBERG LEITE,1721,,LUZIA,49045-280,GASOLINA ADITIVADA,06/10/2025,"7,01",,R$ / litro,RAIZEN
NE,SE,ARACAJU,REDE DE POSTOS PRESIDENTE LTDA,32864795000172,AVENIDA COELHO E CAMPOS,1254,,SANTO ANTONIO,49060-000,GASOLINA ADITIVADA,06/10/2025,"6,89",,R$ / litro,VIBRA
NE,SE,ARACAJU,LIDER COMERCIO DE COMBUSTIVEIS LTDA,15591357000169,PRACA DA BANDEIRA,171,,CENTRO,49055-090,GASOLINA ADITIVADA,06/10/2025,"6,8",,R$ / litro,VIBRA
NE,SE,ARACAJU,POSTO ARIBE EIRELI,15083140000148,AVENIDA PROF JOSE O DE L NETO,150,,AMERICA,49080-480,GASOLINA ADITIVADA,06/10/2025,"6,83",,R$ / litro,VIBRA
NE,SE,ARACAJU,LUBRIFICANTES E ACESSÓRIOS LTDA.,13257050000109,AVENIDA BEIRA MAR,6,,13 DE JULHO,49020-010,GASOLINA ADITIVADA,06/10/2025,"6,62",,R$ / litro,VIBRA
NE,SE,ARACAJU,COMERCIAL MARIVAN LTDA,13179247000169,AVENIDA ADELIA FRANCO,2234,,LUZIA,49048-010,GASOLINA ADITIVADA,06/10/2025,"6,69",,R$ / litro,VIBRA
NE,SE,ARACAJU,POSTO CARMOPOLIS LTDA,13077342000151,AVENIDA JOAO RIBEIRO,680,,INDUSTRIAL,49065-310,GASOLINA ADITIVADA,06/10/2025,"6,62",,R$ / litro,VIBRA
NE,SE,ARACAJU,KLEBER SANTOS BATISTA LTDA,13042882000108,AVENIDA DESEMBARGADOR MAYNARD,770,,CIRURGIA,49055-210,GASOLINA ADITIVADA,06/10/2025,"6,62",,R$ / litro,BRANCA
NE,SE,ARACAJU,AMARAL & CIA LTDA,13008610000183,RUA MARIANO SALMERON,709,,SIQUEIRA CAMPOS,49075-370,GASOLINA ADITIVADA,06/10/2025,"6,72",,R$ / litro,VIBRA
NE,SE,ARACAJU,L. V. COMERCIO DE COMBUSTIVEIS LTDA,11433769000110,RUA SAO CRISTOVAO,1877,,GETULIO VARGAS,49055-620,GASOLINA ADITIVADA,06/10/2025,"6,88",,R$ / litro,RAIZEN
NE,SE,ARACAJU,ALPHA COMERCIAL DE COMBUSTIVEIS LTDA,8297710000803,AVENIDA FRANCISCO PORTO,650,LOJA  BR MANIA DELICATESSE,SALGADO FILHO,49020-120,GASOLINA ADITIVADA,06/10/2025,"6,89",,R$ / litro,VIBRA
NE,SE,ARACAJU,REDE DE POSTOS PRESIDENTE LTDA,32864795001063,RUA LARANJEIRAS,1781,,GETULIO VARGAS,49055-380,GASOLINA ADITIVADA,06/10/2025,"6,89",,R$ / litro,VIBRA
NE,SE,ARACAJU,POSTO PIRANEMA LTDA,9258664000391,AVENIDA PREFEITO HERACLITO ROLLEMBERG,2760,,FAROLANDIA,49030-640,GASOLINA ADITIVADA,06/10/2025,"6,89",,R$ / litro,VIBRA
NE,SE,ARACAJU,VASPETRO COMBUSTIVEL LTDA,4979182000145,AVENIDA BARAO DE MARUIM,552,,CENTRO,49010-340,GASOLINA ADITIVADA,13/10/2025,"6,62",,R$ / litro,BRANCA
NE,SE,ARACAJU,TYRESOLES DE SERGIPE INDUSTRIA COMERCIO E SERVICOS LTDA,13007828001004,AVENIDA GONCALO  ROLLEMBERG LEITE,1721,,LUZIA,49045-280,GASOLINA ADITIVADA,13/10/2025,"7,01",,R$ / litro,RAIZEN
NE,SE,ARACAJU,REDE DE POSTOS PRESIDENTE LTDA,32864795000172,AVENIDA COELHO E CAMPOS,1254,,SANTO ANTONIO,49060-000,GASOLINA ADITIVADA,13/10/2025,"6,89",,R$ / litro,VIBRA
NE,SE,ARACAJU,LIDER COMERCIO DE COMBUSTIVEIS LTDA,15591357000169,PRACA DA BANDEIRA,171,,CENTRO,49055-090,GASOLINA ADITIVADA,13/10/2025,"6,8",,R$ / litro,VIBRA
NE,SE,ARACAJU,POSTO ARIBE EIRELI,15083140000148,AVENIDA PROF JOSE O DE L NETO,150,,AMERICA,49080-480,GASOLINA ADITIVADA,13/10/2025,"6,83",,R$ / litro,VIBRA
NE,SE,ARACAJU,LUBRIFICANTES E ACESSÓRIOS LTDA.,13257050000109,AVENIDA BEIRA MAR,6,,13 DE JULHO,49020-010,GASOLINA ADITIVADA,13/10/2025,"6,62",,R$ / litro,VIBRA
NE,SE,ARACAJU,COMERCIAL MARIVAN LTDA,13179247000169,AVENIDA ADELIA FRANCO,2234,,LUZIA,49048-010,GASOLINA ADITIVADA,13/10/2025,"6,69",,R$ / litro,VIBRA
NE,SE,ARACAJU,POSTO CARMOPOLIS LTDA,13077342000151,AVENIDA JOAO RIBEIRO,680,,INDUSTRIAL,49065-310,GASOLINA ADITIVADA,13/10/2025,"6,62",,R$ / litro,VIBRA
NE,SE,ARACAJU,KLEBER SANTOS BATISTA LTDA,13042882000108,AVENIDA DESEMBARGADOR MAYNARD,770,,CIRURGIA,49055-210,GASOLINA ADITIVADA,13/10/2025,"6,62",,R$ / litro,BRANCA
NE,SE,ARACAJU,AMARAL & CIA LTDA,13008610000183,RUA MARIANO SALMERON,709,,SIQUEIRA CAMPOS,49075-370,GASOLINA ADITIVADA,13/10/2025,"6,72",,R$ / litro,VIBRA
NE,SE,ARACAJU,L. V. COMERCIO DE COMBUSTIVEIS LTDA,11433769000110,RUA SAO CRISTOVAO,1877,,GETULIO VARGAS,49055-620,GASOLINA ADITIVADA,13/10/2025,"6,88",,R$ / litro,RAIZEN
NE,SE,ARACAJU,ALPHA COMERCIAL DE COMBUSTIVEIS LTDA,8297710000803,AVENIDA FRANCISCO PORTO,650,LOJA  BR MANIA DELICATESSE,SALGADO FILHO,49020-120,GASOLINA ADITIVADA,13/10/2025,"6,69",,R$ / litro,VIBRA
NE,SE,ARACAJU,REDE DE POSTOS PRESIDENTE LTDA,32864795001063,RUA LARANJEIRAS,1781,,GETULIO VARGAS,49055-380,GASOLINA ADITIVADA,13/10/2025,"6,89",,R$ / litro,VIBRA
NE,SE,ARACAJU,POSTO PIRANEMA LTDA,9258664000391,AVENIDA PREFEITO HERACLITO ROLLEMBERG,2760,,FAROLANDIA,49030-640,GASOLINA ADITIVADA,13/10/2025,"6,89",,R$ / litro,VIBRA
NE,SE,ARACAJU,VASPETRO COMBUSTIVEL LTDA,4979182000145,AVENIDA BARAO DE MARUIM,552,,CENTRO,49010-340,GASOLINA ADITIVADA,20/10/2025,"6,62",,R$ / litro,BRANCA
NE,SE,ARACAJU,TYRESOLES DE SERGIPE INDUSTRIA COMERCIO E SERVICOS LTDA,13007828001004,AVENIDA GONCALO  ROLLEMBERG LEITE,1721,,LUZIA,49045-280,GASOLINA ADITIVADA,20/10/2025,"7,01",,R$ / litro,RAIZEN
NE,SE,ARACAJU,LIDER COMERCIO DE COMBUSTIVEIS LTDA,15591357000169,PRACA DA BANDEIRA,171,,CENTRO,49055-090,GASOLINA ADITIVADA,20/10/2025,"6,8",,R$ / litro,VIBRA
NE,SE,ARACAJU,POSTO ARIBE EIRELI,15083140000148,AVENIDA PROF JOSE O DE L NETO,150,,AMERICA,49080-480,GASOLINA ADITIVADA,20/10/2025,"6,83",,R$ / litro,VIBRA
NE,SE,ARACAJU,LUBRIFICANTES E ACESSÓRIOS LTDA.,13257050000109,AVENIDA BEIRA MAR,6,,13 DE JULHO,49020-010,GASOLINA ADITIVADA,20/10/2025,"6,62",,R$ / litro,VIBRA
NE,SE,ARACAJU,COMERCIAL MARIVAN LTDA,13179247000169,AVENIDA ADELIA FRANCO,2234,,LUZIA,49048-010,GASOLINA ADITIVADA,20/10/2025,"6,69",,R$ / litro,VIBRA
NE,SE,ARACAJU,POSTO CARMOPOLIS LTDA,13077342000151,AVENIDA JOAO RIBEIRO,680,,INDUSTRIAL,49065-310,GASOLINA ADITIVADA,20/10/2025,"6,62",,R$ / litro,VIBRA
NE,SE,ARACAJU,KLEBER SANTOS BATISTA LTDA,13042882000108,AVENIDA DESEMBARGADOR MAYNARD,770,,CIRURGIA,49055-210,GASOLINA ADITIVADA,20/10/2025,"6,62",,R$ / litro,BRANCA
NE,SE,ARACAJU,AMARAL & CIA LTDA,13008610000183,RUA MARIANO SALMERON,709,,SIQUEIRA CAMPOS,49075-370,GASOLINA ADITIVADA,20/10/2025,"6,72",,R$ / litro,VIBRA
NE,SE,ARACAJU,L. V. COMERCIO DE COMBUSTIVEIS LTDA,11433769000110,RUA SAO CRISTOVAO,1877,,GETULIO VARGAS,49055-620,GASOLINA ADITIVADA,20/10/2025,"6,91",,R$ / litro,RAIZEN
NE,SE,ARACAJU,ALPHA COMERCIAL DE COMBUSTIVEIS LTDA,8297710000803,AVENIDA FRANCISCO PORTO,650,LOJA  BR MANIA DELICATESSE,SALGADO FILHO,49020-120,GASOLINA ADITIVADA,20/10/2025,"6,69",,R$ / litro,VIBRA
NE,SE,ARACAJU,REDE DE POSTOS PRESIDENTE LTDA,32864795001063,RUA LARANJEIRAS,1781,,GETULIO VARGAS,49055-380,GASOLINA ADITIVADA,20/10/2025,"6,89",,R$ / litro,VIBRA
NE,SE,ARACAJU,POSTO PIRANEMA LTDA,9258664000391,AVENIDA PREFEITO HERACLITO ROLLEMBERG,2760,,FAROLANDIA,49030-640,GASOLINA ADITIVADA,20/10/2025,"6,89",,R$ / litro,VIBRA
NE,SE,ARACAJU,TYRESOLES DE SERGIPE INDUSTRIA COMERCIO E SERVICOS LTDA,13007828001004,AVENIDA GONCALO  ROLLEMBERG LEITE,1721,,LUZIA,49045-280,GASOLINA ADITIVADA,28/10/2025,"6,91",,R$ / litro,RAIZEN
NE,SE,ARACAJU,REDE DE POSTOS PRESIDENTE LTDA,32864795000172,AVENIDA COELHO E CAMPOS,1254,,SANTO ANTONIO,49060-000,GASOLINA ADITIVADA,28/10/2025,"6,79",,R$ / litro,VIBRA
NE,SE,ARACAJU,POSTO ARIBE EIRELI,15083140000148,AVENIDA PROF JOSE O DE L NETO,150,,AMERICA,49080-480,GASOLINA ADITIVADA,28/10/2025,"6,74",,R$ / litro,VIBRA
NE,SE,ARACAJU,COMERCIAL MARIVAN LTDA,13179247000169,AVENIDA ADELIA FRANCO,2234,,LUZIA,49048-010,GASOLINA ADITIVADA,28/10/2025,"6,59",,R$ / litro,VIBRA
NE,SE,ARACAJU,POSTO CARMOPOLIS LTDA,13077342000151,AVENIDA JOAO RIBEIRO,680,,INDUSTRIAL,49065-310,GASOLINA ADITIVADA,28/10/2025,"6,52",,R$ / litro,VIBRA
NE,SE,ARACAJU,KLEBER SANTOS BATISTA LTDA,13042882000108,AVENIDA DESEMBARGADOR MAYNARD,770,,CIRURGIA,49055-210,GASOLINA ADITIVADA,28/10/2025,"6,52",,R$ / litro,BRANCA
NE,SE,ARACAJU,AMARAL & CIA LTDA,13008610000183,RUA MARIANO SALMERON,709,,SIQUEIRA CAMPOS,49075-370,GASOLINA ADITIVADA,28/10/2025,"6,62",,R$ / litro,VIBRA
NE,SE,ARACAJU,L. V. COMERCIO DE COMBUSTIVEIS LTDA,11433769000110,RUA SAO CRISTOVAO,1877,,GETULIO VARGAS,49055-620,GASOLINA ADITIVADA,28/10/2025,"6,86",,R$ / litro,RAIZEN
NE,SE,ARACAJU,ALPHA COMERCIAL DE COMBUSTIVEIS LTDA,8297710000803,AVENIDA FRANCISCO PORTO,650,LOJA  BR MANIA DELICATESSE,SALGADO FILHO,49020-120,GASOLINA ADITIVADA,28/10/2025,"6,59",,R$ / litro,VIBRA
NE,SE,ARACAJU,REDE DE POSTOS PRESIDENTE LTDA,32864795001063,RUA LARANJEIRAS,1781,,GETULIO VARGAS,49055-380,GASOLINA ADITIVADA,28/10/2025,"6,79",,R$ / litro,VIBRA
NE,SE,ARACAJU,POSTO PIRANEMA LTDA,9258664000391,AVENIDA PREFEITO HERACLITO ROLLEMBERG,2760,,FAROLANDIA,49030-640,GASOLINA ADITIVADA,28/10/2025,"6,79",,R$ / litro,VIBRA
NE,SE,ARACAJU,VASPETRO COMBUSTIVEL LTDA,4979182000145,AVENIDA BARAO DE MARUIM,552,,CENTRO,49010-340,GASOLINA ADITIVADA,29/10/2025,"6,52",,R$ / litro,BRANCA
NE,SE,ARACAJU,LIDER COMERCIO DE COMBUSTIVEIS LTDA,15591357000169,PRACA DA BANDEIRA,171,,CENTRO,49055-090,GASOLINA ADITIVADA,29/10/2025,"6,8",,R$ / litro,VIBRA
NE,SE,ARACAJU,LUBRIFICANTES E ACESSÓRIOS LTDA.,13257050000109,AVENIDA BEIRA MAR,6,,13 DE JULHO,49020-010,GASOLINA ADITIVADA,29/10/2025,"6,52",,R$ / litro,VIBRA
NE,SE,ARACAJU,TYRESOLES DE SERGIPE INDUSTRIA COMERCIO E SERVICOS LTDA,13007828001004,AVENIDA GONCALO  ROLLEMBERG LEITE,1721,,LUZIA,49045-280,GASOLINA ADITIVADA,04/11/2025,"6,91",,R$ / litro,RAIZEN
NE,SE,ARACAJU,REDE DE POSTOS PRESIDENTE LTDA,32864795000172,AVENIDA COELHO E CAMPOS,1254,,SANTO ANTONIO,49060-000,GASOLINA ADITIVADA,04/11/2025,"6,79",,R$ / litro,VIBRA
NE,SE,ARACAJU,POSTO ARIBE EIRELI,15083140000148,AVENIDA PROF JOSE O DE L NETO,150,,AMERICA,49080-480,GASOLINA ADITIVADA,04/11/2025,"6,74",,R$ / litro,VIBRA
NE,SE,ARACAJU,COMERCIAL MARIVAN LTDA,13179247000169,AVENIDA ADELIA FRANCO,2234,,LUZIA,49048-010,GASOLINA ADITIVADA,04/11/2025,"6,59",,R$ / litro,VIBRA
NE,SE,ARACAJU,KLEBER SANTOS BATISTA LTDA,13042882000108,AVENIDA DESEMBARGADOR MAYNARD,770,,CIRURGIA,49055-210,GASOLINA ADITIVADA,04/11/2025,"6,52",,R$ / litro,BRANCA
NE,SE,ARACAJU,AMARAL & CIA LTDA,13008610000183,RUA MARIANO SALMERON,709,,SIQUEIRA CAMPOS,49075-370,GASOLINA ADITIVADA,04/11/2025,"6,62",,R$ / litro,VIBRA
NE,SE,ARACAJU,L. V. COMERCIO DE COMBUSTIVEIS LTDA,11433769000110,RUA SAO CRISTOVAO,1877,,GETULIO VARGAS,49055-620,GASOLINA ADITIVADA,04/11/2025,"6,86",,R$ / litro,RAIZEN
NE,SE,ARACAJU,ALPHA COMERCIAL DE COMBUSTIVEIS LTDA,8297710000803,AVENIDA FRANCISCO PORTO,650,LOJA  BR MANIA DELICATESSE,SALGADO FILHO,49020-120,GASOLINA ADITIVADA,04/11/2025,"6,59",,R$ / litro,VIBRA
NE,SE,ARACAJU,REDE DE POSTOS PRESIDENTE LTDA,32864795001063,RUA LARANJEIRAS,1781,,GETULIO VARGAS,49055-380,GASOLINA ADITIVADA,04/11/2025,"6,79",,R$ / litro,VIBRA
NE,SE,ARACAJU,POSTO PIRANEMA LTDA,9258664000391,AVENIDA PREFEITO HERACLITO ROLLEMBERG,2760,,FAROLANDIA,49030-640,GASOLINA ADITIVADA,04/11/2025,"6,79",,R$ / litro,VIBRA
NE,SE,ARACAJU,VASPETRO COMBUSTIVEL LTDA,4979182000145,AVENIDA BARAO DE MARUIM,552,,CENTRO,49010-340,GASOLINA ADITIVADA,05/11/2025,"6,52",,R$ / litro,BRANCA
NE,SE,ARACAJU,LIDER COMERCIO DE COMBUSTIVEIS LTDA,15591357000169,PRACA DA BANDEIRA,171,,CENTRO,49055-090,GASOLINA ADITIVADA,05/11/2025,"6,68",,R$ / litro,VIBRA
NE,SE,ARACAJU,LUBRIFICANTES E ACESSÓRIOS LTDA.,13257050000109,AVENIDA BEIRA MAR,6,,13 DE JULHO,49020-010,GASOLINA ADITIVADA,05/11/2025,"6,52",,R$ / litro,VIBRA
NE,SE,ARACAJU,POSTO CARMOPOLIS LTDA,13077342000151,AVENIDA JOAO RIBEIRO,680,,INDUSTRIAL,49065-310,GASOLINA ADITIVADA,05/11/2025,"6,52",,R$ / litro,BRANCA
NE,SE,ARACAJU,VASPETRO COMBUSTIVEL LTDA,4979182000145,AVENIDA BARAO DE MARUIM,552,,CENTRO,49010-340,GASOLINA ADITIVADA,11/11/2025,"6,52",,R$ / litro,BRANCA
NE,SE,ARACAJU,TYRESOLES DE SERGIPE INDUSTRIA COMERCIO E SERVICOS LTDA,13007828001004,AVENIDA GONCALO  ROLLEMBERG LEITE,1721,,LUZIA,49045-280,GASOLINA ADITIVADA,11/11/2025,"6,91",,R$ / litro,RAIZEN
NE,SE,ARACAJU,REDE DE POSTOS PRESIDENTE LTDA,32864795000172,AVENIDA COELHO E CAMPOS,1254,,SANTO ANTONIO,49060-000,GASOLINA ADITIVADA,11/11/2025,"6,79",,R$ / litro,VIBRA
NE,SE,ARACAJU,LIDER COMERCIO DE COMBUSTIVEIS LTDA,15591357000169,PRACA DA BANDEIRA,171,,CENTRO,49055-090,GASOLINA ADITIVADA,11/11/2025,"6,68",,R$ / litro,VIBRA
NE,SE,ARACAJU,POSTO ARIBE EIRELI,15083140000148,AVENIDA PROF JOSE O DE L NETO,150,,AMERICA,49080-480,GASOLINA ADITIVADA,11/11/2025,"6,74",,R$ / litro,VIBRA
NE,SE,ARACAJU,LUBRIFICANTES E ACESSÓRIOS LTDA.,13257050000109,AVENIDA BEIRA MAR,6,,13 DE JULHO,49020-010,GASOLINA ADITIVADA,11/11/2025,"6,52",,R$ / litro,VIBRA
NE,SE,ARACAJU,COMERCIAL MARIVAN LTDA,13179247000169,AVENIDA ADELIA FRANCO,2234,,LUZIA,49048-010,GASOLINA ADITIVADA,11/11/2025,"6,59",,R$ / litro,VIBRA
NE,SE,ARACAJU,POSTO CARMOPOLIS LTDA,13077342000151,AVENIDA JOAO RIBEIRO,680,,INDUSTRIAL,49065-310,GASOLINA ADITIVADA,11/11/2025,"6,52",,R$ / litro,BRANCA
NE,SE,ARACAJU,KLEBER SANTOS BATISTA LTDA,13042882000108,AVENIDA DESEMBARGADOR MAYNARD,770,,CIRURGIA,49055-210,GASOLINA ADITIVADA,11/11/2025,"6,52",,R$ / litro,BRANCA
NE,SE,ARACAJU,AMARAL & CIA LTDA,13008610000183,RUA MARIANO SALMERON,709,,SIQUEIRA CAMPOS,49075-370,GASOLINA ADITIVADA,11/11/2025,"6,62",,R$ / litro,VIBRA
NE,SE,ARACAJU,L. V. COMERCIO DE COMBUSTIVEIS LTDA,11433769000110,RUA SAO CRISTOVAO,1877,,GETULIO VARGAS,49055-620,GASOLINA ADITIVADA,11/11/2025,"6,86",,R$ / litro,RAIZEN
NE,SE,ARACAJU,ALPHA COMERCIAL DE COMBUSTIVEIS LTDA,8297710000803,AVENIDA FRANCISCO PORTO,650,LOJA  BR MANIA DELICATESSE,SALGADO FILHO,49020-120,GASOLINA ADITIVADA,11/11/2025,"6,59",,R$ / litro,VIBRA
NE,SE,ARACAJU,REDE DE POSTOS PRESIDENTE LTDA,32864795001063,RUA LARANJEIRAS,1781,,GETULIO VARGAS,49055-380,GASOLINA ADITIVADA,11/11/2025,"6,79",,R$ / litro,VIBRA
NE,SE,ARACAJU,POSTO PIRANEMA LTDA,9258664000391,AVENIDA PREFEITO HERACLITO ROLLEMBERG,2760,,FAROLANDIA,49030-640,GASOLINA ADITIVADA,11/11/2025,"6,79",,R$ / litro,VIBRA
NE,SE,ARACAJU,VASPETRO COMBUSTIVEL LTDA,4979182000145,AVENIDA BARAO DE MARUIM,552,,CENTRO,49010-340,GASOLINA ADITIVADA,18/11/2025,"6,52",,R$ / litro,BRANCA
NE,SE,ARACAJU,TYRESOLES DE SERGIPE INDUSTRIA COMERCIO E SERVICOS LTDA,13007828001004,AVENIDA GONCALO  ROLLEMBERG LEITE,1721,,LUZIA,49045-280,GASOLINA ADITIVADA,18/11/2025,"6,91",,R$ / litro,RAIZEN
NE,SE,ARACAJU,REDE DE POSTOS PRESIDENTE LTDA,32864795000172,AVENIDA COELHO E CAMPOS,1254,,SANTO ANTONIO,49060-000,GASOLINA ADITIVADA,18/11/2025,"6,79",,R$ / litro,VIBRA
NE,SE,ARACAJU,LIDER COMERCIO DE COMBUSTIVEIS LTDA,15591357000169,PRACA DA BANDEIRA,171,,CENTRO,49055-090,GASOLINA ADITIVADA,18/11/2025,"6,68",,R$ / litro,VIBRA
NE,SE,ARACAJU,POSTO ARIBE EIRELI,15083140000148,AVENIDA PROF JOSE O DE L NETO,150,,AMERICA,49080-480,GASOLINA ADITIVADA,18/11/2025,"6,74",,R$ / litro,VIBRA
NE,SE,ARACAJU,LUBRIFICANTES E ACESSÓRIOS LTDA.,13257050000109,AVENIDA BEIRA MAR,6,,13 DE JULHO,49020-010,GASOLINA ADITIVADA,18/11/2025,"6,52",,R$ / litro,VIBRA
NE,SE,ARACAJU,COMERCIAL MARIVAN LTDA,13179247000169,AVENIDA ADELIA FRANCO,2234,,LUZIA,49048-010,GASOLINA ADITIVADA,18/11/2025,"6,59",,R$ / litro,VIBRA
NE,SE,ARACAJU,POSTO CARMOPOLIS LTDA,13077342000151,AVENIDA JOAO RIBEIRO,680,,INDUSTRIAL,49065-310,GASOLINA ADITIVADA,18/11/2025,"6,52",,R$ / litro,BRANCA
NE,SE,ARACAJU,KLEBER SANTOS BATISTA LTDA,13042882000108,AVENIDA DESEMBARGADOR MAYNARD,770,,CIRURGIA,49055-210,GASOLINA ADITIVADA,18/11/2025,"6,52",,R$ / litro,BRANCA
NE,SE,ARACAJU,AMARAL & CIA LTDA,13008610000183,RUA MARIANO SALMERON,709,,SIQUEIRA CAMPOS,49075-370,GASOLINA ADITIVADA,18/11/2025,"6,62",,R$ / litro,VIBRA
NE,SE,ARACAJU,L. V. COMERCIO DE COMBUSTIVEIS LTDA,11433769000110,RUA SAO CRISTOVAO,1877,,GETULIO VARGAS,49055-620,GASOLINA ADITIVADA,18/11/2025,"6,88",,R$ / litro,RAIZEN
NE,SE,ARACAJU,ALPHA COMERCIAL DE COMBUSTIVEIS LTDA,8297710000803,AVENIDA FRANCISCO PORTO,650,LOJA  BR MANIA DELICATESSE,SALGADO FILHO,49020-120,GASOLINA ADITIVADA,18/11/2025,"6,79",,R$ / litro,VIBRA
NE,SE,ARACAJU,REDE DE POSTOS PRESIDENTE LTDA,32864795001063,RUA LARANJEIRAS,1781,,GETULIO VARGAS,49055-380,GASOLINA ADITIVADA,18/11/2025,"6,79",,R$ / litro,VIBRA
NE,SE,ARACAJU,POSTO PIRANEMA LTDA,9258664000391,AVENIDA PREFEITO HERACLITO ROLLEMBERG,2760,,FAROLANDIA,49030-640,GASOLINA ADITIVADA,18/11/2025,"6,79",,R$ / litro,VIBRA
NE,SE,ARACAJU,VASPETRO COMBUSTIVEL LTDA,4979182000145,AVENIDA BARAO DE MARUIM,552,,CENTRO,49010-340,GASOLINA ADITIVADA,25/11/2025,"6,52",,R$ / litro,BRANCA
NE,SE,ARACAJU,TYRESOLES DE SERGIPE INDUSTRIA COMERCIO E SERVICOS LTDA,13007828001004,AVENIDA GONCALO  ROLLEMBERG LEITE,1721,,LUZIA,49045-280,GASOLINA ADITIVADA,25/11/2025,"6,91",,R$ / litro,RAIZEN
NE,SE,ARACAJU,REDE DE POSTOS PRESIDENTE LTDA,32864795000172,AVENIDA COELHO E CAMPOS,1254,,SANTO ANTONIO,49060-000,GASOLINA ADITIVADA,25/11/2025,"6,79",,R$ / litro,VIBRA
NE,SE,ARACAJU,LIDER COMERCIO DE COMBUSTIVEIS LTDA,15591357000169,PRACA DA BANDEIRA,171,,CENTRO,49055-090,GASOLINA ADITIVADA,25/11/2025,"6,68",,R$ / litro,VIBRA
NE,SE,ARACAJU,POSTO ARIBE EIRELI,15083140000148,AVENIDA PROF JOSE O DE L NETO,150,,AMERICA,49080-480,GASOLINA ADITIVADA,25/11/2025,"6,74",,R$ / litro,VIBRA
NE,SE,ARACAJU,LUBRIFICANTES E ACESSÓRIOS LTDA.,13257050000109,AVENIDA BEIRA MAR,6,,13 DE JULHO,49020-010,GASOLINA ADITIVADA,25/11/2025,"6,52",,R$ / litro,VIBRA
NE,SE,ARACAJU,COMERCIAL MARIVAN LTDA,13179247000169,AVENIDA ADELIA FRANCO,2234,,LUZIA,49048-010,GASOLINA ADITIVADA,25/11/2025,"6,59",,R$ / litro,VIBRA
NE,SE,ARACAJU,POSTO CARMOPOLIS LTDA,13077342000151,AVENIDA JOAO RIBEIRO,680,,INDUSTRIAL,49065-310,GASOLINA ADITIVADA,25/11/2025,"6,52",,R$ / litro,BRANCA
NE,SE,ARACAJU,KLEBER SANTOS BATISTA LTDA,13042882000108,AVENIDA DESEMBARGADOR MAYNARD,770,,CIRURGIA,49055-210,GASOLINA ADITIVADA,25/11/2025,"6,52",,R$ / litro,BRANCA
NE,SE,ARACAJU,AMARAL & CIA LTDA,13008610000183,RUA MARIANO SALMERON,709,,SIQUEIRA CAMPOS,49075-370,GASOLINA ADITIVADA,25/11/2025,"6,62",,R$ / litro,VIBRA
NE,SE,ARACAJU,L. V. COMERCIO DE COMBUSTIVEIS LTDA,11433769000110,RUA SAO CRISTOVAO,1877,,GETULIO VARGAS,49055-620,GASOLINA ADITIVADA,25/11/2025,"6,88",,R$ / litro,RAIZEN
NE,SE,ARACAJU,ALPHA COMERCIAL DE COMBUSTIVEIS LTDA,8297710000803,AVENIDA FRANCISCO PORTO,650,LOJA  BR MANIA DELICATESSE,SALGADO FILHO,49020-120,GASOLINA ADITIVADA,25/11/2025,"6,79",,R$ / litro,VIBRA
NE,SE,ARACAJU,REDE DE POSTOS PRESIDENTE LTDA,32864795001063,RUA LARANJEIRAS,1781,,GETULIO VARGAS,49055-380,GASOLINA ADITIVADA,25/11/2025,"6,79",,R$ / litro,VIBRA
NE,SE,ARACAJU,POSTO PIRANEMA LTDA,9258664000391,AVENIDA PREFEITO HERACLITO ROLLEMBERG,2760,,FAROLANDIA,49030-640,GASOLINA ADITIVADA,25/11/2025,"6,79",,R$ / litro,VIBRA
NE,SE,ARACAJU,POSTO ARIBE EIRELI,15083140000148,AVENIDA PROF JOSE O DE L NETO,150,,AMERICA,49080-480,GASOLINA ADITIVADA,02/12/2025,"6,74",,R$ / litro,VIBRA
NE,SE,ARACAJU,POSTO CARMOPOLIS LTDA,13077342000151,AVENIDA JOAO RIBEIRO,680,,INDUSTRIAL,49065-310,GASOLINA ADITIVADA,02/12/2025,"6,52",,R$ / litro,BRANCA
NE,SE,ARACAJU,AMARAL & CIA LTDA,13008610000183,RUA MARIANO SALMERON,709,,SIQUEIRA CAMPOS,49075-370,GASOLINA ADITIVADA,02/12/2025,"6,62",,R$ / litro,VIBRA
NE,SE,ARACAJU,ALPHA COMERCIAL DE COMBUSTIVEIS LTDA,8297710000803,AVENIDA FRANCISCO PORTO,650,LOJA  BR MANIA DELICATESSE,SALGADO FILHO,49020-120,GASOLINA ADITIVADA,02/12/2025,"6,79",,R$ / litro,VIBRA
NE,SE,ARACAJU,KLEBER SANTOS BATISTA LTDA,13042882000108,AVENIDA DESEMBARGADOR MAYNARD,770,,CIRURGIA,49055-210,GASOLINA ADITIVADA,08/12/2025,"6,52",,R$ / litro,BRANCA
NE,SE,ARACAJU,L. V. COMERCIO DE COMBUSTIVEIS LTDA,11433769000110,RUA SAO CRISTOVAO,1877,,GETULIO VARGAS,49055-620,GASOLINA ADITIVADA,08/12/2025,"6,88",,R$ / litro,RAIZEN
NE,SE,ARACAJU,REDE DE POSTOS PRESIDENTE LTDA,32864795001063,RUA LARANJEIRAS,1781,,GETULIO VARGAS,49055-380,GASOLINA ADITIVADA,08/12/2025,"6,79",,R$ / litro,VIBRA
NE,SE,ARACAJU,LIDER COMERCIO DE COMBUSTIVEIS LTDA,15591357000169,PRACA DA BANDEIRA,171,,CENTRO,49055-090,GASOLINA ADITIVADA,09/12/2025,"6,68",,R$ / litro,VIBRA
NE,SE,ARACAJU,POSTO ARIBE EIRELI,15083140000148,AVENIDA PROF JOSE O DE L NETO,150,,AMERICA,49080-480,GASOLINA ADITIVADA,09/12/2025,"6,74",,R$ / litro,VIBRA
NE,SE,ARACAJU,AMARAL & CIA LTDA,13008610000183,RUA MARIANO SALMERON,709,,SIQUEIRA CAMPOS,49075-370,GASOLINA ADITIVADA,09/12/2025,"6,62",,R$ / litro,VIBRA
NE,SE,ARACAJU,ALPHA COMERCIAL DE COMBUSTIVEIS LTDA,8297710000803,AVENIDA FRANCISCO PORTO,650,LOJA  BR MANIA DELICATESSE,SALGADO FILHO,49020-120,GASOLINA ADITIVADA,09/12/2025,"6,79",,R$ / litro,VIBRA
NE,SE,ARACAJU,KLEBER SANTOS BATISTA LTDA,13042882000108,AVENIDA DESEMBARGADOR MAYNARD,770,,CIRURGIA,49055-210,GASOLINA ADITIVADA,15/12/2025,"6,52",,R$ / litro,BRANCA
NE,SE,ARACAJU,L. V. COMERCIO DE COMBUSTIVEIS LTDA,11433769000110,RUA SAO CRISTOVAO,1877,,GETULIO VARGAS,49055-620,GASOLINA ADITIVADA,15/12/2025,"6,88",,R$ / litro,RAIZEN
NE,SE,ARACAJU,REDE DE POSTOS PRESIDENTE LTDA,32864795001063,RUA LARANJEIRAS,1781,,GETULIO VARGAS,49055-380,GASOLINA ADITIVADA,15/12/2025,"6,79",,R$ / litro,VIBRA
NE,SE,ARACAJU,TYRESOLES DE SERGIPE INDUSTRIA COMERCIO E SERVICOS LTDA,13007828001004,AVENIDA GONCALO  ROLLEMBERG LEITE,1721,,LUZIA,49045-280,GASOLINA ADITIVADA,17/12/2025,"6,91",,R$ / litro,RAIZEN
NE,SE,ARACAJU,POSTO ARIBE EIRELI,15083140000148,AVENIDA PROF JOSE O DE L NETO,150,,AMERICA,49080-480,GASOLINA ADITIVADA,17/12/2025,"6,74",,R$ / litro,VIBRA
NE,SE,ARACAJU,POSTO CARMOPOLIS LTDA,13077342000151,AVENIDA JOAO RIBEIRO,680,,INDUSTRIAL,49065-310,GASOLINA ADITIVADA,17/12/2025,"6,52",,R$ / litro,BRANCA
NE,SE,ARACAJU,AMARAL & CIA LTDA,13008610000183,RUA MARIANO SALMERON,709,,SIQUEIRA CAMPOS,49075-370,GASOLINA ADITIVADA,17/12/2025,"6,62",,R$ / litro,VIBRA
NE,SE,ARACAJU,ALPHA COMERCIAL DE COMBUSTIVEIS LTDA,8297710000803,AVENIDA FRANCISCO PORTO,650,LOJA  BR MANIA DELICATESSE,SALGADO FILHO,49020-120,GASOLINA ADITIVADA,17/12/2025,"6,79",,R$ / litro,VIBRA
NE,SE,ARACAJU,REDE DE POSTOS PRESIDENTE LTDA,32864795000172,AVENIDA COELHO E CAMPOS,1254,,SANTO ANTONIO,49060-000,GASOLINA ADITIVADA,23/12/2025,"6,79",,R$ / litro,VIBRA
NE,SE,ARACAJU,KLEBER SANTOS BATISTA LTDA,13042882000108,AVENIDA DESEMBARGADOR MAYNARD,770,,CIRURGIA,49055-210,GASOLINA ADITIVADA,23/12/2025,"6,52",,R$ / litro,BRANCA
NE,SE,ARACAJU,L. V. COMERCIO DE COMBUSTIVEIS LTDA,11433769000110,RUA SAO CRISTOVAO,1877,,GETULIO VARGAS,49055-620,GASOLINA ADITIVADA,23/12/2025,"6,88",,R$ / litro,RAIZEN
NE,SE,ARACAJU,REDE DE POSTOS PRESIDENTE LTDA,32864795001063,RUA LARANJEIRAS,1781,,GETULIO VARGAS,49055-380,GASOLINA ADITIVADA,23/12/2025,"6,79",,R$ / litro,VIBRA
NE,SE,ARACAJU,TYRESOLES DE SERGIPE INDUSTRIA COMERCIO E SERVICOS LTDA,13007828001004,AVENIDA GONCALO  ROLLEMBERG LEITE,1721,,LUZIA,49045-280,GASOLINA ADITIVADA,24/12/2025,"6,91",,R$ / litro,RAIZEN
NE,SE,ARACAJU,POSTO ARIBE EIRELI,15083140000148,AVENIDA PROF JOSE O DE L NETO,150,,AMERICA,49080-480,GASOLINA ADITIVADA,24/12/2025,"6,74",,R$ / litro,VIBRA
NE,SE,ARACAJU,POSTO CARMOPOLIS LTDA,13077342000151,AVENIDA JOAO RIBEIRO,680,,INDUSTRIAL,49065-310,GASOLINA ADITIVADA,24/12/2025,"6,52",,R$ / litro,BRANCA
NE,SE,ARACAJU,AMARAL & CIA LTDA,13008610000183,RUA MARIANO SALMERON,709,,SIQUEIRA CAMPOS,49075-370,GASOLINA ADITIVADA,24/12/2025,"6,62",,R$ / litro,VIBRA
NE,SE,ARACAJU,ALPHA COMERCIAL DE COMBUSTIVEIS LTDA,8297710000803,AVENIDA FRANCISCO PORTO,650,LOJA  BR MANIA DELICATESSE,SALGADO FILHO,49020-120,GASOLINA ADITIVADA,24/12/2025,"6,79",,R$ / litro,VIBRA
NE,SE,ARACAJU,POSTO CARMOPOLIS LTDA,13077342000151,AVENIDA JOAO RIBEIRO,680,,INDUSTRIAL,49065-310,GASOLINA ADITIVADA,29/12/2025,"6,52",,R$ / litro,BRANCA
NE,SE,ARACAJU,KLEBER SANTOS BATISTA LTDA,13042882000108,AVENIDA DESEMBARGADOR MAYNARD,770,,CIRURGIA,49055-210,GASOLINA ADITIVADA,29/12/2025,"6,52",,R$ / litro,BRANCA
NE,SE,ARACAJU,L. V. COMERCIO DE COMBUSTIVEIS LTDA,11433769000110,RUA SAO CRISTOVAO,1877,,GETULIO VARGAS,49055-620,GASOLINA ADITIVADA,29/12/2025,"6,88",,R$ / litro,RAIZEN
NE,SE,ARACAJU,REDE DE POSTOS PRESIDENTE LTDA,32864795001063,RUA LARANJEIRAS,1781,,GETULIO VARGAS,49055-380,GASOLINA ADITIVADA,29/12/2025,"6,79",,R$ / litro,VIBRA
NE,SE,ARACAJU,POSTO ARIBE EIRELI,15083140000148,AVENIDA PROF JOSE O DE L NETO,150,,AMERICA,49080-480,GASOLINA ADITIVADA,30/12/2025,"6,74",,R$ / litro,VIBRA
NE,SE,ARACAJU,AMARAL & CIA LTDA,13008610000183,RUA MARIANO SALMERON,709,,SIQUEIRA CAMPOS,49075-370,GASOLINA ADITIVADA,30/12/2025,"6,62",,R$ / litro,VIBRA
NE,SE,ARACAJU,ALPHA COMERCIAL DE COMBUSTIVEIS LTDA,8297710000803,AVENIDA FRANCISCO PORTO,650,LOJA  BR MANIA DELICATESSE,SALGADO FILHO,49020-120,GASOLINA ADITIVADA,30/12/2025,"6,79",,R$ / litro,VIBRA
NE,SE,ARACAJU,REDE DE POSTOS PRESIDENTE LTDA,32864795000172,AVENIDA COELHO E CAMPOS,1254,,SANTO ANTONIO,49060-000,GNV,08/07/2025,"4,99",,R$ / m3,VIBRA
NE,SE,ARACAJU,KLEBER SANTOS BATISTA LTDA,13042882000108,AVENIDA DESEMBARGADOR MAYNARD,770,,CIRURGIA,49055-210,GNV,08/07/2025,"4,99",,R$ / m3,BRANCA
NE,SE,ARACAJU,REDE DE POSTOS PRESIDENTE LTDA,32864795001063,RUA LARANJEIRAS,1781,,GETULIO VARGAS,49055-380,GNV,08/07/2025,"4,99",,R$ / m3,VIBRA
NE,SE,ARACAJU,REDE DE POSTOS PRESIDENTE LTDA,32864795000172,AVENIDA COELHO E CAMPOS,1254,,SANTO ANTONIO,49060-000,GNV,15/07/2025,"4,99",,R$ / m3,VIBRA
NE,SE,ARACAJU,KLEBER SANTOS BATISTA LTDA,13042882000108,AVENIDA DESEMBARGADOR MAYNARD,770,,CIRURGIA,49055-210,GNV,15/07/2025,"4,99",,R$ / m3,BRANCA
NE,SE,ARACAJU,REDE DE POSTOS PRESIDENTE LTDA,32864795001063,RUA LARANJEIRAS,1781,,GETULIO VARGAS,49055-380,GNV,15/07/2025,"4,99",,R$ / m3,VIBRA
NE,SE,ARACAJU,REDE DE POSTOS PRESIDENTE LTDA,32864795000172,AVENIDA COELHO E CAMPOS,1254,,SANTO ANTONIO,49060-000,GNV,22/07/2025,"4,99",,R$ / m3,VIBRA
NE,SE,ARACAJU,KLEBER SANTOS BATISTA LTDA,13042882000108,AVENIDA DESEMBARGADOR MAYNARD,770,,CIRURGIA,49055-210,GNV,22/07/2025,"4,99",,R$ / m3,BRANCA
NE,SE,ARACAJU,REDE DE POSTOS PRESIDENTE LTDA,32864795001063,RUA LARANJEIRAS,1781,,GETULIO VARGAS,49055-380,GNV,22/07/2025,"4,99",,R$ / m3,VIBRA
NE,SE,ARACAJU,REDE DE POSTOS PRESIDENTE LTDA,32864795000172,AVENIDA COELHO E CAMPOS,1254,,SANTO ANTONIO,49060-000,GNV,28/07/2025,"4,99",,R$ / m3,VIBRA
NE,SE,ARACAJU,KLEBER SANTOS BATISTA LTDA,13042882000108,AVENIDA DESEMBARGADOR MAYNARD,770,,CIRURGIA,49055-210,GNV,28/07/2025,"4,99",,R$ / m3,BRANCA
NE,SE,ARACAJU,REDE DE POSTOS PRESIDENTE LTDA,32864795001063,RUA LARANJEIRAS,1781,,GETULIO VARGAS,49055-380,GNV,28/07/2025,"4,99",,R$ / m3,VIBRA
NE,SE,ARACAJU,REDE DE POSTOS PRESIDENTE LTDA,32864795000172,AVENIDA COELHO E CAMPOS,1254,,SANTO ANTONIO,49060-000,GNV,05/08/2025,"4,69",,R$ / m3,VIBRA
NE,SE,ARACAJU,KLEBER SANTOS BATISTA LTDA,13042882000108,AVENIDA DESEMBARGADOR MAYNARD,770,,CIRURGIA,49055-210,GNV,05/08/2025,"4,69",,R$ / m3,BRANCA
NE,SE,ARACAJU,REDE DE POSTOS PRESIDENTE LTDA,32864795001063,RUA LARANJEIRAS,1781,,GETULIO VARGAS,49055-380,GNV,05/08/2025,"4,69",,R$ / m3,VIBRA
NE,SE,ARACAJU,REDE DE POSTOS PRESIDENTE LTDA,32864795000172,AVENIDA COELHO E CAMPOS,1254,,SANTO ANTONIO,49060-000,GNV,12/08/2025,"4,69",,R$ / m3,VIBRA
NE,SE,ARACAJU,KLEBER SANTOS BATISTA LTDA,13042882000108,AVENIDA DESEMBARGADOR MAYNARD,770,,CIRURGIA,49055-210,GNV,12/08/2025,"4,69",,R$ / m3,BRANCA
NE,SE,ARACAJU,REDE DE POSTOS PRESIDENTE LTDA,32864795001063,RUA LARANJEIRAS,1781,,GETULIO VARGAS,49055-380,GNV,12/08/2025,"4,69",,R$ / m3,VIBRA
NE,SE,ARACAJU,REDE DE POSTOS PRESIDENTE LTDA,32864795000172,AVENIDA COELHO E CAMPOS,1254,,SANTO ANTONIO,49060-000,GNV,19/08/2025,"4,69",,R$ / m3,VIBRA
NE,SE,ARACAJU,KLEBER SANTOS BATISTA LTDA,13042882000108,AVENIDA DESEMBARGADOR MAYNARD,770,,CIRURGIA,49055-210,GNV,19/08/2025,"4,69",,R$ / m3,BRANCA
NE,SE,ARACAJU,REDE DE POSTOS PRESIDENTE LTDA,32864795001063,RUA LARANJEIRAS,1781,,GETULIO VARGAS,49055-380,GNV,19/08/2025,"4,69",,R$ / m3,VIBRA
NE,SE,ARACAJU,KLEBER SANTOS BATISTA LTDA,13042882000108,AVENIDA DESEMBARGADOR MAYNARD,770,,CIRURGIA,49055-210,GNV,27/08/2025,"4,69",,R$ / m3,BRANCA
NE,SE,ARACAJU,REDE DE POSTOS PRESIDENTE LTDA,32864795000172,AVENIDA COELHO E CAMPOS,1254,,SANTO ANTONIO,49060-000,GNV,02/09/2025,"4,69",,R$ / m3,VIBRA
NE,SE,ARACAJU,KLEBER SANTOS BATISTA LTDA,13042882000108,AVENIDA DESEMBARGADOR MAYNARD,770,,CIRURGIA,49055-210,GNV,02/09/2025,"4,69",,R$ / m3,BRANCA
NE,SE,ARACAJU,REDE DE POSTOS PRESIDENTE LTDA,32864795001063,RUA LARANJEIRAS,1781,,GETULIO VARGAS,49055-380,GNV,02/09/2025,"4,69",,R$ / m3,VIBRA
NE,SE,ARACAJU,REDE DE POSTOS PRESIDENTE LTDA,32864795000172,AVENIDA COELHO E CAMPOS,1254,,SANTO ANTONIO,49060-000,GNV,09/09/2025,"4,69",,R$ / m3,VIBRA
NE,SE,ARACAJU,KLEBER SANTOS BATISTA LTDA,13042882000108,AVENIDA DESEMBARGADOR MAYNARD,770,,CIRURGIA,49055-210,GNV,09/09/2025,"4,69",,R$ / m3,BRANCA
NE,SE,ARACAJU,REDE DE POSTOS PRESIDENTE LTDA,32864795001063,RUA LARANJEIRAS,1781,,GETULIO VARGAS,49055-380,GNV,09/09/2025,"4,69",,R$ / m3,VIBRA
NE,SE,ARACAJU,REDE DE POSTOS PRESIDENTE LTDA,32864795000172,AVENIDA COELHO E CAMPOS,1254,,SANTO ANTONIO,49060-000,GNV,17/09/2025,"4,69",,R$ / m3,VIBRA
NE,SE,ARACAJU,KLEBER SANTOS BATISTA LTDA,13042882000108,AVENIDA DESEMBARGADOR MAYNARD,770,,CIRURGIA,49055-210,GNV,17/09/2025,"4,69",,R$ / m3,BRANCA
NE,SE,ARACAJU,REDE DE POSTOS PRESIDENTE LTDA,32864795001063,RUA LARANJEIRAS,1781,,GETULIO VARGAS,49055-380,GNV,17/09/2025,"4,69",,R$ / m3,VIBRA
NE,SE,ARACAJU,REDE DE POSTOS PRESIDENTE LTDA,32864795000172,AVENIDA COELHO E CAMPOS,1254,,SANTO ANTONIO,49060-000,GNV,22/09/2025,"4,69",,R$ / m3,VIBRA
NE,SE,ARACAJU,KLEBER SANTOS BATISTA LTDA,13042882000108,AVENIDA DESEMBARGADOR MAYNARD,770,,CIRURGIA,49055-210,GNV,22/09/2025,"4,69",,R$ / m3,BRANCA
NE,SE,ARACAJU,REDE DE POSTOS PRESIDENTE LTDA,32864795001063,RUA LARANJEIRAS,1781,,GETULIO VARGAS,49055-380,GNV,22/09/2025,"4,69",,R$ / m3,VIBRA
NE,SE,ARACAJU,REDE DE POSTOS PRESIDENTE LTDA,32864795000172,AVENIDA COELHO E CAMPOS,1254,,SANTO ANTONIO,49060-000,GNV,30/09/2025,"4,69",,R$ / m3,VIBRA
NE,SE,ARACAJU,KLEBER SANTOS BATISTA LTDA,13042882000108,AVENIDA DESEMBARGADOR MAYNARD,770,,CIRURGIA,49055-210,GNV,30/09/2025,"4,69",,R$ / m3,BRANCA
NE,SE,ARACAJU,REDE DE POSTOS PRESIDENTE LTDA,32864795001063,RUA LARANJEIRAS,1781,,GETULIO VARGAS,49055-380,GNV,30/09/2025,"4,69",,R$ / m3,VIBRA
NE,SE,ARACAJU,REDE DE POSTOS PRESIDENTE LTDA,32864795000172,AVENIDA COELHO E CAMPOS,1254,,SANTO ANTONIO,49060-000,GNV,06/10/2025,"4,69",,R$ / m3,VIBRA
NE,SE,ARACAJU,KLEBER SANTOS BATISTA LTDA,13042882000108,AVENIDA DESEMBARGADOR MAYNARD,770,,CIRURGIA,49055-210,GNV,06/10/2025,"4,69",,R$ / m3,BRANCA
NE,SE,ARACAJU,REDE DE POSTOS PRESIDENTE LTDA,32864795001063,RUA LARANJEIRAS,1781,,GETULIO VARGAS,49055-380,GNV,06/10/2025,"4,69",,R$ / m3,VIBRA
NE,SE,ARACAJU,REDE DE POSTOS PRESIDENTE LTDA,32864795000172,AVENIDA COELHO E CAMPOS,1254,,SANTO ANTONIO,49060-000,GNV,13/10/2025,"4,69",,R$ / m3,VIBRA
NE,SE,ARACAJU,KLEBER SANTOS BATISTA LTDA,13042882000108,AVENIDA DESEMBARGADOR MAYNARD,770,,CIRURGIA,49055-210,GNV,13/10/2025,"4,69",,R$ / m3,BRANCA
NE,SE,ARACAJU,REDE DE POSTOS PRESIDENTE LTDA,32864795001063,RUA LARANJEIRAS,1781,,GETULIO VARGAS,49055-380,GNV,13/10/2025,"4,69",,R$ / m3,VIBRA
NE,SE,ARACAJU,KLEBER SANTOS BATISTA LTDA,13042882000108,AVENIDA DESEMBARGADOR MAYNARD,770,,CIRURGIA,49055-210,GNV,20/10/2025,"4,69",,R$ / m3,BRANCA
NE,SE,ARACAJU,REDE DE POSTOS PRESIDENTE LTDA,32864795001063,RUA LARANJEIRAS,1781,,GETULIO VARGAS,49055-380,GNV,20/10/2025,"4,69",,R$ / m3,VIBRA
NE,SE,ARACAJU,REDE DE POSTOS PRESIDENTE LTDA,32864795000172,AVENIDA COELHO E CAMPOS,1254,,SANTO ANTONIO,49060-000,GNV,28/10/2025,"4,69",,R$ / m3,VIBRA
NE,SE,ARACAJU,KLEBER SANTOS BATISTA LTDA,13042882000108,AVENIDA DESEMBARGADOR MAYNARD,770,,CIRURGIA,49055-210,GNV,28/10/2025,"4,69",,R$ / m3,BRANCA
NE,SE,ARACAJU,REDE DE POSTOS PRESIDENTE LTDA,32864795001063,RUA LARANJEIRAS,1781,,GETULIO VARGAS,49055-380,GNV,28/10/2025,"4,69",,R$ / m3,VIBRA
NE,SE,ARACAJU,REDE DE POSTOS PRESIDENTE LTDA,32864795000172,AVENIDA COELHO E CAMPOS,1254,,SANTO ANTONIO,49060-000,GNV,04/11/2025,"4,69",,R$ / m3,VIBRA
NE,SE,ARACAJU,KLEBER SANTOS BATISTA LTDA,13042882000108,AVENIDA DESEMBARGADOR MAYNARD,770,,CIRURGIA,49055-210,GNV,04/11/2025,"4,69",,R$ / m3,BRANCA
NE,SE,ARACAJU,REDE DE POSTOS PRESIDENTE LTDA,32864795001063,RUA LARANJEIRAS,1781,,GETULIO VARGAS,49055-380,GNV,04/11/2025,"4,69",,R$ / m3,VIBRA
NE,SE,ARACAJU,REDE DE POSTOS PRESIDENTE LTDA,32864795000172,AVENIDA COELHO E CAMPOS,1254,,SANTO ANTONIO,49060-000,GNV,11/11/2025,"4,69",,R$ / m3,VIBRA
NE,SE,ARACAJU,KLEBER SANTOS BATISTA LTDA,13042882000108,AVENIDA DESEMBARGADOR MAYNARD,770,,CIRURGIA,49055-210,GNV,11/11/2025,"4,69",,R$ / m3,BRANCA
NE,SE,ARACAJU,REDE DE POSTOS PRESIDENTE LTDA,32864795001063,RUA LARANJEIRAS,1781,,GETULIO VARGAS,49055-380,GNV,11/11/2025,"4,69",,R$ / m3,VIBRA
NE,SE,ARACAJU,REDE DE POSTOS PRESIDENTE LTDA,32864795000172,AVENIDA COELHO E CAMPOS,1254,,SANTO ANTONIO,49060-000,GNV,18/11/2025,"4,69",,R$ / m3,VIBRA
NE,SE,ARACAJU,KLEBER SANTOS BATISTA LTDA,13042882000108,AVENIDA DESEMBARGADOR MAYNARD,770,,CIRURGIA,49055-210,GNV,18/11/2025,"4,69",,R$ / m3,BRANCA
NE,SE,ARACAJU,REDE DE POSTOS PRESIDENTE LTDA,32864795001063,RUA LARANJEIRAS,1781,,GETULIO VARGAS,49055-380,GNV,18/11/2025,"4,69",,R$ / m3,VIBRA
NE,SE,ARACAJU,REDE DE POSTOS PRESIDENTE LTDA,32864795000172,AVENIDA COELHO E CAMPOS,1254,,SANTO ANTONIO,49060-000,GNV,25/11/2025,"4,69",,R$ / m3,VIBRA
NE,SE,ARACAJU,KLEBER SANTOS BATISTA LTDA,13042882000108,AVENIDA DESEMBARGADOR MAYNARD,770,,CIRURGIA,49055-210,GNV,25/11/2025,"4,69",,R$ / m3,BRANCA
NE,SE,ARACAJU,REDE DE POSTOS PRESIDENTE LTDA,32864795001063,RUA LARANJEIRAS,1781,,GETULIO VARGAS,49055-380,GNV,25/11/2025,"4,69",,R$ / m3,VIBRA
NE,SE,ARACAJU,KLEBER SANTOS BATISTA LTDA,13042882000108,AVENIDA DESEMBARGADOR MAYNARD,770,,CIRURGIA,49055-210,GNV,08/12/2025,"4,69",,R$ / m3,BRANCA
NE,SE,ARACAJU,REDE DE POSTOS PRESIDENTE LTDA,32864795001063,RUA LARANJEIRAS,1781,,GETULIO VARGAS,49055-380,GNV,08/12/2025,"4,69",,R$ / m3,VIBRA
NE,SE,ARACAJU,KLEBER SANTOS BATISTA LTDA,13042882000108,AVENIDA DESEMBARGADOR MAYNARD,770,,CIRURGIA,49055-210,GNV,15/12/2025,"4,69",,R$ / m3,BRANCA
NE,SE,ARACAJU,REDE DE POSTOS PRESIDENTE LTDA,32864795001063,RUA LARANJEIRAS,1781,,GETULIO VARGAS,49055-380,GNV,15/12/2025,"4,69",,R$ / m3,VIBRA
NE,SE,ARACAJU,REDE DE POSTOS PRESIDENTE LTDA,32864795000172,AVENIDA COELHO E CAMPOS,1254,,SANTO ANTONIO,49060-000,GNV,23/12/2025,"4,69",,R$ / m3,VIBRA
NE,SE,ARACAJU,KLEBER SANTOS BATISTA LTDA,13042882000108,AVENIDA DESEMBARGADOR MAYNARD,770,,CIRURGIA,49055-210,GNV,23/12/2025,"4,69",,R$ / m3,BRANCA
NE,SE,ARACAJU,REDE DE POSTOS PRESIDENTE LTDA,32864795001063,RUA LARANJEIRAS,1781,,GETULIO VARGAS,49055-380,GNV,23/12/2025,"4,69",,R$ / m3,VIBRA
NE,SE,ARACAJU,KLEBER SANTOS BATISTA LTDA,13042882000108,AVENIDA DESEMBARGADOR MAYNARD,770,,CIRURGIA,49055-210,GNV,29/12/2025,"4,69",,R$ / m3,BRANCA
NE,SE,ARACAJU,REDE DE POSTOS PRESIDENTE LTDA,32864795001063,RUA LARANJEIRAS,1781,,GETULIO VARGAS,49055-380,GNV,29/12/2025,"4,69",,R$ / m3,VIBRA
NE,SE,ARACAJU,POSTO ARIBE EIRELI, 15.083.140/0001-48,AVENIDA PROF JOSE O DE L NETO,150,,AMERICA,49080-480,GASOLINA,06/01/2026,"6,52",,R$ / litro,VIBRA
NE,SE,ARACAJU,POSTO ARIBE EIRELI, 15.083.140/0001-48,AVENIDA PROF JOSE O DE L NETO,150,,AMERICA,49080-480,GASOLINA ADITIVADA,06/01/2026,"6,74",,R$ / litro,VIBRA
NE,SE,ARACAJU,J. L. OLIVEIRA & BARROS LTDA, 13.113.477/0004-78,AVENIDA ENGENHEIRO GENTIL TAVARES,381,,GETULIO VARGAS,49055-260,GASOLINA,05/01/2026,"6,58",,R$ / litro,VIBRA
NE,SE,ARACAJU,J. L. OLIVEIRA & BARROS LTDA, 13.113.477/0004-78,AVENIDA ENGENHEIRO GENTIL TAVARES,381,,GETULIO VARGAS,49055-260,DIESEL S10,05/01/2026,"6,29",,R$ / litro,VIBRA
NE,SE,ARACAJU,POSTO CARMOPOLIS LTDA, 13.077.342/0001-51,AVENIDA JOAO RIBEIRO,680,,INDUSTRIAL,49065-310,GASOLINA,06/01/2026,"6,52",,R$ / litro,BRANCA
NE,SE,ARACAJU,POSTO CARMOPOLIS LTDA, 13.077.342/0001-51,AVENIDA JOAO RIBEIRO,680,,INDUSTRIAL,49065-310,GASOLINA ADITIVADA,06/01/2026,"6,52",,R$ / litro,BRANCA
NE,SE,ARACAJU,POSTO CARMOPOLIS LTDA, 13.077.342/0001-51,AVENIDA JOAO RIBEIRO,680,,INDUSTRIAL,49065-310,DIESEL S10,06/01/2026,"5,76",,R$ / litro,BRANCA
NE,SE,ARACAJU,POSTO CARMOPOLIS LTDA, 13.077.342/0001-51,AVENIDA JOAO RIBEIRO,680,,INDUSTRIAL,49065-310,ETANOL,06/01/2026,"4,80",,R$ / litro,BRANCA
NE,SE,ARACAJU,KLEBER SANTOS BATISTA LTDA, 13.042.882/0001-08,AVENIDA DESEMBARGADOR MAYNARD,770,,CIRURGIA,49055-210,GASOLINA,05/01/2026,"6,52",,R$ / litro,BRANCA
NE,SE,ARACAJU,KLEBER SANTOS BATISTA LTDA, 13.042.882/0001-08,AVENIDA DESEMBARGADOR MAYNARD,770,,CIRURGIA,49055-210,GASOLINA ADITIVADA,05/01/2026,"6,52",,R$ / litro,BRANCA
NE,SE,ARACAJU,KLEBER SANTOS BATISTA LTDA, 13.042.882/0001-08,AVENIDA DESEMBARGADOR MAYNARD,770,,CIRURGIA,49055-210,DIESEL S10,05/01/2026,"5,76",,R$ / litro,BRANCA
NE,SE,ARACAJU,KLEBER SANTOS BATISTA LTDA, 13.042.882/0001-08,AVENIDA DESEMBARGADOR MAYNARD,770,,CIRURGIA,49055-210,ETANOL,05/01/2026,"4,80",,R$ / litro,BRANCA
NE,SE,ARACAJU,KLEBER SANTOS BATISTA LTDA, 13.042.882/0001-08,AVENIDA DESEMBARGADOR MAYNARD,770,,CIRURGIA,49055-210,GNV,05/01/2026,"4,69",,R$ / m³,BRANCA
NE,SE,ARACAJU,AMARAL & CIA LTDA, 13.008.610/0001-83,RUA MARIANO SALMERON,709,,SIQUEIRA CAMPOS,49075-370,GASOLINA,06/01/2026,"6,52",,R$ / litro,VIBRA
NE,SE,ARACAJU,AMARAL & CIA LTDA, 13.008.610/0001-83,RUA MARIANO SALMERON,709,,SIQUEIRA CAMPOS,49075-370,GASOLINA ADITIVADA,06/01/2026,"6,62",,R$ / litro,VIBRA
NE,SE,ARACAJU,AMARAL & CIA LTDA, 13.008.610/0001-83,RUA MARIANO SALMERON,709,,SIQUEIRA CAMPOS,49075-370,DIESEL S10,06/01/2026,"6,28",,R$ / litro,VIBRA
NE,SE,ARACAJU,AMARAL & CIA LTDA, 13.008.610/0001-83,RUA MARIANO SALMERON,709,,SIQUEIRA CAMPOS,49075-370,ETANOL,06/01/2026,"4,80",,R$ / litro,VIBRA
NE,SE,ARACAJU,REDE DE POSTOS PRESIDENTE LTDA, 32.864.795/0010-63,RUA LARANJEIRAS,1781,,GETULIO VARGAS,49055-380,GNV,05/01/2026,"4,69",,R$ / m³,VIBRA
NE,SE,ARACAJU,REDE DE POSTOS PRESIDENTE LTDA, 32.864.795/0010-63,RUA LARANJEIRAS,1781,,GETULIO VARGAS,49055-380,GASOLINA,05/01/2026,"6,59",,R$ / litro,VIBRA
NE,SE,ARACAJU,REDE DE POSTOS PRESIDENTE LTDA, 32.864.795/0010-63,RUA LARANJEIRAS,1781,,GETULIO VARGAS,49055-380,GASOLINA ADITIVADA,05/01/2026,"6,79",,R$ / litro,VIBRA
NE,SE,ARACAJU,TYRESOLES DE SERGIPE INDUSTRIA COMERCIO E SERVICOS LTDA, 13.007.828/0010-04,AVENIDA GONCALO  ROLLEMBERG LEITE,1721,,LUZIA,49045-280,GASOLINA,13/01/2026,"6,57",,R$ / litro,RAIZEN
NE,SE,ARACAJU,TYRESOLES DE SERGIPE INDUSTRIA COMERCIO E SERVICOS LTDA, 13.007.828/0010-04,AVENIDA GONCALO  ROLLEMBERG LEITE,1721,,LUZIA,49045-280,GASOLINA ADITIVADA,13/01/2026,"6,91",,R$ / litro,RAIZEN
NE,SE,ARACAJU,TYRESOLES DE SERGIPE INDUSTRIA COMERCIO E SERVICOS LTDA, 13.007.828/0010-04,AVENIDA GONCALO  ROLLEMBERG LEITE,1721,,LUZIA,49045-280,ETANOL,13/01/2026,"4,80",,R$ / litro,RAIZEN
NE,SE,ARACAJU,POSTO ARIBE EIRELI, 15.083.140/0001-48,AVENIDA PROF JOSE O DE L NETO,150,,AMERICA,49080-480,GASOLINA,13/01/2026,"6,52",,R$ / litro,VIBRA
NE,SE,ARACAJU,POSTO ARIBE EIRELI, 15.083.140/0001-48,AVENIDA PROF JOSE O DE L NETO,150,,AMERICA,49080-480,GASOLINA ADITIVADA,13/01/2026,"6,74",,R$ / litro,VIBRA
NE,SE,ARACAJU,LUBRIFICANTES E ACESSÓRIOS LTDA., 13.257.050/0001-09,AVENIDA BEIRA MAR,6,,13 DE JULHO,49020-010,GASOLINA,13/01/2026,"6,52",,R$ / litro,VIBRA
NE,SE,ARACAJU,LUBRIFICANTES E ACESSÓRIOS LTDA., 13.257.050/0001-09,AVENIDA BEIRA MAR,6,,13 DE JULHO,49020-010,GASOLINA ADITIVADA,13/01/2026,"6,52",,R$ / litro,VIBRA
NE,SE,ARACAJU,LUBRIFICANTES E ACESSÓRIOS LTDA., 13.257.050/0001-09,AVENIDA BEIRA MAR,6,,13 DE JULHO,49020-010,ETANOL,13/01/2026,"4,80",,R$ / litro,VIBRA
NE,SE,ARACAJU,J. L. OLIVEIRA & BARROS LTDA, 13.113.477/0004-78,AVENIDA ENGENHEIRO GENTIL TAVARES,381,,GETULIO VARGAS,49055-260,GASOLINA,12/01/2026,"6,58",,R$ / litro,VIBRA
NE,SE,ARACAJU,J. L. OLIVEIRA & BARROS LTDA, 13.113.477/0004-78,AVENIDA ENGENHEIRO GENTIL TAVARES,381,,GETULIO VARGAS,49055-260,DIESEL S10,12/01/2026,"6,29",,R$ / litro,VIBRA
NE,SE,ARACAJU,POSTO CARMOPOLIS LTDA, 13.077.342/0001-51,AVENIDA JOAO RIBEIRO,680,,INDUSTRIAL,49065-310,GASOLINA,12/01/2026,"6,52",,R$ / litro,BRANCA
NE,SE,ARACAJU,POSTO CARMOPOLIS LTDA, 13.077.342/0001-51,AVENIDA JOAO RIBEIRO,680,,INDUSTRIAL,49065-310,GASOLINA ADITIVADA,12/01/2026,"6,52",,R$ / litro,BRANCA
NE,SE,ARACAJU,POSTO CARMOPOLIS LTDA, 13.077.342/0001-51,AVENIDA JOAO RIBEIRO,680,,INDUSTRIAL,49065-310,DIESEL S10,12/01/2026,"5,76",,R$ / litro,BRANCA
NE,SE,ARACAJU,POSTO CARMOPOLIS LTDA, 13.077.342/0001-51,AVENIDA JOAO RIBEIRO,680,,INDUSTRIAL,49065-310,ETANOL,12/01/2026,"4,80",,R$ / litro,BRANCA
NE,SE,ARACAJU,KLEBER SANTOS BATISTA LTDA, 13.042.882/0001-08,AVENIDA DESEMBARGADOR MAYNARD,770,,CIRURGIA,49055-210,GNV,12/01/2026,"4,69",,R$ / m³,BRANCA
NE,SE,ARACAJU,KLEBER SANTOS BATISTA LTDA, 13.042.882/0001-08,AVENIDA DESEMBARGADOR MAYNARD,770,,CIRURGIA,49055-210,GASOLINA,12/01/2026,"6,52",,R$ / litro,BRANCA
NE,SE,ARACAJU,KLEBER SANTOS BATISTA LTDA, 13.042.882/0001-08,AVENIDA DESEMBARGADOR MAYNARD,770,,CIRURGIA,49055-210,GASOLINA ADITIVADA,12/01/2026,"6,52",,R$ / litro,BRANCA
NE,SE,ARACAJU,KLEBER SANTOS BATISTA LTDA, 13.042.882/0001-08,AVENIDA DESEMBARGADOR MAYNARD,770,,CIRURGIA,49055-210,DIESEL S10,12/01/2026,"5,76",,R$ / litro,BRANCA
NE,SE,ARACAJU,KLEBER SANTOS BATISTA LTDA, 13.042.882/0001-08,AVENIDA DESEMBARGADOR MAYNARD,770,,CIRURGIA,49055-210,ETANOL,12/01/2026,"4,80",,R$ / litro,BRANCA
NE,SE,ARACAJU,AMARAL & CIA LTDA, 13.008.610/0001-83,RUA MARIANO SALMERON,709,,SIQUEIRA CAMPOS,49075-370,GASOLINA,13/01/2026,"6,52",,R$ / litro,VIBRA
NE,SE,ARACAJU,AMARAL & CIA LTDA, 13.008.610/0001-83,RUA MARIANO SALMERON,709,,SIQUEIRA CAMPOS,49075-370,GASOLINA ADITIVADA,13/01/2026,"6,62",,R$ / litro,VIBRA
NE,SE,ARACAJU,AMARAL & CIA LTDA, 13.008.610/0001-83,RUA MARIANO SALMERON,709,,SIQUEIRA CAMPOS,49075-370,DIESEL S10,13/01/2026,"6,28",,R$ / litro,VIBRA
NE,SE,ARACAJU,AMARAL & CIA LTDA, 13.008.610/0001-83,RUA MARIANO SALMERON,709,,SIQUEIRA CAMPOS,49075-370,ETANOL,13/01/2026,"4,80",,R$ / litro,VIBRA
NE,SE,ARACAJU,ALPHA COMERCIAL DE COMBUSTIVEIS LTDA, 08.297.710/0008-03,AVENIDA FRANCISCO PORTO,650,LOJA  BR MANIA DELICATESSE,SALGADO FILHO,49020-120,GASOLINA,13/01/2026,"6,59",,R$ / litro,VIBRA
NE,SE,ARACAJU,ALPHA COMERCIAL DE COMBUSTIVEIS LTDA, 08.297.710/0008-03,AVENIDA FRANCISCO PORTO,650,LOJA  BR MANIA DELICATESSE,SALGADO FILHO,49020-120,GASOLINA ADITIVADA,13/01/2026,"6,79",,R$ / litro,VIBRA
NE,SE,ARACAJU,TYRESOLES DE SERGIPE INDUSTRIA COMERCIO E SERVICOS LTDA, 13.007.828/0010-04,AVENIDA GONCALO  ROLLEMBERG LEITE,1721,,LUZIA,49045-280,GASOLINA,22/01/2026,"6,57",,R$ / litro,RAIZEN
NE,SE,ARACAJU,TYRESOLES DE SERGIPE INDUSTRIA COMERCIO E SERVICOS LTDA, 13.007.828/0010-04,AVENIDA GONCALO  ROLLEMBERG LEITE,1721,,LUZIA,49045-280,GASOLINA ADITIVADA,22/01/2026,"6,91",,R$ / litro,RAIZEN
NE,SE,ARACAJU,TYRESOLES DE SERGIPE INDUSTRIA COMERCIO E SERVICOS LTDA, 13.007.828/0010-04,AVENIDA GONCALO  ROLLEMBERG LEITE,1721,,LUZIA,49045-280,ETANOL,22/01/2026,"4,85",,R$ / litro,RAIZEN
NE,SE,ARACAJU,POSTO ARIBE EIRELI, 15.083.140/0001-48,AVENIDA PROF JOSE O DE L NETO,150,,AMERICA,49080-480,GASOLINA,22/01/2026,"6,56",,R$ / litro,VIBRA
NE,SE,ARACAJU,POSTO ARIBE EIRELI, 15.083.140/0001-48,AVENIDA PROF JOSE O DE L NETO,150,,AMERICA,49080-480,GASOLINA ADITIVADA,22/01/2026,"6,74",,R$ / litro,VIBRA
NE,SE,ARACAJU,J. L. OLIVEIRA & BARROS LTDA, 13.113.477/0004-78,AVENIDA ENGENHEIRO GENTIL TAVARES,381,,GETULIO VARGAS,49055-260,GASOLINA,20/01/2026,"6,58",,R$ / litro,VIBRA
NE,SE,ARACAJU,J. L. OLIVEIRA & BARROS LTDA, 13.113.477/0004-78,AVENIDA ENGENHEIRO GENTIL TAVARES,381,,GETULIO VARGAS,49055-260,DIESEL S10,20/01/2026,"6,29",,R$ / litro,VIBRA
NE,SE,ARACAJU,POSTO CARMOPOLIS LTDA, 13.077.342/0001-51,AVENIDA JOAO RIBEIRO,680,,INDUSTRIAL,49065-310,GASOLINA,20/01/2026,"6,52",,R$ / litro,BRANCA
NE,SE,ARACAJU,POSTO CARMOPOLIS LTDA, 13.077.342/0001-51,AVENIDA JOAO RIBEIRO,680,,INDUSTRIAL,49065-310,GASOLINA ADITIVADA,20/01/2026,"6,52",,R$ / litro,BRANCA
NE,SE,ARACAJU,POSTO CARMOPOLIS LTDA, 13.077.342/0001-51,AVENIDA JOAO RIBEIRO,680,,INDUSTRIAL,49065-310,DIESEL S10,20/01/2026,"5,76",,R$ / litro,BRANCA
NE,SE,ARACAJU,POSTO CARMOPOLIS LTDA, 13.077.342/0001-51,AVENIDA JOAO RIBEIRO,680,,INDUSTRIAL,49065-310,ETANOL,20/01/2026,"4,80",,R$ / litro,BRANCA
NE,SE,ARACAJU,KLEBER SANTOS BATISTA LTDA, 13.042.882/0001-08,AVENIDA DESEMBARGADOR MAYNARD,770,,CIRURGIA,49055-210,GNV,20/01/2026,"4,69",,R$ / m³,BRANCA
NE,SE,ARACAJU,KLEBER SANTOS BATISTA LTDA, 13.042.882/0001-08,AVENIDA DESEMBARGADOR MAYNARD,770,,CIRURGIA,49055-210,GASOLINA,20/01/2026,"6,52",,R$ / litro,BRANCA
NE,SE,ARACAJU,KLEBER SANTOS BATISTA LTDA, 13.042.882/0001-08,AVENIDA DESEMBARGADOR MAYNARD,770,,CIRURGIA,49055-210,GASOLINA ADITIVADA,20/01/2026,"6,52",,R$ / litro,BRANCA
NE,SE,ARACAJU,KLEBER SANTOS BATISTA LTDA, 13.042.882/0001-08,AVENIDA DESEMBARGADOR MAYNARD,770,,CIRURGIA,49055-210,DIESEL S10,20/01/2026,"5,76",,R$ / litro,BRANCA
NE,SE,ARACAJU,KLEBER SANTOS BATISTA LTDA, 13.042.882/0001-08,AVENIDA DESEMBARGADOR MAYNARD,770,,CIRURGIA,49055-210,ETANOL,20/01/2026,"4,80",,R$ / litro,BRANCA
NE,SE,ARACAJU,AMARAL & CIA LTDA, 13.008.610/0001-83,RUA MARIANO SALMERON,709,,SIQUEIRA CAMPOS,49075-370,GASOLINA,22/01/2026,"6,52",,R$ / litro,VIBRA
NE,SE,ARACAJU,AMARAL & CIA LTDA, 13.008.610/0001-83,RUA MARIANO SALMERON,709,,SIQUEIRA CAMPOS,49075-370,GASOLINA ADITIVADA,22/01/2026,"6,62",,R$ / litro,VIBRA
NE,SE,ARACAJU,AMARAL & CIA LTDA, 13.008.610/0001-83,RUA MARIANO SALMERON,709,,SIQUEIRA CAMPOS,49075-370,DIESEL S10,22/01/2026,"6,28",,R$ / litro,VIBRA
NE,SE,ARACAJU,AMARAL & CIA LTDA, 13.008.610/0001-83,RUA MARIANO SALMERON,709,,SIQUEIRA CAMPOS,49075-370,ETANOL,22/01/2026,"4,80",,R$ / litro,VIBRA
NE,SE,ARACAJU,L. V. COMERCIO DE COMBUSTIVEIS LTDA, 11.433.769/0001-10,RUA SAO CRISTOVAO,1877,,GETULIO VARGAS,49055-620,GASOLINA,20/01/2026,"6,59",,R$ / litro,RAIZEN
NE,SE,ARACAJU,L. V. COMERCIO DE COMBUSTIVEIS LTDA, 11.433.769/0001-10,RUA SAO CRISTOVAO,1877,,GETULIO VARGAS,49055-620,GASOLINA ADITIVADA,20/01/2026,"6,88",,R$ / litro,RAIZEN
NE,SE,ARACAJU,L. V. COMERCIO DE COMBUSTIVEIS LTDA, 11.433.769/0001-10,RUA SAO CRISTOVAO,1877,,GETULIO VARGAS,49055-620,DIESEL,20/01/2026,"5,76",,R$ / litro,RAIZEN
NE,SE,ARACAJU,L. V. COMERCIO DE COMBUSTIVEIS LTDA, 11.433.769/0001-10,RUA SAO CRISTOVAO,1877,,GETULIO VARGAS,49055-620,ETANOL,20/01/2026,"4,94",,R$ / litro,RAIZEN
NE,SE,ARACAJU,ALPHA COMERCIAL DE COMBUSTIVEIS LTDA, 08.297.710/0008-03,AVENIDA FRANCISCO PORTO,650,LOJA  BR MANIA DELICATESSE,SALGADO FILHO,49020-120,GASOLINA,22/01/2026,"6,59",,R$ / litro,VIBRA
NE,SE,ARACAJU,ALPHA COMERCIAL DE COMBUSTIVEIS LTDA, 08.297.710/0008-03,AVENIDA FRANCISCO PORTO,650,LOJA  BR MANIA DELICATESSE,SALGADO FILHO,49020-120,GASOLINA ADITIVADA,22/01/2026,"6,79",,R$ / litro,VIBRA
NE,SE,ARACAJU,REDE DE POSTOS PRESIDENTE LTDA, 32.864.795/0010-63,RUA LARANJEIRAS,1781,,GETULIO VARGAS,49055-380,GNV,20/01/2026,"4,69",,R$ / m³,VIBRA
NE,SE,ARACAJU,REDE DE POSTOS PRESIDENTE LTDA, 32.864.795/0010-63,RUA LARANJEIRAS,1781,,GETULIO VARGAS,49055-380,GASOLINA,20/01/2026,"6,59",,R$ / litro,VIBRA
NE,SE,ARACAJU,REDE DE POSTOS PRESIDENTE LTDA, 32.864.795/0010-63,RUA LARANJEIRAS,1781,,GETULIO VARGAS,49055-380,GASOLINA ADITIVADA,20/01/2026,"6,79",,R$ / litro,VIBRA
NE,SE,ARACAJU,TYRESOLES DE SERGIPE INDUSTRIA COMERCIO E SERVICOS LTDA, 13.007.828/0010-04,AVENIDA GONCALO  ROLLEMBERG LEITE,1721,,LUZIA,49045-280,GASOLINA,27/01/2026,"6,57",,R$ / litro,RAIZEN
NE,SE,ARACAJU,TYRESOLES DE SERGIPE INDUSTRIA COMERCIO E SERVICOS LTDA, 13.007.828/0010-04,AVENIDA GONCALO  ROLLEMBERG LEITE,1721,,LUZIA,49045-280,GASOLINA ADITIVADA,27/01/2026,"6,91",,R$ / litro,RAIZEN
NE,SE,ARACAJU,TYRESOLES DE SERGIPE INDUSTRIA COMERCIO E SERVICOS LTDA, 13.007.828/0010-04,AVENIDA GONCALO  ROLLEMBERG LEITE,1721,,LUZIA,49045-280,ETANOL,27/01/2026,"4,85",,R$ / litro,RAIZEN
NE,SE,ARACAJU,POSTO ARIBE EIRELI, 15.083.140/0001-48,AVENIDA PROF JOSE O DE L NETO,150,,AMERICA,49080-480,GASOLINA,27/01/2026,"6,56",,R$ / litro,VIBRA
NE,SE,ARACAJU,POSTO ARIBE EIRELI, 15.083.140/0001-48,AVENIDA PROF JOSE O DE L NETO,150,,AMERICA,49080-480,GASOLINA ADITIVADA,27/01/2026,"6,74",,R$ / litro,VIBRA
NE,SE,ARACAJU,J. L. OLIVEIRA & BARROS LTDA, 13.113.477/0004-78,AVENIDA ENGENHEIRO GENTIL TAVARES,381,,GETULIO VARGAS,49055-260,GASOLINA,26/01/2026,"6,58",,R$ / litro,VIBRA
NE,SE,ARACAJU,POSTO CARMOPOLIS LTDA, 13.077.342/0001-51,AVENIDA JOAO RIBEIRO,680,,INDUSTRIAL,49065-310,GASOLINA,26/01/2026,"6,52",,R$ / litro,BRANCA
NE,SE,ARACAJU,POSTO CARMOPOLIS LTDA, 13.077.342/0001-51,AVENIDA JOAO RIBEIRO,680,,INDUSTRIAL,49065-310,GASOLINA ADITIVADA,26/01/2026,"6,52",,R$ / litro,BRANCA
NE,SE,ARACAJU,POSTO CARMOPOLIS LTDA, 13.077.342/0001-51,AVENIDA JOAO RIBEIRO,680,,INDUSTRIAL,49065-310,DIESEL S10,26/01/2026,"5,76",,R$ / litro,BRANCA
NE,SE,ARACAJU,POSTO CARMOPOLIS LTDA, 13.077.342/0001-51,AVENIDA JOAO RIBEIRO,680,,INDUSTRIAL,49065-310,ETANOL,26/01/2026,"4,80",,R$ / litro,BRANCA
NE,SE,ARACAJU,KLEBER SANTOS BATISTA LTDA, 13.042.882/0001-08,AVENIDA DESEMBARGADOR MAYNARD,770,,CIRURGIA,49055-210,GNV,26/01/2026,"4,69",,R$ / m³,BRANCA
NE,SE,ARACAJU,KLEBER SANTOS BATISTA LTDA, 13.042.882/0001-08,AVENIDA DESEMBARGADOR MAYNARD,770,,CIRURGIA,49055-210,GASOLINA,26/01/2026,"6,52",,R$ / litro,BRANCA
NE,SE,ARACAJU,KLEBER SANTOS BATISTA LTDA, 13.042.882/0001-08,AVENIDA DESEMBARGADOR MAYNARD,770,,CIRURGIA,49055-210,GASOLINA ADITIVADA,26/01/2026,"6,52",,R$ / litro,BRANCA
NE,SE,ARACAJU,KLEBER SANTOS BATISTA LTDA, 13.042.882/0001-08,AVENIDA DESEMBARGADOR MAYNARD,770,,CIRURGIA,49055-210,DIESEL S10,26/01/2026,"5,76",,R$ / litro,BRANCA
NE,SE,ARACAJU,KLEBER SANTOS BATISTA LTDA, 13.042.882/0001-08,AVENIDA DESEMBARGADOR MAYNARD,770,,CIRURGIA,49055-210,ETANOL,26/01/2026,"4,80",,R$ / litro,BRANCA
NE,SE,ARACAJU,AMARAL & CIA LTDA, 13.008.610/0001-83,RUA MARIANO SALMERON,709,,SIQUEIRA CAMPOS,49075-370,GASOLINA,27/01/2026,"6,52",,R$ / litro,VIBRA
NE,SE,ARACAJU,AMARAL & CIA LTDA, 13.008.610/0001-83,RUA MARIANO SALMERON,709,,SIQUEIRA CAMPOS,49075-370,GASOLINA ADITIVADA,27/01/2026,"6,62",,R$ / litro,VIBRA
NE,SE,ARACAJU,AMARAL & CIA LTDA, 13.008.610/0001-83,RUA MARIANO SALMERON,709,,SIQUEIRA CAMPOS,49075-370,DIESEL S10,27/01/2026,"6,28",,R$ / litro,VIBRA
NE,SE,ARACAJU,AMARAL & CIA LTDA, 13.008.610/0001-83,RUA MARIANO SALMERON,709,,SIQUEIRA CAMPOS,49075-370,ETANOL,27/01/2026,"4,80",,R$ / litro,VIBRA
NE,SE,ARACAJU,L. V. COMERCIO DE COMBUSTIVEIS LTDA, 11.433.769/0001-10,RUA SAO CRISTOVAO,1877,,GETULIO VARGAS,49055-620,GASOLINA,27/01/2026,"6,59",,R$ / litro,RAIZEN
NE,SE,ARACAJU,L. V. COMERCIO DE COMBUSTIVEIS LTDA, 11.433.769/0001-10,RUA SAO CRISTOVAO,1877,,GETULIO VARGAS,49055-620,GASOLINA ADITIVADA,27/01/2026,"6,88",,R$ / litro,RAIZEN
NE,SE,ARACAJU,L. V. COMERCIO DE COMBUSTIVEIS LTDA, 11.433.769/0001-10,RUA SAO CRISTOVAO,1877,,GETULIO VARGAS,49055-620,DIESEL,27/01/2026,"5,76",,R$ / litro,RAIZEN
NE,SE,ARACAJU,L. V. COMERCIO DE COMBUSTIVEIS LTDA, 11.433.769/0001-10,RUA SAO CRISTOVAO,1877,,GETULIO VARGAS,49055-620,ETANOL,27/01/2026,"4,94",,R$ / litro,RAIZEN
NE,SE,ARACAJU,ALPHA COMERCIAL DE COMBUSTIVEIS LTDA, 08.297.710/0008-03,AVENIDA FRANCISCO PORTO,650,LOJA  BR MANIA DELICATESSE,SALGADO FILHO,49020-120,GASOLINA,27/01/2026,"6,59",,R$ / litro,VIBRA
NE,SE,ARACAJU,ALPHA COMERCIAL DE COMBUSTIVEIS LTDA, 08.297.710/0008-03,AVENIDA FRANCISCO PORTO,650,LOJA  BR MANIA DELICATESSE,SALGADO FILHO,49020-120,GASOLINA ADITIVADA,27/01/2026,"6,79",,R$ / litro,VIBRA
NE,SE,ARACAJU,J. L. OLIVEIRA & BARROS LTDA, 13.113.477/0004-78,AVENIDA ENGENHEIRO GENTIL TAVARES,381,,GETULIO VARGAS,49055-260,GASOLINA,03/02/2026,"6,58",,R$ / litro,VIBRA
NE,SE,ARACAJU,POSTO CARMOPOLIS LTDA, 13.077.342/0001-51,AVENIDA JOAO RIBEIRO,680,,INDUSTRIAL,49065-310,GASOLINA,03/02/2026,"6,52",,R$ / litro,BRANCA
NE,SE,ARACAJU,POSTO CARMOPOLIS LTDA, 13.077.342/0001-51,AVENIDA JOAO RIBEIRO,680,,INDUSTRIAL,49065-310,GASOLINA ADITIVADA,03/02/2026,"6,52",,R$ / litro,BRANCA
NE,SE,ARACAJU,POSTO CARMOPOLIS LTDA, 13.077.342/0001-51,AVENIDA JOAO RIBEIRO,680,,INDUSTRIAL,49065-310,DIESEL S10,03/02/2026,"5,76",,R$ / litro,BRANCA
NE,SE,ARACAJU,POSTO CARMOPOLIS LTDA, 13.077.342/0001-51,AVENIDA JOAO RIBEIRO,680,,INDUSTRIAL,49065-310,ETANOL,03/02/2026,"4,80",,R$ / litro,BRANCA
NE,SE,ARACAJU,VASPETRO COMBUSTIVEL LTDA, 04.979.182/0001-45,AVENIDA BARAO DE MARUIM,552,,CENTRO,49010-340,GASOLINA,09/02/2026,"6,52",,R$ / litro,BRANCA
NE,SE,ARACAJU,VASPETRO COMBUSTIVEL LTDA, 04.979.182/0001-45,AVENIDA BARAO DE MARUIM,552,,CENTRO,49010-340,GASOLINA ADITIVADA,09/02/2026,"6,52",,R$ / litro,BRANCA
NE,SE,ARACAJU,VASPETRO COMBUSTIVEL LTDA, 04.979.182/0001-45,AVENIDA BARAO DE MARUIM,552,,CENTRO,49010-340,ETANOL,09/02/2026,"4,80",,R$ / litro,BRANCA
NE,SE,ARACAJU,GAMA E CIA LTDA, 13.007.752/0002-07,AVENIDA AUGUSTO FRANCO,2990,,PONTO NOVO,49047-040,GASOLINA,10/02/2026,"6,52",,R$ / litro,VIBRA
NE,SE,ARACAJU,GAMA E CIA LTDA, 13.007.752/0002-07,AVENIDA AUGUSTO FRANCO,2990,,PONTO NOVO,49047-040,ETANOL,10/02/2026,"4,89",,R$ / litro,VIBRA
NE,SE,ARACAJU,TYRESOLES DE SERGIPE INDUSTRIA COMERCIO E SERVICOS LTDA, 13.007.828/0010-04,AVENIDA GONCALO  ROLLEMBERG LEITE,1721,,LUZIA,49045-280,GASOLINA,10/02/2026,"6,57",,R$ / litro,RAIZEN
NE,SE,ARACAJU,TYRESOLES DE SERGIPE INDUSTRIA COMERCIO E SERVICOS LTDA, 13.007.828/0010-04,AVENIDA GONCALO  ROLLEMBERG LEITE,1721,,LUZIA,49045-280,GASOLINA ADITIVADA,10/02/2026,"6,91",,R$ / litro,RAIZEN
NE,SE,ARACAJU,TYRESOLES DE SERGIPE INDUSTRIA COMERCIO E SERVICOS LTDA, 13.007.828/0010-04,AVENIDA GONCALO  ROLLEMBERG LEITE,1721,,LUZIA,49045-280,ETANOL,10/02/2026,"4,85",,R$ / litro,RAIZEN
NE,SE,ARACAJU,REDE DE POSTOS PRESIDENTE LTDA, 32.864.795/0001-72,AVENIDA COELHO E CAMPOS,1254,,SANTO ANTONIO,49060-000,GNV,09/02/2026,"4,61",,R$ / m³,VIBRA
NE,SE,ARACAJU,REDE DE POSTOS PRESIDENTE LTDA, 32.864.795/0001-72,AVENIDA COELHO E CAMPOS,1254,,SANTO ANTONIO,49060-000,GASOLINA,09/02/2026,"6,59",,R$ / litro,VIBRA
NE,SE,ARACAJU,REDE DE POSTOS PRESIDENTE LTDA, 32.864.795/0001-72,AVENIDA COELHO E CAMPOS,1254,,SANTO ANTONIO,49060-000,GASOLINA ADITIVADA,09/02/2026,"6,79",,R$ / litro,VIBRA
NE,SE,ARACAJU,REDE DE POSTOS PRESIDENTE LTDA, 32.864.795/0001-72,AVENIDA COELHO E CAMPOS,1254,,SANTO ANTONIO,49060-000,DIESEL,09/02/2026,"5,99",,R$ / litro,VIBRA
NE,SE,ARACAJU,LIDER COMERCIO DE COMBUSTIVEIS LTDA, 15.591.357/0001-69,PRACA DA BANDEIRA,171,,CENTRO,49055-090,GASOLINA,09/02/2026,"6,52",,R$ / litro,VIBRA
NE,SE,ARACAJU,LIDER COMERCIO DE COMBUSTIVEIS LTDA, 15.591.357/0001-69,PRACA DA BANDEIRA,171,,CENTRO,49055-090,ETANOL,09/02/2026,"4,80",,R$ / litro,VIBRA
NE,SE,ARACAJU,POSTO ARIBE EIRELI, 15.083.140/0001-48,AVENIDA PROF JOSE O DE L NETO,150,,AMERICA,49080-480,GASOLINA,10/02/2026,"6,56",,R$ / litro,VIBRA
NE,SE,ARACAJU,POSTO ARIBE EIRELI, 15.083.140/0001-48,AVENIDA PROF JOSE O DE L NETO,150,,AMERICA,49080-480,GASOLINA ADITIVADA,10/02/2026,"6,56",,R$ / litro,VIBRA
NE,SE,ARACAJU,POSTO ARIBE EIRELI, 15.083.140/0001-48,AVENIDA PROF JOSE O DE L NETO,150,,AMERICA,49080-480,DIESEL S10,10/02/2026,"5,93",,R$ / litro,VIBRA
NE,SE,ARACAJU,POSTO ARIBE EIRELI, 15.083.140/0001-48,AVENIDA PROF JOSE O DE L NETO,150,,AMERICA,49080-480,ETANOL,10/02/2026,"4,94",,R$ / litro,VIBRA
NE,SE,ARACAJU,LUBRIFICANTES E ACESSÓRIOS LTDA., 13.257.050/0001-09,AVENIDA BEIRA MAR,6,,13 DE JULHO,49020-010,GASOLINA,10/02/2026,"6,52",,R$ / litro,VIBRA
NE,SE,ARACAJU,LUBRIFICANTES E ACESSÓRIOS LTDA., 13.257.050/0001-09,AVENIDA BEIRA MAR,6,,13 DE JULHO,49020-010,GASOLINA ADITIVADA,10/02/2026,"6,52",,R$ / litro,VIBRA
NE,SE,ARACAJU,LUBRIFICANTES E ACESSÓRIOS LTDA., 13.257.050/0001-09,AVENIDA BEIRA MAR,6,,13 DE JULHO,49020-010,ETANOL,10/02/2026,"4,95",,R$ / litro,VIBRA
NE,SE,ARACAJU,COMERCIAL MARIVAN LTDA, 13.179.247/0001-69,AVENIDA ADELIA FRANCO,2234,,LUZIA,49048-010,GASOLINA,10/02/2026,"6,52",,R$ / litro,VIBRA
NE,SE,ARACAJU,COMERCIAL MARIVAN LTDA, 13.179.247/0001-69,AVENIDA ADELIA FRANCO,2234,,LUZIA,49048-010,ETANOL,10/02/2026,"4,80",,R$ / litro,VIBRA
NE,SE,ARACAJU,J. L. OLIVEIRA & BARROS LTDA, 13.113.477/0004-78,AVENIDA ENGENHEIRO GENTIL TAVARES,381,,GETULIO VARGAS,49055-260,GASOLINA,09/02/2026,"6,58",,R$ / litro,VIBRA
NE,SE,ARACAJU,POSTO CARMOPOLIS LTDA, 13.077.342/0001-51,AVENIDA JOAO RIBEIRO,680,,INDUSTRIAL,49065-310,GASOLINA,09/02/2026,"6,52",,R$ / litro,BRANCA
NE,SE,ARACAJU,POSTO CARMOPOLIS LTDA, 13.077.342/0001-51,AVENIDA JOAO RIBEIRO,680,,INDUSTRIAL,49065-310,GASOLINA ADITIVADA,09/02/2026,"6,52",,R$ / litro,BRANCA
NE,SE,ARACAJU,POSTO CARMOPOLIS LTDA, 13.077.342/0001-51,AVENIDA JOAO RIBEIRO,680,,INDUSTRIAL,49065-310,DIESEL S10,09/02/2026,"5,76",,R$ / litro,BRANCA
NE,SE,ARACAJU,POSTO CARMOPOLIS LTDA, 13.077.342/0001-51,AVENIDA JOAO RIBEIRO,680,,INDUSTRIAL,49065-310,ETANOL,09/02/2026,"4,80",,R$ / litro,BRANCA
NE,SE,ARACAJU,KLEBER SANTOS BATISTA LTDA, 13.042.882/0001-08,AVENIDA DESEMBARGADOR MAYNARD,770,,CIRURGIA,49055-210,GNV,09/02/2026,"4,61",,R$ / m³,BRANCA
NE,SE,ARACAJU,KLEBER SANTOS BATISTA LTDA, 13.042.882/0001-08,AVENIDA DESEMBARGADOR MAYNARD,770,,CIRURGIA,49055-210,GASOLINA,09/02/2026,"6,52",,R$ / litro,BRANCA
NE,SE,ARACAJU,KLEBER SANTOS BATISTA LTDA, 13.042.882/0001-08,AVENIDA DESEMBARGADOR MAYNARD,770,,CIRURGIA,49055-210,GASOLINA ADITIVADA,09/02/2026,"6,52",,R$ / litro,BRANCA
NE,SE,ARACAJU,KLEBER SANTOS BATISTA LTDA, 13.042.882/0001-08,AVENIDA DESEMBARGADOR MAYNARD,770,,CIRURGIA,49055-210,DIESEL S10,09/02/2026,"5,76",,R$ / litro,BRANCA
NE,SE,ARACAJU,KLEBER SANTOS BATISTA LTDA, 13.042.882/0001-08,AVENIDA DESEMBARGADOR MAYNARD,770,,CIRURGIA,49055-210,ETANOL,09/02/2026,"4,80",,R$ / litro,BRANCA
NE,SE,ARACAJU,AMARAL & CIA LTDA, 13.008.610/0001-83,RUA MARIANO SALMERON,709,,SIQUEIRA CAMPOS,49075-370,GASOLINA,09/02/2026,"6,52",,R$ / litro,VIBRA
NE,SE,ARACAJU,AMARAL & CIA LTDA, 13.008.610/0001-83,RUA MARIANO SALMERON,709,,SIQUEIRA CAMPOS,49075-370,GASOLINA ADITIVADA,09/02/2026,"6,62",,R$ / litro,VIBRA
NE,SE,ARACAJU,AMARAL & CIA LTDA, 13.008.610/0001-83,RUA MARIANO SALMERON,709,,SIQUEIRA CAMPOS,49075-370,DIESEL S10,09/02/2026,"6,28",,R$ / litro,VIBRA
NE,SE,ARACAJU,AMARAL & CIA LTDA, 13.008.610/0001-83,RUA MARIANO SALMERON,709,,SIQUEIRA CAMPOS,49075-370,ETANOL,09/02/2026,"4,80",,R$ / litro,VIBRA
NE,SE,ARACAJU,GAMA E CIA LTDA, 13.007.752/0001-26,AVENIDA TANCREDO NEVES,2551,,DISTRITO INDUSTRIAL DE ARACAJU,49095-000,GASOLINA,10/02/2026,"6,52",,R$ / litro,VIBRA
NE,SE,ARACAJU,GAMA E CIA LTDA, 13.007.752/0001-26,AVENIDA TANCREDO NEVES,2551,,DISTRITO INDUSTRIAL DE ARACAJU,49095-000,ETANOL,10/02/2026,"4,89",,R$ / litro,VIBRA
NE,SE,ARACAJU,L. V. COMERCIO DE COMBUSTIVEIS LTDA, 11.433.769/0001-10,RUA SAO CRISTOVAO,1877,,GETULIO VARGAS,49055-620,GASOLINA,09/02/2026,"6,55",,R$ / litro,RAIZEN
NE,SE,ARACAJU,L. V. COMERCIO DE COMBUSTIVEIS LTDA, 11.433.769/0001-10,RUA SAO CRISTOVAO,1877,,GETULIO VARGAS,49055-620,GASOLINA ADITIVADA,09/02/2026,"6,86",,R$ / litro,RAIZEN
NE,SE,ARACAJU,L. V. COMERCIO DE COMBUSTIVEIS LTDA, 11.433.769/0001-10,RUA SAO CRISTOVAO,1877,,GETULIO VARGAS,49055-620,DIESEL,09/02/2026,"5,76",,R$ / litro,RAIZEN
NE,SE,ARACAJU,L. V. COMERCIO DE COMBUSTIVEIS LTDA, 11.433.769/0001-10,RUA SAO CRISTOVAO,1877,,GETULIO VARGAS,49055-620,ETANOL,09/02/2026,"4,94",,R$ / litro,RAIZEN
NE,SE,ARACAJU,ALPHA COMERCIAL DE COMBUSTIVEIS LTDA, 08.297.710/0008-03,AVENIDA FRANCISCO PORTO,650,LOJA  BR MANIA DELICATESSE,SALGADO FILHO,49020-120,GASOLINA,10/02/2026,"6,59",,R$ / litro,VIBRA
NE,SE,ARACAJU,ALPHA COMERCIAL DE COMBUSTIVEIS LTDA, 08.297.710/0008-03,AVENIDA FRANCISCO PORTO,650,LOJA  BR MANIA DELICATESSE,SALGADO FILHO,49020-120,GASOLINA ADITIVADA,10/02/2026,"6,79",,R$ / litro,VIBRA
NE,SE,ARACAJU,REDE DE POSTOS PRESIDENTE LTDA, 32.864.795/0010-63,RUA LARANJEIRAS,1781,,GETULIO VARGAS,49055-380,GNV,09/02/2026,"4,61",,R$ / m³,VIBRA
NE,SE,ARACAJU,REDE DE POSTOS PRESIDENTE LTDA, 32.864.795/0010-63,RUA LARANJEIRAS,1781,,GETULIO VARGAS,49055-380,GASOLINA,09/02/2026,"6,59",,R$ / litro,VIBRA
NE,SE,ARACAJU,REDE DE POSTOS PRESIDENTE LTDA, 32.864.795/0010-63,RUA LARANJEIRAS,1781,,GETULIO VARGAS,49055-380,GASOLINA ADITIVADA,09/02/2026,"6,79",,R$ / litro,VIBRA
NE,SE,ARACAJU,POSTO PIRANEMA LTDA, 09.258.664/0003-91,AVENIDA PREFEITO HERACLITO ROLLEMBERG,2760,,FAROLANDIA,49030-640,GASOLINA,10/02/2026,"6,59",,R$ / litro,VIBRA
NE,SE,ARACAJU,POSTO PIRANEMA LTDA, 09.258.664/0003-91,AVENIDA PREFEITO HERACLITO ROLLEMBERG,2760,,FAROLANDIA,49030-640,GASOLINA ADITIVADA,10/02/2026,"6,79",,R$ / litro,VIBRA
NE,SE,ARACAJU,GAMA E CIA LTDA, 13.007.752/0002-07,AVENIDA AUGUSTO FRANCO,2990,,PONTO NOVO,49047-040,GASOLINA,24/02/2026,"6,52",,R$ / litro,VIBRA
NE,SE,ARACAJU,GAMA E CIA LTDA, 13.007.752/0002-07,AVENIDA AUGUSTO FRANCO,2990,,PONTO NOVO,49047-040,ETANOL,24/02/2026,"4,89",,R$ / litro,VIBRA
NE,SE,ARACAJU,TYRESOLES DE SERGIPE INDUSTRIA COMERCIO E SERVICOS LTDA, 13.007.828/0010-04,AVENIDA GONCALO  ROLLEMBERG LEITE,1721,,LUZIA,49045-280,GASOLINA,24/02/2026,"6,57",,R$ / litro,RAIZEN
NE,SE,ARACAJU,TYRESOLES DE SERGIPE INDUSTRIA COMERCIO E SERVICOS LTDA, 13.007.828/0010-04,AVENIDA GONCALO  ROLLEMBERG LEITE,1721,,LUZIA,49045-280,ETANOL,24/02/2026,"4,85",,R$ / litro,RAIZEN
NE,SE,ARACAJU,REDE DE POSTOS PRESIDENTE LTDA, 32.864.795/0001-72,AVENIDA COELHO E CAMPOS,1254,,SANTO ANTONIO,49060-000,GNV,24/02/2026,"4,61",,R$ / m³,VIBRA
NE,SE,ARACAJU,REDE DE POSTOS PRESIDENTE LTDA, 32.864.795/0001-72,AVENIDA COELHO E CAMPOS,1254,,SANTO ANTONIO,49060-000,GASOLINA,24/02/2026,"6,59",,R$ / litro,VIBRA
NE,SE,ARACAJU,REDE DE POSTOS PRESIDENTE LTDA, 32.864.795/0001-72,AVENIDA COELHO E CAMPOS,1254,,SANTO ANTONIO,49060-000,GASOLINA ADITIVADA,24/02/2026,"6,79",,R$ / litro,VIBRA
NE,SE,ARACAJU,POSTO ARIBE EIRELI, 15.083.140/0001-48,AVENIDA PROF JOSE O DE L NETO,150,,AMERICA,49080-480,GASOLINA,24/02/2026,"6,56",,R$ / litro,VIBRA
NE,SE,ARACAJU,POSTO ARIBE EIRELI, 15.083.140/0001-48,AVENIDA PROF JOSE O DE L NETO,150,,AMERICA,49080-480,GASOLINA ADITIVADA,24/02/2026,"6,74",,R$ / litro,VIBRA
NE,SE,ARACAJU,LUBRIFICANTES E ACESSÓRIOS LTDA., 13.257.050/0001-09,AVENIDA BEIRA MAR,6,,13 DE JULHO,49020-010,GASOLINA,24/02/2026,"6,52",,R$ / litro,VIBRA
NE,SE,ARACAJU,LUBRIFICANTES E ACESSÓRIOS LTDA., 13.257.050/0001-09,AVENIDA BEIRA MAR,6,,13 DE JULHO,49020-010,GASOLINA ADITIVADA,24/02/2026,"6,52",,R$ / litro,VIBRA
NE,SE,ARACAJU,LUBRIFICANTES E ACESSÓRIOS LTDA., 13.257.050/0001-09,AVENIDA BEIRA MAR,6,,13 DE JULHO,49020-010,ETANOL,24/02/2026,"4,87",,R$ / litro,VIBRA
NE,SE,ARACAJU,COMERCIAL MARIVAN LTDA, 13.179.247/0001-69,AVENIDA ADELIA FRANCO,2234,,LUZIA,49048-010,GASOLINA,24/02/2026,"6,52",,R$ / litro,VIBRA
NE,SE,ARACAJU,COMERCIAL MARIVAN LTDA, 13.179.247/0001-69,AVENIDA ADELIA FRANCO,2234,,LUZIA,49048-010,GASOLINA ADITIVADA,24/02/2026,"6,52",,R$ / litro,VIBRA
NE,SE,ARACAJU,COMERCIAL MARIVAN LTDA, 13.179.247/0001-69,AVENIDA ADELIA FRANCO,2234,,LUZIA,49048-010,ETANOL,24/02/2026,"4,80",,R$ / litro,VIBRA
NE,SE,ARACAJU,J. L. OLIVEIRA & BARROS LTDA, 13.113.477/0004-78,AVENIDA ENGENHEIRO GENTIL TAVARES,381,,GETULIO VARGAS,49055-260,GASOLINA,24/02/2026,"6,58",,R$ / litro,VIBRA
NE,SE,ARACAJU,J. L. OLIVEIRA & BARROS LTDA, 13.113.477/0004-78,AVENIDA ENGENHEIRO GENTIL TAVARES,381,,GETULIO VARGAS,49055-260,DIESEL S10,24/02/2026,"6,29",,R$ / litro,VIBRA
NE,SE,ARACAJU,J. L. OLIVEIRA & BARROS LTDA, 13.113.477/0004-78,AVENIDA ENGENHEIRO GENTIL TAVARES,381,,GETULIO VARGAS,49055-260,ETANOL,24/02/2026,"4,99",,R$ / litro,VIBRA
NE,SE,ARACAJU,POSTO CARMOPOLIS LTDA, 13.077.342/0001-51,AVENIDA JOAO RIBEIRO,680,,INDUSTRIAL,49065-310,GASOLINA,24/02/2026,"6,52",,R$ / litro,BRANCA
NE,SE,ARACAJU,POSTO CARMOPOLIS LTDA, 13.077.342/0001-51,AVENIDA JOAO RIBEIRO,680,,INDUSTRIAL,49065-310,GASOLINA ADITIVADA,24/02/2026,"6,52",,R$ / litro,BRANCA
NE,SE,ARACAJU,POSTO CARMOPOLIS LTDA, 13.077.342/0001-51,AVENIDA JOAO RIBEIRO,680,,INDUSTRIAL,49065-310,DIESEL S10,24/02/2026,"5,76",,R$ / litro,BRANCA
NE,SE,ARACAJU,POSTO CARMOPOLIS LTDA, 13.077.342/0001-51,AVENIDA JOAO RIBEIRO,680,,INDUSTRIAL,49065-310,ETANOL,24/02/2026,"4,80",,R$ / litro,BRANCA
NE,SE,ARACAJU,KLEBER SANTOS BATISTA LTDA, 13.042.882/0001-08,AVENIDA DESEMBARGADOR MAYNARD,770,,CIRURGIA,49055-210,GNV,24/02/2026,"4,61",,R$ / m³,BRANCA
NE,SE,ARACAJU,KLEBER SANTOS BATISTA LTDA, 13.042.882/0001-08,AVENIDA DESEMBARGADOR MAYNARD,770,,CIRURGIA,49055-210,GASOLINA,24/02/2026,"6,52",,R$ / litro,BRANCA
NE,SE,ARACAJU,KLEBER SANTOS BATISTA LTDA, 13.042.882/0001-08,AVENIDA DESEMBARGADOR MAYNARD,770,,CIRURGIA,49055-210,GASOLINA ADITIVADA,24/02/2026,"6,52",,R$ / litro,BRANCA
NE,SE,ARACAJU,KLEBER SANTOS BATISTA LTDA, 13.042.882/0001-08,AVENIDA DESEMBARGADOR MAYNARD,770,,CIRURGIA,49055-210,DIESEL S10,24/02/2026,"5,76",,R$ / litro,BRANCA
NE,SE,ARACAJU,KLEBER SANTOS BATISTA LTDA, 13.042.882/0001-08,AVENIDA DESEMBARGADOR MAYNARD,770,,CIRURGIA,49055-210,ETANOL,24/02/2026,"4,80",,R$ / litro,BRANCA
NE,SE,ARACAJU,AMARAL & CIA LTDA, 13.008.610/0001-83,RUA MARIANO SALMERON,709,,SIQUEIRA CAMPOS,49075-370,GASOLINA,24/02/2026,"6,52",,R$ / litro,VIBRA
NE,SE,ARACAJU,AMARAL & CIA LTDA, 13.008.610/0001-83,RUA MARIANO SALMERON,709,,SIQUEIRA CAMPOS,49075-370,GASOLINA ADITIVADA,24/02/2026,"6,52",,R$ / litro,VIBRA
NE,SE,ARACAJU,AMARAL & CIA LTDA, 13.008.610/0001-83,RUA MARIANO SALMERON,709,,SIQUEIRA CAMPOS,49075-370,DIESEL S10,24/02/2026,"6,28",,R$ / litro,VIBRA
NE,SE,ARACAJU,AMARAL & CIA LTDA, 13.008.610/0001-83,RUA MARIANO SALMERON,709,,SIQUEIRA CAMPOS,49075-370,ETANOL,24/02/2026,"4,80",,R$ / litro,VIBRA
NE,SE,ARACAJU,GAMA E CIA LTDA, 13.007.752/0001-26,AVENIDA TANCREDO NEVES,2551,,DISTRITO INDUSTRIAL DE ARACAJU,49095-000,GASOLINA,24/02/2026,"6,52",,R$ / litro,VIBRA
NE,SE,ARACAJU,GAMA E CIA LTDA, 13.007.752/0001-26,AVENIDA TANCREDO NEVES,2551,,DISTRITO INDUSTRIAL DE ARACAJU,49095-000,ETANOL,24/02/2026,"4,89",,R$ / litro,VIBRA
NE,SE,ARACAJU,L. V. COMERCIO DE COMBUSTIVEIS LTDA, 11.433.769/0001-10,RUA SAO CRISTOVAO,1877,,GETULIO VARGAS,49055-620,GASOLINA,24/02/2026,"6,59",,R$ / litro,RAIZEN
NE,SE,ARACAJU,L. V. COMERCIO DE COMBUSTIVEIS LTDA, 11.433.769/0001-10,RUA SAO CRISTOVAO,1877,,GETULIO VARGAS,49055-620,GASOLINA ADITIVADA,24/02/2026,"6,88",,R$ / litro,RAIZEN
NE,SE,ARACAJU,L. V. COMERCIO DE COMBUSTIVEIS LTDA, 11.433.769/0001-10,RUA SAO CRISTOVAO,1877,,GETULIO VARGAS,49055-620,DIESEL,24/02/2026,"5,76",,R$ / litro,RAIZEN
NE,SE,ARACAJU,L. V. COMERCIO DE COMBUSTIVEIS LTDA, 11.433.769/0001-10,RUA SAO CRISTOVAO,1877,,GETULIO VARGAS,49055-620,ETANOL,24/02/2026,"4,94",,R$ / litro,RAIZEN
NE,SE,ARACAJU,ALPHA COMERCIAL DE COMBUSTIVEIS LTDA, 08.297.710/0008-03,AVENIDA FRANCISCO PORTO,650,LOJA  BR MANIA DELICATESSE,SALGADO FILHO,49020-120,GASOLINA,24/02/2026,"6,59",,R$ / litro,VIBRA
NE,SE,ARACAJU,ALPHA COMERCIAL DE COMBUSTIVEIS LTDA, 08.297.710/0008-03,AVENIDA FRANCISCO PORTO,650,LOJA  BR MANIA DELICATESSE,SALGADO FILHO,49020-120,GASOLINA ADITIVADA,24/02/2026,"6,59",,R$ / litro,VIBRA
NE,SE,ARACAJU,REDE DE POSTOS PRESIDENTE LTDA, 32.864.795/0010-63,RUA LARANJEIRAS,1781,,GETULIO VARGAS,49055-380,GNV,24/02/2026,"4,61",,R$ / m³,VIBRA
NE,SE,ARACAJU,REDE DE POSTOS PRESIDENTE LTDA, 32.864.795/0010-63,RUA LARANJEIRAS,1781,,GETULIO VARGAS,49055-380,GASOLINA,24/02/2026,"6,59",,R$ / litro,VIBRA
NE,SE,ARACAJU,REDE DE POSTOS PRESIDENTE LTDA, 32.864.795/0010-63,RUA LARANJEIRAS,1781,,GETULIO VARGAS,49055-380,GASOLINA ADITIVADA,24/02/2026,"6,79",,R$ / litro,VIBRA
NE,SE,ARACAJU,REDE DE POSTOS PRESIDENTE LTDA, 32.864.795/0010-63,RUA LARANJEIRAS,1781,,GETULIO VARGAS,49055-380,ETANOL,24/02/2026,"4,99",,R$ / litro,VIBRA
NE,SE,ARACAJU,POSTO PIRANEMA LTDA, 09.258.664/0003-91,AVENIDA PREFEITO HERACLITO ROLLEMBERG,2760,,FAROLANDIA,49030-640,GASOLINA,25/02/2026,"6,59",,R$ / litro,VIBRA
NE,SE,ARACAJU,POSTO PIRANEMA LTDA, 09.258.664/0003-91,AVENIDA PREFEITO HERACLITO ROLLEMBERG,2760,,FAROLANDIA,49030-640,GASOLINA ADITIVADA,25/02/2026,"6,79",,R$ / litro,VIBRA
NE,SE,ARACAJU,POSTO PIRANEMA LTDA, 09.258.664/0003-91,AVENIDA PREFEITO HERACLITO ROLLEMBERG,2760,,FAROLANDIA,49030-640,DIESEL S10,25/02/2026,"6,19",,R$ / litro,VIBRA
NE,SE,ARACAJU,POSTO PIRANEMA LTDA, 09.258.664/0003-91,AVENIDA PREFEITO HERACLITO ROLLEMBERG,2760,,FAROLANDIA,49030-640,ETANOL,25/02/2026,"4,99",,R$ / litro,VIBRA
NE,SE,ARACAJU,GAMA E CIA LTDA, 13.007.752/0002-07,AVENIDA AUGUSTO FRANCO,2990,,PONTO NOVO,49047-040,GASOLINA,04/03/2026,"6,52",,R$ / litro,VIBRA
NE,SE,ARACAJU,GAMA E CIA LTDA, 13.007.752/0002-07,AVENIDA AUGUSTO FRANCO,2990,,PONTO NOVO,49047-040,ETANOL,04/03/2026,"4,89",,R$ / litro,VIBRA
NE,SE,ARACAJU,TYRESOLES DE SERGIPE INDUSTRIA COMERCIO E SERVICOS LTDA, 13.007.828/0010-04,AVENIDA GONCALO  ROLLEMBERG LEITE,1721,,LUZIA,49045-280,GASOLINA,04/03/2026,"6,57",,R$ / litro,RAIZEN
NE,SE,ARACAJU,TYRESOLES DE SERGIPE INDUSTRIA COMERCIO E SERVICOS LTDA, 13.007.828/0010-04,AVENIDA GONCALO  ROLLEMBERG LEITE,1721,,LUZIA,49045-280,GASOLINA ADITIVADA,04/03/2026,"6,57",,R$ / litro,RAIZEN
NE,SE,ARACAJU,TYRESOLES DE SERGIPE INDUSTRIA COMERCIO E SERVICOS LTDA, 13.007.828/0010-04,AVENIDA GONCALO  ROLLEMBERG LEITE,1721,,LUZIA,49045-280,ETANOL,04/03/2026,"4,85",,R$ / litro,RAIZEN
NE,SE,ARACAJU,REDE DE POSTOS PRESIDENTE LTDA, 32.864.795/0001-72,AVENIDA COELHO E CAMPOS,1254,,SANTO ANTONIO,49060-000,GASOLINA,04/03/2026,"6,59",,R$ / litro,VIBRA
NE,SE,ARACAJU,REDE DE POSTOS PRESIDENTE LTDA, 32.864.795/0001-72,AVENIDA COELHO E CAMPOS,1254,,SANTO ANTONIO,49060-000,GASOLINA ADITIVADA,04/03/2026,"6,79",,R$ / litro,VIBRA
NE,SE,ARACAJU,REDE DE POSTOS PRESIDENTE LTDA, 32.864.795/0001-72,AVENIDA COELHO E CAMPOS,1254,,SANTO ANTONIO,49060-000,GNV,04/03/2026,"4,61",,R$ / m³,VIBRA
NE,SE,ARACAJU,LIDER COMERCIO DE COMBUSTIVEIS LTDA, 15.591.357/0001-69,PRACA DA BANDEIRA,171,,CENTRO,49055-090,GASOLINA,04/03/2026,"6,52",,R$ / litro,VIBRA
NE,SE,ARACAJU,LIDER COMERCIO DE COMBUSTIVEIS LTDA, 15.591.357/0001-69,PRACA DA BANDEIRA,171,,CENTRO,49055-090,GASOLINA ADITIVADA,04/03/2026,"6,68",,R$ / litro,VIBRA
NE,SE,ARACAJU,LIDER COMERCIO DE COMBUSTIVEIS LTDA, 15.591.357/0001-69,PRACA DA BANDEIRA,171,,CENTRO,49055-090,ETANOL,04/03/2026,"4,80",,R$ / litro,VIBRA
NE,SE,ARACAJU,POSTO ARIBE EIRELI, 15.083.140/0001-48,AVENIDA PROF JOSE O DE L NETO,150,,AMERICA,49080-480,GASOLINA,04/03/2026,"6,56",,R$ / litro,VIBRA
NE,SE,ARACAJU,POSTO ARIBE EIRELI, 15.083.140/0001-48,AVENIDA PROF JOSE O DE L NETO,150,,AMERICA,49080-480,GASOLINA ADITIVADA,04/03/2026,"6,74",,R$ / litro,VIBRA
NE,SE,ARACAJU,POSTO ARIBE EIRELI, 15.083.140/0001-48,AVENIDA PROF JOSE O DE L NETO,150,,AMERICA,49080-480,DIESEL S10,04/03/2026,"5,93",,R$ / litro,VIBRA
NE,SE,ARACAJU,POSTO ARIBE EIRELI, 15.083.140/0001-48,AVENIDA PROF JOSE O DE L NETO,150,,AMERICA,49080-480,ETANOL,04/03/2026,"4,94",,R$ / litro,VIBRA
NE,SE,ARACAJU,LUBRIFICANTES E ACESSÓRIOS LTDA., 13.257.050/0001-09,AVENIDA BEIRA MAR,6,,13 DE JULHO,49020-010,GASOLINA,04/03/2026,"6,52",,R$ / litro,VIBRA
NE,SE,ARACAJU,LUBRIFICANTES E ACESSÓRIOS LTDA., 13.257.050/0001-09,AVENIDA BEIRA MAR,6,,13 DE JULHO,49020-010,GASOLINA ADITIVADA,04/03/2026,"6,52",,R$ / litro,VIBRA
NE,SE,ARACAJU,LUBRIFICANTES E ACESSÓRIOS LTDA., 13.257.050/0001-09,AVENIDA BEIRA MAR,6,,13 DE JULHO,49020-010,ETANOL,04/03/2026,"4,87",,R$ / litro,VIBRA
NE,SE,ARACAJU,COMERCIAL MARIVAN LTDA, 13.179.247/0001-69,AVENIDA ADELIA FRANCO,2234,,LUZIA,49048-010,GASOLINA,04/03/2026,"6,52",,R$ / litro,VIBRA
NE,SE,ARACAJU,COMERCIAL MARIVAN LTDA, 13.179.247/0001-69,AVENIDA ADELIA FRANCO,2234,,LUZIA,49048-010,ETANOL,04/03/2026,"4,80",,R$ / litro,VIBRA
NE,SE,ARACAJU,J. L. OLIVEIRA & BARROS LTDA, 13.113.477/0004-78,AVENIDA ENGENHEIRO GENTIL TAVARES,381,,GETULIO VARGAS,49055-260,GASOLINA,04/03/2026,"6,58",,R$ / litro,VIBRA
NE,SE,ARACAJU,J. L. OLIVEIRA & BARROS LTDA, 13.113.477/0004-78,AVENIDA ENGENHEIRO GENTIL TAVARES,381,,GETULIO VARGAS,49055-260,DIESEL S10,04/03/2026,"6,29",,R$ / litro,VIBRA
NE,SE,ARACAJU,POSTO CARMOPOLIS LTDA, 13.077.342/0001-51,AVENIDA JOAO RIBEIRO,680,,INDUSTRIAL,49065-310,GASOLINA,04/03/2026,"6,52",,R$ / litro,BRANCA
NE,SE,ARACAJU,POSTO CARMOPOLIS LTDA, 13.077.342/0001-51,AVENIDA JOAO RIBEIRO,680,,INDUSTRIAL,49065-310,GASOLINA ADITIVADA,04/03/2026,"6,52",,R$ / litro,BRANCA
NE,SE,ARACAJU,POSTO CARMOPOLIS LTDA, 13.077.342/0001-51,AVENIDA JOAO RIBEIRO,680,,INDUSTRIAL,49065-310,DIESEL S10,04/03/2026,"5,76",,R$ / litro,BRANCA
NE,SE,ARACAJU,POSTO CARMOPOLIS LTDA, 13.077.342/0001-51,AVENIDA JOAO RIBEIRO,680,,INDUSTRIAL,49065-310,ETANOL,04/03/2026,"4,80",,R$ / litro,BRANCA
NE,SE,ARACAJU,AMARAL & CIA LTDA, 13.008.610/0001-83,RUA MARIANO SALMERON,709,,SIQUEIRA CAMPOS,49075-370,GASOLINA,03/03/2026,"6,52",,R$ / litro,VIBRA
NE,SE,ARACAJU,AMARAL & CIA LTDA, 13.008.610/0001-83,RUA MARIANO SALMERON,709,,SIQUEIRA CAMPOS,49075-370,GASOLINA ADITIVADA,03/03/2026,"6,62",,R$ / litro,VIBRA
NE,SE,ARACAJU,AMARAL & CIA LTDA, 13.008.610/0001-83,RUA MARIANO SALMERON,709,,SIQUEIRA CAMPOS,49075-370,DIESEL S10,03/03/2026,"6,28",,R$ / litro,VIBRA
NE,SE,ARACAJU,AMARAL & CIA LTDA, 13.008.610/0001-83,RUA MARIANO SALMERON,709,,SIQUEIRA CAMPOS,49075-370,ETANOL,03/03/2026,"4,80",,R$ / litro,VIBRA
NE,SE,ARACAJU,GAMA E CIA LTDA, 13.007.752/0001-26,AVENIDA TANCREDO NEVES,2551,,DISTRITO INDUSTRIAL DE ARACAJU,49095-000,GASOLINA,04/03/2026,"6,52",,R$ / litro,VIBRA
NE,SE,ARACAJU,GAMA E CIA LTDA, 13.007.752/0001-26,AVENIDA TANCREDO NEVES,2551,,DISTRITO INDUSTRIAL DE ARACAJU,49095-000,GASOLINA ADITIVADA,04/03/2026,"6,52",,R$ / litro,VIBRA
NE,SE,ARACAJU,L. V. COMERCIO DE COMBUSTIVEIS LTDA, 11.433.769/0001-10,RUA SAO CRISTOVAO,1877,,GETULIO VARGAS,49055-620,GASOLINA,04/03/2026,"6,59",,R$ / litro,RAIZEN
NE,SE,ARACAJU,L. V. COMERCIO DE COMBUSTIVEIS LTDA, 11.433.769/0001-10,RUA SAO CRISTOVAO,1877,,GETULIO VARGAS,49055-620,GASOLINA ADITIVADA,04/03/2026,"6,88",,R$ / litro,RAIZEN
NE,SE,ARACAJU,L. V. COMERCIO DE COMBUSTIVEIS LTDA, 11.433.769/0001-10,RUA SAO CRISTOVAO,1877,,GETULIO VARGAS,49055-620,DIESEL S10,04/03/2026,"5,76",,R$ / litro,RAIZEN
NE,SE,ARACAJU,L. V. COMERCIO DE COMBUSTIVEIS LTDA, 11.433.769/0001-10,RUA SAO CRISTOVAO,1877,,GETULIO VARGAS,49055-620,ETANOL,04/03/2026,"4,94",,R$ / litro,RAIZEN
NE,SE,ARACAJU,ALPHA COMERCIAL DE COMBUSTIVEIS LTDA, 08.297.710/0008-03,AVENIDA FRANCISCO PORTO,650,LOJA  BR MANIA DELICATESSE,SALGADO FILHO,49020-120,GASOLINA,04/03/2026,"6,59",,R$ / litro,VIBRA
NE,SE,ARACAJU,ALPHA COMERCIAL DE COMBUSTIVEIS LTDA, 08.297.710/0008-03,AVENIDA FRANCISCO PORTO,650,LOJA  BR MANIA DELICATESSE,SALGADO FILHO,49020-120,GASOLINA ADITIVADA,04/03/2026,"6,79",,R$ / litro,VIBRA
NE,SE,ARACAJU,ALPHA COMERCIAL DE COMBUSTIVEIS LTDA, 08.297.710/0008-03,AVENIDA FRANCISCO PORTO,650,LOJA  BR MANIA DELICATESSE,SALGADO FILHO,49020-120,DIESEL S10,04/03/2026,"6,19",,R$ / litro,VIBRA
NE,SE,ARACAJU,REDE DE POSTOS PRESIDENTE LTDA, 32.864.795/0010-63,RUA LARANJEIRAS,1781,,GETULIO VARGAS,49055-380,GNV,04/03/2026,"4,61",,R$ / m³,VIBRA
NE,SE,ARACAJU,REDE DE POSTOS PRESIDENTE LTDA, 32.864.795/0010-63,RUA LARANJEIRAS,1781,,GETULIO VARGAS,49055-380,GASOLINA,04/03/2026,"6,59",,R$ / litro,VIBRA
NE,SE,ARACAJU,REDE DE POSTOS PRESIDENTE LTDA, 32.864.795/0010-63,RUA LARANJEIRAS,1781,,GETULIO VARGAS,49055-380,GASOLINA ADITIVADA,04/03/2026,"6,79",,R$ / litro,VIBRA
NE,SE,ARACAJU,REDE DE POSTOS PRESIDENTE LTDA, 32.864.795/0010-63,RUA LARANJEIRAS,1781,,GETULIO VARGAS,49055-380,DIESEL S10,04/03/2026,"5,99",,R$ / litro,VIBRA
NE,SE,ARACAJU,REDE DE POSTOS PRESIDENTE LTDA, 32.864.795/0010-63,RUA LARANJEIRAS,1781,,GETULIO VARGAS,49055-380,ETANOL,04/03/2026,"4,99",,R$ / litro,VIBRA
NE,SE,ARACAJU,POSTO PIRANEMA LTDA, 09.258.664/0003-91,AVENIDA PREFEITO HERACLITO ROLLEMBERG,2760,,FAROLANDIA,49030-640,GASOLINA,04/03/2026,"6,59",,R$ / litro,VIBRA
NE,SE,ARACAJU,POSTO PIRANEMA LTDA, 09.258.664/0003-91,AVENIDA PREFEITO HERACLITO ROLLEMBERG,2760,,FAROLANDIA,49030-640,GASOLINA ADITIVADA,04/03/2026,"6,79",,R$ / litro,VIBRA
NE,SE,ARACAJU,POSTO PIRANEMA LTDA, 09.258.664/0003-91,AVENIDA PREFEITO HERACLITO ROLLEMBERG,2760,,FAROLANDIA,49030-640,DIESEL S10,04/03/2026,"6,19",,R$ / litro,VIBRA
NE,SE,ARACAJU,POSTO PIRANEMA LTDA, 09.258.664/0003-91,AVENIDA PREFEITO HERACLITO ROLLEMBERG,2760,,FAROLANDIA,49030-640,ETANOL,04/03/2026,"4,99",,R$ / litro,VIBRA
NE,SE,ARACAJU,VASPETRO COMBUSTIVEL LTDA, 04.979.182/0001-45,AVENIDA BARAO DE MARUIM,552,,CENTRO,49010-340,GASOLINA,09/03/2026,"6,82",,R$ / litro,BRANCA
NE,SE,ARACAJU,VASPETRO COMBUSTIVEL LTDA, 04.979.182/0001-45,AVENIDA BARAO DE MARUIM,552,,CENTRO,49010-340,GASOLINA ADITIVADA,09/03/2026,"6,82",,R$ / litro,BRANCA
NE,SE,ARACAJU,VASPETRO COMBUSTIVEL LTDA, 04.979.182/0001-45,AVENIDA BARAO DE MARUIM,552,,CENTRO,49010-340,DIESEL S10,09/03/2026,"6,59",,R$ / litro,BRANCA
NE,SE,ARACAJU,VASPETRO COMBUSTIVEL LTDA, 04.979.182/0001-45,AVENIDA BARAO DE MARUIM,552,,CENTRO,49010-340,ETANOL,09/03/2026,"4,80",,R$ / litro,BRANCA
NE,SE,ARACAJU,GAMA E CIA LTDA, 13.007.752/0002-07,AVENIDA AUGUSTO FRANCO,2990,,PONTO NOVO,49047-040,GASOLINA,09/03/2026,"6,82",,R$ / litro,VIBRA
NE,SE,ARACAJU,TYRESOLES DE SERGIPE INDUSTRIA COMERCIO E SERVICOS LTDA, 13.007.828/0010-04,AVENIDA GONCALO  ROLLEMBERG LEITE,1721,,LUZIA,49045-280,GASOLINA,09/03/2026,"6,87",,R$ / litro,RAIZEN
NE,SE,ARACAJU,TYRESOLES DE SERGIPE INDUSTRIA COMERCIO E SERVICOS LTDA, 13.007.828/0010-04,AVENIDA GONCALO  ROLLEMBERG LEITE,1721,,LUZIA,49045-280,GASOLINA ADITIVADA,09/03/2026,"6,87",,R$ / litro,RAIZEN
NE,SE,ARACAJU,TYRESOLES DE SERGIPE INDUSTRIA COMERCIO E SERVICOS LTDA, 13.007.828/0010-04,AVENIDA GONCALO  ROLLEMBERG LEITE,1721,,LUZIA,49045-280,ETANOL,09/03/2026,"4,99",,R$ / litro,RAIZEN
NE,SE,ARACAJU,REDE DE POSTOS PRESIDENTE LTDA, 32.864.795/0001-72,AVENIDA COELHO E CAMPOS,1254,,SANTO ANTONIO,49060-000,GNV,09/03/2026,"4,61",,R$ / m³,VIBRA
NE,SE,ARACAJU,REDE DE POSTOS PRESIDENTE LTDA, 32.864.795/0001-72,AVENIDA COELHO E CAMPOS,1254,,SANTO ANTONIO,49060-000,GASOLINA,09/03/2026,"6,89",,R$ / litro,VIBRA
NE,SE,ARACAJU,REDE DE POSTOS PRESIDENTE LTDA, 32.864.795/0001-72,AVENIDA COELHO E CAMPOS,1254,,SANTO ANTONIO,49060-000,GASOLINA ADITIVADA,09/03/2026,"7,09",,R$ / litro,VIBRA
NE,SE,ARACAJU,REDE DE POSTOS PRESIDENTE LTDA, 32.864.795/0001-72,AVENIDA COELHO E CAMPOS,1254,,SANTO ANTONIO,49060-000,ETANOL,09/03/2026,"5,09",,R$ / litro,VIBRA
NE,SE,ARACAJU,LIDER COMERCIO DE COMBUSTIVEIS LTDA, 15.591.357/0001-69,PRACA DA BANDEIRA,171,,CENTRO,49055-090,GASOLINA,09/03/2026,"6,82",,R$ / litro,VIBRA
NE,SE,ARACAJU,LIDER COMERCIO DE COMBUSTIVEIS LTDA, 15.591.357/0001-69,PRACA DA BANDEIRA,171,,CENTRO,49055-090,GASOLINA ADITIVADA,09/03/2026,"6,99",,R$ / litro,VIBRA
NE,SE,ARACAJU,LIDER COMERCIO DE COMBUSTIVEIS LTDA, 15.591.357/0001-69,PRACA DA BANDEIRA,171,,CENTRO,49055-090,ETANOL,09/03/2026,"4,99",,R$ / litro,VIBRA
NE,SE,ARACAJU,POSTO ARIBE EIRELI, 15.083.140/0001-48,AVENIDA PROF JOSE O DE L NETO,150,,AMERICA,49080-480,GASOLINA,09/03/2026,"6,83",,R$ / litro,VIBRA
NE,SE,ARACAJU,POSTO ARIBE EIRELI, 15.083.140/0001-48,AVENIDA PROF JOSE O DE L NETO,150,,AMERICA,49080-480,GASOLINA ADITIVADA,09/03/2026,"7,01",,R$ / litro,VIBRA
NE,SE,ARACAJU,POSTO ARIBE EIRELI, 15.083.140/0001-48,AVENIDA PROF JOSE O DE L NETO,150,,AMERICA,49080-480,DIESEL S10,09/03/2026,"6,59",,R$ / litro,VIBRA
NE,SE,ARACAJU,POSTO ARIBE EIRELI, 15.083.140/0001-48,AVENIDA PROF JOSE O DE L NETO,150,,AMERICA,49080-480,ETANOL,09/03/2026,"5,03",,R$ / litro,VIBRA
NE,SE,ARACAJU,LUBRIFICANTES E ACESSÓRIOS LTDA., 13.257.050/0001-09,AVENIDA BEIRA MAR,6,,13 DE JULHO,49020-010,GASOLINA,09/03/2026,"6,82",,R$ / litro,VIBRA
NE,SE,ARACAJU,LUBRIFICANTES E ACESSÓRIOS LTDA., 13.257.050/0001-09,AVENIDA BEIRA MAR,6,,13 DE JULHO,49020-010,GASOLINA ADITIVADA,09/03/2026,"6,82",,R$ / litro,VIBRA
NE,SE,ARACAJU,LUBRIFICANTES E ACESSÓRIOS LTDA., 13.257.050/0001-09,AVENIDA BEIRA MAR,6,,13 DE JULHO,49020-010,ETANOL,09/03/2026,"4,95",,R$ / litro,VIBRA
NE,SE,ARACAJU,COMERCIAL MARIVAN LTDA, 13.179.247/0001-69,AVENIDA ADELIA FRANCO,2234,,LUZIA,49048-010,GASOLINA,09/03/2026,"6,82",,R$ / litro,VIBRA
NE,SE,ARACAJU,COMERCIAL MARIVAN LTDA, 13.179.247/0001-69,AVENIDA ADELIA FRANCO,2234,,LUZIA,49048-010,GASOLINA ADITIVADA,09/03/2026,"6,82",,R$ / litro,VIBRA
NE,SE,ARACAJU,COMERCIAL MARIVAN LTDA, 13.179.247/0001-69,AVENIDA ADELIA FRANCO,2234,,LUZIA,49048-010,ETANOL,09/03/2026,"4,95",,R$ / litro,VIBRA
NE,SE,ARACAJU,J. L. OLIVEIRA & BARROS LTDA, 13.113.477/0004-78,AVENIDA ENGENHEIRO GENTIL TAVARES,381,,GETULIO VARGAS,49055-260,GASOLINA,09/03/2026,"6,88",,R$ / litro,VIBRA
NE,SE,ARACAJU,POSTO CARMOPOLIS LTDA, 13.077.342/0001-51,AVENIDA JOAO RIBEIRO,680,,INDUSTRIAL,49065-310,GASOLINA,09/03/2026,"6,82",,R$ / litro,BRANCA
NE,SE,ARACAJU,POSTO CARMOPOLIS LTDA, 13.077.342/0001-51,AVENIDA JOAO RIBEIRO,680,,INDUSTRIAL,49065-310,GASOLINA ADITIVADA,09/03/2026,"6,82",,R$ / litro,BRANCA
NE,SE,ARACAJU,POSTO CARMOPOLIS LTDA, 13.077.342/0001-51,AVENIDA JOAO RIBEIRO,680,,INDUSTRIAL,49065-310,DIESEL S10,09/03/2026,"6,50",,R$ / litro,BRANCA
NE,SE,ARACAJU,POSTO CARMOPOLIS LTDA, 13.077.342/0001-51,AVENIDA JOAO RIBEIRO,680,,INDUSTRIAL,49065-310,ETANOL,09/03/2026,"4,95",,R$ / litro,BRANCA
NE,SE,ARACAJU,KLEBER SANTOS BATISTA LTDA, 13.042.882/0001-08,AVENIDA DESEMBARGADOR MAYNARD,770,,CIRURGIA,49055-210,GNV,09/03/2026,"4,61",,R$ / m³,BRANCA
NE,SE,ARACAJU,KLEBER SANTOS BATISTA LTDA, 13.042.882/0001-08,AVENIDA DESEMBARGADOR MAYNARD,770,,CIRURGIA,49055-210,GASOLINA,09/03/2026,"6,82",,R$ / litro,BRANCA
NE,SE,ARACAJU,KLEBER SANTOS BATISTA LTDA, 13.042.882/0001-08,AVENIDA DESEMBARGADOR MAYNARD,770,,CIRURGIA,49055-210,GASOLINA ADITIVADA,09/03/2026,"6,82",,R$ / litro,BRANCA
NE,SE,ARACAJU,KLEBER SANTOS BATISTA LTDA, 13.042.882/0001-08,AVENIDA DESEMBARGADOR MAYNARD,770,,CIRURGIA,49055-210,DIESEL S10,09/03/2026,"6,50",,R$ / litro,BRANCA
NE,SE,ARACAJU,KLEBER SANTOS BATISTA LTDA, 13.042.882/0001-08,AVENIDA DESEMBARGADOR MAYNARD,770,,CIRURGIA,49055-210,ETANOL,09/03/2026,"4,95",,R$ / litro,BRANCA
NE,SE,ARACAJU,AMARAL & CIA LTDA, 13.008.610/0001-83,RUA MARIANO SALMERON,709,,SIQUEIRA CAMPOS,49075-370,GASOLINA,09/03/2026,"6,62",,R$ / litro,VIBRA
NE,SE,ARACAJU,AMARAL & CIA LTDA, 13.008.610/0001-83,RUA MARIANO SALMERON,709,,SIQUEIRA CAMPOS,49075-370,GASOLINA ADITIVADA,09/03/2026,"6,62",,R$ / litro,VIBRA
NE,SE,ARACAJU,AMARAL & CIA LTDA, 13.008.610/0001-83,RUA MARIANO SALMERON,709,,SIQUEIRA CAMPOS,49075-370,DIESEL S10,09/03/2026,"6,28",,R$ / litro,VIBRA
NE,SE,ARACAJU,GAMA E CIA LTDA, 13.007.752/0001-26,AVENIDA TANCREDO NEVES,2551,,DISTRITO INDUSTRIAL DE ARACAJU,49095-000,GASOLINA,09/03/2026,"6,82",,R$ / litro,VIBRA
NE,SE,ARACAJU,L. V. COMERCIO DE COMBUSTIVEIS LTDA, 11.433.769/0001-10,RUA SAO CRISTOVAO,1877,,GETULIO VARGAS,49055-620,ETANOL,09/03/2026,"5,09",,R$ / litro,RAIZEN
NE,SE,ARACAJU,L. V. COMERCIO DE COMBUSTIVEIS LTDA, 11.433.769/0001-10,RUA SAO CRISTOVAO,1877,,GETULIO VARGAS,49055-620,GASOLINA,09/03/2026,"6,89",,R$ / litro,RAIZEN
NE,SE,ARACAJU,L. V. COMERCIO DE COMBUSTIVEIS LTDA, 11.433.769/0001-10,RUA SAO CRISTOVAO,1877,,GETULIO VARGAS,49055-620,GASOLINA ADITIVADA,09/03/2026,"7,18",,R$ / litro,RAIZEN
NE,SE,ARACAJU,L. V. COMERCIO DE COMBUSTIVEIS LTDA, 11.433.769/0001-10,RUA SAO CRISTOVAO,1877,,GETULIO VARGAS,49055-620,DIESEL S10,09/03/2026,"6,50",,R$ / litro,RAIZEN
NE,SE,ARACAJU,ALPHA COMERCIAL DE COMBUSTIVEIS LTDA, 08.297.710/0008-03,AVENIDA FRANCISCO PORTO,650,LOJA  BR MANIA DELICATESSE,SALGADO FILHO,49020-120,GASOLINA,09/03/2026,"6,89",,R$ / litro,VIBRA
NE,SE,ARACAJU,ALPHA COMERCIAL DE COMBUSTIVEIS LTDA, 08.297.710/0008-03,AVENIDA FRANCISCO PORTO,650,LOJA  BR MANIA DELICATESSE,SALGADO FILHO,49020-120,GASOLINA ADITIVADA,09/03/2026,"7,09",,R$ / litro,VIBRA
NE,SE,ARACAJU,ALPHA COMERCIAL DE COMBUSTIVEIS LTDA, 08.297.710/0008-03,AVENIDA FRANCISCO PORTO,650,LOJA  BR MANIA DELICATESSE,SALGADO FILHO,49020-120,DIESEL S10,09/03/2026,"6,69",,R$ / litro,VIBRA
NE,SE,ARACAJU,REDE DE POSTOS PRESIDENTE LTDA, 32.864.795/0010-63,RUA LARANJEIRAS,1781,,GETULIO VARGAS,49055-380,GNV,09/03/2026,"4,61",,R$ / m³,VIBRA
NE,SE,ARACAJU,REDE DE POSTOS PRESIDENTE LTDA, 32.864.795/0010-63,RUA LARANJEIRAS,1781,,GETULIO VARGAS,49055-380,GASOLINA,09/03/2026,"6,89",,R$ / litro,VIBRA
NE,SE,ARACAJU,REDE DE POSTOS PRESIDENTE LTDA, 32.864.795/0010-63,RUA LARANJEIRAS,1781,,GETULIO VARGAS,49055-380,GASOLINA ADITIVADA,09/03/2026,"7,09",,R$ / litro,VIBRA
NE,SE,ARACAJU,POSTO PIRANEMA LTDA, 09.258.664/0003-91,AVENIDA PREFEITO HERACLITO ROLLEMBERG,2760,,FAROLANDIA,49030-640,GASOLINA,09/03/2026,"6,89",,R$ / litro,VIBRA
NE,SE,ARACAJU,POSTO PIRANEMA LTDA, 09.258.664/0003-91,AVENIDA PREFEITO HERACLITO ROLLEMBERG,2760,,FAROLANDIA,49030-640,GASOLINA ADITIVADA,09/03/2026,"7,09",,R$ / litro,VIBRA
NE,SE,ARACAJU,VASPETRO COMBUSTIVEL LTDA, 04.979.182/0001-45,AVENIDA BARAO DE MARUIM,552,,CENTRO,49010-340,GASOLINA,20/03/2026,"7,62",,R$ / litro,BRANCA
NE,SE,ARACAJU,VASPETRO COMBUSTIVEL LTDA, 04.979.182/0001-45,AVENIDA BARAO DE MARUIM,552,,CENTRO,49010-340,GASOLINA ADITIVADA,20/03/2026,"7,62",,R$ / litro,BRANCA
NE,SE,ARACAJU,VASPETRO COMBUSTIVEL LTDA, 04.979.182/0001-45,AVENIDA BARAO DE MARUIM,552,,CENTRO,49010-340,ETANOL,20/03/2026,"4,95",,R$ / litro,BRANCA
NE,SE,ARACAJU,TYRESOLES DE SERGIPE INDUSTRIA COMERCIO E SERVICOS LTDA, 13.007.828/0010-04,AVENIDA GONCALO  ROLLEMBERG LEITE,1721,,LUZIA,49045-280,GASOLINA,20/03/2026,"7,29",,R$ / litro,RAIZEN
NE,SE,ARACAJU,TYRESOLES DE SERGIPE INDUSTRIA COMERCIO E SERVICOS LTDA, 13.007.828/0010-04,AVENIDA GONCALO  ROLLEMBERG LEITE,1721,,LUZIA,49045-280,GASOLINA ADITIVADA,20/03/2026,"7,39",,R$ / litro,RAIZEN
NE,SE,ARACAJU,TYRESOLES DE SERGIPE INDUSTRIA COMERCIO E SERVICOS LTDA, 13.007.828/0010-04,AVENIDA GONCALO  ROLLEMBERG LEITE,1721,,LUZIA,49045-280,ETANOL,20/03/2026,"5,16",,R$ / litro,RAIZEN
NE,SE,ARACAJU,LIDER COMERCIO DE COMBUSTIVEIS LTDA, 15.591.357/0001-69,PRACA DA BANDEIRA,171,,CENTRO,49055-090,GASOLINA,20/03/2026,"7,62",,R$ / litro,VIBRA
NE,SE,ARACAJU,LIDER COMERCIO DE COMBUSTIVEIS LTDA, 15.591.357/0001-69,PRACA DA BANDEIRA,171,,CENTRO,49055-090,ETANOL,20/03/2026,"5,32",,R$ / litro,VIBRA
NE,SE,ARACAJU,COMERCIAL MARIVAN LTDA, 13.179.247/0001-69,AVENIDA ADELIA FRANCO,2234,,LUZIA,49048-010,GASOLINA ADITIVADA,20/03/2026,"6,99",,R$ / litro,VIBRA
NE,SE,ARACAJU,COMERCIAL MARIVAN LTDA, 13.179.247/0001-69,AVENIDA ADELIA FRANCO,2234,,LUZIA,49048-010,DIESEL S10,20/03/2026,"6,79",,R$ / litro,VIBRA
NE,SE,ARACAJU,COMERCIAL MARIVAN LTDA, 13.179.247/0001-69,AVENIDA ADELIA FRANCO,2234,,LUZIA,49048-010,ETANOL,20/03/2026,"4,95",,R$ / litro,VIBRA
NE,SE,ARACAJU,COMERCIAL MARIVAN LTDA, 13.179.247/0001-69,AVENIDA ADELIA FRANCO,2234,,LUZIA,49048-010,GASOLINA,20/03/2026,"6,92",,R$ / litro,VIBRA
NE,SE,ARACAJU,J. L. OLIVEIRA & BARROS LTDA, 13.113.477/0004-78,AVENIDA ENGENHEIRO GENTIL TAVARES,381,,GETULIO VARGAS,49055-260,GASOLINA,20/03/2026,"7,68",,R$ / litro,VIBRA
NE,SE,ARACAJU,POSTO CARMOPOLIS LTDA, 13.077.342/0001-51,AVENIDA JOAO RIBEIRO,680,,INDUSTRIAL,49065-310,GASOLINA,20/03/2026,"6,92",,R$ / litro,BRANCA
NE,SE,ARACAJU,POSTO CARMOPOLIS LTDA, 13.077.342/0001-51,AVENIDA JOAO RIBEIRO,680,,INDUSTRIAL,49065-310,GASOLINA ADITIVADA,20/03/2026,"6,92",,R$ / litro,BRANCA
NE,SE,ARACAJU,POSTO CARMOPOLIS LTDA, 13.077.342/0001-51,AVENIDA JOAO RIBEIRO,680,,INDUSTRIAL,49065-310,DIESEL S10,20/03/2026,"6,79",,R$ / litro,BRANCA
NE,SE,ARACAJU,POSTO CARMOPOLIS LTDA, 13.077.342/0001-51,AVENIDA JOAO RIBEIRO,680,,INDUSTRIAL,49065-310,ETANOL,20/03/2026,"4,95",,R$ / litro,BRANCA
NE,SE,ARACAJU,KLEBER SANTOS BATISTA LTDA, 13.042.882/0001-08,AVENIDA DESEMBARGADOR MAYNARD,770,,CIRURGIA,49055-210,GNV,20/03/2026,"4,61",,R$ / m³,BRANCA
NE,SE,ARACAJU,KLEBER SANTOS BATISTA LTDA, 13.042.882/0001-08,AVENIDA DESEMBARGADOR MAYNARD,770,,CIRURGIA,49055-210,GASOLINA,20/03/2026,"6,92",,R$ / litro,BRANCA
NE,SE,ARACAJU,KLEBER SANTOS BATISTA LTDA, 13.042.882/0001-08,AVENIDA DESEMBARGADOR MAYNARD,770,,CIRURGIA,49055-210,GASOLINA ADITIVADA,20/03/2026,"6,92",,R$ / litro,BRANCA
NE,SE,ARACAJU,KLEBER SANTOS BATISTA LTDA, 13.042.882/0001-08,AVENIDA DESEMBARGADOR MAYNARD,770,,CIRURGIA,49055-210,DIESEL S10,20/03/2026,"6,79",,R$ / litro,BRANCA
NE,SE,ARACAJU,KLEBER SANTOS BATISTA LTDA, 13.042.882/0001-08,AVENIDA DESEMBARGADOR MAYNARD,770,,CIRURGIA,49055-210,ETANOL,20/03/2026,"4,95",,R$ / litro,BRANCA
NE,SE,ARACAJU,L. V. COMERCIO DE COMBUSTIVEIS LTDA, 11.433.769/0001-10,RUA SAO CRISTOVAO,1877,,GETULIO VARGAS,49055-620,GASOLINA,20/03/2026,"6,99",,R$ / litro,RAIZEN
NE,SE,ARACAJU,L. V. COMERCIO DE COMBUSTIVEIS LTDA, 11.433.769/0001-10,RUA SAO CRISTOVAO,1877,,GETULIO VARGAS,49055-620,GASOLINA ADITIVADA,20/03/2026,"7,29",,R$ / litro,RAIZEN
NE,SE,ARACAJU,L. V. COMERCIO DE COMBUSTIVEIS LTDA, 11.433.769/0001-10,RUA SAO CRISTOVAO,1877,,GETULIO VARGAS,49055-620,DIESEL S10,20/03/2026,"6,79",,R$ / litro,RAIZEN
NE,SE,ARACAJU,L. V. COMERCIO DE COMBUSTIVEIS LTDA, 11.433.769/0001-10,RUA SAO CRISTOVAO,1877,,GETULIO VARGAS,49055-620,ETANOL,20/03/2026,"4,99",,R$ / litro,RAIZEN
NE,SE,ARACAJU,REDE DE POSTOS PRESIDENTE LTDA, 32.864.795/0010-63,RUA LARANJEIRAS,1781,,GETULIO VARGAS,49055-380,GASOLINA,20/03/2026,"7,69",,R$ / litro,VIBRA
NE,SE,ARACAJU,REDE DE POSTOS PRESIDENTE LTDA, 32.864.795/0010-63,RUA LARANJEIRAS,1781,,GETULIO VARGAS,49055-380,GASOLINA ADITIVADA,20/03/2026,"7,89",,R$ / litro,VIBRA
NE,SE,ARACAJU,VASPETRO COMBUSTIVEL LTDA, 04.979.182/0001-45,AVENIDA BARAO DE MARUIM,552,,CENTRO,49010-340,GASOLINA,24/03/2026,"7,22",,R$ / litro,BRANCA
NE,SE,ARACAJU,VASPETRO COMBUSTIVEL LTDA, 04.979.182/0001-45,AVENIDA BARAO DE MARUIM,552,,CENTRO,49010-340,GASOLINA ADITIVADA,24/03/2026,"7,22",,R$ / litro,BRANCA
NE,SE,ARACAJU,GAMA E CIA LTDA, 13.007.752/0002-07,AVENIDA AUGUSTO FRANCO,2990,,PONTO NOVO,49047-040,GASOLINA,24/03/2026,"7,22",,R$ / litro,VIBRA
NE,SE,ARACAJU,GAMA E CIA LTDA, 13.007.752/0002-07,AVENIDA AUGUSTO FRANCO,2990,,PONTO NOVO,49047-040,ETANOL,24/03/2026,"5,05",,R$ / litro,VIBRA
NE,SE,ARACAJU,TYRESOLES DE SERGIPE INDUSTRIA COMERCIO E SERVICOS LTDA, 13.007.828/0010-04,AVENIDA GONCALO  ROLLEMBERG LEITE,1721,,LUZIA,49045-280,GASOLINA,24/03/2026,"7,29",,R$ / litro,RAIZEN
NE,SE,ARACAJU,TYRESOLES DE SERGIPE INDUSTRIA COMERCIO E SERVICOS LTDA, 13.007.828/0010-04,AVENIDA GONCALO  ROLLEMBERG LEITE,1721,,LUZIA,49045-280,ETANOL,24/03/2026,"5,19",,R$ / litro,RAIZEN
NE,SE,ARACAJU,REDE DE POSTOS PRESIDENTE LTDA, 32.864.795/0001-72,AVENIDA COELHO E CAMPOS,1254,,SANTO ANTONIO,49060-000,GNV,23/03/2026,"4,61",,R$ / m³,VIBRA
NE,SE,ARACAJU,REDE DE POSTOS PRESIDENTE LTDA, 32.864.795/0001-72,AVENIDA COELHO E CAMPOS,1254,,SANTO ANTONIO,49060-000,GASOLINA,23/03/2026,"7,29",,R$ / litro,VIBRA
NE,SE,ARACAJU,REDE DE POSTOS PRESIDENTE LTDA, 32.864.795/0001-72,AVENIDA COELHO E CAMPOS,1254,,SANTO ANTONIO,49060-000,GASOLINA ADITIVADA,23/03/2026,"7,49",,R$ / litro,VIBRA
NE,SE,ARACAJU,REDE DE POSTOS PRESIDENTE LTDA, 32.864.795/0001-72,AVENIDA COELHO E CAMPOS,1254,,SANTO ANTONIO,49060-000,DIESEL,23/03/2026,"7,29",,R$ / litro,VIBRA
NE,SE,ARACAJU,REDE DE POSTOS PRESIDENTE LTDA, 32.864.795/0001-72,AVENIDA COELHO E CAMPOS,1254,,SANTO ANTONIO,49060-000,DIESEL S10,23/03/2026,"7,69",,R$ / litro,VIBRA
NE,SE,ARACAJU,LIDER COMERCIO DE COMBUSTIVEIS LTDA, 15.591.357/0001-69,PRACA DA BANDEIRA,171,,CENTRO,49055-090,GASOLINA,24/03/2026,"7,22",,R$ / litro,VIBRA
NE,SE,ARACAJU,LIDER COMERCIO DE COMBUSTIVEIS LTDA, 15.591.357/0001-69,PRACA DA BANDEIRA,171,,CENTRO,49055-090,GASOLINA ADITIVADA,24/03/2026,"7,40",,R$ / litro,VIBRA
NE,SE,ARACAJU,LIDER COMERCIO DE COMBUSTIVEIS LTDA, 15.591.357/0001-69,PRACA DA BANDEIRA,171,,CENTRO,49055-090,ETANOL,24/03/2026,"5,05",,R$ / litro,VIBRA
NE,SE,ARACAJU,POSTO ARIBE EIRELI, 15.083.140/0001-48,AVENIDA PROF JOSE O DE L NETO,150,,AMERICA,49080-480,GASOLINA,24/03/2026,"7,28",,R$ / litro,VIBRA
NE,SE,ARACAJU,POSTO ARIBE EIRELI, 15.083.140/0001-48,AVENIDA PROF JOSE O DE L NETO,150,,AMERICA,49080-480,GASOLINA ADITIVADA,24/03/2026,"7,46",,R$ / litro,VIBRA
NE,SE,ARACAJU,LUBRIFICANTES E ACESSÓRIOS LTDA., 13.257.050/0001-09,AVENIDA BEIRA MAR,6,,13 DE JULHO,49020-010,GASOLINA,24/03/2026,"7,22",,R$ / litro,VIBRA
NE,SE,ARACAJU,LUBRIFICANTES E ACESSÓRIOS LTDA., 13.257.050/0001-09,AVENIDA BEIRA MAR,6,,13 DE JULHO,49020-010,GASOLINA ADITIVADA,24/03/2026,"7,22",,R$ / litro,VIBRA
NE,SE,ARACAJU,LUBRIFICANTES E ACESSÓRIOS LTDA., 13.257.050/0001-09,AVENIDA BEIRA MAR,6,,13 DE JULHO,49020-010,ETANOL,24/03/2026,"5,05",,R$ / litro,VIBRA
NE,SE,ARACAJU,COMERCIAL MARIVAN LTDA, 13.179.247/0001-69,AVENIDA ADELIA FRANCO,2234,,LUZIA,49048-010,GASOLINA,24/03/2026,"7,22",,R$ / litro,VIBRA
NE,SE,ARACAJU,COMERCIAL MARIVAN LTDA, 13.179.247/0001-69,AVENIDA ADELIA FRANCO,2234,,LUZIA,49048-010,GASOLINA ADITIVADA,24/03/2026,"7,29",,R$ / litro,VIBRA
NE,SE,ARACAJU,COMERCIAL MARIVAN LTDA, 13.179.247/0001-69,AVENIDA ADELIA FRANCO,2234,,LUZIA,49048-010,ETANOL,24/03/2026,"5,05",,R$ / litro,VIBRA
NE,SE,ARACAJU,J. L. OLIVEIRA & BARROS LTDA, 13.113.477/0004-78,AVENIDA ENGENHEIRO GENTIL TAVARES,381,,GETULIO VARGAS,49055-260,GASOLINA,25/03/2026,"7,29",,R$ / litro,VIBRA
NE,SE,ARACAJU,POSTO CARMOPOLIS LTDA, 13.077.342/0001-51,AVENIDA JOAO RIBEIRO,680,,INDUSTRIAL,49065-310,GASOLINA,24/03/2026,"7,22",,R$ / litro,BRANCA
NE,SE,ARACAJU,POSTO CARMOPOLIS LTDA, 13.077.342/0001-51,AVENIDA JOAO RIBEIRO,680,,INDUSTRIAL,49065-310,GASOLINA ADITIVADA,24/03/2026,"7,22",,R$ / litro,BRANCA
NE,SE,ARACAJU,POSTO CARMOPOLIS LTDA, 13.077.342/0001-51,AVENIDA JOAO RIBEIRO,680,,INDUSTRIAL,49065-310,DIESEL S10,24/03/2026,"7,13",,R$ / litro,BRANCA
NE,SE,ARACAJU,POSTO CARMOPOLIS LTDA, 13.077.342/0001-51,AVENIDA JOAO RIBEIRO,680,,INDUSTRIAL,49065-310,ETANOL,24/03/2026,"5,05",,R$ / litro,BRANCA
NE,SE,ARACAJU,KLEBER SANTOS BATISTA LTDA, 13.042.882/0001-08,AVENIDA DESEMBARGADOR MAYNARD,770,,CIRURGIA,49055-210,GNV,25/03/2026,"4,61",,R$ / m³,BRANCA
NE,SE,ARACAJU,KLEBER SANTOS BATISTA LTDA, 13.042.882/0001-08,AVENIDA DESEMBARGADOR MAYNARD,770,,CIRURGIA,49055-210,GASOLINA,25/03/2026,"7,22",,R$ / litro,BRANCA
NE,SE,ARACAJU,KLEBER SANTOS BATISTA LTDA, 13.042.882/0001-08,AVENIDA DESEMBARGADOR MAYNARD,770,,CIRURGIA,49055-210,GASOLINA ADITIVADA,25/03/2026,"7,22",,R$ / litro,BRANCA
NE,SE,ARACAJU,KLEBER SANTOS BATISTA LTDA, 13.042.882/0001-08,AVENIDA DESEMBARGADOR MAYNARD,770,,CIRURGIA,49055-210,DIESEL S10,25/03/2026,"7,13",,R$ / litro,BRANCA
NE,SE,ARACAJU,KLEBER SANTOS BATISTA LTDA, 13.042.882/0001-08,AVENIDA DESEMBARGADOR MAYNARD,770,,CIRURGIA,49055-210,ETANOL,25/03/2026,"5,05",,R$ / litro,BRANCA
NE,SE,ARACAJU,GAMA E CIA LTDA, 13.007.752/0001-26,AVENIDA TANCREDO NEVES,2551,,DISTRITO INDUSTRIAL DE ARACAJU,49095-000,GASOLINA,24/03/2026,"7,22",,R$ / litro,VIBRA
NE,SE,ARACAJU,L. V. COMERCIO DE COMBUSTIVEIS LTDA, 11.433.769/0001-10,RUA SAO CRISTOVAO,1877,,GETULIO VARGAS,49055-620,DIESEL S10,25/03/2026,"7,13",,R$ / litro,RAIZEN
NE,SE,ARACAJU,L. V. COMERCIO DE COMBUSTIVEIS LTDA, 11.433.769/0001-10,RUA SAO CRISTOVAO,1877,,GETULIO VARGAS,49055-620,ETANOL,25/03/2026,"5,19",,R$ / litro,RAIZEN
NE,SE,ARACAJU,L. V. COMERCIO DE COMBUSTIVEIS LTDA, 11.433.769/0001-10,RUA SAO CRISTOVAO,1877,,GETULIO VARGAS,49055-620,GASOLINA,25/03/2026,"7,29",,R$ / litro,RAIZEN
NE,SE,ARACAJU,L. V. COMERCIO DE COMBUSTIVEIS LTDA, 11.433.769/0001-10,RUA SAO CRISTOVAO,1877,,GETULIO VARGAS,49055-620,GASOLINA ADITIVADA,25/03/2026,"7,58",,R$ / litro,RAIZEN
NE,SE,ARACAJU,ALPHA COMERCIAL DE COMBUSTIVEIS LTDA, 08.297.710/0008-03,AVENIDA FRANCISCO PORTO,650,LOJA  BR MANIA DELICATESSE,SALGADO FILHO,49020-120,GASOLINA,24/03/2026,"7,29",,R$ / litro,VIBRA
NE,SE,ARACAJU,ALPHA COMERCIAL DE COMBUSTIVEIS LTDA, 08.297.710/0008-03,AVENIDA FRANCISCO PORTO,650,LOJA  BR MANIA DELICATESSE,SALGADO FILHO,49020-120,GASOLINA ADITIVADA,24/03/2026,"7,49",,R$ / litro,VIBRA
NE,SE,ARACAJU,REDE DE POSTOS PRESIDENTE LTDA, 32.864.795/0010-63,RUA LARANJEIRAS,1781,,GETULIO VARGAS,49055-380,GASOLINA,25/03/2026,"7,29",,R$ / litro,VIBRA
NE,SE,ARACAJU,REDE DE POSTOS PRESIDENTE LTDA, 32.864.795/0010-63,RUA LARANJEIRAS,1781,,GETULIO VARGAS,49055-380,GASOLINA ADITIVADA,25/03/2026,"7,49",,R$ / litro,VIBRA
NE,SE,ARACAJU,POSTO PIRANEMA LTDA, 09.258.664/0003-91,AVENIDA PREFEITO HERACLITO ROLLEMBERG,2760,,FAROLANDIA,49030-640,GASOLINA,24/03/2026,"7,29",,R$ / litro,VIBRA
NE,SE,ARACAJU,POSTO PIRANEMA LTDA, 09.258.664/0003-91,AVENIDA PREFEITO HERACLITO ROLLEMBERG,2760,,FAROLANDIA,49030-640,GASOLINA ADITIVADA,24/03/2026,"7,49",,R$ / litro,VIBRA
NE,SE,ARACAJU,VASPETRO COMBUSTIVEL LTDA, 04.979.182/0001-45,AVENIDA BARAO DE MARUIM,552,,CENTRO,49010-340,GASOLINA,30/03/2026,"7,22",,R$ / litro,BRANCA
NE,SE,ARACAJU,VASPETRO COMBUSTIVEL LTDA, 04.979.182/0001-45,AVENIDA BARAO DE MARUIM,552,,CENTRO,49010-340,GASOLINA ADITIVADA,30/03/2026,"7,22",,R$ / litro,BRANCA
NE,SE,ARACAJU,VASPETRO COMBUSTIVEL LTDA, 04.979.182/0001-45,AVENIDA BARAO DE MARUIM,552,,CENTRO,49010-340,ETANOL,30/03/2026,"5,09",,R$ / litro,BRANCA
NE,SE,ARACAJU,GAMA E CIA LTDA, 13.007.752/0002-07,AVENIDA AUGUSTO FRANCO,2990,,PONTO NOVO,49047-040,GASOLINA,30/03/2026,"7,22",,R$ / litro,VIBRA
NE,SE,ARACAJU,GAMA E CIA LTDA, 13.007.752/0002-07,AVENIDA AUGUSTO FRANCO,2990,,PONTO NOVO,49047-040,ETANOL,30/03/2026,"5,05",,R$ / litro,VIBRA
NE,SE,ARACAJU,TYRESOLES DE SERGIPE INDUSTRIA COMERCIO E SERVICOS LTDA, 13.007.828/0010-04,AVENIDA GONCALO  ROLLEMBERG LEITE,1721,,LUZIA,49045-280,GASOLINA,30/03/2026,"7,29",,R$ / litro,RAIZEN
NE,SE,ARACAJU,TYRESOLES DE SERGIPE INDUSTRIA COMERCIO E SERVICOS LTDA, 13.007.828/0010-04,AVENIDA GONCALO  ROLLEMBERG LEITE,1721,,LUZIA,49045-280,GASOLINA ADITIVADA,30/03/2026,"7,39",,R$ / litro,RAIZEN
NE,SE,ARACAJU,TYRESOLES DE SERGIPE INDUSTRIA COMERCIO E SERVICOS LTDA, 13.007.828/0010-04,AVENIDA GONCALO  ROLLEMBERG LEITE,1721,,LUZIA,49045-280,ETANOL,30/03/2026,"5,19",,R$ / litro,RAIZEN
NE,SE,ARACAJU,REDE DE POSTOS PRESIDENTE LTDA, 32.864.795/0001-72,AVENIDA COELHO E CAMPOS,1254,,SANTO ANTONIO,49060-000,GNV,31/03/2026,"4,61",,R$ / m³,VIBRA
NE,SE,ARACAJU,REDE DE POSTOS PRESIDENTE LTDA, 32.864.795/0001-72,AVENIDA COELHO E CAMPOS,1254,,SANTO ANTONIO,49060-000,GASOLINA,31/03/2026,"7,29",,R$ / litro,VIBRA
NE,SE,ARACAJU,REDE DE POSTOS PRESIDENTE LTDA, 32.864.795/0001-72,AVENIDA COELHO E CAMPOS,1254,,SANTO ANTONIO,49060-000,GASOLINA ADITIVADA,31/03/2026,"7,49",,R$ / litro,VIBRA
NE,SE,ARACAJU,REDE DE POSTOS PRESIDENTE LTDA, 32.864.795/0001-72,AVENIDA COELHO E CAMPOS,1254,,SANTO ANTONIO,49060-000,DIESEL,31/03/2026,"7,39",,R$ / litro,VIBRA
NE,SE,ARACAJU,LIDER COMERCIO DE COMBUSTIVEIS LTDA, 15.591.357/0001-69,PRACA DA BANDEIRA,171,,CENTRO,49055-090,GASOLINA,31/03/2026,"7,22",,R$ / litro,VIBRA
NE,SE,ARACAJU,LIDER COMERCIO DE COMBUSTIVEIS LTDA, 15.591.357/0001-69,PRACA DA BANDEIRA,171,,CENTRO,49055-090,GASOLINA ADITIVADA,31/03/2026,"7,39",,R$ / litro,VIBRA
NE,SE,ARACAJU,LIDER COMERCIO DE COMBUSTIVEIS LTDA, 15.591.357/0001-69,PRACA DA BANDEIRA,171,,CENTRO,49055-090,ETANOL,31/03/2026,"5,09",,R$ / litro,VIBRA
NE,SE,ARACAJU,POSTO ARIBE EIRELI, 15.083.140/0001-48,AVENIDA PROF JOSE O DE L NETO,150,,AMERICA,49080-480,GASOLINA,30/03/2026,"7,28",,R$ / litro,VIBRA
NE,SE,ARACAJU,POSTO ARIBE EIRELI, 15.083.140/0001-48,AVENIDA PROF JOSE O DE L NETO,150,,AMERICA,49080-480,GASOLINA ADITIVADA,30/03/2026,"7,46",,R$ / litro,VIBRA
NE,SE,ARACAJU,LUBRIFICANTES E ACESSÓRIOS LTDA., 13.257.050/0001-09,AVENIDA BEIRA MAR,6,,13 DE JULHO,49020-010,GASOLINA,30/03/2026,"7,22",,R$ / litro,VIBRA
NE,SE,ARACAJU,LUBRIFICANTES E ACESSÓRIOS LTDA., 13.257.050/0001-09,AVENIDA BEIRA MAR,6,,13 DE JULHO,49020-010,GASOLINA ADITIVADA,30/03/2026,"7,22",,R$ / litro,VIBRA
NE,SE,ARACAJU,LUBRIFICANTES E ACESSÓRIOS LTDA., 13.257.050/0001-09,AVENIDA BEIRA MAR,6,,13 DE JULHO,49020-010,ETANOL,30/03/2026,"5,05",,R$ / litro,VIBRA
NE,SE,ARACAJU,COMERCIAL MARIVAN LTDA, 13.179.247/0001-69,AVENIDA ADELIA FRANCO,2234,,LUZIA,49048-010,GASOLINA,30/03/2026,"7,22",,R$ / litro,VIBRA
NE,SE,ARACAJU,COMERCIAL MARIVAN LTDA, 13.179.247/0001-69,AVENIDA ADELIA FRANCO,2234,,LUZIA,49048-010,GASOLINA ADITIVADA,30/03/2026,"7,29",,R$ / litro,VIBRA
NE,SE,ARACAJU,COMERCIAL MARIVAN LTDA, 13.179.247/0001-69,AVENIDA ADELIA FRANCO,2234,,LUZIA,49048-010,ETANOL,30/03/2026,"5,05",,R$ / litro,VIBRA
NE,SE,ARACAJU,J. L. OLIVEIRA & BARROS LTDA, 13.113.477/0004-78,AVENIDA ENGENHEIRO GENTIL TAVARES,381,,GETULIO VARGAS,49055-260,GASOLINA,31/03/2026,"7,29",,R$ / litro,VIBRA
NE,SE,ARACAJU,J. L. OLIVEIRA & BARROS LTDA, 13.113.477/0004-78,AVENIDA ENGENHEIRO GENTIL TAVARES,381,,GETULIO VARGAS,49055-260,ETANOL,31/03/2026,"5,29",,R$ / litro,VIBRA
NE,SE,ARACAJU,POSTO CARMOPOLIS LTDA, 13.077.342/0001-51,AVENIDA JOAO RIBEIRO,680,,INDUSTRIAL,49065-310,GASOLINA,30/03/2026,"7,22",,R$ / litro,BRANCA
NE,SE,ARACAJU,POSTO CARMOPOLIS LTDA, 13.077.342/0001-51,AVENIDA JOAO RIBEIRO,680,,INDUSTRIAL,49065-310,GASOLINA ADITIVADA,30/03/2026,"7,22",,R$ / litro,BRANCA
NE,SE,ARACAJU,POSTO CARMOPOLIS LTDA, 13.077.342/0001-51,AVENIDA JOAO RIBEIRO,680,,INDUSTRIAL,49065-310,DIESEL S10,30/03/2026,"7,13",,R$ / litro,BRANCA
NE,SE,ARACAJU,POSTO CARMOPOLIS LTDA, 13.077.342/0001-51,AVENIDA JOAO RIBEIRO,680,,INDUSTRIAL,49065-310,ETANOL,30/03/2026,"5,05",,R$ / litro,BRANCA
NE,SE,ARACAJU,KLEBER SANTOS BATISTA LTDA, 13.042.882/0001-08,AVENIDA DESEMBARGADOR MAYNARD,770,,CIRURGIA,49055-210,GNV,31/03/2026,"4,61",,R$ / m³,BRANCA
NE,SE,ARACAJU,KLEBER SANTOS BATISTA LTDA, 13.042.882/0001-08,AVENIDA DESEMBARGADOR MAYNARD,770,,CIRURGIA,49055-210,GASOLINA,31/03/2026,"7,22",,R$ / litro,BRANCA
NE,SE,ARACAJU,KLEBER SANTOS BATISTA LTDA, 13.042.882/0001-08,AVENIDA DESEMBARGADOR MAYNARD,770,,CIRURGIA,49055-210,GASOLINA ADITIVADA,31/03/2026,"7,22",,R$ / litro,BRANCA
NE,SE,ARACAJU,KLEBER SANTOS BATISTA LTDA, 13.042.882/0001-08,AVENIDA DESEMBARGADOR MAYNARD,770,,CIRURGIA,49055-210,DIESEL S10,31/03/2026,"7,30",,R$ / litro,BRANCA
NE,SE,ARACAJU,KLEBER SANTOS BATISTA LTDA, 13.042.882/0001-08,AVENIDA DESEMBARGADOR MAYNARD,770,,CIRURGIA,49055-210,ETANOL,31/03/2026,"5,05",,R$ / litro,BRANCA
NE,SE,ARACAJU,GAMA E CIA LTDA, 13.007.752/0001-26,AVENIDA TANCREDO NEVES,2551,,DISTRITO INDUSTRIAL DE ARACAJU,49095-000,GASOLINA,30/03/2026,"7,22",,R$ / litro,VIBRA
NE,SE,ARACAJU,L. V. COMERCIO DE COMBUSTIVEIS LTDA, 11.433.769/0001-10,RUA SAO CRISTOVAO,1877,,GETULIO VARGAS,49055-620,GASOLINA,31/03/2026,"7,29",,R$ / litro,RAIZEN
NE,SE,ARACAJU,L. V. COMERCIO DE COMBUSTIVEIS LTDA, 11.433.769/0001-10,RUA SAO CRISTOVAO,1877,,GETULIO VARGAS,49055-620,GASOLINA ADITIVADA,31/03/2026,"7,50",,R$ / litro,RAIZEN
NE,SE,ARACAJU,L. V. COMERCIO DE COMBUSTIVEIS LTDA, 11.433.769/0001-10,RUA SAO CRISTOVAO,1877,,GETULIO VARGAS,49055-620,DIESEL S10,31/03/2026,"7,13",,R$ / litro,RAIZEN
NE,SE,ARACAJU,L. V. COMERCIO DE COMBUSTIVEIS LTDA, 11.433.769/0001-10,RUA SAO CRISTOVAO,1877,,GETULIO VARGAS,49055-620,ETANOL,31/03/2026,"5,19",,R$ / litro,RAIZEN
NE,SE,ARACAJU,ALPHA COMERCIAL DE COMBUSTIVEIS LTDA, 08.297.710/0008-03,AVENIDA FRANCISCO PORTO,650,LOJA  BR MANIA DELICATESSE,SALGADO FILHO,49020-120,GASOLINA,30/03/2026,"7,29",,R$ / litro,VIBRA
NE,SE,ARACAJU,ALPHA COMERCIAL DE COMBUSTIVEIS LTDA, 08.297.710/0008-03,AVENIDA FRANCISCO PORTO,650,LOJA  BR MANIA DELICATESSE,SALGADO FILHO,49020-120,GASOLINA ADITIVADA,30/03/2026,"7,49",,R$ / litro,VIBRA
NE,SE,ARACAJU,REDE DE POSTOS PRESIDENTE LTDA, 32.864.795/0010-63,RUA LARANJEIRAS,1781,,GETULIO VARGAS,49055-380,GNV,31/03/2026,"4,61",,R$ / m³,VIBRA
NE,SE,ARACAJU,REDE DE POSTOS PRESIDENTE LTDA, 32.864.795/0010-63,RUA LARANJEIRAS,1781,,GETULIO VARGAS,49055-380,GASOLINA,31/03/2026,"7,29",,R$ / litro,VIBRA
NE,SE,ARACAJU,REDE DE POSTOS PRESIDENTE LTDA, 32.864.795/0010-63,RUA LARANJEIRAS,1781,,GETULIO VARGAS,49055-380,GASOLINA ADITIVADA,31/03/2026,"7,49",,R$ / litro,VIBRA
NE,SE,ARACAJU,POSTO PIRANEMA LTDA, 09.258.664/0003-91,AVENIDA PREFEITO HERACLITO ROLLEMBERG,2760,,FAROLANDIA,49030-640,GASOLINA,30/03/2026,"7,29",,R$ / litro,VIBRA
NE,SE,ARACAJU,POSTO PIRANEMA LTDA, 09.258.664/0003-91,AVENIDA PREFEITO HERACLITO ROLLEMBERG,2760,,FAROLANDIA,49030-640,GASOLINA ADITIVADA,30/03/2026,"7,49",,R$ / litro,VIBRA
NE,SE,ARACAJU,VASPETRO COMBUSTIVEL LTDA, 04.979.182/0001-45,AVENIDA BARAO DE MARUIM,552,,CENTRO,49010-340,GASOLINA,07/04/2026,"7,22",,R$ / litro,BRANCA
NE,SE,ARACAJU,VASPETRO COMBUSTIVEL LTDA, 04.979.182/0001-45,AVENIDA BARAO DE MARUIM,552,,CENTRO,49010-340,GASOLINA ADITIVADA,07/04/2026,"7,22",,R$ / litro,BRANCA
NE,SE,ARACAJU,VASPETRO COMBUSTIVEL LTDA, 04.979.182/0001-45,AVENIDA BARAO DE MARUIM,552,,CENTRO,49010-340,ETANOL,07/04/2026,"5,09",,R$ / litro,BRANCA
NE,SE,ARACAJU,GAMA E CIA LTDA, 13.007.752/0002-07,AVENIDA AUGUSTO FRANCO,2990,,PONTO NOVO,49047-040,GASOLINA,07/04/2026,"7,22",,R$ / litro,VIBRA
NE,SE,ARACAJU,GAMA E CIA LTDA, 13.007.752/0002-07,AVENIDA AUGUSTO FRANCO,2990,,PONTO NOVO,49047-040,ETANOL,07/04/2026,"5,09",,R$ / litro,VIBRA
NE,SE,ARACAJU,TYRESOLES DE SERGIPE INDUSTRIA COMERCIO E SERVICOS LTDA, 13.007.828/0010-04,AVENIDA GONCALO  ROLLEMBERG LEITE,1721,,LUZIA,49045-280,GASOLINA,07/04/2026,"7,29",,R$ / litro,RAIZEN
NE,SE,ARACAJU,TYRESOLES DE SERGIPE INDUSTRIA COMERCIO E SERVICOS LTDA, 13.007.828/0010-04,AVENIDA GONCALO  ROLLEMBERG LEITE,1721,,LUZIA,49045-280,GASOLINA ADITIVADA,07/04/2026,"7,49",,R$ / litro,RAIZEN
NE,SE,ARACAJU,TYRESOLES DE SERGIPE INDUSTRIA COMERCIO E SERVICOS LTDA, 13.007.828/0010-04,AVENIDA GONCALO  ROLLEMBERG LEITE,1721,,LUZIA,49045-280,ETANOL,07/04/2026,"5,19",,R$ / litro,RAIZEN
NE,SE,ARACAJU,REDE DE POSTOS PRESIDENTE LTDA, 32.864.795/0001-72,AVENIDA COELHO E CAMPOS,1254,,SANTO ANTONIO,49060-000,GNV,09/04/2026,"4,61",,R$ / m³,VIBRA
NE,SE,ARACAJU,REDE DE POSTOS PRESIDENTE LTDA, 32.864.795/0001-72,AVENIDA COELHO E CAMPOS,1254,,SANTO ANTONIO,49060-000,GASOLINA,09/04/2026,"7,29",,R$ / litro,VIBRA
NE,SE,ARACAJU,REDE DE POSTOS PRESIDENTE LTDA, 32.864.795/0001-72,AVENIDA COELHO E CAMPOS,1254,,SANTO ANTONIO,49060-000,GASOLINA ADITIVADA,09/04/2026,"7,49",,R$ / litro,VIBRA
NE,SE,ARACAJU,LIDER COMERCIO DE COMBUSTIVEIS LTDA, 15.591.357/0001-69,PRACA DA BANDEIRA,171,,CENTRO,49055-090,GASOLINA,09/04/2026,"7,22",,R$ / litro,VIBRA
NE,SE,ARACAJU,LIDER COMERCIO DE COMBUSTIVEIS LTDA, 15.591.357/0001-69,PRACA DA BANDEIRA,171,,CENTRO,49055-090,GASOLINA ADITIVADA,09/04/2026,"7,39",,R$ / litro,VIBRA
NE,SE,ARACAJU,LIDER COMERCIO DE COMBUSTIVEIS LTDA, 15.591.357/0001-69,PRACA DA BANDEIRA,171,,CENTRO,49055-090,ETANOL,09/04/2026,"5,29",,R$ / litro,VIBRA
NE,SE,ARACAJU,POSTO ARIBE EIRELI, 15.083.140/0001-48,AVENIDA PROF JOSE O DE L NETO,150,,AMERICA,49080-480,GASOLINA,07/04/2026,"7,28",,R$ / litro,VIBRA
NE,SE,ARACAJU,POSTO ARIBE EIRELI, 15.083.140/0001-48,AVENIDA PROF JOSE O DE L NETO,150,,AMERICA,49080-480,GASOLINA ADITIVADA,07/04/2026,"7,46",,R$ / litro,VIBRA
NE,SE,ARACAJU,LUBRIFICANTES E ACESSÓRIOS LTDA., 13.257.050/0001-09,AVENIDA BEIRA MAR,6,,13 DE JULHO,49020-010,GASOLINA,07/04/2026,"7,22",,R$ / litro,VIBRA
NE,SE,ARACAJU,LUBRIFICANTES E ACESSÓRIOS LTDA., 13.257.050/0001-09,AVENIDA BEIRA MAR,6,,13 DE JULHO,49020-010,GASOLINA ADITIVADA,07/04/2026,"7,22",,R$ / litro,VIBRA
NE,SE,ARACAJU,LUBRIFICANTES E ACESSÓRIOS LTDA., 13.257.050/0001-09,AVENIDA BEIRA MAR,6,,13 DE JULHO,49020-010,ETANOL,07/04/2026,"5,17",,R$ / litro,VIBRA
NE,SE,ARACAJU,COMERCIAL MARIVAN LTDA, 13.179.247/0001-69,AVENIDA ADELIA FRANCO,2234,,LUZIA,49048-010,GASOLINA,07/04/2026,"7,22",,R$ / litro,VIBRA
NE,SE,ARACAJU,COMERCIAL MARIVAN LTDA, 13.179.247/0001-69,AVENIDA ADELIA FRANCO,2234,,LUZIA,49048-010,GASOLINA ADITIVADA,07/04/2026,"7,29",,R$ / litro,VIBRA
NE,SE,ARACAJU,COMERCIAL MARIVAN LTDA, 13.179.247/0001-69,AVENIDA ADELIA FRANCO,2234,,LUZIA,49048-010,ETANOL,07/04/2026,"5,15",,R$ / litro,VIBRA
NE,SE,ARACAJU,J. L. OLIVEIRA & BARROS LTDA, 13.113.477/0004-78,AVENIDA ENGENHEIRO GENTIL TAVARES,381,,GETULIO VARGAS,49055-260,GASOLINA,09/04/2026,"7,29",,R$ / litro,VIBRA
NE,SE,ARACAJU,POSTO CARMOPOLIS LTDA, 13.077.342/0001-51,AVENIDA JOAO RIBEIRO,680,,INDUSTRIAL,49065-310,GASOLINA,07/04/2026,"7,22",,R$ / litro,BRANCA
NE,SE,ARACAJU,POSTO CARMOPOLIS LTDA, 13.077.342/0001-51,AVENIDA JOAO RIBEIRO,680,,INDUSTRIAL,49065-310,GASOLINA ADITIVADA,07/04/2026,"7,22",,R$ / litro,BRANCA
NE,SE,ARACAJU,POSTO CARMOPOLIS LTDA, 13.077.342/0001-51,AVENIDA JOAO RIBEIRO,680,,INDUSTRIAL,49065-310,DIESEL S10,07/04/2026,"7,30",,R$ / litro,BRANCA
NE,SE,ARACAJU,POSTO CARMOPOLIS LTDA, 13.077.342/0001-51,AVENIDA JOAO RIBEIRO,680,,INDUSTRIAL,49065-310,ETANOL,07/04/2026,"5,05",,R$ / litro,BRANCA
NE,SE,ARACAJU,KLEBER SANTOS BATISTA LTDA, 13.042.882/0001-08,AVENIDA DESEMBARGADOR MAYNARD,770,,CIRURGIA,49055-210,GNV,09/04/2026,"4,61",,R$ / m³,BRANCA
NE,SE,ARACAJU,KLEBER SANTOS BATISTA LTDA, 13.042.882/0001-08,AVENIDA DESEMBARGADOR MAYNARD,770,,CIRURGIA,49055-210,GASOLINA,09/04/2026,"7,22",,R$ / litro,BRANCA
NE,SE,ARACAJU,KLEBER SANTOS BATISTA LTDA, 13.042.882/0001-08,AVENIDA DESEMBARGADOR MAYNARD,770,,CIRURGIA,49055-210,GASOLINA ADITIVADA,09/04/2026,"7,22",,R$ / litro,BRANCA
NE,SE,ARACAJU,KLEBER SANTOS BATISTA LTDA, 13.042.882/0001-08,AVENIDA DESEMBARGADOR MAYNARD,770,,CIRURGIA,49055-210,DIESEL S10,09/04/2026,"7,30",,R$ / litro,BRANCA
NE,SE,ARACAJU,KLEBER SANTOS BATISTA LTDA, 13.042.882/0001-08,AVENIDA DESEMBARGADOR MAYNARD,770,,CIRURGIA,49055-210,ETANOL,09/04/2026,"5,05",,R$ / litro,BRANCA
NE,SE,ARACAJU,AMARAL & CIA LTDA, 13.008.610/0001-83,RUA MARIANO SALMERON,709,,SIQUEIRA CAMPOS,49075-370,GASOLINA,09/04/2026,"7,22",,R$ / litro,VIBRA
NE,SE,ARACAJU,AMARAL & CIA LTDA, 13.008.610/0001-83,RUA MARIANO SALMERON,709,,SIQUEIRA CAMPOS,49075-370,GASOLINA ADITIVADA,09/04/2026,"7,29",,R$ / litro,VIBRA
NE,SE,ARACAJU,AMARAL & CIA LTDA, 13.008.610/0001-83,RUA MARIANO SALMERON,709,,SIQUEIRA CAMPOS,49075-370,DIESEL S10,09/04/2026,"7,30",,R$ / litro,VIBRA
NE,SE,ARACAJU,AMARAL & CIA LTDA, 13.008.610/0001-83,RUA MARIANO SALMERON,709,,SIQUEIRA CAMPOS,49075-370,ETANOL,09/04/2026,"5,05",,R$ / litro,VIBRA
NE,SE,ARACAJU,L. V. COMERCIO DE COMBUSTIVEIS LTDA, 11.433.769/0001-10,RUA SAO CRISTOVAO,1877,,GETULIO VARGAS,49055-620,GASOLINA,09/04/2026,"7,29",,R$ / litro,RAIZEN
NE,SE,ARACAJU,L. V. COMERCIO DE COMBUSTIVEIS LTDA, 11.433.769/0001-10,RUA SAO CRISTOVAO,1877,,GETULIO VARGAS,49055-620,GASOLINA ADITIVADA,09/04/2026,"7,58",,R$ / litro,RAIZEN
NE,SE,ARACAJU,L. V. COMERCIO DE COMBUSTIVEIS LTDA, 11.433.769/0001-10,RUA SAO CRISTOVAO,1877,,GETULIO VARGAS,49055-620,DIESEL,09/04/2026,"7,30",,R$ / litro,RAIZEN
NE,SE,ARACAJU,L. V. COMERCIO DE COMBUSTIVEIS LTDA, 11.433.769/0001-10,RUA SAO CRISTOVAO,1877,,GETULIO VARGAS,49055-620,ETANOL,09/04/2026,"5,09",,R$ / litro,RAIZEN
NE,SE,ARACAJU,ALPHA COMERCIAL DE COMBUSTIVEIS LTDA, 08.297.710/0008-03,AVENIDA FRANCISCO PORTO,650,LOJA  BR MANIA DELICATESSE,SALGADO FILHO,49020-120,GASOLINA,07/04/2026,"7,29",,R$ / litro,VIBRA
NE,SE,ARACAJU,ALPHA COMERCIAL DE COMBUSTIVEIS LTDA, 08.297.710/0008-03,AVENIDA FRANCISCO PORTO,650,LOJA  BR MANIA DELICATESSE,SALGADO FILHO,49020-120,GASOLINA ADITIVADA,07/04/2026,"7,49",,R$ / litro,VIBRA
NE,SE,ARACAJU,REDE DE POSTOS PRESIDENTE LTDA, 32.864.795/0010-63,RUA LARANJEIRAS,1781,,GETULIO VARGAS,49055-380,GNV,09/04/2026,"4,61",,R$ / m³,VIBRA
NE,SE,ARACAJU,REDE DE POSTOS PRESIDENTE LTDA, 32.864.795/0010-63,RUA LARANJEIRAS,1781,,GETULIO VARGAS,49055-380,GASOLINA,09/04/2026,"7,29",,R$ / litro,VIBRA
NE,SE,ARACAJU,REDE DE POSTOS PRESIDENTE LTDA, 32.864.795/0010-63,RUA LARANJEIRAS,1781,,GETULIO VARGAS,49055-380,GASOLINA ADITIVADA,09/04/2026,"7,49",,R$ / litro,VIBRA
NE,SE,ARACAJU,VASPETRO COMBUSTIVEL LTDA, 04.979.182/0001-45,AVENIDA BARAO DE MARUIM,552,,CENTRO,49010-340,GASOLINA,14/04/2026,"7,22",,R$ / litro,BRANCA
NE,SE,ARACAJU,VASPETRO COMBUSTIVEL LTDA, 04.979.182/0001-45,AVENIDA BARAO DE MARUIM,552,,CENTRO,49010-340,GASOLINA ADITIVADA,14/04/2026,"7,22",,R$ / litro,BRANCA
NE,SE,ARACAJU,GAMA E CIA LTDA, 13.007.752/0002-07,AVENIDA AUGUSTO FRANCO,2990,,PONTO NOVO,49047-040,GASOLINA,14/04/2026,"7,22",,R$ / litro,VIBRA
NE,SE,ARACAJU,GAMA E CIA LTDA, 13.007.752/0002-07,AVENIDA AUGUSTO FRANCO,2990,,PONTO NOVO,49047-040,ETANOL,14/04/2026,"5,50",,R$ / litro,VIBRA
NE,SE,ARACAJU,TYRESOLES DE SERGIPE INDUSTRIA COMERCIO E SERVICOS LTDA, 13.007.828/0010-04,AVENIDA GONCALO  ROLLEMBERG LEITE,1721,,LUZIA,49045-280,GASOLINA,14/04/2026,"7,29",,R$ / litro,RAIZEN
NE,SE,ARACAJU,TYRESOLES DE SERGIPE INDUSTRIA COMERCIO E SERVICOS LTDA, 13.007.828/0010-04,AVENIDA GONCALO  ROLLEMBERG LEITE,1721,,LUZIA,49045-280,ETANOL,14/04/2026,"5,59",,R$ / litro,RAIZEN
NE,SE,ARACAJU,REDE DE POSTOS PRESIDENTE LTDA, 32.864.795/0001-72,AVENIDA COELHO E CAMPOS,1254,,SANTO ANTONIO,49060-000,GNV,15/04/2026,"4,61",,R$ / m³,VIBRA
NE,SE,ARACAJU,REDE DE POSTOS PRESIDENTE LTDA, 32.864.795/0001-72,AVENIDA COELHO E CAMPOS,1254,,SANTO ANTONIO,49060-000,GASOLINA,15/04/2026,"7,29",,R$ / litro,VIBRA
NE,SE,ARACAJU,REDE DE POSTOS PRESIDENTE LTDA, 32.864.795/0001-72,AVENIDA COELHO E CAMPOS,1254,,SANTO ANTONIO,49060-000,GASOLINA ADITIVADA,15/04/2026,"7,49",,R$ / litro,VIBRA
NE,SE,ARACAJU,LIDER COMERCIO DE COMBUSTIVEIS LTDA, 15.591.357/0001-69,PRACA DA BANDEIRA,171,,CENTRO,49055-090,GASOLINA,14/04/2026,"7,22",,R$ / litro,VIBRA
NE,SE,ARACAJU,LIDER COMERCIO DE COMBUSTIVEIS LTDA, 15.591.357/0001-69,PRACA DA BANDEIRA,171,,CENTRO,49055-090,GASOLINA ADITIVADA,14/04/2026,"7,39",,R$ / litro,VIBRA
NE,SE,ARACAJU,LIDER COMERCIO DE COMBUSTIVEIS LTDA, 15.591.357/0001-69,PRACA DA BANDEIRA,171,,CENTRO,49055-090,ETANOL,14/04/2026,"5,62",,R$ / litro,VIBRA
NE,SE,ARACAJU,POSTO ARIBE EIRELI, 15.083.140/0001-48,AVENIDA PROF JOSE O DE L NETO,150,,AMERICA,49080-480,GASOLINA,14/04/2026,"7,26",,R$ / litro,VIBRA
NE,SE,ARACAJU,POSTO ARIBE EIRELI, 15.083.140/0001-48,AVENIDA PROF JOSE O DE L NETO,150,,AMERICA,49080-480,GASOLINA ADITIVADA,14/04/2026,"7,46",,R$ / litro,VIBRA
NE,SE,ARACAJU,LUBRIFICANTES E ACESSÓRIOS LTDA., 13.257.050/0001-09,AVENIDA BEIRA MAR,6,,13 DE JULHO,49020-010,GASOLINA,14/04/2026,"7,22",,R$ / litro,VIBRA
NE,SE,ARACAJU,LUBRIFICANTES E ACESSÓRIOS LTDA., 13.257.050/0001-09,AVENIDA BEIRA MAR,6,,13 DE JULHO,49020-010,GASOLINA ADITIVADA,14/04/2026,"7,22",,R$ / litro,VIBRA
NE,SE,ARACAJU,LUBRIFICANTES E ACESSÓRIOS LTDA., 13.257.050/0001-09,AVENIDA BEIRA MAR,6,,13 DE JULHO,49020-010,ETANOL,14/04/2026,"5,50",,R$ / litro,VIBRA
NE,SE,ARACAJU,COMERCIAL MARIVAN LTDA, 13.179.247/0001-69,AVENIDA ADELIA FRANCO,2234,,LUZIA,49048-010,GASOLINA,14/04/2026,"7,22",,R$ / litro,VIBRA
NE,SE,ARACAJU,COMERCIAL MARIVAN LTDA, 13.179.247/0001-69,AVENIDA ADELIA FRANCO,2234,,LUZIA,49048-010,GASOLINA ADITIVADA,14/04/2026,"7,29",,R$ / litro,VIBRA
NE,SE,ARACAJU,COMERCIAL MARIVAN LTDA, 13.179.247/0001-69,AVENIDA ADELIA FRANCO,2234,,LUZIA,49048-010,ETANOL,14/04/2026,"5,50",,R$ / litro,VIBRA
NE,SE,ARACAJU,J. L. OLIVEIRA & BARROS LTDA, 13.113.477/0004-78,AVENIDA ENGENHEIRO GENTIL TAVARES,381,,GETULIO VARGAS,49055-260,GASOLINA,15/04/2026,"7,29",,R$ / litro,VIBRA
NE,SE,ARACAJU,POSTO CARMOPOLIS LTDA, 13.077.342/0001-51,AVENIDA JOAO RIBEIRO,680,,INDUSTRIAL,49065-310,GASOLINA,14/04/2026,"7,22",,R$ / litro,BRANCA
NE,SE,ARACAJU,POSTO CARMOPOLIS LTDA, 13.077.342/0001-51,AVENIDA JOAO RIBEIRO,680,,INDUSTRIAL,49065-310,GASOLINA ADITIVADA,14/04/2026,"7,22",,R$ / litro,BRANCA
NE,SE,ARACAJU,POSTO CARMOPOLIS LTDA, 13.077.342/0001-51,AVENIDA JOAO RIBEIRO,680,,INDUSTRIAL,49065-310,DIESEL S10,14/04/2026,"7,30",,R$ / litro,BRANCA
NE,SE,ARACAJU,POSTO CARMOPOLIS LTDA, 13.077.342/0001-51,AVENIDA JOAO RIBEIRO,680,,INDUSTRIAL,49065-310,ETANOL,14/04/2026,"5,60",,R$ / litro,BRANCA
NE,SE,ARACAJU,KLEBER SANTOS BATISTA LTDA, 13.042.882/0001-08,AVENIDA DESEMBARGADOR MAYNARD,770,,CIRURGIA,49055-210,ETANOL,15/04/2026,"5,60",,R$ / litro,BRANCA
NE,SE,ARACAJU,KLEBER SANTOS BATISTA LTDA, 13.042.882/0001-08,AVENIDA DESEMBARGADOR MAYNARD,770,,CIRURGIA,49055-210,GNV,15/04/2026,"4,61",,R$ / m³,BRANCA
NE,SE,ARACAJU,KLEBER SANTOS BATISTA LTDA, 13.042.882/0001-08,AVENIDA DESEMBARGADOR MAYNARD,770,,CIRURGIA,49055-210,GASOLINA,15/04/2026,"7,22",,R$ / litro,BRANCA
NE,SE,ARACAJU,KLEBER SANTOS BATISTA LTDA, 13.042.882/0001-08,AVENIDA DESEMBARGADOR MAYNARD,770,,CIRURGIA,49055-210,GASOLINA ADITIVADA,15/04/2026,"7,22",,R$ / litro,BRANCA
NE,SE,ARACAJU,KLEBER SANTOS BATISTA LTDA, 13.042.882/0001-08,AVENIDA DESEMBARGADOR MAYNARD,770,,CIRURGIA,49055-210,DIESEL S10,15/04/2026,"7,30",,R$ / litro,BRANCA
NE,SE,ARACAJU,AMARAL & CIA LTDA, 13.008.610/0001-83,RUA MARIANO SALMERON,709,,SIQUEIRA CAMPOS,49075-370,GASOLINA,15/04/2026,"7,22",,R$ / litro,VIBRA
NE,SE,ARACAJU,AMARAL & CIA LTDA, 13.008.610/0001-83,RUA MARIANO SALMERON,709,,SIQUEIRA CAMPOS,49075-370,GASOLINA ADITIVADA,15/04/2026,"7,22",,R$ / litro,VIBRA
NE,SE,ARACAJU,AMARAL & CIA LTDA, 13.008.610/0001-83,RUA MARIANO SALMERON,709,,SIQUEIRA CAMPOS,49075-370,DIESEL S10,15/04/2026,"7,30",,R$ / litro,VIBRA
NE,SE,ARACAJU,AMARAL & CIA LTDA, 13.008.610/0001-83,RUA MARIANO SALMERON,709,,SIQUEIRA CAMPOS,49075-370,ETANOL,15/04/2026,"5,60",,R$ / litro,VIBRA
NE,SE,ARACAJU,L. V. COMERCIO DE COMBUSTIVEIS LTDA, 11.433.769/0001-10,RUA SAO CRISTOVAO,1877,,GETULIO VARGAS,49055-620,GASOLINA,15/04/2026,"7,29",,R$ / litro,RAIZEN
NE,SE,ARACAJU,L. V. COMERCIO DE COMBUSTIVEIS LTDA, 11.433.769/0001-10,RUA SAO CRISTOVAO,1877,,GETULIO VARGAS,49055-620,GASOLINA ADITIVADA,15/04/2026,"7,58",,R$ / litro,RAIZEN
NE,SE,ARACAJU,L. V. COMERCIO DE COMBUSTIVEIS LTDA, 11.433.769/0001-10,RUA SAO CRISTOVAO,1877,,GETULIO VARGAS,49055-620,DIESEL,15/04/2026,"7,30",,R$ / litro,RAIZEN
NE,SE,ARACAJU,L. V. COMERCIO DE COMBUSTIVEIS LTDA, 11.433.769/0001-10,RUA SAO CRISTOVAO,1877,,GETULIO VARGAS,49055-620,ETANOL,15/04/2026,"5,69",,R$ / litro,RAIZEN
NE,SE,ARACAJU,ALPHA COMERCIAL DE COMBUSTIVEIS LTDA, 08.297.710/0008-03,AVENIDA FRANCISCO PORTO,650,LOJA  BR MANIA DELICATESSE,SALGADO FILHO,49020-120,GASOLINA,14/04/2026,"7,29",,R$ / litro,VIBRA
NE,SE,ARACAJU,ALPHA COMERCIAL DE COMBUSTIVEIS LTDA, 08.297.710/0008-03,AVENIDA FRANCISCO PORTO,650,LOJA  BR MANIA DELICATESSE,SALGADO FILHO,49020-120,GASOLINA ADITIVADA,14/04/2026,"7,49",,R$ / litro,VIBRA
NE,SE,ARACAJU,REDE DE POSTOS PRESIDENTE LTDA, 32.864.795/0010-63,RUA LARANJEIRAS,1781,,GETULIO VARGAS,49055-380,GNV,15/04/2026,"4,61",,R$ / m³,VIBRA
NE,SE,ARACAJU,REDE DE POSTOS PRESIDENTE LTDA, 32.864.795/0010-63,RUA LARANJEIRAS,1781,,GETULIO VARGAS,49055-380,GASOLINA,15/04/2026,"7,29",,R$ / litro,VIBRA
NE,SE,ARACAJU,REDE DE POSTOS PRESIDENTE LTDA, 32.864.795/0010-63,RUA LARANJEIRAS,1781,,GETULIO VARGAS,49055-380,GASOLINA ADITIVADA,15/04/2026,"7,49",,R$ / litro,VIBRA
NE,SE,ARACAJU,CWS COMBUSTIVEIS LTDA, 39.283.181/0001-46,AVENIDA GAL EUCLIDES FIGUEIREDO,3583,,PORTO D ANTAS,49067-016,GASOLINA,14/04/2026,"7,22",,R$ / litro,VIBRA
NE,SE,ARACAJU,CWS COMBUSTIVEIS LTDA, 39.283.181/0001-46,AVENIDA GAL EUCLIDES FIGUEIREDO,3583,,PORTO D ANTAS,49067-016,GASOLINA ADITIVADA,14/04/2026,"7,22",,R$ / litro,VIBRA
NE,SE,ARACAJU,VASPETRO COMBUSTIVEL LTDA, 04.979.182/0001-45,AVENIDA BARAO DE MARUIM,552,,CENTRO,49010-340,GASOLINA,24/04/2026,"7,22",,R$ / litro,BRANCA
NE,SE,ARACAJU,VASPETRO COMBUSTIVEL LTDA, 04.979.182/0001-45,AVENIDA BARAO DE MARUIM,552,,CENTRO,49010-340,GASOLINA ADITIVADA,24/04/2026,"7,22",,R$ / litro,BRANCA
NE,SE,ARACAJU,VASPETRO COMBUSTIVEL LTDA, 04.979.182/0001-45,AVENIDA BARAO DE MARUIM,552,,CENTRO,49010-340,ETANOL,24/04/2026,"5,60",,R$ / litro,BRANCA
NE,SE,ARACAJU,GAMA E CIA LTDA, 13.007.752/0002-07,AVENIDA AUGUSTO FRANCO,2990,,PONTO NOVO,49047-040,GASOLINA,24/04/2026,"7,22",,R$ / litro,VIBRA
NE,SE,ARACAJU,GAMA E CIA LTDA, 13.007.752/0002-07,AVENIDA AUGUSTO FRANCO,2990,,PONTO NOVO,49047-040,ETANOL,24/04/2026,"5,60",,R$ / litro,VIBRA
NE,SE,ARACAJU,TYRESOLES DE SERGIPE INDUSTRIA COMERCIO E SERVICOS LTDA, 13.007.828/0010-04,AVENIDA GONCALO  ROLLEMBERG LEITE,1721,,LUZIA,49045-280,GASOLINA,24/04/2026,"7,29",,R$ / litro,RAIZEN
NE,SE,ARACAJU,TYRESOLES DE SERGIPE INDUSTRIA COMERCIO E SERVICOS LTDA, 13.007.828/0010-04,AVENIDA GONCALO  ROLLEMBERG LEITE,1721,,LUZIA,49045-280,ETANOL,24/04/2026,"5,69",,R$ / litro,RAIZEN
NE,SE,ARACAJU,REDE DE POSTOS PRESIDENTE LTDA, 32.864.795/0001-72,AVENIDA COELHO E CAMPOS,1254,,SANTO ANTONIO,49060-000,GNV,23/04/2026,"4,61",,R$ / m³,VIBRA
NE,SE,ARACAJU,REDE DE POSTOS PRESIDENTE LTDA, 32.864.795/0001-72,AVENIDA COELHO E CAMPOS,1254,,SANTO ANTONIO,49060-000,GASOLINA,23/04/2026,"7,29",,R$ / litro,VIBRA
NE,SE,ARACAJU,REDE DE POSTOS PRESIDENTE LTDA, 32.864.795/0001-72,AVENIDA COELHO E CAMPOS,1254,,SANTO ANTONIO,49060-000,GASOLINA ADITIVADA,23/04/2026,"7,49",,R$ / litro,VIBRA
NE,SE,ARACAJU,LIDER COMERCIO DE COMBUSTIVEIS LTDA, 15.591.357/0001-69,PRACA DA BANDEIRA,171,,CENTRO,49055-090,GASOLINA,24/04/2026,"7,22",,R$ / litro,VIBRA
NE,SE,ARACAJU,LIDER COMERCIO DE COMBUSTIVEIS LTDA, 15.591.357/0001-69,PRACA DA BANDEIRA,171,,CENTRO,49055-090,GASOLINA ADITIVADA,24/04/2026,"7,39",,R$ / litro,VIBRA
NE,SE,ARACAJU,LIDER COMERCIO DE COMBUSTIVEIS LTDA, 15.591.357/0001-69,PRACA DA BANDEIRA,171,,CENTRO,49055-090,ETANOL,24/04/2026,"5,62",,R$ / litro,VIBRA
NE,SE,ARACAJU,POSTO ARIBE EIRELI, 15.083.140/0001-48,AVENIDA PROF JOSE O DE L NETO,150,,AMERICA,49080-480,GASOLINA,24/04/2026,"7,26",,R$ / litro,VIBRA
NE,SE,ARACAJU,POSTO ARIBE EIRELI, 15.083.140/0001-48,AVENIDA PROF JOSE O DE L NETO,150,,AMERICA,49080-480,GASOLINA ADITIVADA,24/04/2026,"7,46",,R$ / litro,VIBRA
NE,SE,ARACAJU,LUBRIFICANTES E ACESSÓRIOS LTDA., 13.257.050/0001-09,AVENIDA BEIRA MAR,6,,13 DE JULHO,49020-010,GASOLINA,24/04/2026,"7,22",,R$ / litro,VIBRA
NE,SE,ARACAJU,LUBRIFICANTES E ACESSÓRIOS LTDA., 13.257.050/0001-09,AVENIDA BEIRA MAR,6,,13 DE JULHO,49020-010,GASOLINA ADITIVADA,24/04/2026,"7,22",,R$ / litro,VIBRA
NE,SE,ARACAJU,LUBRIFICANTES E ACESSÓRIOS LTDA., 13.257.050/0001-09,AVENIDA BEIRA MAR,6,,13 DE JULHO,49020-010,ETANOL,24/04/2026,"5,50",,R$ / litro,VIBRA
NE,SE,ARACAJU,COMERCIAL MARIVAN LTDA, 13.179.247/0001-69,AVENIDA ADELIA FRANCO,2234,,LUZIA,49048-010,GASOLINA,24/04/2026,"7,22",,R$ / litro,VIBRA
NE,SE,ARACAJU,COMERCIAL MARIVAN LTDA, 13.179.247/0001-69,AVENIDA ADELIA FRANCO,2234,,LUZIA,49048-010,GASOLINA ADITIVADA,24/04/2026,"7,29",,R$ / litro,VIBRA
NE,SE,ARACAJU,COMERCIAL MARIVAN LTDA, 13.179.247/0001-69,AVENIDA ADELIA FRANCO,2234,,LUZIA,49048-010,ETANOL,24/04/2026,"5,60",,R$ / litro,VIBRA
NE,SE,ARACAJU,J. L. OLIVEIRA & BARROS LTDA, 13.113.477/0004-78,AVENIDA ENGENHEIRO GENTIL TAVARES,381,,GETULIO VARGAS,49055-260,GASOLINA,24/04/2026,"7,29",,R$ / litro,VIBRA
NE,SE,ARACAJU,POSTO CARMOPOLIS LTDA, 13.077.342/0001-51,AVENIDA JOAO RIBEIRO,680,,INDUSTRIAL,49065-310,GASOLINA,24/04/2026,"7,22",,R$ / litro,BRANCA
NE,SE,ARACAJU,POSTO CARMOPOLIS LTDA, 13.077.342/0001-51,AVENIDA JOAO RIBEIRO,680,,INDUSTRIAL,49065-310,GASOLINA ADITIVADA,24/04/2026,"7,22",,R$ / litro,BRANCA
NE,SE,ARACAJU,POSTO CARMOPOLIS LTDA, 13.077.342/0001-51,AVENIDA JOAO RIBEIRO,680,,INDUSTRIAL,49065-310,DIESEL S10,24/04/2026,"7,30",,R$ / litro,BRANCA
NE,SE,ARACAJU,POSTO CARMOPOLIS LTDA, 13.077.342/0001-51,AVENIDA JOAO RIBEIRO,680,,INDUSTRIAL,49065-310,ETANOL,24/04/2026,"5,60",,R$ / litro,BRANCA
NE,SE,ARACAJU,KLEBER SANTOS BATISTA LTDA, 13.042.882/0001-08,AVENIDA DESEMBARGADOR MAYNARD,770,,CIRURGIA,49055-210,GNV,24/04/2026,"4,61",,R$ / m³,BRANCA
NE,SE,ARACAJU,KLEBER SANTOS BATISTA LTDA, 13.042.882/0001-08,AVENIDA DESEMBARGADOR MAYNARD,770,,CIRURGIA,49055-210,GASOLINA,24/04/2026,"7,22",,R$ / litro,BRANCA
NE,SE,ARACAJU,KLEBER SANTOS BATISTA LTDA, 13.042.882/0001-08,AVENIDA DESEMBARGADOR MAYNARD,770,,CIRURGIA,49055-210,GASOLINA ADITIVADA,24/04/2026,"7,22",,R$ / litro,BRANCA
NE,SE,ARACAJU,KLEBER SANTOS BATISTA LTDA, 13.042.882/0001-08,AVENIDA DESEMBARGADOR MAYNARD,770,,CIRURGIA,49055-210,DIESEL S10,24/04/2026,"7,30",,R$ / litro,BRANCA
NE,SE,ARACAJU,KLEBER SANTOS BATISTA LTDA, 13.042.882/0001-08,AVENIDA DESEMBARGADOR MAYNARD,770,,CIRURGIA,49055-210,ETANOL,24/04/2026,"5,60",,R$ / litro,BRANCA
NE,SE,ARACAJU,AMARAL & CIA LTDA, 13.008.610/0001-83,RUA MARIANO SALMERON,709,,SIQUEIRA CAMPOS,49075-370,GASOLINA,23/04/2026,"7,22",,R$ / litro,VIBRA
NE,SE,ARACAJU,AMARAL & CIA LTDA, 13.008.610/0001-83,RUA MARIANO SALMERON,709,,SIQUEIRA CAMPOS,49075-370,GASOLINA ADITIVADA,23/04/2026,"7,29",,R$ / litro,VIBRA
NE,SE,ARACAJU,AMARAL & CIA LTDA, 13.008.610/0001-83,RUA MARIANO SALMERON,709,,SIQUEIRA CAMPOS,49075-370,DIESEL S10,23/04/2026,"7,30",,R$ / litro,VIBRA
NE,SE,ARACAJU,AMARAL & CIA LTDA, 13.008.610/0001-83,RUA MARIANO SALMERON,709,,SIQUEIRA CAMPOS,49075-370,ETANOL,23/04/2026,"5,60",,R$ / litro,VIBRA
NE,SE,ARACAJU,L. V. COMERCIO DE COMBUSTIVEIS LTDA, 11.433.769/0001-10,RUA SAO CRISTOVAO,1877,,GETULIO VARGAS,49055-620,GASOLINA,24/04/2026,"7,29",,R$ / litro,RAIZEN
NE,SE,ARACAJU,L. V. COMERCIO DE COMBUSTIVEIS LTDA, 11.433.769/0001-10,RUA SAO CRISTOVAO,1877,,GETULIO VARGAS,49055-620,GASOLINA ADITIVADA,24/04/2026,"7,58",,R$ / litro,RAIZEN
NE,SE,ARACAJU,L. V. COMERCIO DE COMBUSTIVEIS LTDA, 11.433.769/0001-10,RUA SAO CRISTOVAO,1877,,GETULIO VARGAS,49055-620,DIESEL S10,24/04/2026,"7,30",,R$ / litro,RAIZEN
NE,SE,ARACAJU,L. V. COMERCIO DE COMBUSTIVEIS LTDA, 11.433.769/0001-10,RUA SAO CRISTOVAO,1877,,GETULIO VARGAS,49055-620,ETANOL,24/04/2026,"5,69",,R$ / litro,RAIZEN
NE,SE,ARACAJU,ALPHA COMERCIAL DE COMBUSTIVEIS LTDA, 08.297.710/0008-03,AVENIDA FRANCISCO PORTO,650,LOJA  BR MANIA DELICATESSE,SALGADO FILHO,49020-120,GASOLINA,24/04/2026,"7,29",,R$ / litro,VIBRA
NE,SE,ARACAJU,ALPHA COMERCIAL DE COMBUSTIVEIS LTDA, 08.297.710/0008-03,AVENIDA FRANCISCO PORTO,650,LOJA  BR MANIA DELICATESSE,SALGADO FILHO,49020-120,GASOLINA ADITIVADA,24/04/2026,"7,49",,R$ / litro,VIBRA
NE,SE,ARACAJU,REDE DE POSTOS PRESIDENTE LTDA, 32.864.795/0010-63,RUA LARANJEIRAS,1781,,GETULIO VARGAS,49055-380,GNV,24/04/2026,"4,61",,R$ / m³,VIBRA
NE,SE,ARACAJU,REDE DE POSTOS PRESIDENTE LTDA, 32.864.795/0010-63,RUA LARANJEIRAS,1781,,GETULIO VARGAS,49055-380,GASOLINA,24/04/2026,"7,29",,R$ / litro,VIBRA
NE,SE,ARACAJU,REDE DE POSTOS PRESIDENTE LTDA, 32.864.795/0010-63,RUA LARANJEIRAS,1781,,GETULIO VARGAS,49055-380,GASOLINA ADITIVADA,24/04/2026,"7,49",,R$ / litro,VIBRA
NE,SE,ARACAJU,CWS COMBUSTIVEIS LTDA, 39.283.181/0001-46,AVENIDA GAL EUCLIDES FIGUEIREDO,3583,,PORTO D ANTAS,49067-016,GASOLINA,23/04/2026,"7,22",,R$ / litro,VIBRA
NE,SE,ARACAJU,CWS COMBUSTIVEIS LTDA, 39.283.181/0001-46,AVENIDA GAL EUCLIDES FIGUEIREDO,3583,,PORTO D ANTAS,49067-016,GASOLINA ADITIVADA,23/04/2026,"7,22",,R$ / litro,VIBRA
NE,SE,ARACAJU,REDE DE POSTOS PRESIDENTE LTDA, 32.864.795/0027-01,RUA MARIO MATIOTTE,170,LOTE  01,INDUSTRIAL,49065-415,GNV,24/04/2026,"4,61",,R$ / m³,BRANCA
NE,SE,ARACAJU,REDE DE POSTOS PRESIDENTE LTDA, 32.864.795/0027-01,RUA MARIO MATIOTTE,170,LOTE  01,INDUSTRIAL,49065-415,GASOLINA,24/04/2026,"7,24",,R$ / litro,BRANCA
NE,SE,ARACAJU,REDE DE POSTOS PRESIDENTE LTDA, 32.864.795/0027-01,RUA MARIO MATIOTTE,170,LOTE  01,INDUSTRIAL,49065-415,GASOLINA ADITIVADA,24/04/2026,"7,29",,R$ / litro,BRANCA
NE,SE,ARACAJU,REDE DE POSTOS PRESIDENTE LTDA, 32.864.795/0027-01,RUA MARIO MATIOTTE,170,LOTE  01,INDUSTRIAL,49065-415,ETANOL,24/04/2026,"5,62",,R$ / litro,BRANCA
NE,SE,ARACAJU,VASPETRO COMBUSTIVEL LTDA, 04.979.182/0001-45,AVENIDA BARAO DE MARUIM,552,,CENTRO,49010-340,GASOLINA,27/04/2026,"7,22",,R$ / litro,BRANCA
NE,SE,ARACAJU,VASPETRO COMBUSTIVEL LTDA, 04.979.182/0001-45,AVENIDA BARAO DE MARUIM,552,,CENTRO,49010-340,GASOLINA ADITIVADA,27/04/2026,"7,22",,R$ / litro,BRANCA
NE,SE,ARACAJU,VASPETRO COMBUSTIVEL LTDA, 04.979.182/0001-45,AVENIDA BARAO DE MARUIM,552,,CENTRO,49010-340,ETANOL,27/04/2026,"5,60",,R$ / litro,BRANCA
NE,SE,ARACAJU,GAMA E CIA LTDA, 13.007.752/0002-07,AVENIDA AUGUSTO FRANCO,2990,,PONTO NOVO,49047-040,GASOLINA,27/04/2026,"7,22",,R$ / litro,VIBRA
NE,SE,ARACAJU,GAMA E CIA LTDA, 13.007.752/0002-07,AVENIDA AUGUSTO FRANCO,2990,,PONTO NOVO,49047-040,ETANOL,27/04/2026,"5,60",,R$ / litro,VIBRA
NE,SE,ARACAJU,TYRESOLES DE SERGIPE INDUSTRIA COMERCIO E SERVICOS LTDA, 13.007.828/0010-04,AVENIDA GONCALO  ROLLEMBERG LEITE,1721,,LUZIA,49045-280,GASOLINA,27/04/2026,"7,29",,R$ / litro,RAIZEN
NE,SE,ARACAJU,TYRESOLES DE SERGIPE INDUSTRIA COMERCIO E SERVICOS LTDA, 13.007.828/0010-04,AVENIDA GONCALO  ROLLEMBERG LEITE,1721,,LUZIA,49045-280,ETANOL,27/04/2026,"5,69",,R$ / litro,RAIZEN
NE,SE,ARACAJU,REDE DE POSTOS PRESIDENTE LTDA, 32.864.795/0001-72,AVENIDA COELHO E CAMPOS,1254,,SANTO ANTONIO,49060-000,GNV,29/04/2026,"4,61",,R$ / m³,VIBRA
NE,SE,ARACAJU,REDE DE POSTOS PRESIDENTE LTDA, 32.864.795/0001-72,AVENIDA COELHO E CAMPOS,1254,,SANTO ANTONIO,49060-000,GASOLINA,29/04/2026,"7,29",,R$ / litro,VIBRA
NE,SE,ARACAJU,REDE DE POSTOS PRESIDENTE LTDA, 32.864.795/0001-72,AVENIDA COELHO E CAMPOS,1254,,SANTO ANTONIO,49060-000,GASOLINA ADITIVADA,29/04/2026,"7,49",,R$ / litro,VIBRA
NE,SE,ARACAJU,REDE DE POSTOS PRESIDENTE LTDA, 32.864.795/0001-72,AVENIDA COELHO E CAMPOS,1254,,SANTO ANTONIO,49060-000,DIESEL,29/04/2026,"7,39",,R$ / litro,VIBRA
NE,SE,ARACAJU,REDE DE POSTOS PRESIDENTE LTDA, 32.864.795/0001-72,AVENIDA COELHO E CAMPOS,1254,,SANTO ANTONIO,49060-000,DIESEL S10,29/04/2026,"7,69",,R$ / litro,VIBRA
NE,SE,ARACAJU,LIDER COMERCIO DE COMBUSTIVEIS LTDA, 15.591.357/0001-69,PRACA DA BANDEIRA,171,,CENTRO,49055-090,GASOLINA,29/04/2026,"7,22",,R$ / litro,VIBRA
NE,SE,ARACAJU,LIDER COMERCIO DE COMBUSTIVEIS LTDA, 15.591.357/0001-69,PRACA DA BANDEIRA,171,,CENTRO,49055-090,GASOLINA ADITIVADA,29/04/2026,"7,39",,R$ / litro,VIBRA
NE,SE,ARACAJU,LIDER COMERCIO DE COMBUSTIVEIS LTDA, 15.591.357/0001-69,PRACA DA BANDEIRA,171,,CENTRO,49055-090,ETANOL,29/04/2026,"5,62",,R$ / litro,VIBRA
NE,SE,ARACAJU,POSTO ARIBE EIRELI, 15.083.140/0001-48,AVENIDA PROF JOSE O DE L NETO,150,,AMERICA,49080-480,GASOLINA,27/04/2026,"7,26",,R$ / litro,VIBRA
NE,SE,ARACAJU,POSTO ARIBE EIRELI, 15.083.140/0001-48,AVENIDA PROF JOSE O DE L NETO,150,,AMERICA,49080-480,GASOLINA ADITIVADA,27/04/2026,"7,46",,R$ / litro,VIBRA
NE,SE,ARACAJU,LUBRIFICANTES E ACESSÓRIOS LTDA., 13.257.050/0001-09,AVENIDA BEIRA MAR,6,,13 DE JULHO,49020-010,GASOLINA,27/04/2026,"7,22",,R$ / litro,VIBRA
NE,SE,ARACAJU,LUBRIFICANTES E ACESSÓRIOS LTDA., 13.257.050/0001-09,AVENIDA BEIRA MAR,6,,13 DE JULHO,49020-010,GASOLINA ADITIVADA,27/04/2026,"7,22",,R$ / litro,VIBRA
NE,SE,ARACAJU,LUBRIFICANTES E ACESSÓRIOS LTDA., 13.257.050/0001-09,AVENIDA BEIRA MAR,6,,13 DE JULHO,49020-010,ETANOL,27/04/2026,"5,50",,R$ / litro,VIBRA
NE,SE,ARACAJU,COMERCIAL MARIVAN LTDA, 13.179.247/0001-69,AVENIDA ADELIA FRANCO,2234,,LUZIA,49048-010,GASOLINA,27/04/2026,"7,22",,R$ / litro,VIBRA
NE,SE,ARACAJU,COMERCIAL MARIVAN LTDA, 13.179.247/0001-69,AVENIDA ADELIA FRANCO,2234,,LUZIA,49048-010,GASOLINA ADITIVADA,27/04/2026,"7,29",,R$ / litro,VIBRA
NE,SE,ARACAJU,COMERCIAL MARIVAN LTDA, 13.179.247/0001-69,AVENIDA ADELIA FRANCO,2234,,LUZIA,49048-010,ETANOL,27/04/2026,"5,60",,R$ / litro,VIBRA
NE,SE,ARACAJU,J. L. OLIVEIRA & BARROS LTDA, 13.113.477/0004-78,AVENIDA ENGENHEIRO GENTIL TAVARES,381,,GETULIO VARGAS,49055-260,GASOLINA,29/04/2026,"7,29",,R$ / litro,VIBRA
NE,SE,ARACAJU,J. L. OLIVEIRA & BARROS LTDA, 13.113.477/0004-78,AVENIDA ENGENHEIRO GENTIL TAVARES,381,,GETULIO VARGAS,49055-260,DIESEL S10,29/04/2026,"7,29",,R$ / litro,VIBRA
NE,SE,ARACAJU,POSTO CARMOPOLIS LTDA, 13.077.342/0001-51,AVENIDA JOAO RIBEIRO,680,,INDUSTRIAL,49065-310,GASOLINA,27/04/2026,"7,22",,R$ / litro,BRANCA
NE,SE,ARACAJU,POSTO CARMOPOLIS LTDA, 13.077.342/0001-51,AVENIDA JOAO RIBEIRO,680,,INDUSTRIAL,49065-310,GASOLINA ADITIVADA,27/04/2026,"7,22",,R$ / litro,BRANCA
NE,SE,ARACAJU,POSTO CARMOPOLIS LTDA, 13.077.342/0001-51,AVENIDA JOAO RIBEIRO,680,,INDUSTRIAL,49065-310,DIESEL S10,27/04/2026,"7,09",,R$ / litro,BRANCA
NE,SE,ARACAJU,POSTO CARMOPOLIS LTDA, 13.077.342/0001-51,AVENIDA JOAO RIBEIRO,680,,INDUSTRIAL,49065-310,ETANOL,27/04/2026,"5,60",,R$ / litro,BRANCA
NE,SE,ARACAJU,KLEBER SANTOS BATISTA LTDA, 13.042.882/0001-08,AVENIDA DESEMBARGADOR MAYNARD,770,,CIRURGIA,49055-210,GNV,29/04/2026,"4,61",,R$ / m³,BRANCA
NE,SE,ARACAJU,KLEBER SANTOS BATISTA LTDA, 13.042.882/0001-08,AVENIDA DESEMBARGADOR MAYNARD,770,,CIRURGIA,49055-210,GASOLINA,29/04/2026,"7,22",,R$ / litro,BRANCA
NE,SE,ARACAJU,KLEBER SANTOS BATISTA LTDA, 13.042.882/0001-08,AVENIDA DESEMBARGADOR MAYNARD,770,,CIRURGIA,49055-210,GASOLINA ADITIVADA,29/04/2026,"7,22",,R$ / litro,BRANCA
NE,SE,ARACAJU,KLEBER SANTOS BATISTA LTDA, 13.042.882/0001-08,AVENIDA DESEMBARGADOR MAYNARD,770,,CIRURGIA,49055-210,DIESEL S10,29/04/2026,"7,09",,R$ / litro,BRANCA
NE,SE,ARACAJU,KLEBER SANTOS BATISTA LTDA, 13.042.882/0001-08,AVENIDA DESEMBARGADOR MAYNARD,770,,CIRURGIA,49055-210,ETANOL,29/04/2026,"5,60",,R$ / litro,BRANCA
NE,SE,ARACAJU,AMARAL & CIA LTDA, 13.008.610/0001-83,RUA MARIANO SALMERON,709,,SIQUEIRA CAMPOS,49075-370,GASOLINA,29/04/2026,"7,22",,R$ / litro,VIBRA
NE,SE,ARACAJU,AMARAL & CIA LTDA, 13.008.610/0001-83,RUA MARIANO SALMERON,709,,SIQUEIRA CAMPOS,49075-370,GASOLINA ADITIVADA,29/04/2026,"7,29",,R$ / litro,VIBRA
NE,SE,ARACAJU,AMARAL & CIA LTDA, 13.008.610/0001-83,RUA MARIANO SALMERON,709,,SIQUEIRA CAMPOS,49075-370,DIESEL S10,29/04/2026,"7,30",,R$ / litro,VIBRA
NE,SE,ARACAJU,AMARAL & CIA LTDA, 13.008.610/0001-83,RUA MARIANO SALMERON,709,,SIQUEIRA CAMPOS,49075-370,ETANOL,29/04/2026,"5,60",,R$ / litro,VIBRA
NE,SE,ARACAJU,L. V. COMERCIO DE COMBUSTIVEIS LTDA, 11.433.769/0001-10,RUA SAO CRISTOVAO,1877,,GETULIO VARGAS,49055-620,GASOLINA,29/04/2026,"7,29",,R$ / litro,RAIZEN
NE,SE,ARACAJU,L. V. COMERCIO DE COMBUSTIVEIS LTDA, 11.433.769/0001-10,RUA SAO CRISTOVAO,1877,,GETULIO VARGAS,49055-620,GASOLINA ADITIVADA,29/04/2026,"7,58",,R$ / litro,RAIZEN
NE,SE,ARACAJU,L. V. COMERCIO DE COMBUSTIVEIS LTDA, 11.433.769/0001-10,RUA SAO CRISTOVAO,1877,,GETULIO VARGAS,49055-620,ETANOL,29/04/2026,"5,69",,R$ / litro,RAIZEN
NE,SE,ARACAJU,ALPHA COMERCIAL DE COMBUSTIVEIS LTDA, 08.297.710/0008-03,AVENIDA FRANCISCO PORTO,650,LOJA  BR MANIA DELICATESSE,SALGADO FILHO,49020-120,GASOLINA,27/04/2026,"7,29",,R$ / litro,VIBRA
NE,SE,ARACAJU,ALPHA COMERCIAL DE COMBUSTIVEIS LTDA, 08.297.710/0008-03,AVENIDA FRANCISCO PORTO,650,LOJA  BR MANIA DELICATESSE,SALGADO FILHO,49020-120,GASOLINA ADITIVADA,27/04/2026,"7,49",,R$ / litro,VIBRA
NE,SE,ARACAJU,REDE DE POSTOS PRESIDENTE LTDA, 32.864.795/0010-63,RUA LARANJEIRAS,1781,,GETULIO VARGAS,49055-380,GNV,29/04/2026,"4,61",,R$ / m³,VIBRA
NE,SE,ARACAJU,REDE DE POSTOS PRESIDENTE LTDA, 32.864.795/0010-63,RUA LARANJEIRAS,1781,,GETULIO VARGAS,49055-380,GASOLINA,29/04/2026,"7,29",,R$ / litro,VIBRA
NE,SE,ARACAJU,REDE DE POSTOS PRESIDENTE LTDA, 32.864.795/0010-63,RUA LARANJEIRAS,1781,,GETULIO VARGAS,49055-380,GASOLINA ADITIVADA,29/04/2026,"7,49",,R$ / litro,VIBRA
NE,SE,ARACAJU,CWS COMBUSTIVEIS LTDA, 39.283.181/0001-46,AVENIDA GAL EUCLIDES FIGUEIREDO,3583,,PORTO D ANTAS,49067-016,GASOLINA,27/04/2026,"7,22",,R$ / litro,VIBRA
NE,SE,ARACAJU,CWS COMBUSTIVEIS LTDA, 39.283.181/0001-46,AVENIDA GAL EUCLIDES FIGUEIREDO,3583,,PORTO D ANTAS,49067-016,GASOLINA ADITIVADA,27/04/2026,"7,22",,R$ / litro,VIBRA
NE,SE,ARACAJU,REDE DE POSTOS PRESIDENTE LTDA, 32.864.795/0027-01,RUA MARIO MATIOTTE,170,LOTE  01,INDUSTRIAL,49065-415,GNV,29/04/2026,"4,61",,R$ / m³,BRANCA
NE,SE,ARACAJU,REDE DE POSTOS PRESIDENTE LTDA, 32.864.795/0027-01,RUA MARIO MATIOTTE,170,LOTE  01,INDUSTRIAL,49065-415,GASOLINA,29/04/2026,"7,24",,R$ / litro,BRANCA
NE,SE,ARACAJU,REDE DE POSTOS PRESIDENTE LTDA, 32.864.795/0027-01,RUA MARIO MATIOTTE,170,LOTE  01,INDUSTRIAL,49065-415,GASOLINA ADITIVADA,29/04/2026,"7,29",,R$ / litro,BRANCA
NE,SE,ARACAJU,REDE DE POSTOS PRESIDENTE LTDA, 32.864.795/0027-01,RUA MARIO MATIOTTE,170,LOTE  01,INDUSTRIAL,49065-415,ETANOL,29/04/2026,"5,62",,R$ / litro,BRANCA
NE,SE,ARACAJU,VASPETRO COMBUSTIVEL LTDA, 04.979.182/0001-45,AVENIDA BARAO DE MARUIM,552,,CENTRO,49010-340,GASOLINA,04/05/2026,"7,22",,R$ / litro,BRANCA
NE,SE,ARACAJU,VASPETRO COMBUSTIVEL LTDA, 04.979.182/0001-45,AVENIDA BARAO DE MARUIM,552,,CENTRO,49010-340,GASOLINA ADITIVADA,04/05/2026,"7,22",,R$ / litro,BRANCA
NE,SE,ARACAJU,VASPETRO COMBUSTIVEL LTDA, 04.979.182/0001-45,AVENIDA BARAO DE MARUIM,552,,CENTRO,49010-340,ETANOL,04/05/2026,"5,60",,R$ / litro,BRANCA
NE,SE,ARACAJU,GAMA E CIA LTDA, 13.007.752/0002-07,AVENIDA AUGUSTO FRANCO,2990,,PONTO NOVO,49047-040,GASOLINA,04/05/2026,"7,22",,R$ / litro,VIBRA
NE,SE,ARACAJU,GAMA E CIA LTDA, 13.007.752/0002-07,AVENIDA AUGUSTO FRANCO,2990,,PONTO NOVO,49047-040,ETANOL,04/05/2026,"5,60",,R$ / litro,VIBRA
NE,SE,ARACAJU,TYRESOLES DE SERGIPE INDUSTRIA COMERCIO E SERVICOS LTDA, 13.007.828/0010-04,AVENIDA GONCALO  ROLLEMBERG LEITE,1721,,LUZIA,49045-280,GASOLINA,04/05/2026,"7,29",,R$ / litro,RAIZEN
NE,SE,ARACAJU,TYRESOLES DE SERGIPE INDUSTRIA COMERCIO E SERVICOS LTDA, 13.007.828/0010-04,AVENIDA GONCALO  ROLLEMBERG LEITE,1721,,LUZIA,49045-280,GASOLINA ADITIVADA,04/05/2026,"7,63",,R$ / litro,RAIZEN
NE,SE,ARACAJU,TYRESOLES DE SERGIPE INDUSTRIA COMERCIO E SERVICOS LTDA, 13.007.828/0010-04,AVENIDA GONCALO  ROLLEMBERG LEITE,1721,,LUZIA,49045-280,ETANOL,04/05/2026,"5,69",,R$ / litro,RAIZEN
NE,SE,ARACAJU,REDE DE POSTOS PRESIDENTE LTDA, 32.864.795/0001-72,AVENIDA COELHO E CAMPOS,1254,,SANTO ANTONIO,49060-000,GNV,07/05/2026,"4,61",,R$ / m³,VIBRA
NE,SE,ARACAJU,REDE DE POSTOS PRESIDENTE LTDA, 32.864.795/0001-72,AVENIDA COELHO E CAMPOS,1254,,SANTO ANTONIO,49060-000,GASOLINA,07/05/2026,"7,59",,R$ / litro,VIBRA
NE,SE,ARACAJU,REDE DE POSTOS PRESIDENTE LTDA, 32.864.795/0001-72,AVENIDA COELHO E CAMPOS,1254,,SANTO ANTONIO,49060-000,GASOLINA ADITIVADA,07/05/2026,"7,79",,R$ / litro,VIBRA
NE,SE,ARACAJU,LIDER COMERCIO DE COMBUSTIVEIS LTDA, 15.591.357/0001-69,PRACA DA BANDEIRA,171,,CENTRO,49055-090,GASOLINA,04/05/2026,"7,22",,R$ / litro,VIBRA
NE,SE,ARACAJU,LIDER COMERCIO DE COMBUSTIVEIS LTDA, 15.591.357/0001-69,PRACA DA BANDEIRA,171,,CENTRO,49055-090,GASOLINA ADITIVADA,04/05/2026,"7,39",,R$ / litro,VIBRA
NE,SE,ARACAJU,LIDER COMERCIO DE COMBUSTIVEIS LTDA, 15.591.357/0001-69,PRACA DA BANDEIRA,171,,CENTRO,49055-090,ETANOL,04/05/2026,"5,62",,R$ / litro,VIBRA
NE,SE,ARACAJU,POSTO ARIBE EIRELI, 15.083.140/0001-48,AVENIDA PROF JOSE O DE L NETO,150,,AMERICA,49080-480,GASOLINA,04/05/2026,"7,55",,R$ / litro,VIBRA
NE,SE,ARACAJU,POSTO ARIBE EIRELI, 15.083.140/0001-48,AVENIDA PROF JOSE O DE L NETO,150,,AMERICA,49080-480,GASOLINA ADITIVADA,04/05/2026,"7,73",,R$ / litro,VIBRA
NE,SE,ARACAJU,COMERCIAL MARIVAN LTDA, 13.179.247/0001-69,AVENIDA ADELIA FRANCO,2234,,LUZIA,49048-010,GASOLINA,04/05/2026,"7,22",,R$ / litro,VIBRA
NE,SE,ARACAJU,COMERCIAL MARIVAN LTDA, 13.179.247/0001-69,AVENIDA ADELIA FRANCO,2234,,LUZIA,49048-010,GASOLINA ADITIVADA,04/05/2026,"7,29",,R$ / litro,VIBRA
NE,SE,ARACAJU,COMERCIAL MARIVAN LTDA, 13.179.247/0001-69,AVENIDA ADELIA FRANCO,2234,,LUZIA,49048-010,ETANOL,04/05/2026,"5,60",,R$ / litro,VIBRA
NE,SE,ARACAJU,J. L. OLIVEIRA & BARROS LTDA, 13.113.477/0004-78,AVENIDA ENGENHEIRO GENTIL TAVARES,381,,GETULIO VARGAS,49055-260,GASOLINA,07/05/2026,"7,58",,R$ / litro,VIBRA
NE,SE,ARACAJU,POSTO CARMOPOLIS LTDA, 13.077.342/0001-51,AVENIDA JOAO RIBEIRO,680,,INDUSTRIAL,49065-310,GASOLINA,04/05/2026,"7,22",,R$ / litro,BRANCA
NE,SE,ARACAJU,POSTO CARMOPOLIS LTDA, 13.077.342/0001-51,AVENIDA JOAO RIBEIRO,680,,INDUSTRIAL,49065-310,GASOLINA ADITIVADA,04/05/2026,"7,22",,R$ / litro,BRANCA
NE,SE,ARACAJU,POSTO CARMOPOLIS LTDA, 13.077.342/0001-51,AVENIDA JOAO RIBEIRO,680,,INDUSTRIAL,49065-310,DIESEL S10,04/05/2026,"7,09",,R$ / litro,BRANCA
NE,SE,ARACAJU,POSTO CARMOPOLIS LTDA, 13.077.342/0001-51,AVENIDA JOAO RIBEIRO,680,,INDUSTRIAL,49065-310,ETANOL,04/05/2026,"5,60",,R$ / litro,BRANCA
NE,SE,ARACAJU,KLEBER SANTOS BATISTA LTDA, 13.042.882/0001-08,AVENIDA DESEMBARGADOR MAYNARD,770,,CIRURGIA,49055-210,GNV,07/05/2026,"4,83",,R$ / m³,BRANCA
NE,SE,ARACAJU,KLEBER SANTOS BATISTA LTDA, 13.042.882/0001-08,AVENIDA DESEMBARGADOR MAYNARD,770,,CIRURGIA,49055-210,GASOLINA,07/05/2026,"7,52",,R$ / litro,BRANCA
NE,SE,ARACAJU,KLEBER SANTOS BATISTA LTDA, 13.042.882/0001-08,AVENIDA DESEMBARGADOR MAYNARD,770,,CIRURGIA,49055-210,GASOLINA ADITIVADA,07/05/2026,"7,52",,R$ / litro,BRANCA
NE,SE,ARACAJU,KLEBER SANTOS BATISTA LTDA, 13.042.882/0001-08,AVENIDA DESEMBARGADOR MAYNARD,770,,CIRURGIA,49055-210,DIESEL S10,07/05/2026,"7,09",,R$ / litro,BRANCA
NE,SE,ARACAJU,KLEBER SANTOS BATISTA LTDA, 13.042.882/0001-08,AVENIDA DESEMBARGADOR MAYNARD,770,,CIRURGIA,49055-210,ETANOL,07/05/2026,"5,60",,R$ / litro,BRANCA
NE,SE,ARACAJU,AMARAL & CIA LTDA, 13.008.610/0001-83,RUA MARIANO SALMERON,709,,SIQUEIRA CAMPOS,49075-370,GASOLINA,07/05/2026,"7,52",,R$ / litro,VIBRA
NE,SE,ARACAJU,AMARAL & CIA LTDA, 13.008.610/0001-83,RUA MARIANO SALMERON,709,,SIQUEIRA CAMPOS,49075-370,GASOLINA ADITIVADA,07/05/2026,"7,59",,R$ / litro,VIBRA
NE,SE,ARACAJU,AMARAL & CIA LTDA, 13.008.610/0001-83,RUA MARIANO SALMERON,709,,SIQUEIRA CAMPOS,49075-370,DIESEL S10,07/05/2026,"7,09",,R$ / litro,VIBRA
NE,SE,ARACAJU,AMARAL & CIA LTDA, 13.008.610/0001-83,RUA MARIANO SALMERON,709,,SIQUEIRA CAMPOS,49075-370,ETANOL,07/05/2026,"5,60",,R$ / litro,VIBRA
NE,SE,ARACAJU,L. V. COMERCIO DE COMBUSTIVEIS LTDA, 11.433.769/0001-10,RUA SAO CRISTOVAO,1877,,GETULIO VARGAS,49055-620,GASOLINA,07/05/2026,"7,59",,R$ / litro,RAIZEN
NE,SE,ARACAJU,L. V. COMERCIO DE COMBUSTIVEIS LTDA, 11.433.769/0001-10,RUA SAO CRISTOVAO,1877,,GETULIO VARGAS,49055-620,GASOLINA ADITIVADA,07/05/2026,"7,88",,R$ / litro,RAIZEN
NE,SE,ARACAJU,L. V. COMERCIO DE COMBUSTIVEIS LTDA, 11.433.769/0001-10,RUA SAO CRISTOVAO,1877,,GETULIO VARGAS,49055-620,DIESEL S10,07/05/2026,"7,09",,R$ / litro,RAIZEN
NE,SE,ARACAJU,L. V. COMERCIO DE COMBUSTIVEIS LTDA, 11.433.769/0001-10,RUA SAO CRISTOVAO,1877,,GETULIO VARGAS,49055-620,ETANOL,07/05/2026,"5,69",,R$ / litro,RAIZEN
NE,SE,ARACAJU,ALPHA COMERCIAL DE COMBUSTIVEIS LTDA, 08.297.710/0008-03,AVENIDA FRANCISCO PORTO,650,LOJA  BR MANIA DELICATESSE,SALGADO FILHO,49020-120,GASOLINA,04/05/2026,"7,29",,R$ / litro,VIBRA
NE,SE,ARACAJU,ALPHA COMERCIAL DE COMBUSTIVEIS LTDA, 08.297.710/0008-03,AVENIDA FRANCISCO PORTO,650,LOJA  BR MANIA DELICATESSE,SALGADO FILHO,49020-120,GASOLINA ADITIVADA,04/05/2026,"7,49",,R$ / litro,VIBRA
NE,SE,ARACAJU,REDE DE POSTOS PRESIDENTE LTDA, 32.864.795/0010-63,RUA LARANJEIRAS,1781,,GETULIO VARGAS,49055-380,GNV,07/05/2026,"4,83",,R$ / m³,VIBRA
NE,SE,ARACAJU,REDE DE POSTOS PRESIDENTE LTDA, 32.864.795/0010-63,RUA LARANJEIRAS,1781,,GETULIO VARGAS,49055-380,GASOLINA,07/05/2026,"7,59",,R$ / litro,VIBRA
NE,SE,ARACAJU,REDE DE POSTOS PRESIDENTE LTDA, 32.864.795/0010-63,RUA LARANJEIRAS,1781,,GETULIO VARGAS,49055-380,GASOLINA ADITIVADA,07/05/2026,"7,79",,R$ / litro,VIBRA
NE,SE,ARACAJU,CWS COMBUSTIVEIS LTDA, 39.283.181/0001-46,AVENIDA GAL EUCLIDES FIGUEIREDO,3583,,PORTO D ANTAS,49067-016,GASOLINA,04/05/2026,"7,22",,R$ / litro,VIBRA
NE,SE,ARACAJU,CWS COMBUSTIVEIS LTDA, 39.283.181/0001-46,AVENIDA GAL EUCLIDES FIGUEIREDO,3583,,PORTO D ANTAS,49067-016,GASOLINA ADITIVADA,04/05/2026,"7,22",,R$ / litro,VIBRA
NE,SE,ARACAJU,REDE DE POSTOS PRESIDENTE LTDA, 32.864.795/0027-01,RUA MARIO MATIOTTE,170,LOTE  01,INDUSTRIAL,49065-415,GNV,07/05/2026,"4,83",,R$ / m³,BRANCA
NE,SE,ARACAJU,REDE DE POSTOS PRESIDENTE LTDA, 32.864.795/0027-01,RUA MARIO MATIOTTE,170,LOTE  01,INDUSTRIAL,49065-415,GASOLINA,07/05/2026,"7,52",,R$ / litro,BRANCA
NE,SE,ARACAJU,REDE DE POSTOS PRESIDENTE LTDA, 32.864.795/0027-01,RUA MARIO MATIOTTE,170,LOTE  01,INDUSTRIAL,49065-415,GASOLINA ADITIVADA,07/05/2026,"7,57",,R$ / litro,BRANCA
NE,SE,ARACAJU,REDE DE POSTOS PRESIDENTE LTDA, 32.864.795/0027-01,RUA MARIO MATIOTTE,170,LOTE  01,INDUSTRIAL,49065-415,ETANOL,07/05/2026,"5,60",,R$ / litro,BRANCA
NE,SE,ARACAJU,VASPETRO COMBUSTIVEL LTDA, 04.979.182/0001-45,AVENIDA BARAO DE MARUIM,552,,CENTRO,49010-340,GASOLINA,12/05/2026,"7,52",,R$ / litro,BRANCA
NE,SE,ARACAJU,VASPETRO COMBUSTIVEL LTDA, 04.979.182/0001-45,AVENIDA BARAO DE MARUIM,552,,CENTRO,49010-340,GASOLINA ADITIVADA,12/05/2026,"7,52",,R$ / litro,BRANCA
NE,SE,ARACAJU,VASPETRO COMBUSTIVEL LTDA, 04.979.182/0001-45,AVENIDA BARAO DE MARUIM,552,,CENTRO,49010-340,ETANOL,12/05/2026,"5,60",,R$ / litro,BRANCA
NE,SE,ARACAJU,GAMA E CIA LTDA, 13.007.752/0002-07,AVENIDA AUGUSTO FRANCO,2990,,PONTO NOVO,49047-040,GASOLINA,12/05/2026,"7,52",,R$ / litro,VIBRA
NE,SE,ARACAJU,GAMA E CIA LTDA, 13.007.752/0002-07,AVENIDA AUGUSTO FRANCO,2990,,PONTO NOVO,49047-040,ETANOL,12/05/2026,"5,60",,R$ / litro,VIBRA
NE,SE,ARACAJU,TYRESOLES DE SERGIPE INDUSTRIA COMERCIO E SERVICOS LTDA, 13.007.828/0010-04,AVENIDA GONCALO  ROLLEMBERG LEITE,1721,,LUZIA,49045-280,GASOLINA,12/05/2026,"7,59",,R$ / litro,RAIZEN
NE,SE,ARACAJU,TYRESOLES DE SERGIPE INDUSTRIA COMERCIO E SERVICOS LTDA, 13.007.828/0010-04,AVENIDA GONCALO  ROLLEMBERG LEITE,1721,,LUZIA,49045-280,GASOLINA ADITIVADA,12/05/2026,"7,93",,R$ / litro,RAIZEN
NE,SE,ARACAJU,TYRESOLES DE SERGIPE INDUSTRIA COMERCIO E SERVICOS LTDA, 13.007.828/0010-04,AVENIDA GONCALO  ROLLEMBERG LEITE,1721,,LUZIA,49045-280,ETANOL,12/05/2026,"5,69",,R$ / litro,RAIZEN
NE,SE,ARACAJU,REDE DE POSTOS PRESIDENTE LTDA, 32.864.795/0001-72,AVENIDA COELHO E CAMPOS,1254,,SANTO ANTONIO,49060-000,GNV,13/05/2026,"4,83",,R$ / m³,VIBRA
NE,SE,ARACAJU,REDE DE POSTOS PRESIDENTE LTDA, 32.864.795/0001-72,AVENIDA COELHO E CAMPOS,1254,,SANTO ANTONIO,49060-000,GASOLINA,13/05/2026,"7,59",,R$ / litro,VIBRA
NE,SE,ARACAJU,REDE DE POSTOS PRESIDENTE LTDA, 32.864.795/0001-72,AVENIDA COELHO E CAMPOS,1254,,SANTO ANTONIO,49060-000,GASOLINA ADITIVADA,13/05/2026,"7,79",,R$ / litro,VIBRA
NE,SE,ARACAJU,LIDER COMERCIO DE COMBUSTIVEIS LTDA, 15.591.357/0001-69,PRACA DA BANDEIRA,171,,CENTRO,49055-090,GASOLINA,13/05/2026,"7,52",,R$ / litro,VIBRA
NE,SE,ARACAJU,LIDER COMERCIO DE COMBUSTIVEIS LTDA, 15.591.357/0001-69,PRACA DA BANDEIRA,171,,CENTRO,49055-090,GASOLINA ADITIVADA,13/05/2026,"7,65",,R$ / litro,VIBRA
NE,SE,ARACAJU,LIDER COMERCIO DE COMBUSTIVEIS LTDA, 15.591.357/0001-69,PRACA DA BANDEIRA,171,,CENTRO,49055-090,ETANOL,13/05/2026,"5,62",,R$ / litro,VIBRA
NE,SE,ARACAJU,POSTO ARIBE EIRELI, 15.083.140/0001-48,AVENIDA PROF JOSE O DE L NETO,150,,AMERICA,49080-480,GASOLINA,12/05/2026,"7,55",,R$ / litro,VIBRA
NE,SE,ARACAJU,POSTO ARIBE EIRELI, 15.083.140/0001-48,AVENIDA PROF JOSE O DE L NETO,150,,AMERICA,49080-480,GASOLINA ADITIVADA,12/05/2026,"7,73",,R$ / litro,VIBRA
NE,SE,ARACAJU,LUBRIFICANTES E ACESSÓRIOS LTDA., 13.257.050/0001-09,AVENIDA BEIRA MAR,6,,13 DE JULHO,49020-010,GASOLINA,12/05/2026,"7,52",,R$ / litro,VIBRA
NE,SE,ARACAJU,LUBRIFICANTES E ACESSÓRIOS LTDA., 13.257.050/0001-09,AVENIDA BEIRA MAR,6,,13 DE JULHO,49020-010,GASOLINA ADITIVADA,12/05/2026,"7,52",,R$ / litro,VIBRA
NE,SE,ARACAJU,LUBRIFICANTES E ACESSÓRIOS LTDA., 13.257.050/0001-09,AVENIDA BEIRA MAR,6,,13 DE JULHO,49020-010,ETANOL,12/05/2026,"5,50",,R$ / litro,VIBRA
NE,SE,ARACAJU,COMERCIAL MARIVAN LTDA, 13.179.247/0001-69,AVENIDA ADELIA FRANCO,2234,,LUZIA,49048-010,GASOLINA,12/05/2026,"7,52",,R$ / litro,VIBRA
NE,SE,ARACAJU,COMERCIAL MARIVAN LTDA, 13.179.247/0001-69,AVENIDA ADELIA FRANCO,2234,,LUZIA,49048-010,GASOLINA ADITIVADA,12/05/2026,"7,59",,R$ / litro,VIBRA
NE,SE,ARACAJU,COMERCIAL MARIVAN LTDA, 13.179.247/0001-69,AVENIDA ADELIA FRANCO,2234,,LUZIA,49048-010,ETANOL,12/05/2026,"5,60",,R$ / litro,VIBRA
NE,SE,ARACAJU,J. L. OLIVEIRA & BARROS LTDA, 13.113.477/0004-78,AVENIDA ENGENHEIRO GENTIL TAVARES,381,,GETULIO VARGAS,49055-260,GASOLINA,13/05/2026,"7,58",,R$ / litro,VIBRA
NE,SE,ARACAJU,J. L. OLIVEIRA & BARROS LTDA, 13.113.477/0004-78,AVENIDA ENGENHEIRO GENTIL TAVARES,381,,GETULIO VARGAS,49055-260,DIESEL S10,13/05/2026,"7,29",,R$ / litro,VIBRA
NE,SE,ARACAJU,POSTO CARMOPOLIS LTDA, 13.077.342/0001-51,AVENIDA JOAO RIBEIRO,680,,INDUSTRIAL,49065-310,GNV,12/05/2026,"4,88",,R$ / m³,BRANCA
NE,SE,ARACAJU,POSTO CARMOPOLIS LTDA, 13.077.342/0001-51,AVENIDA JOAO RIBEIRO,680,,INDUSTRIAL,49065-310,GASOLINA,12/05/2026,"7,52",,R$ / litro,BRANCA
NE,SE,ARACAJU,POSTO CARMOPOLIS LTDA, 13.077.342/0001-51,AVENIDA JOAO RIBEIRO,680,,INDUSTRIAL,49065-310,GASOLINA ADITIVADA,12/05/2026,"7,52",,R$ / litro,BRANCA
NE,SE,ARACAJU,POSTO CARMOPOLIS LTDA, 13.077.342/0001-51,AVENIDA JOAO RIBEIRO,680,,INDUSTRIAL,49065-310,DIESEL S10,12/05/2026,"7,09",,R$ / litro,BRANCA
NE,SE,ARACAJU,KLEBER SANTOS BATISTA LTDA, 13.042.882/0001-08,AVENIDA DESEMBARGADOR MAYNARD,770,,CIRURGIA,49055-210,GNV,13/05/2026,"4,83",,R$ / m³,BRANCA
NE,SE,ARACAJU,KLEBER SANTOS BATISTA LTDA, 13.042.882/0001-08,AVENIDA DESEMBARGADOR MAYNARD,770,,CIRURGIA,49055-210,GASOLINA,13/05/2026,"7,52",,R$ / litro,BRANCA
NE,SE,ARACAJU,KLEBER SANTOS BATISTA LTDA, 13.042.882/0001-08,AVENIDA DESEMBARGADOR MAYNARD,770,,CIRURGIA,49055-210,GASOLINA ADITIVADA,13/05/2026,"7,52",,R$ / litro,BRANCA
NE,SE,ARACAJU,KLEBER SANTOS BATISTA LTDA, 13.042.882/0001-08,AVENIDA DESEMBARGADOR MAYNARD,770,,CIRURGIA,49055-210,DIESEL S10,13/05/2026,"7,09",,R$ / litro,BRANCA
NE,SE,ARACAJU,KLEBER SANTOS BATISTA LTDA, 13.042.882/0001-08,AVENIDA DESEMBARGADOR MAYNARD,770,,CIRURGIA,49055-210,ETANOL,13/05/2026,"5,60",,R$ / litro,BRANCA
NE,SE,ARACAJU,L. V. COMERCIO DE COMBUSTIVEIS LTDA, 11.433.769/0001-10,RUA SAO CRISTOVAO,1877,,GETULIO VARGAS,49055-620,GASOLINA,13/05/2026,"7,59",,R$ / litro,RAIZEN
NE,SE,ARACAJU,L. V. COMERCIO DE COMBUSTIVEIS LTDA, 11.433.769/0001-10,RUA SAO CRISTOVAO,1877,,GETULIO VARGAS,49055-620,GASOLINA ADITIVADA,13/05/2026,"7,88",,R$ / litro,RAIZEN
NE,SE,ARACAJU,L. V. COMERCIO DE COMBUSTIVEIS LTDA, 11.433.769/0001-10,RUA SAO CRISTOVAO,1877,,GETULIO VARGAS,49055-620,DIESEL S10,13/05/2026,"7,09",,R$ / litro,RAIZEN
NE,SE,ARACAJU,L. V. COMERCIO DE COMBUSTIVEIS LTDA, 11.433.769/0001-10,RUA SAO CRISTOVAO,1877,,GETULIO VARGAS,49055-620,ETANOL,13/05/2026,"5,69",,R$ / litro,RAIZEN
NE,SE,ARACAJU,ALPHA COMERCIAL DE COMBUSTIVEIS LTDA, 08.297.710/0008-03,AVENIDA FRANCISCO PORTO,650,LOJA  BR MANIA DELICATESSE,SALGADO FILHO,49020-120,GASOLINA,12/05/2026,"7,59",,R$ / litro,VIBRA
NE,SE,ARACAJU,ALPHA COMERCIAL DE COMBUSTIVEIS LTDA, 08.297.710/0008-03,AVENIDA FRANCISCO PORTO,650,LOJA  BR MANIA DELICATESSE,SALGADO FILHO,49020-120,GASOLINA ADITIVADA,12/05/2026,"7,79",,R$ / litro,VIBRA
NE,SE,ARACAJU,REDE DE POSTOS PRESIDENTE LTDA, 32.864.795/0008-49,AVENIDA MARANHAO,1554,,DEZOITO DO FORTE,49072-000,GASOLINA,13/05/2026,"7,59",,R$ / litro,VIBRA
NE,SE,ARACAJU,REDE DE POSTOS PRESIDENTE LTDA, 32.864.795/0008-49,AVENIDA MARANHAO,1554,,DEZOITO DO FORTE,49072-000,DIESEL S10,13/05/2026,"7,39",,R$ / litro,VIBRA
NE,SE,ARACAJU,REDE DE POSTOS PRESIDENTE LTDA, 32.864.795/0008-49,AVENIDA MARANHAO,1554,,DEZOITO DO FORTE,49072-000,ETANOL,13/05/2026,"5,69",,R$ / litro,VIBRA
NE,SE,ARACAJU,REDE DE POSTOS PRESIDENTE LTDA, 32.864.795/0010-63,RUA LARANJEIRAS,1781,,GETULIO VARGAS,49055-380,GNV,13/05/2026,"4,83",,R$ / m³,VIBRA
NE,SE,ARACAJU,REDE DE POSTOS PRESIDENTE LTDA, 32.864.795/0010-63,RUA LARANJEIRAS,1781,,GETULIO VARGAS,49055-380,GASOLINA,13/05/2026,"7,59",,R$ / litro,VIBRA
NE,SE,ARACAJU,REDE DE POSTOS PRESIDENTE LTDA, 32.864.795/0010-63,RUA LARANJEIRAS,1781,,GETULIO VARGAS,49055-380,GASOLINA ADITIVADA,13/05/2026,"7,79",,R$ / litro,VIBRA
NE,SE,ARACAJU,CWS COMBUSTIVEIS LTDA, 39.283.181/0001-46,AVENIDA GAL EUCLIDES FIGUEIREDO,3583,,PORTO D ANTAS,49067-016,GASOLINA,12/05/2026,"7,52",,R$ / litro,VIBRA
NE,SE,ARACAJU,CWS COMBUSTIVEIS LTDA, 39.283.181/0001-46,AVENIDA GAL EUCLIDES FIGUEIREDO,3583,,PORTO D ANTAS,49067-016,GASOLINA ADITIVADA,12/05/2026,"7,52",,R$ / litro,VIBRA
NE,SE,ARACAJU,REDE DE POSTOS PRESIDENTE LTDA, 32.864.795/0027-01,RUA MARIO MATIOTTE,170,LOTE  01,INDUSTRIAL,49065-415,GNV,12/05/2026,"4,83",,R$ / m³,BRANCA
NE,SE,ARACAJU,REDE DE POSTOS PRESIDENTE LTDA, 32.864.795/0027-01,RUA MARIO MATIOTTE,170,LOTE  01,INDUSTRIAL,49065-415,GASOLINA,12/05/2026,"7,52",,R$ / litro,BRANCA
NE,SE,ARACAJU,REDE DE POSTOS PRESIDENTE LTDA, 32.864.795/0027-01,RUA MARIO MATIOTTE,170,LOTE  01,INDUSTRIAL,49065-415,GASOLINA ADITIVADA,12/05/2026,"7,57",,R$ / litro,BRANCA
NE,SE,ARACAJU,REDE DE POSTOS PRESIDENTE LTDA, 32.864.795/0027-01,RUA MARIO MATIOTTE,170,LOTE  01,INDUSTRIAL,49065-415,ETANOL,12/05/2026,"5,60",,R$ / litro,BRANCA
NE,SE,ARACAJU,VASPETRO COMBUSTIVEL LTDA, 04.979.182/0001-45,AVENIDA BARAO DE MARUIM,552,,CENTRO,49010-340,GASOLINA,18/05/2026,"7,52",,R$ / litro,BRANCA
NE,SE,ARACAJU,VASPETRO COMBUSTIVEL LTDA, 04.979.182/0001-45,AVENIDA BARAO DE MARUIM,552,,CENTRO,49010-340,GASOLINA ADITIVADA,18/05/2026,"7,52",,R$ / litro,BRANCA
NE,SE,ARACAJU,VASPETRO COMBUSTIVEL LTDA, 04.979.182/0001-45,AVENIDA BARAO DE MARUIM,552,,CENTRO,49010-340,ETANOL,18/05/2026,"5,60",,R$ / litro,BRANCA
NE,SE,ARACAJU,GAMA E CIA LTDA, 13.007.752/0002-07,AVENIDA AUGUSTO FRANCO,2990,,PONTO NOVO,49047-040,GASOLINA,18/05/2026,"7,52",,R$ / litro,VIBRA
NE,SE,ARACAJU,GAMA E CIA LTDA, 13.007.752/0002-07,AVENIDA AUGUSTO FRANCO,2990,,PONTO NOVO,49047-040,ETANOL,18/05/2026,"5,60",,R$ / litro,VIBRA
NE,SE,ARACAJU,TYRESOLES DE SERGIPE INDUSTRIA COMERCIO E SERVICOS LTDA, 13.007.828/0010-04,AVENIDA GONCALO  ROLLEMBERG LEITE,1721,,LUZIA,49045-280,GASOLINA,18/05/2026,"7,59",,R$ / litro,RAIZEN
NE,SE,ARACAJU,TYRESOLES DE SERGIPE INDUSTRIA COMERCIO E SERVICOS LTDA, 13.007.828/0010-04,AVENIDA GONCALO  ROLLEMBERG LEITE,1721,,LUZIA,49045-280,GASOLINA ADITIVADA,18/05/2026,"7,93",,R$ / litro,RAIZEN
NE,SE,ARACAJU,TYRESOLES DE SERGIPE INDUSTRIA COMERCIO E SERVICOS LTDA, 13.007.828/0010-04,AVENIDA GONCALO  ROLLEMBERG LEITE,1721,,LUZIA,49045-280,ETANOL,18/05/2026,"5,69",,R$ / litro,RAIZEN
NE,SE,ARACAJU,REDE DE POSTOS PRESIDENTE LTDA, 32.864.795/0001-72,AVENIDA COELHO E CAMPOS,1254,,SANTO ANTONIO,49060-000,GNV,20/05/2026,"4,83",,R$ / m³,VIBRA
NE,SE,ARACAJU,REDE DE POSTOS PRESIDENTE LTDA, 32.864.795/0001-72,AVENIDA COELHO E CAMPOS,1254,,SANTO ANTONIO,49060-000,GASOLINA,20/05/2026,"7,19",,R$ / litro,VIBRA
NE,SE,ARACAJU,REDE DE POSTOS PRESIDENTE LTDA, 32.864.795/0001-72,AVENIDA COELHO E CAMPOS,1254,,SANTO ANTONIO,49060-000,GASOLINA ADITIVADA,20/05/2026,"7,39",,R$ / litro,VIBRA
NE,SE,ARACAJU,LIDER COMERCIO DE COMBUSTIVEIS LTDA, 15.591.357/0001-69,PRACA DA BANDEIRA,171,,CENTRO,49055-090,GASOLINA,20/05/2026,"7,17",,R$ / litro,VIBRA
NE,SE,ARACAJU,LIDER COMERCIO DE COMBUSTIVEIS LTDA, 15.591.357/0001-69,PRACA DA BANDEIRA,171,,CENTRO,49055-090,GASOLINA ADITIVADA,20/05/2026,"7,34",,R$ / litro,VIBRA
NE,SE,ARACAJU,LIDER COMERCIO DE COMBUSTIVEIS LTDA, 15.591.357/0001-69,PRACA DA BANDEIRA,171,,CENTRO,49055-090,ETANOL,20/05/2026,"5,62",,R$ / litro,VIBRA
NE,SE,ARACAJU,POSTO ARIBE EIRELI, 15.083.140/0001-48,AVENIDA PROF JOSE O DE L NETO,150,,AMERICA,49080-480,GASOLINA,18/05/2026,"7,55",,R$ / litro,VIBRA
NE,SE,ARACAJU,POSTO ARIBE EIRELI, 15.083.140/0001-48,AVENIDA PROF JOSE O DE L NETO,150,,AMERICA,49080-480,GASOLINA ADITIVADA,18/05/2026,"7,73",,R$ / litro,VIBRA
NE,SE,ARACAJU,LUBRIFICANTES E ACESSÓRIOS LTDA., 13.257.050/0001-09,AVENIDA BEIRA MAR,6,,13 DE JULHO,49020-010,GASOLINA,18/05/2026,"7,52",,R$ / litro,VIBRA
NE,SE,ARACAJU,LUBRIFICANTES E ACESSÓRIOS LTDA., 13.257.050/0001-09,AVENIDA BEIRA MAR,6,,13 DE JULHO,49020-010,GASOLINA ADITIVADA,18/05/2026,"7,52",,R$ / litro,VIBRA
NE,SE,ARACAJU,LUBRIFICANTES E ACESSÓRIOS LTDA., 13.257.050/0001-09,AVENIDA BEIRA MAR,6,,13 DE JULHO,49020-010,ETANOL,18/05/2026,"5,50",,R$ / litro,VIBRA
NE,SE,ARACAJU,COMERCIAL MARIVAN LTDA, 13.179.247/0001-69,AVENIDA ADELIA FRANCO,2234,,LUZIA,49048-010,GASOLINA,18/05/2026,"7,52",,R$ / litro,VIBRA
NE,SE,ARACAJU,COMERCIAL MARIVAN LTDA, 13.179.247/0001-69,AVENIDA ADELIA FRANCO,2234,,LUZIA,49048-010,GASOLINA ADITIVADA,18/05/2026,"7,59",,R$ / litro,VIBRA
NE,SE,ARACAJU,COMERCIAL MARIVAN LTDA, 13.179.247/0001-69,AVENIDA ADELIA FRANCO,2234,,LUZIA,49048-010,ETANOL,18/05/2026,"5,60",,R$ / litro,VIBRA
NE,SE,ARACAJU,J. L. OLIVEIRA & BARROS LTDA, 13.113.477/0004-78,AVENIDA ENGENHEIRO GENTIL TAVARES,381,,GETULIO VARGAS,49055-260,GASOLINA,20/05/2026,"7,19",,R$ / litro,VIBRA
NE,SE,ARACAJU,POSTO CARMOPOLIS LTDA, 13.077.342/0001-51,AVENIDA JOAO RIBEIRO,680,,INDUSTRIAL,49065-310,GASOLINA,18/05/2026,"7,52",,R$ / litro,BRANCA
NE,SE,ARACAJU,POSTO CARMOPOLIS LTDA, 13.077.342/0001-51,AVENIDA JOAO RIBEIRO,680,,INDUSTRIAL,49065-310,GASOLINA ADITIVADA,18/05/2026,"7,52",,R$ / litro,BRANCA
NE,SE,ARACAJU,POSTO CARMOPOLIS LTDA, 13.077.342/0001-51,AVENIDA JOAO RIBEIRO,680,,INDUSTRIAL,49065-310,DIESEL S10,18/05/2026,"7,09",,R$ / litro,BRANCA
NE,SE,ARACAJU,POSTO CARMOPOLIS LTDA, 13.077.342/0001-51,AVENIDA JOAO RIBEIRO,680,,INDUSTRIAL,49065-310,ETANOL,18/05/2026,"5,60",,R$ / litro,BRANCA
NE,SE,ARACAJU,KLEBER SANTOS BATISTA LTDA, 13.042.882/0001-08,AVENIDA DESEMBARGADOR MAYNARD,770,,CIRURGIA,49055-210,GNV,20/05/2026,"4,83",,R$ / m³,BRANCA
NE,SE,ARACAJU,KLEBER SANTOS BATISTA LTDA, 13.042.882/0001-08,AVENIDA DESEMBARGADOR MAYNARD,770,,CIRURGIA,49055-210,GASOLINA,20/05/2026,"7,17",,R$ / litro,BRANCA
NE,SE,ARACAJU,KLEBER SANTOS BATISTA LTDA, 13.042.882/0001-08,AVENIDA DESEMBARGADOR MAYNARD,770,,CIRURGIA,49055-210,GASOLINA ADITIVADA,20/05/2026,"7,17",,R$ / litro,BRANCA
NE,SE,ARACAJU,KLEBER SANTOS BATISTA LTDA, 13.042.882/0001-08,AVENIDA DESEMBARGADOR MAYNARD,770,,CIRURGIA,49055-210,DIESEL S10,20/05/2026,"6,98",,R$ / litro,BRANCA
NE,SE,ARACAJU,KLEBER SANTOS BATISTA LTDA, 13.042.882/0001-08,AVENIDA DESEMBARGADOR MAYNARD,770,,CIRURGIA,49055-210,ETANOL,20/05/2026,"5,60",,R$ / litro,BRANCA
NE,SE,ARACAJU,L. V. COMERCIO DE COMBUSTIVEIS LTDA, 11.433.769/0001-10,RUA SAO CRISTOVAO,1877,,GETULIO VARGAS,49055-620,GASOLINA,20/05/2026,"7,19",,R$ / litro,RAIZEN
NE,SE,ARACAJU,L. V. COMERCIO DE COMBUSTIVEIS LTDA, 11.433.769/0001-10,RUA SAO CRISTOVAO,1877,,GETULIO VARGAS,49055-620,GASOLINA ADITIVADA,20/05/2026,"7,68",,R$ / litro,RAIZEN
NE,SE,ARACAJU,L. V. COMERCIO DE COMBUSTIVEIS LTDA, 11.433.769/0001-10,RUA SAO CRISTOVAO,1877,,GETULIO VARGAS,49055-620,DIESEL S10,20/05/2026,"6,98",,R$ / litro,RAIZEN
NE,SE,ARACAJU,L. V. COMERCIO DE COMBUSTIVEIS LTDA, 11.433.769/0001-10,RUA SAO CRISTOVAO,1877,,GETULIO VARGAS,49055-620,ETANOL,20/05/2026,"5,69",,R$ / litro,RAIZEN
NE,SE,ARACAJU,ALPHA COMERCIAL DE COMBUSTIVEIS LTDA, 08.297.710/0008-03,AVENIDA FRANCISCO PORTO,650,LOJA  BR MANIA DELICATESSE,SALGADO FILHO,49020-120,GASOLINA,18/05/2026,"7,59",,R$ / litro,VIBRA
NE,SE,ARACAJU,ALPHA COMERCIAL DE COMBUSTIVEIS LTDA, 08.297.710/0008-03,AVENIDA FRANCISCO PORTO,650,LOJA  BR MANIA DELICATESSE,SALGADO FILHO,49020-120,GASOLINA ADITIVADA,18/05/2026,"7,79",,R$ / litro,VIBRA
NE,SE,ARACAJU,REDE DE POSTOS PRESIDENTE LTDA, 32.864.795/0008-49,AVENIDA MARANHAO,1554,,DEZOITO DO FORTE,49072-000,GASOLINA ADITIVADA,20/05/2026,"7,19",,R$ / litro,VIBRA
NE,SE,ARACAJU,REDE DE POSTOS PRESIDENTE LTDA, 32.864.795/0008-49,AVENIDA MARANHAO,1554,,DEZOITO DO FORTE,49072-000,ETANOL,20/05/2026,"5,69",,R$ / litro,VIBRA
NE,SE,ARACAJU,REDE DE POSTOS PRESIDENTE LTDA, 32.864.795/0010-63,RUA LARANJEIRAS,1781,,GETULIO VARGAS,49055-380,GNV,20/05/2026,"4,83",,R$ / m³,VIBRA
NE,SE,ARACAJU,REDE DE POSTOS PRESIDENTE LTDA, 32.864.795/0010-63,RUA LARANJEIRAS,1781,,GETULIO VARGAS,49055-380,GASOLINA,20/05/2026,"7,19",,R$ / litro,VIBRA
NE,SE,ARACAJU,REDE DE POSTOS PRESIDENTE LTDA, 32.864.795/0010-63,RUA LARANJEIRAS,1781,,GETULIO VARGAS,49055-380,GASOLINA ADITIVADA,20/05/2026,"7,39",,R$ / litro,VIBRA
NE,SE,ARACAJU,CWS COMBUSTIVEIS LTDA, 39.283.181/0001-46,AVENIDA GAL EUCLIDES FIGUEIREDO,3583,,PORTO D ANTAS,49067-016,GASOLINA,18/05/2026,"7,52",,R$ / litro,VIBRA
NE,SE,ARACAJU,CWS COMBUSTIVEIS LTDA, 39.283.181/0001-46,AVENIDA GAL EUCLIDES FIGUEIREDO,3583,,PORTO D ANTAS,49067-016,GASOLINA ADITIVADA,18/05/2026,"7,52",,R$ / litro,VIBRA
NE,SE,ARACAJU,REDE DE POSTOS PRESIDENTE LTDA, 32.864.795/0027-01,RUA MARIO MATIOTTE,170,LOTE  01,INDUSTRIAL,49065-415,GNV,20/05/2026,"4,83",,R$ / m³,BRANCA
NE,SE,ARACAJU,REDE DE POSTOS PRESIDENTE LTDA, 32.864.795/0027-01,RUA MARIO MATIOTTE,170,LOTE  01,INDUSTRIAL,49065-415,GASOLINA,20/05/2026,"7,17",,R$ / litro,BRANCA
NE,SE,ARACAJU,REDE DE POSTOS PRESIDENTE LTDA, 32.864.795/0027-01,RUA MARIO MATIOTTE,170,LOTE  01,INDUSTRIAL,49065-415,GASOLINA ADITIVADA,20/05/2026,"7,22",,R$ / litro,BRANCA
NE,SE,ARACAJU,REDE DE POSTOS PRESIDENTE LTDA, 32.864.795/0027-01,RUA MARIO MATIOTTE,170,LOTE  01,INDUSTRIAL,49065-415,ETANOL,20/05/2026,"5,60",,R$ / litro,BRANCA
NE,SE,ARACAJU,VASPETRO COMBUSTIVEL LTDA, 04.979.182/0001-45,AVENIDA BARAO DE MARUIM,552,,CENTRO,49010-340,GASOLINA,26/05/2026,"7,12",,R$ / litro,BRANCA
NE,SE,ARACAJU,VASPETRO COMBUSTIVEL LTDA, 04.979.182/0001-45,AVENIDA BARAO DE MARUIM,552,,CENTRO,49010-340,GASOLINA ADITIVADA,26/05/2026,"7,12",,R$ / litro,BRANCA
NE,SE,ARACAJU,VASPETRO COMBUSTIVEL LTDA, 04.979.182/0001-45,AVENIDA BARAO DE MARUIM,552,,CENTRO,49010-340,ETANOL,26/05/2026,"5,60",,R$ / litro,BRANCA
NE,SE,ARACAJU,GAMA E CIA LTDA, 13.007.752/0002-07,AVENIDA AUGUSTO FRANCO,2990,,PONTO NOVO,49047-040,GASOLINA,26/05/2026,"7,12",,R$ / litro,VIBRA
NE,SE,ARACAJU,GAMA E CIA LTDA, 13.007.752/0002-07,AVENIDA AUGUSTO FRANCO,2990,,PONTO NOVO,49047-040,ETANOL,26/05/2026,"5,50",,R$ / litro,VIBRA
NE,SE,ARACAJU,TYRESOLES DE SERGIPE INDUSTRIA COMERCIO E SERVICOS LTDA, 13.007.828/0010-04,AVENIDA GONCALO  ROLLEMBERG LEITE,1721,,LUZIA,49045-280,GASOLINA,26/05/2026,"7,19",,R$ / litro,RAIZEN
NE,SE,ARACAJU,TYRESOLES DE SERGIPE INDUSTRIA COMERCIO E SERVICOS LTDA, 13.007.828/0010-04,AVENIDA GONCALO  ROLLEMBERG LEITE,1721,,LUZIA,49045-280,GASOLINA ADITIVADA,26/05/2026,"7,53",,R$ / litro,RAIZEN
NE,SE,ARACAJU,TYRESOLES DE SERGIPE INDUSTRIA COMERCIO E SERVICOS LTDA, 13.007.828/0010-04,AVENIDA GONCALO  ROLLEMBERG LEITE,1721,,LUZIA,49045-280,ETANOL,26/05/2026,"5,69",,R$ / litro,RAIZEN
NE,SE,ARACAJU,REDE DE POSTOS PRESIDENTE LTDA, 32.864.795/0001-72,AVENIDA COELHO E CAMPOS,1254,,SANTO ANTONIO,49060-000,GNV,26/05/2026,"4,83",,R$ / m³,VIBRA
NE,SE,ARACAJU,REDE DE POSTOS PRESIDENTE LTDA, 32.864.795/0001-72,AVENIDA COELHO E CAMPOS,1254,,SANTO ANTONIO,49060-000,GASOLINA,26/05/2026,"7,19",,R$ / litro,VIBRA
NE,SE,ARACAJU,REDE DE POSTOS PRESIDENTE LTDA, 32.864.795/0001-72,AVENIDA COELHO E CAMPOS,1254,,SANTO ANTONIO,49060-000,GASOLINA ADITIVADA,26/05/2026,"7,39",,R$ / litro,VIBRA
NE,SE,ARACAJU,REDE DE POSTOS PRESIDENTE LTDA, 32.864.795/0001-72,AVENIDA COELHO E CAMPOS,1254,,SANTO ANTONIO,49060-000,DIESEL,26/05/2026,"7,29",,R$ / litro,VIBRA
NE,SE,ARACAJU,LIDER COMERCIO DE COMBUSTIVEIS LTDA, 15.591.357/0001-69,PRACA DA BANDEIRA,171,,CENTRO,49055-090,GASOLINA,26/05/2026,"7,12",,R$ / litro,VIBRA
NE,SE,ARACAJU,LIDER COMERCIO DE COMBUSTIVEIS LTDA, 15.591.357/0001-69,PRACA DA BANDEIRA,171,,CENTRO,49055-090,GASOLINA ADITIVADA,26/05/2026,"7,29",,R$ / litro,VIBRA
NE,SE,ARACAJU,LIDER COMERCIO DE COMBUSTIVEIS LTDA, 15.591.357/0001-69,PRACA DA BANDEIRA,171,,CENTRO,49055-090,ETANOL,26/05/2026,"5,50",,R$ / litro,VIBRA
NE,SE,ARACAJU,POSTO ARIBE EIRELI, 15.083.140/0001-48,AVENIDA PROF JOSE O DE L NETO,150,,AMERICA,49080-480,GASOLINA,26/05/2026,"7,15",,R$ / litro,VIBRA
NE,SE,ARACAJU,POSTO ARIBE EIRELI, 15.083.140/0001-48,AVENIDA PROF JOSE O DE L NETO,150,,AMERICA,49080-480,GASOLINA ADITIVADA,26/05/2026,"7,28",,R$ / litro,VIBRA
NE,SE,ARACAJU,LUBRIFICANTES E ACESSÓRIOS LTDA., 13.257.050/0001-09,AVENIDA BEIRA MAR,6,,13 DE JULHO,49020-010,GASOLINA,26/05/2026,"7,12",,R$ / litro,VIBRA
NE,SE,ARACAJU,LUBRIFICANTES E ACESSÓRIOS LTDA., 13.257.050/0001-09,AVENIDA BEIRA MAR,6,,13 DE JULHO,49020-010,GASOLINA ADITIVADA,26/05/2026,"7,12",,R$ / litro,VIBRA
NE,SE,ARACAJU,LUBRIFICANTES E ACESSÓRIOS LTDA., 13.257.050/0001-09,AVENIDA BEIRA MAR,6,,13 DE JULHO,49020-010,ETANOL,26/05/2026,"5,50",,R$ / litro,VIBRA
NE,SE,ARACAJU,COMERCIAL MARIVAN LTDA, 13.179.247/0001-69,AVENIDA ADELIA FRANCO,2234,,LUZIA,49048-010,GASOLINA,26/05/2026,"7,12",,R$ / litro,VIBRA
NE,SE,ARACAJU,COMERCIAL MARIVAN LTDA, 13.179.247/0001-69,AVENIDA ADELIA FRANCO,2234,,LUZIA,49048-010,GASOLINA ADITIVADA,26/05/2026,"7,22",,R$ / litro,VIBRA
NE,SE,ARACAJU,COMERCIAL MARIVAN LTDA, 13.179.247/0001-69,AVENIDA ADELIA FRANCO,2234,,LUZIA,49048-010,ETANOL,26/05/2026,"5,50",,R$ / litro,VIBRA
NE,SE,ARACAJU,J. L. OLIVEIRA & BARROS LTDA, 13.113.477/0004-78,AVENIDA ENGENHEIRO GENTIL TAVARES,381,,GETULIO VARGAS,49055-260,GASOLINA,26/05/2026,"7,19",,R$ / litro,VIBRA
NE,SE,ARACAJU,POSTO CARMOPOLIS LTDA, 13.077.342/0001-51,AVENIDA JOAO RIBEIRO,680,,INDUSTRIAL,49065-310,GASOLINA,26/05/2026,"7,12",,R$ / litro,BRANCA
NE,SE,ARACAJU,POSTO CARMOPOLIS LTDA, 13.077.342/0001-51,AVENIDA JOAO RIBEIRO,680,,INDUSTRIAL,49065-310,GASOLINA ADITIVADA,26/05/2026,"7,12",,R$ / litro,BRANCA
NE,SE,ARACAJU,POSTO CARMOPOLIS LTDA, 13.077.342/0001-51,AVENIDA JOAO RIBEIRO,680,,INDUSTRIAL,49065-310,DIESEL S10,26/05/2026,"7,09",,R$ / litro,BRANCA
NE,SE,ARACAJU,POSTO CARMOPOLIS LTDA, 13.077.342/0001-51,AVENIDA JOAO RIBEIRO,680,,INDUSTRIAL,49065-310,ETANOL,26/05/2026,"5,50",,R$ / litro,BRANCA
NE,SE,ARACAJU,POSTO CARMOPOLIS LTDA, 13.077.342/0001-51,AVENIDA JOAO RIBEIRO,680,,INDUSTRIAL,49065-310,GNV,26/05/2026,"4,85",,R$ / m³,BRANCA
NE,SE,ARACAJU,KLEBER SANTOS BATISTA LTDA, 13.042.882/0001-08,AVENIDA DESEMBARGADOR MAYNARD,770,,CIRURGIA,49055-210,GNV,26/05/2026,"4,83",,R$ / m³,BRANCA
NE,SE,ARACAJU,KLEBER SANTOS BATISTA LTDA, 13.042.882/0001-08,AVENIDA DESEMBARGADOR MAYNARD,770,,CIRURGIA,49055-210,GASOLINA,26/05/2026,"7,12",,R$ / litro,BRANCA
NE,SE,ARACAJU,KLEBER SANTOS BATISTA LTDA, 13.042.882/0001-08,AVENIDA DESEMBARGADOR MAYNARD,770,,CIRURGIA,49055-210,GASOLINA ADITIVADA,26/05/2026,"7,12",,R$ / litro,BRANCA
NE,SE,ARACAJU,KLEBER SANTOS BATISTA LTDA, 13.042.882/0001-08,AVENIDA DESEMBARGADOR MAYNARD,770,,CIRURGIA,49055-210,DIESEL S10,26/05/2026,"6,98",,R$ / litro,BRANCA
NE,SE,ARACAJU,KLEBER SANTOS BATISTA LTDA, 13.042.882/0001-08,AVENIDA DESEMBARGADOR MAYNARD,770,,CIRURGIA,49055-210,ETANOL,26/05/2026,"5,50",,R$ / litro,BRANCA
NE,SE,ARACAJU,L. V. COMERCIO DE COMBUSTIVEIS LTDA, 11.433.769/0001-10,RUA SAO CRISTOVAO,1877,,GETULIO VARGAS,49055-620,GASOLINA,26/05/2026,"7,19",,R$ / litro,RAIZEN
NE,SE,ARACAJU,L. V. COMERCIO DE COMBUSTIVEIS LTDA, 11.433.769/0001-10,RUA SAO CRISTOVAO,1877,,GETULIO VARGAS,49055-620,GASOLINA ADITIVADA,26/05/2026,"7,49",,R$ / litro,RAIZEN
NE,SE,ARACAJU,L. V. COMERCIO DE COMBUSTIVEIS LTDA, 11.433.769/0001-10,RUA SAO CRISTOVAO,1877,,GETULIO VARGAS,49055-620,DIESEL,26/05/2026,"6,98",,R$ / litro,RAIZEN
NE,SE,ARACAJU,L. V. COMERCIO DE COMBUSTIVEIS LTDA, 11.433.769/0001-10,RUA SAO CRISTOVAO,1877,,GETULIO VARGAS,49055-620,ETANOL,26/05/2026,"5,69",,R$ / litro,RAIZEN
NE,SE,ARACAJU,ALPHA COMERCIAL DE COMBUSTIVEIS LTDA, 08.297.710/0008-03,AVENIDA FRANCISCO PORTO,650,LOJA  BR MANIA DELICATESSE,SALGADO FILHO,49020-120,GASOLINA,26/05/2026,"7,19",,R$ / litro,VIBRA
NE,SE,ARACAJU,ALPHA COMERCIAL DE COMBUSTIVEIS LTDA, 08.297.710/0008-03,AVENIDA FRANCISCO PORTO,650,LOJA  BR MANIA DELICATESSE,SALGADO FILHO,49020-120,GASOLINA ADITIVADA,26/05/2026,"7,59",,R$ / litro,VIBRA
NE,SE,ARACAJU,REDE DE POSTOS PRESIDENTE LTDA, 32.864.795/0008-49,AVENIDA MARANHAO,1554,,DEZOITO DO FORTE,49072-000,GASOLINA,26/05/2026,"7,19",,R$ / litro,VIBRA
NE,SE,ARACAJU,REDE DE POSTOS PRESIDENTE LTDA, 32.864.795/0008-49,AVENIDA MARANHAO,1554,,DEZOITO DO FORTE,49072-000,ETANOL,26/05/2026,"5,69",,R$ / litro,VIBRA
NE,SE,ARACAJU,REDE DE POSTOS PRESIDENTE LTDA, 32.864.795/0010-63,RUA LARANJEIRAS,1781,,GETULIO VARGAS,49055-380,GNV,26/05/2026,"4,83",,R$ / m³,VIBRA
NE,SE,ARACAJU,REDE DE POSTOS PRESIDENTE LTDA, 32.864.795/0010-63,RUA LARANJEIRAS,1781,,GETULIO VARGAS,49055-380,GASOLINA,26/05/2026,"7,19",,R$ / litro,VIBRA
NE,SE,ARACAJU,REDE DE POSTOS PRESIDENTE LTDA, 32.864.795/0010-63,RUA LARANJEIRAS,1781,,GETULIO VARGAS,49055-380,GASOLINA ADITIVADA,26/05/2026,"7,39",,R$ / litro,VIBRA
NE,SE,ARACAJU,CWS COMBUSTIVEIS LTDA, 39.283.181/0001-46,AVENIDA GAL EUCLIDES FIGUEIREDO,3583,,PORTO D ANTAS,49067-016,GASOLINA,26/05/2026,"7,12",,R$ / litro,VIBRA
NE,SE,ARACAJU,CWS COMBUSTIVEIS LTDA, 39.283.181/0001-46,AVENIDA GAL EUCLIDES FIGUEIREDO,3583,,PORTO D ANTAS,49067-016,GASOLINA ADITIVADA,26/05/2026,"7,12",,R$ / litro,VIBRA
NE,SE,ARACAJU,REDE DE POSTOS PRESIDENTE LTDA, 32.864.795/0027-01,RUA MARIO MATIOTTE,170,LOTE  01,INDUSTRIAL,49065-415,GNV,27/05/2026,"4,83",,R$ / m³,BRANCA
NE,SE,ARACAJU,REDE DE POSTOS PRESIDENTE LTDA, 32.864.795/0027-01,RUA MARIO MATIOTTE,170,LOTE  01,INDUSTRIAL,49065-415,GASOLINA,27/05/2026,"7,17",,R$ / litro,BRANCA
NE,SE,ARACAJU,REDE DE POSTOS PRESIDENTE LTDA, 32.864.795/0027-01,RUA MARIO MATIOTTE,170,LOTE  01,INDUSTRIAL,49065-415,GASOLINA ADITIVADA,27/05/2026,"7,22",,R$ / litro,BRANCA
NE,SE,ARACAJU,REDE DE POSTOS PRESIDENTE LTDA, 32.864.795/0027-01,RUA MARIO MATIOTTE,170,LOTE  01,INDUSTRIAL,49065-415,ETANOL,27/05/2026,"5,50",,R$ / litro,BRANCA
NE,SE,ARACAJU,VASPETRO COMBUSTIVEL LTDA, 04.979.182/0001-45,AVENIDA BARAO DE MARUIM,552,,CENTRO,49010-340,GASOLINA,02/06/2026,"7,12",,R$ / litro,BRANCA
NE,SE,ARACAJU,VASPETRO COMBUSTIVEL LTDA, 04.979.182/0001-45,AVENIDA BARAO DE MARUIM,552,,CENTRO,49010-340,GASOLINA ADITIVADA,02/06/2026,"7,15",,R$ / litro,BRANCA
NE,SE,ARACAJU,VASPETRO COMBUSTIVEL LTDA, 04.979.182/0001-45,AVENIDA BARAO DE MARUIM,552,,CENTRO,49010-340,ETANOL,02/06/2026,"5,50",,R$ / litro,BRANCA
NE,SE,ARACAJU,GAMA E CIA LTDA, 13.007.752/0002-07,AVENIDA AUGUSTO FRANCO,2990,,PONTO NOVO,49047-040,GASOLINA,02/06/2026,"7,12",,R$ / litro,VIBRA
NE,SE,ARACAJU,GAMA E CIA LTDA, 13.007.752/0002-07,AVENIDA AUGUSTO FRANCO,2990,,PONTO NOVO,49047-040,ETANOL,02/06/2026,"5,50",,R$ / litro,VIBRA
NE,SE,ARACAJU,TYRESOLES DE SERGIPE INDUSTRIA COMERCIO E SERVICOS LTDA, 13.007.828/0010-04,AVENIDA GONCALO  ROLLEMBERG LEITE,1721,,LUZIA,49045-280,GASOLINA,02/06/2026,"7,19",,R$ / litro,RAIZEN
NE,SE,ARACAJU,TYRESOLES DE SERGIPE INDUSTRIA COMERCIO E SERVICOS LTDA, 13.007.828/0010-04,AVENIDA GONCALO  ROLLEMBERG LEITE,1721,,LUZIA,49045-280,GASOLINA ADITIVADA,02/06/2026,"7,53",,R$ / litro,RAIZEN
NE,SE,ARACAJU,TYRESOLES DE SERGIPE INDUSTRIA COMERCIO E SERVICOS LTDA, 13.007.828/0010-04,AVENIDA GONCALO  ROLLEMBERG LEITE,1721,,LUZIA,49045-280,ETANOL,02/06/2026,"5,69",,R$ / litro,RAIZEN
NE,SE,ARACAJU,REDE DE POSTOS PRESIDENTE LTDA, 32.864.795/0001-72,AVENIDA COELHO E CAMPOS,1254,,SANTO ANTONIO,49060-000,GNV,03/06/2026,"4,83",,R$ / m³,VIBRA
NE,SE,ARACAJU,REDE DE POSTOS PRESIDENTE LTDA, 32.864.795/0001-72,AVENIDA COELHO E CAMPOS,1254,,SANTO ANTONIO,49060-000,GASOLINA,03/06/2026,"7,19",,R$ / litro,VIBRA
NE,SE,ARACAJU,REDE DE POSTOS PRESIDENTE LTDA, 32.864.795/0001-72,AVENIDA COELHO E CAMPOS,1254,,SANTO ANTONIO,49060-000,GASOLINA ADITIVADA,03/06/2026,"7,39",,R$ / litro,VIBRA
NE,SE,ARACAJU,LIDER COMERCIO DE COMBUSTIVEIS LTDA, 15.591.357/0001-69,PRACA DA BANDEIRA,171,,CENTRO,49055-090,GASOLINA,02/06/2026,"7,12",,R$ / litro,VIBRA
NE,SE,ARACAJU,LIDER COMERCIO DE COMBUSTIVEIS LTDA, 15.591.357/0001-69,PRACA DA BANDEIRA,171,,CENTRO,49055-090,GASOLINA ADITIVADA,02/06/2026,"7,29",,R$ / litro,VIBRA
NE,SE,ARACAJU,LIDER COMERCIO DE COMBUSTIVEIS LTDA, 15.591.357/0001-69,PRACA DA BANDEIRA,171,,CENTRO,49055-090,ETANOL,02/06/2026,"5,50",,R$ / litro,VIBRA
NE,SE,ARACAJU,POSTO ARIBE EIRELI, 15.083.140/0001-48,AVENIDA PROF JOSE O DE L NETO,150,,AMERICA,49080-480,GASOLINA,02/06/2026,"7,12",,R$ / litro,VIBRA
NE,SE,ARACAJU,POSTO ARIBE EIRELI, 15.083.140/0001-48,AVENIDA PROF JOSE O DE L NETO,150,,AMERICA,49080-480,GASOLINA ADITIVADA,02/06/2026,"7,28",,R$ / litro,VIBRA
NE,SE,ARACAJU,LUBRIFICANTES E ACESSÓRIOS LTDA., 13.257.050/0001-09,AVENIDA BEIRA MAR,6,,13 DE JULHO,49020-010,GASOLINA,02/06/2026,"7,12",,R$ / litro,VIBRA
NE,SE,ARACAJU,LUBRIFICANTES E ACESSÓRIOS LTDA., 13.257.050/0001-09,AVENIDA BEIRA MAR,6,,13 DE JULHO,49020-010,GASOLINA ADITIVADA,02/06/2026,"7,12",,R$ / litro,VIBRA
NE,SE,ARACAJU,LUBRIFICANTES E ACESSÓRIOS LTDA., 13.257.050/0001-09,AVENIDA BEIRA MAR,6,,13 DE JULHO,49020-010,ETANOL,02/06/2026,"5,50",,R$ / litro,VIBRA
NE,SE,ARACAJU,COMERCIAL MARIVAN LTDA, 13.179.247/0001-69,AVENIDA ADELIA FRANCO,2234,,LUZIA,49048-010,GASOLINA,02/06/2026,"7,12",,R$ / litro,VIBRA
NE,SE,ARACAJU,COMERCIAL MARIVAN LTDA, 13.179.247/0001-69,AVENIDA ADELIA FRANCO,2234,,LUZIA,49048-010,GASOLINA ADITIVADA,02/06/2026,"7,22",,R$ / litro,VIBRA
NE,SE,ARACAJU,COMERCIAL MARIVAN LTDA, 13.179.247/0001-69,AVENIDA ADELIA FRANCO,2234,,LUZIA,49048-010,ETANOL,02/06/2026,"5,50",,R$ / litro,VIBRA
NE,SE,ARACAJU,J. L. OLIVEIRA & BARROS LTDA, 13.113.477/0004-78,AVENIDA ENGENHEIRO GENTIL TAVARES,381,,GETULIO VARGAS,49055-260,GASOLINA,03/06/2026,"7,19",,R$ / litro,VIBRA
NE,SE,ARACAJU,J. L. OLIVEIRA & BARROS LTDA, 13.113.477/0004-78,AVENIDA ENGENHEIRO GENTIL TAVARES,381,,GETULIO VARGAS,49055-260,DIESEL S10,03/06/2026,"7,29",,R$ / litro,VIBRA
NE,SE,ARACAJU,POSTO CARMOPOLIS LTDA, 13.077.342/0001-51,AVENIDA JOAO RIBEIRO,680,,INDUSTRIAL,49065-310,GNV,02/06/2026,"4,83",,R$ / m³,BRANCA
NE,SE,ARACAJU,POSTO CARMOPOLIS LTDA, 13.077.342/0001-51,AVENIDA JOAO RIBEIRO,680,,INDUSTRIAL,49065-310,GASOLINA,02/06/2026,"7,12",,R$ / litro,BRANCA
NE,SE,ARACAJU,POSTO CARMOPOLIS LTDA, 13.077.342/0001-51,AVENIDA JOAO RIBEIRO,680,,INDUSTRIAL,49065-310,GASOLINA ADITIVADA,02/06/2026,"7,12",,R$ / litro,BRANCA
NE,SE,ARACAJU,POSTO CARMOPOLIS LTDA, 13.077.342/0001-51,AVENIDA JOAO RIBEIRO,680,,INDUSTRIAL,49065-310,DIESEL S10,02/06/2026,"6,98",,R$ / litro,BRANCA
NE,SE,ARACAJU,POSTO CARMOPOLIS LTDA, 13.077.342/0001-51,AVENIDA JOAO RIBEIRO,680,,INDUSTRIAL,49065-310,ETANOL,02/06/2026,"5,60",,R$ / litro,BRANCA
NE,SE,ARACAJU,KLEBER SANTOS BATISTA LTDA, 13.042.882/0001-08,AVENIDA DESEMBARGADOR MAYNARD,770,,CIRURGIA,49055-210,GNV,03/06/2026,"4,83",,R$ / m³,BRANCA
NE,SE,ARACAJU,KLEBER SANTOS BATISTA LTDA, 13.042.882/0001-08,AVENIDA DESEMBARGADOR MAYNARD,770,,CIRURGIA,49055-210,GASOLINA,03/06/2026,"7,12",,R$ / litro,BRANCA
NE,SE,ARACAJU,KLEBER SANTOS BATISTA LTDA, 13.042.882/0001-08,AVENIDA DESEMBARGADOR MAYNARD,770,,CIRURGIA,49055-210,GASOLINA ADITIVADA,03/06/2026,"7,12",,R$ / litro,BRANCA
NE,SE,ARACAJU,KLEBER SANTOS BATISTA LTDA, 13.042.882/0001-08,AVENIDA DESEMBARGADOR MAYNARD,770,,CIRURGIA,49055-210,DIESEL S10,03/06/2026,"6,98",,R$ / litro,BRANCA
NE,SE,ARACAJU,KLEBER SANTOS BATISTA LTDA, 13.042.882/0001-08,AVENIDA DESEMBARGADOR MAYNARD,770,,CIRURGIA,49055-210,ETANOL,03/06/2026,"5,50",,R$ / litro,BRANCA
NE,SE,ARACAJU,L. V. COMERCIO DE COMBUSTIVEIS LTDA, 11.433.769/0001-10,RUA SAO CRISTOVAO,1877,,GETULIO VARGAS,49055-620,GASOLINA,03/06/2026,"7,19",,R$ / litro,RAIZEN
NE,SE,ARACAJU,L. V. COMERCIO DE COMBUSTIVEIS LTDA, 11.433.769/0001-10,RUA SAO CRISTOVAO,1877,,GETULIO VARGAS,49055-620,GASOLINA ADITIVADA,03/06/2026,"7,49",,R$ / litro,RAIZEN
NE,SE,ARACAJU,L. V. COMERCIO DE COMBUSTIVEIS LTDA, 11.433.769/0001-10,RUA SAO CRISTOVAO,1877,,GETULIO VARGAS,49055-620,DIESEL S10,03/06/2026,"6,98",,R$ / litro,RAIZEN
NE,SE,ARACAJU,L. V. COMERCIO DE COMBUSTIVEIS LTDA, 11.433.769/0001-10,RUA SAO CRISTOVAO,1877,,GETULIO VARGAS,49055-620,ETANOL,03/06/2026,"5,69",,R$ / litro,RAIZEN
NE,SE,ARACAJU,ALPHA COMERCIAL DE COMBUSTIVEIS LTDA, 08.297.710/0008-03,AVENIDA FRANCISCO PORTO,650,LOJA  BR MANIA DELICATESSE,SALGADO FILHO,49020-120,GASOLINA,02/06/2026,"7,19",,R$ / litro,VIBRA
NE,SE,ARACAJU,ALPHA COMERCIAL DE COMBUSTIVEIS LTDA, 08.297.710/0008-03,AVENIDA FRANCISCO PORTO,650,LOJA  BR MANIA DELICATESSE,SALGADO FILHO,49020-120,GASOLINA ADITIVADA,02/06/2026,"7,59",,R$ / litro,VIBRA
NE,SE,ARACAJU,REDE DE POSTOS PRESIDENTE LTDA, 32.864.795/0008-49,AVENIDA MARANHAO,1554,,DEZOITO DO FORTE,49072-000,GASOLINA,03/06/2026,"7,19",,R$ / litro,VIBRA
NE,SE,ARACAJU,REDE DE POSTOS PRESIDENTE LTDA, 32.864.795/0008-49,AVENIDA MARANHAO,1554,,DEZOITO DO FORTE,49072-000,DIESEL S10,03/06/2026,"7,29",,R$ / litro,VIBRA
NE,SE,ARACAJU,REDE DE POSTOS PRESIDENTE LTDA, 32.864.795/0008-49,AVENIDA MARANHAO,1554,,DEZOITO DO FORTE,49072-000,ETANOL,03/06/2026,"5,69",,R$ / litro,VIBRA
NE,SE,ARACAJU,REDE DE POSTOS PRESIDENTE LTDA, 32.864.795/0010-63,RUA LARANJEIRAS,1781,,GETULIO VARGAS,49055-380,GNV,03/06/2026,"4,83",,R$ / m³,VIBRA
NE,SE,ARACAJU,REDE DE POSTOS PRESIDENTE LTDA, 32.864.795/0010-63,RUA LARANJEIRAS,1781,,GETULIO VARGAS,49055-380,GASOLINA,03/06/2026,"7,19",,R$ / litro,VIBRA
NE,SE,ARACAJU,REDE DE POSTOS PRESIDENTE LTDA, 32.864.795/0010-63,RUA LARANJEIRAS,1781,,GETULIO VARGAS,49055-380,GASOLINA ADITIVADA,03/06/2026,"7,39",,R$ / litro,VIBRA
NE,SE,ARACAJU,CWS COMBUSTIVEIS LTDA, 39.283.181/0001-46,AVENIDA GAL EUCLIDES FIGUEIREDO,3583,,PORTO D ANTAS,49067-016,GASOLINA,03/06/2026,"7,12",,R$ / litro,VIBRA
NE,SE,ARACAJU,CWS COMBUSTIVEIS LTDA, 39.283.181/0001-46,AVENIDA GAL EUCLIDES FIGUEIREDO,3583,,PORTO D ANTAS,49067-016,GASOLINA ADITIVADA,03/06/2026,"7,12",,R$ / litro,VIBRA
NE,SE,ARACAJU,REDE DE POSTOS PRESIDENTE LTDA, 32.864.795/0027-01,RUA MARIO MATIOTTE,170,LOTE  01,INDUSTRIAL,49065-415,GNV,02/06/2026,"4,83",,R$ / m³,BRANCA
NE,SE,ARACAJU,REDE DE POSTOS PRESIDENTE LTDA, 32.864.795/0027-01,RUA MARIO MATIOTTE,170,LOTE  01,INDUSTRIAL,49065-415,GASOLINA,02/06/2026,"7,17",,R$ / litro,BRANCA
NE,SE,ARACAJU,REDE DE POSTOS PRESIDENTE LTDA, 32.864.795/0027-01,RUA MARIO MATIOTTE,170,LOTE  01,INDUSTRIAL,49065-415,GASOLINA ADITIVADA,02/06/2026,"7,22",,R$ / litro,BRANCA
NE,SE,ARACAJU,REDE DE POSTOS PRESIDENTE LTDA, 32.864.795/0027-01,RUA MARIO MATIOTTE,170,LOTE  01,INDUSTRIAL,49065-415,ETANOL,02/06/2026,"5,50",,R$ / litro,BRANCA
NE,SE,ARACAJU,VASPETRO COMBUSTIVEL LTDA, 04.979.182/0001-45,AVENIDA BARAO DE MARUIM,552,,CENTRO,49010-340,GASOLINA,09/06/2026,"7,12",,R$ / litro,BRANCA
NE,SE,ARACAJU,VASPETRO COMBUSTIVEL LTDA, 04.979.182/0001-45,AVENIDA BARAO DE MARUIM,552,,CENTRO,49010-340,GASOLINA ADITIVADA,09/06/2026,"7,12",,R$ / litro,BRANCA
NE,SE,ARACAJU,VASPETRO COMBUSTIVEL LTDA, 04.979.182/0001-45,AVENIDA BARAO DE MARUIM,552,,CENTRO,49010-340,ETANOL,09/06/2026,"5,50",,R$ / litro,BRANCA
NE,SE,ARACAJU,GAMA E CIA LTDA, 13.007.752/0002-07,AVENIDA AUGUSTO FRANCO,2990,,PONTO NOVO,49047-040,GASOLINA,08/06/2026,"7,12",,R$ / litro,VIBRA
NE,SE,ARACAJU,GAMA E CIA LTDA, 13.007.752/0002-07,AVENIDA AUGUSTO FRANCO,2990,,PONTO NOVO,49047-040,ETANOL,08/06/2026,"5,50",,R$ / litro,VIBRA
NE,SE,ARACAJU,TYRESOLES DE SERGIPE INDUSTRIA COMERCIO E SERVICOS LTDA, 13.007.828/0010-04,AVENIDA GONCALO  ROLLEMBERG LEITE,1721,,LUZIA,49045-280,GASOLINA,08/06/2026,"7,19",,R$ / litro,RAIZEN
NE,SE,ARACAJU,TYRESOLES DE SERGIPE INDUSTRIA COMERCIO E SERVICOS LTDA, 13.007.828/0010-04,AVENIDA GONCALO  ROLLEMBERG LEITE,1721,,LUZIA,49045-280,GASOLINA ADITIVADA,08/06/2026,"7,53",,R$ / litro,RAIZEN
NE,SE,ARACAJU,TYRESOLES DE SERGIPE INDUSTRIA COMERCIO E SERVICOS LTDA, 13.007.828/0010-04,AVENIDA GONCALO  ROLLEMBERG LEITE,1721,,LUZIA,49045-280,ETANOL,08/06/2026,"5,69",,R$ / litro,RAIZEN
NE,SE,ARACAJU,REDE DE POSTOS PRESIDENTE LTDA, 32.864.795/0001-72,AVENIDA COELHO E CAMPOS,1254,,SANTO ANTONIO,49060-000,GNV,09/06/2026,"4,83",,R$ / m³,VIBRA
NE,SE,ARACAJU,REDE DE POSTOS PRESIDENTE LTDA, 32.864.795/0001-72,AVENIDA COELHO E CAMPOS,1254,,SANTO ANTONIO,49060-000,GASOLINA,09/06/2026,"7,19",,R$ / litro,VIBRA
NE,SE,ARACAJU,REDE DE POSTOS PRESIDENTE LTDA, 32.864.795/0001-72,AVENIDA COELHO E CAMPOS,1254,,SANTO ANTONIO,49060-000,GASOLINA ADITIVADA,09/06/2026,"7,39",,R$ / litro,VIBRA
NE,SE,ARACAJU,LIDER COMERCIO DE COMBUSTIVEIS LTDA, 15.591.357/0001-69,PRACA DA BANDEIRA,171,,CENTRO,49055-090,GASOLINA,09/06/2026,"7,02",,R$ / litro,VIBRA
NE,SE,ARACAJU,LIDER COMERCIO DE COMBUSTIVEIS LTDA, 15.591.357/0001-69,PRACA DA BANDEIRA,171,,CENTRO,49055-090,GASOLINA ADITIVADA,09/06/2026,"7,19",,R$ / litro,VIBRA
NE,SE,ARACAJU,LIDER COMERCIO DE COMBUSTIVEIS LTDA, 15.591.357/0001-69,PRACA DA BANDEIRA,171,,CENTRO,49055-090,ETANOL,09/06/2026,"5,50",,R$ / litro,VIBRA
NE,SE,ARACAJU,POSTO ARIBE EIRELI, 15.083.140/0001-48,AVENIDA PROF JOSE O DE L NETO,150,,AMERICA,49080-480,GASOLINA,08/06/2026,"7,12",,R$ / litro,VIBRA
NE,SE,ARACAJU,POSTO ARIBE EIRELI, 15.083.140/0001-48,AVENIDA PROF JOSE O DE L NETO,150,,AMERICA,49080-480,GASOLINA ADITIVADA,08/06/2026,"7,19",,R$ / litro,VIBRA
NE,SE,ARACAJU,LUBRIFICANTES E ACESSÓRIOS LTDA., 13.257.050/0001-09,AVENIDA BEIRA MAR,6,,13 DE JULHO,49020-010,GASOLINA,08/06/2026,"7,12",,R$ / litro,VIBRA
NE,SE,ARACAJU,LUBRIFICANTES E ACESSÓRIOS LTDA., 13.257.050/0001-09,AVENIDA BEIRA MAR,6,,13 DE JULHO,49020-010,GASOLINA ADITIVADA,08/06/2026,"7,12",,R$ / litro,VIBRA
NE,SE,ARACAJU,LUBRIFICANTES E ACESSÓRIOS LTDA., 13.257.050/0001-09,AVENIDA BEIRA MAR,6,,13 DE JULHO,49020-010,ETANOL,08/06/2026,"5,50",,R$ / litro,VIBRA
NE,SE,ARACAJU,COMERCIAL MARIVAN LTDA, 13.179.247/0001-69,AVENIDA ADELIA FRANCO,2234,,LUZIA,49048-010,GASOLINA,08/06/2026,"7,12",,R$ / litro,VIBRA
NE,SE,ARACAJU,COMERCIAL MARIVAN LTDA, 13.179.247/0001-69,AVENIDA ADELIA FRANCO,2234,,LUZIA,49048-010,GASOLINA ADITIVADA,08/06/2026,"7,22",,R$ / litro,VIBRA
NE,SE,ARACAJU,COMERCIAL MARIVAN LTDA, 13.179.247/0001-69,AVENIDA ADELIA FRANCO,2234,,LUZIA,49048-010,ETANOL,08/06/2026,"5,50",,R$ / litro,VIBRA
NE,SE,ARACAJU,J. L. OLIVEIRA & BARROS LTDA, 13.113.477/0004-78,AVENIDA ENGENHEIRO GENTIL TAVARES,381,,GETULIO VARGAS,49055-260,GASOLINA,09/06/2026,"7,19",,R$ / litro,VIBRA
NE,SE,ARACAJU,J. L. OLIVEIRA & BARROS LTDA, 13.113.477/0004-78,AVENIDA ENGENHEIRO GENTIL TAVARES,381,,GETULIO VARGAS,49055-260,DIESEL S10,09/06/2026,"7,29",,R$ / litro,VIBRA
NE,SE,ARACAJU,POSTO CARMOPOLIS LTDA, 13.077.342/0001-51,AVENIDA JOAO RIBEIRO,680,,INDUSTRIAL,49065-310,GASOLINA,08/06/2026,"7,02",,R$ / litro,BRANCA
NE,SE,ARACAJU,POSTO CARMOPOLIS LTDA, 13.077.342/0001-51,AVENIDA JOAO RIBEIRO,680,,INDUSTRIAL,49065-310,GASOLINA ADITIVADA,08/06/2026,"7,02",,R$ / litro,BRANCA
NE,SE,ARACAJU,POSTO CARMOPOLIS LTDA, 13.077.342/0001-51,AVENIDA JOAO RIBEIRO,680,,INDUSTRIAL,49065-310,DIESEL S10,08/06/2026,"6,98",,R$ / litro,BRANCA
NE,SE,ARACAJU,POSTO CARMOPOLIS LTDA, 13.077.342/0001-51,AVENIDA JOAO RIBEIRO,680,,INDUSTRIAL,49065-310,ETANOL,08/06/2026,"5,50",,R$ / litro,BRANCA
NE,SE,ARACAJU,KLEBER SANTOS BATISTA LTDA, 13.042.882/0001-08,AVENIDA DESEMBARGADOR MAYNARD,770,,CIRURGIA,49055-210,GNV,09/06/2026,"4,83",,R$ / m³,BRANCA
NE,SE,ARACAJU,KLEBER SANTOS BATISTA LTDA, 13.042.882/0001-08,AVENIDA DESEMBARGADOR MAYNARD,770,,CIRURGIA,49055-210,GASOLINA,09/06/2026,"7,02",,R$ / litro,BRANCA
NE,SE,ARACAJU,KLEBER SANTOS BATISTA LTDA, 13.042.882/0001-08,AVENIDA DESEMBARGADOR MAYNARD,770,,CIRURGIA,49055-210,GASOLINA ADITIVADA,09/06/2026,"7,02",,R$ / litro,BRANCA
NE,SE,ARACAJU,KLEBER SANTOS BATISTA LTDA, 13.042.882/0001-08,AVENIDA DESEMBARGADOR MAYNARD,770,,CIRURGIA,49055-210,DIESEL S10,09/06/2026,"6,98",,R$ / litro,BRANCA
NE,SE,ARACAJU,KLEBER SANTOS BATISTA LTDA, 13.042.882/0001-08,AVENIDA DESEMBARGADOR MAYNARD,770,,CIRURGIA,49055-210,ETANOL,09/06/2026,"5,50",,R$ / litro,BRANCA
NE,SE,ARACAJU,L. V. COMERCIO DE COMBUSTIVEIS LTDA, 11.433.769/0001-10,RUA SAO CRISTOVAO,1877,,GETULIO VARGAS,49055-620,GASOLINA,09/06/2026,"7,19",,R$ / litro,RAIZEN
NE,SE,ARACAJU,L. V. COMERCIO DE COMBUSTIVEIS LTDA, 11.433.769/0001-10,RUA SAO CRISTOVAO,1877,,GETULIO VARGAS,49055-620,GASOLINA ADITIVADA,09/06/2026,"7,52",,R$ / litro,RAIZEN
NE,SE,ARACAJU,L. V. COMERCIO DE COMBUSTIVEIS LTDA, 11.433.769/0001-10,RUA SAO CRISTOVAO,1877,,GETULIO VARGAS,49055-620,DIESEL S10,09/06/2026,"6,98",,R$ / litro,RAIZEN
NE,SE,ARACAJU,L. V. COMERCIO DE COMBUSTIVEIS LTDA, 11.433.769/0001-10,RUA SAO CRISTOVAO,1877,,GETULIO VARGAS,49055-620,ETANOL,09/06/2026,"5,69",,R$ / litro,RAIZEN
NE,SE,ARACAJU,ALPHA COMERCIAL DE COMBUSTIVEIS LTDA, 08.297.710/0008-03,AVENIDA FRANCISCO PORTO,650,LOJA  BR MANIA DELICATESSE,SALGADO FILHO,49020-120,GASOLINA,08/06/2026,"7,19",,R$ / litro,VIBRA
NE,SE,ARACAJU,ALPHA COMERCIAL DE COMBUSTIVEIS LTDA, 08.297.710/0008-03,AVENIDA FRANCISCO PORTO,650,LOJA  BR MANIA DELICATESSE,SALGADO FILHO,49020-120,GASOLINA ADITIVADA,08/06/2026,"7,59",,R$ / litro,VIBRA
NE,SE,ARACAJU,REDE DE POSTOS PRESIDENTE LTDA, 32.864.795/0008-49,AVENIDA MARANHAO,1554,,DEZOITO DO FORTE,49072-000,GASOLINA ADITIVADA,09/06/2026,"7,19",,R$ / litro,VIBRA
NE,SE,ARACAJU,REDE DE POSTOS PRESIDENTE LTDA, 32.864.795/0010-63,RUA LARANJEIRAS,1781,,GETULIO VARGAS,49055-380,GNV,09/06/2026,"4,83",,R$ / m³,VIBRA
NE,SE,ARACAJU,REDE DE POSTOS PRESIDENTE LTDA, 32.864.795/0010-63,RUA LARANJEIRAS,1781,,GETULIO VARGAS,49055-380,GASOLINA,09/06/2026,"7,19",,R$ / litro,VIBRA
NE,SE,ARACAJU,REDE DE POSTOS PRESIDENTE LTDA, 32.864.795/0010-63,RUA LARANJEIRAS,1781,,GETULIO VARGAS,49055-380,GASOLINA ADITIVADA,09/06/2026,"7,39",,R$ / litro,VIBRA
NE,SE,ARACAJU,CWS COMBUSTIVEIS LTDA, 39.283.181/0001-46,AVENIDA GAL EUCLIDES FIGUEIREDO,3583,,PORTO D ANTAS,49067-016,GASOLINA,09/06/2026,"7,12",,R$ / litro,VIBRA
NE,SE,ARACAJU,CWS COMBUSTIVEIS LTDA, 39.283.181/0001-46,AVENIDA GAL EUCLIDES FIGUEIREDO,3583,,PORTO D ANTAS,49067-016,GASOLINA ADITIVADA,09/06/2026,"7,12",,R$ / litro,VIBRA
NE,SE,ARACAJU,REDE DE POSTOS PRESIDENTE LTDA, 32.864.795/0027-01,RUA MARIO MATIOTTE,170,LOTE  01,INDUSTRIAL,49065-415,GNV,10/06/2026,"4,83",,R$ / m³,BRANCA
NE,SE,ARACAJU,REDE DE POSTOS PRESIDENTE LTDA, 32.864.795/0027-01,RUA MARIO MATIOTTE,170,LOTE  01,INDUSTRIAL,49065-415,GASOLINA,10/06/2026,"7,17",,R$ / litro,BRANCA
NE,SE,ARACAJU,REDE DE POSTOS PRESIDENTE LTDA, 32.864.795/0027-01,RUA MARIO MATIOTTE,170,LOTE  01,INDUSTRIAL,49065-415,GASOLINA ADITIVADA,10/06/2026,"7,22",,R$ / litro,BRANCA
NE,SE,ARACAJU,REDE DE POSTOS PRESIDENTE LTDA, 32.864.795/0027-01,RUA MARIO MATIOTTE,170,LOTE  01,INDUSTRIAL,49065-415,ETANOL,10/06/2026,"5,50",,R$ / litro,BRANCA
NE,SE,ARACAJU,VASPETRO COMBUSTIVEL LTDA, 04.979.182/0001-45,AVENIDA BARAO DE MARUIM,552,,CENTRO,49010-340,GASOLINA,16/06/2026,"7,12",,R$ / litro,BRANCA
NE,SE,ARACAJU,VASPETRO COMBUSTIVEL LTDA, 04.979.182/0001-45,AVENIDA BARAO DE MARUIM,552,,CENTRO,49010-340,GASOLINA ADITIVADA,16/06/2026,"7,12",,R$ / litro,BRANCA
NE,SE,ARACAJU,VASPETRO COMBUSTIVEL LTDA, 04.979.182/0001-45,AVENIDA BARAO DE MARUIM,552,,CENTRO,49010-340,ETANOL,16/06/2026,"5,50",,R$ / litro,BRANCA
NE,SE,ARACAJU,GAMA E CIA LTDA, 13.007.752/0002-07,AVENIDA AUGUSTO FRANCO,2990,,PONTO NOVO,49047-040,GASOLINA,16/06/2026,"7,12",,R$ / litro,VIBRA
NE,SE,ARACAJU,GAMA E CIA LTDA, 13.007.752/0002-07,AVENIDA AUGUSTO FRANCO,2990,,PONTO NOVO,49047-040,ETANOL,16/06/2026,"5,50",,R$ / litro,VIBRA
NE,SE,ARACAJU,TYRESOLES DE SERGIPE INDUSTRIA COMERCIO E SERVICOS LTDA, 13.007.828/0010-04,AVENIDA GONCALO  ROLLEMBERG LEITE,1721,,LUZIA,49045-280,GASOLINA,16/06/2026,"7,19",,R$ / litro,RAIZEN
NE,SE,ARACAJU,TYRESOLES DE SERGIPE INDUSTRIA COMERCIO E SERVICOS LTDA, 13.007.828/0010-04,AVENIDA GONCALO  ROLLEMBERG LEITE,1721,,LUZIA,49045-280,GASOLINA ADITIVADA,16/06/2026,"7,53",,R$ / litro,RAIZEN
NE,SE,ARACAJU,TYRESOLES DE SERGIPE INDUSTRIA COMERCIO E SERVICOS LTDA, 13.007.828/0010-04,AVENIDA GONCALO  ROLLEMBERG LEITE,1721,,LUZIA,49045-280,ETANOL,16/06/2026,"5,69",,R$ / litro,RAIZEN
NE,SE,ARACAJU,REDE DE POSTOS PRESIDENTE LTDA, 32.864.795/0001-72,AVENIDA COELHO E CAMPOS,1254,,SANTO ANTONIO,49060-000,GNV,16/06/2026,"4,83",,R$ / m³,VIBRA
NE,SE,ARACAJU,REDE DE POSTOS PRESIDENTE LTDA, 32.864.795/0001-72,AVENIDA COELHO E CAMPOS,1254,,SANTO ANTONIO,49060-000,GASOLINA,16/06/2026,"7,19",,R$ / litro,VIBRA
NE,SE,ARACAJU,REDE DE POSTOS PRESIDENTE LTDA, 32.864.795/0001-72,AVENIDA COELHO E CAMPOS,1254,,SANTO ANTONIO,49060-000,GASOLINA ADITIVADA,16/06/2026,"7,39",,R$ / litro,VIBRA
NE,SE,ARACAJU,LIDER COMERCIO DE COMBUSTIVEIS LTDA, 15.591.357/0001-69,PRACA DA BANDEIRA,171,,CENTRO,49055-090,GASOLINA,16/06/2026,"7,12",,R$ / litro,VIBRA
NE,SE,ARACAJU,LIDER COMERCIO DE COMBUSTIVEIS LTDA, 15.591.357/0001-69,PRACA DA BANDEIRA,171,,CENTRO,49055-090,GASOLINA ADITIVADA,16/06/2026,"7,29",,R$ / litro,VIBRA
NE,SE,ARACAJU,LIDER COMERCIO DE COMBUSTIVEIS LTDA, 15.591.357/0001-69,PRACA DA BANDEIRA,171,,CENTRO,49055-090,ETANOL,16/06/2026,"5,50",,R$ / litro,VIBRA
NE,SE,ARACAJU,POSTO ARIBE EIRELI, 15.083.140/0001-48,AVENIDA PROF JOSE O DE L NETO,150,,AMERICA,49080-480,GASOLINA,16/06/2026,"7,12",,R$ / litro,VIBRA
NE,SE,ARACAJU,POSTO ARIBE EIRELI, 15.083.140/0001-48,AVENIDA PROF JOSE O DE L NETO,150,,AMERICA,49080-480,GASOLINA ADITIVADA,16/06/2026,"7,28",,R$ / litro,VIBRA
NE,SE,ARACAJU,LUBRIFICANTES E ACESSÓRIOS LTDA., 13.257.050/0001-09,AVENIDA BEIRA MAR,6,,13 DE JULHO,49020-010,GASOLINA,16/06/2026,"7,12",,R$ / litro,VIBRA
NE,SE,ARACAJU,LUBRIFICANTES E ACESSÓRIOS LTDA., 13.257.050/0001-09,AVENIDA BEIRA MAR,6,,13 DE JULHO,49020-010,GASOLINA ADITIVADA,16/06/2026,"7,12",,R$ / litro,VIBRA
NE,SE,ARACAJU,LUBRIFICANTES E ACESSÓRIOS LTDA., 13.257.050/0001-09,AVENIDA BEIRA MAR,6,,13 DE JULHO,49020-010,ETANOL,16/06/2026,"5,50",,R$ / litro,VIBRA
NE,SE,ARACAJU,COMERCIAL MARIVAN LTDA, 13.179.247/0001-69,AVENIDA ADELIA FRANCO,2234,,LUZIA,49048-010,GASOLINA,16/06/2026,"7,12",,R$ / litro,VIBRA
NE,SE,ARACAJU,COMERCIAL MARIVAN LTDA, 13.179.247/0001-69,AVENIDA ADELIA FRANCO,2234,,LUZIA,49048-010,GASOLINA ADITIVADA,16/06/2026,"7,24",,R$ / litro,VIBRA
NE,SE,ARACAJU,COMERCIAL MARIVAN LTDA, 13.179.247/0001-69,AVENIDA ADELIA FRANCO,2234,,LUZIA,49048-010,ETANOL,16/06/2026,"5,50",,R$ / litro,VIBRA
NE,SE,ARACAJU,J. L. OLIVEIRA & BARROS LTDA, 13.113.477/0004-78,AVENIDA ENGENHEIRO GENTIL TAVARES,381,,GETULIO VARGAS,49055-260,GASOLINA,16/06/2026,"7,19",,R$ / litro,VIBRA
NE,SE,ARACAJU,POSTO CARMOPOLIS LTDA, 13.077.342/0001-51,AVENIDA JOAO RIBEIRO,680,,INDUSTRIAL,49065-310,GNV,16/06/2026,"4,82",,R$ / m³,BRANCA
NE,SE,ARACAJU,POSTO CARMOPOLIS LTDA, 13.077.342/0001-51,AVENIDA JOAO RIBEIRO,680,,INDUSTRIAL,49065-310,GASOLINA,16/06/2026,"7,12",,R$ / litro,BRANCA
NE,SE,ARACAJU,POSTO CARMOPOLIS LTDA, 13.077.342/0001-51,AVENIDA JOAO RIBEIRO,680,,INDUSTRIAL,49065-310,GASOLINA ADITIVADA,16/06/2026,"7,12",,R$ / litro,BRANCA
NE,SE,ARACAJU,POSTO CARMOPOLIS LTDA, 13.077.342/0001-51,AVENIDA JOAO RIBEIRO,680,,INDUSTRIAL,49065-310,DIESEL S10,16/06/2026,"6,98",,R$ / litro,BRANCA
NE,SE,ARACAJU,POSTO CARMOPOLIS LTDA, 13.077.342/0001-51,AVENIDA JOAO RIBEIRO,680,,INDUSTRIAL,49065-310,ETANOL,16/06/2026,"5,50",,R$ / litro,BRANCA
NE,SE,ARACAJU,KLEBER SANTOS BATISTA LTDA, 13.042.882/0001-08,AVENIDA DESEMBARGADOR MAYNARD,770,,CIRURGIA,49055-210,GNV,16/06/2026,"4,83",,R$ / m³,BRANCA
NE,SE,ARACAJU,KLEBER SANTOS BATISTA LTDA, 13.042.882/0001-08,AVENIDA DESEMBARGADOR MAYNARD,770,,CIRURGIA,49055-210,GASOLINA,16/06/2026,"7,12",,R$ / litro,BRANCA
NE,SE,ARACAJU,KLEBER SANTOS BATISTA LTDA, 13.042.882/0001-08,AVENIDA DESEMBARGADOR MAYNARD,770,,CIRURGIA,49055-210,GASOLINA ADITIVADA,16/06/2026,"7,12",,R$ / litro,BRANCA
NE,SE,ARACAJU,KLEBER SANTOS BATISTA LTDA, 13.042.882/0001-08,AVENIDA DESEMBARGADOR MAYNARD,770,,CIRURGIA,49055-210,DIESEL S10,16/06/2026,"6,98",,R$ / litro,BRANCA
NE,SE,ARACAJU,KLEBER SANTOS BATISTA LTDA, 13.042.882/0001-08,AVENIDA DESEMBARGADOR MAYNARD,770,,CIRURGIA,49055-210,ETANOL,16/06/2026,"5,50",,R$ / litro,BRANCA
NE,SE,ARACAJU,L. V. COMERCIO DE COMBUSTIVEIS LTDA, 11.433.769/0001-10,RUA SAO CRISTOVAO,1877,,GETULIO VARGAS,49055-620,GASOLINA,16/06/2026,"7,19",,R$ / litro,RAIZEN
NE,SE,ARACAJU,L. V. COMERCIO DE COMBUSTIVEIS LTDA, 11.433.769/0001-10,RUA SAO CRISTOVAO,1877,,GETULIO VARGAS,49055-620,GASOLINA ADITIVADA,16/06/2026,"7,52",,R$ / litro,RAIZEN
NE,SE,ARACAJU,L. V. COMERCIO DE COMBUSTIVEIS LTDA, 11.433.769/0001-10,RUA SAO CRISTOVAO,1877,,GETULIO VARGAS,49055-620,DIESEL S10,16/06/2026,"6,98",,R$ / litro,RAIZEN
NE,SE,ARACAJU,L. V. COMERCIO DE COMBUSTIVEIS LTDA, 11.433.769/0001-10,RUA SAO CRISTOVAO,1877,,GETULIO VARGAS,49055-620,ETANOL,16/06/2026,"5,69",,R$ / litro,RAIZEN
NE,SE,ARACAJU,ALPHA COMERCIAL DE COMBUSTIVEIS LTDA, 08.297.710/0008-03,AVENIDA FRANCISCO PORTO,650,LOJA  BR MANIA DELICATESSE,SALGADO FILHO,49020-120,GASOLINA,16/06/2026,"7,19",,R$ / litro,VIBRA
NE,SE,ARACAJU,ALPHA COMERCIAL DE COMBUSTIVEIS LTDA, 08.297.710/0008-03,AVENIDA FRANCISCO PORTO,650,LOJA  BR MANIA DELICATESSE,SALGADO FILHO,49020-120,GASOLINA ADITIVADA,16/06/2026,"7,59",,R$ / litro,VIBRA
NE,SE,ARACAJU,REDE DE POSTOS PRESIDENTE LTDA, 32.864.795/0008-49,AVENIDA MARANHAO,1554,,DEZOITO DO FORTE,49072-000,GASOLINA,16/06/2026,"7,19",,R$ / litro,VIBRA
NE,SE,ARACAJU,REDE DE POSTOS PRESIDENTE LTDA, 32.864.795/0010-63,RUA LARANJEIRAS,1781,,GETULIO VARGAS,49055-380,GNV,16/06/2026,"4,83",,R$ / m³,VIBRA
NE,SE,ARACAJU,REDE DE POSTOS PRESIDENTE LTDA, 32.864.795/0010-63,RUA LARANJEIRAS,1781,,GETULIO VARGAS,49055-380,GASOLINA,16/06/2026,"7,19",,R$ / litro,VIBRA
NE,SE,ARACAJU,REDE DE POSTOS PRESIDENTE LTDA, 32.864.795/0010-63,RUA LARANJEIRAS,1781,,GETULIO VARGAS,49055-380,GASOLINA ADITIVADA,16/06/2026,"7,39",,R$ / litro,VIBRA
NE,SE,ARACAJU,CWS COMBUSTIVEIS LTDA, 39.283.181/0001-46,AVENIDA GAL EUCLIDES FIGUEIREDO,3583,,PORTO D ANTAS,49067-016,GASOLINA,16/06/2026,"7,12",,R$ / litro,VIBRA
NE,SE,ARACAJU,CWS COMBUSTIVEIS LTDA, 39.283.181/0001-46,AVENIDA GAL EUCLIDES FIGUEIREDO,3583,,PORTO D ANTAS,49067-016,GASOLINA ADITIVADA,16/06/2026,"7,12",,R$ / litro,VIBRA
NE,SE,ARACAJU,REDE DE POSTOS PRESIDENTE LTDA, 32.864.795/0027-01,RUA MARIO MATIOTTE,170,LOTE  01,INDUSTRIAL,49065-415,GNV,18/06/2026,"4,83",,R$ / m³,BRANCA
NE,SE,ARACAJU,REDE DE POSTOS PRESIDENTE LTDA, 32.864.795/0027-01,RUA MARIO MATIOTTE,170,LOTE  01,INDUSTRIAL,49065-415,GASOLINA,18/06/2026,"7,12",,R$ / litro,BRANCA
NE,SE,ARACAJU,REDE DE POSTOS PRESIDENTE LTDA, 32.864.795/0027-01,RUA MARIO MATIOTTE,170,LOTE  01,INDUSTRIAL,49065-415,GASOLINA ADITIVADA,18/06/2026,"7,17",,R$ / litro,BRANCA
NE,SE,ARACAJU,REDE DE POSTOS PRESIDENTE LTDA, 32.864.795/0027-01,RUA MARIO MATIOTTE,170,LOTE  01,INDUSTRIAL,49065-415,ETANOL,18/06/2026,"5,50",,R$ / litro,BRANCA
NE,SE,ARACAJU,VASPETRO COMBUSTIVEL LTDA, 04.979.182/0001-45,AVENIDA BARAO DE MARUIM,552,,CENTRO,49010-340,GASOLINA,23/06/2026,"7,12",,R$ / litro,BRANCA
NE,SE,ARACAJU,VASPETRO COMBUSTIVEL LTDA, 04.979.182/0001-45,AVENIDA BARAO DE MARUIM,552,,CENTRO,49010-340,GASOLINA ADITIVADA,23/06/2026,"7,12",,R$ / litro,BRANCA
NE,SE,ARACAJU,VASPETRO COMBUSTIVEL LTDA, 04.979.182/0001-45,AVENIDA BARAO DE MARUIM,552,,CENTRO,49010-340,ETANOL,23/06/2026,"5,50",,R$ / litro,BRANCA
NE,SE,ARACAJU,GAMA E CIA LTDA, 13.007.752/0002-07,AVENIDA AUGUSTO FRANCO,2990,,PONTO NOVO,49047-040,GASOLINA,23/06/2026,"7,12",,R$ / litro,VIBRA
NE,SE,ARACAJU,TYRESOLES DE SERGIPE INDUSTRIA COMERCIO E SERVICOS LTDA, 13.007.828/0010-04,AVENIDA GONCALO  ROLLEMBERG LEITE,1721,,LUZIA,49045-280,GASOLINA,23/06/2026,"7,19",,R$ / litro,RAIZEN
NE,SE,ARACAJU,TYRESOLES DE SERGIPE INDUSTRIA COMERCIO E SERVICOS LTDA, 13.007.828/0010-04,AVENIDA GONCALO  ROLLEMBERG LEITE,1721,,LUZIA,49045-280,GASOLINA ADITIVADA,23/06/2026,"7,53",,R$ / litro,RAIZEN
NE,SE,ARACAJU,TYRESOLES DE SERGIPE INDUSTRIA COMERCIO E SERVICOS LTDA, 13.007.828/0010-04,AVENIDA GONCALO  ROLLEMBERG LEITE,1721,,LUZIA,49045-280,ETANOL,23/06/2026,"5,69",,R$ / litro,RAIZEN
NE,SE,ARACAJU,REDE DE POSTOS PRESIDENTE LTDA, 32.864.795/0001-72,AVENIDA COELHO E CAMPOS,1254,,SANTO ANTONIO,49060-000,GNV,23/06/2026,"4,83",,R$ / m³,VIBRA
NE,SE,ARACAJU,REDE DE POSTOS PRESIDENTE LTDA, 32.864.795/0001-72,AVENIDA COELHO E CAMPOS,1254,,SANTO ANTONIO,49060-000,GASOLINA,23/06/2026,"7,19",,R$ / litro,VIBRA
NE,SE,ARACAJU,REDE DE POSTOS PRESIDENTE LTDA, 32.864.795/0001-72,AVENIDA COELHO E CAMPOS,1254,,SANTO ANTONIO,49060-000,GASOLINA ADITIVADA,23/06/2026,"7,39",,R$ / litro,VIBRA
NE,SE,ARACAJU,LIDER COMERCIO DE COMBUSTIVEIS LTDA, 15.591.357/0001-69,PRACA DA BANDEIRA,171,,CENTRO,49055-090,GASOLINA,23/06/2026,"7,12",,R$ / litro,VIBRA
NE,SE,ARACAJU,LIDER COMERCIO DE COMBUSTIVEIS LTDA, 15.591.357/0001-69,PRACA DA BANDEIRA,171,,CENTRO,49055-090,GASOLINA ADITIVADA,23/06/2026,"7,29",,R$ / litro,VIBRA
NE,SE,ARACAJU,LIDER COMERCIO DE COMBUSTIVEIS LTDA, 15.591.357/0001-69,PRACA DA BANDEIRA,171,,CENTRO,49055-090,ETANOL,23/06/2026,"5,50",,R$ / litro,VIBRA
NE,SE,ARACAJU,POSTO ARIBE EIRELI, 15.083.140/0001-48,AVENIDA PROF JOSE O DE L NETO,150,,AMERICA,49080-480,GASOLINA,23/06/2026,"7,12",,R$ / litro,VIBRA
NE,SE,ARACAJU,POSTO ARIBE EIRELI, 15.083.140/0001-48,AVENIDA PROF JOSE O DE L NETO,150,,AMERICA,49080-480,GASOLINA ADITIVADA,23/06/2026,"7,28",,R$ / litro,VIBRA
NE,SE,ARACAJU,LUBRIFICANTES E ACESSÓRIOS LTDA., 13.257.050/0001-09,AVENIDA BEIRA MAR,6,,13 DE JULHO,49020-010,GASOLINA,23/06/2026,"7,12",,R$ / litro,VIBRA
NE,SE,ARACAJU,LUBRIFICANTES E ACESSÓRIOS LTDA., 13.257.050/0001-09,AVENIDA BEIRA MAR,6,,13 DE JULHO,49020-010,GASOLINA ADITIVADA,23/06/2026,"7,12",,R$ / litro,VIBRA
NE,SE,ARACAJU,LUBRIFICANTES E ACESSÓRIOS LTDA., 13.257.050/0001-09,AVENIDA BEIRA MAR,6,,13 DE JULHO,49020-010,ETANOL,23/06/2026,"5,50",,R$ / litro,VIBRA
NE,SE,ARACAJU,COMERCIAL MARIVAN LTDA, 13.179.247/0001-69,AVENIDA ADELIA FRANCO,2234,,LUZIA,49048-010,GASOLINA,23/06/2026,"7,12",,R$ / litro,VIBRA
NE,SE,ARACAJU,COMERCIAL MARIVAN LTDA, 13.179.247/0001-69,AVENIDA ADELIA FRANCO,2234,,LUZIA,49048-010,GASOLINA ADITIVADA,23/06/2026,"7,24",,R$ / litro,VIBRA
NE,SE,ARACAJU,COMERCIAL MARIVAN LTDA, 13.179.247/0001-69,AVENIDA ADELIA FRANCO,2234,,LUZIA,49048-010,ETANOL,23/06/2026,"5,50",,R$ / litro,VIBRA
NE,SE,ARACAJU,J. L. OLIVEIRA & BARROS LTDA, 13.113.477/0004-78,AVENIDA ENGENHEIRO GENTIL TAVARES,381,,GETULIO VARGAS,49055-260,GASOLINA,23/06/2026,"7,19",,R$ / litro,VIBRA
NE,SE,ARACAJU,POSTO CARMOPOLIS LTDA, 13.077.342/0001-51,AVENIDA JOAO RIBEIRO,680,,INDUSTRIAL,49065-310,GNV,23/06/2026,"4,85",,R$ / m³,BRANCA
NE,SE,ARACAJU,POSTO CARMOPOLIS LTDA, 13.077.342/0001-51,AVENIDA JOAO RIBEIRO,680,,INDUSTRIAL,49065-310,GASOLINA,23/06/2026,"7,12",,R$ / litro,BRANCA
NE,SE,ARACAJU,POSTO CARMOPOLIS LTDA, 13.077.342/0001-51,AVENIDA JOAO RIBEIRO,680,,INDUSTRIAL,49065-310,GASOLINA ADITIVADA,23/06/2026,"7,12",,R$ / litro,BRANCA
NE,SE,ARACAJU,POSTO CARMOPOLIS LTDA, 13.077.342/0001-51,AVENIDA JOAO RIBEIRO,680,,INDUSTRIAL,49065-310,DIESEL S10,23/06/2026,"6,87",,R$ / litro,BRANCA
NE,SE,ARACAJU,POSTO CARMOPOLIS LTDA, 13.077.342/0001-51,AVENIDA JOAO RIBEIRO,680,,INDUSTRIAL,49065-310,ETANOL,23/06/2026,"5,50",,R$ / litro,BRANCA
NE,SE,ARACAJU,KLEBER SANTOS BATISTA LTDA, 13.042.882/0001-08,AVENIDA DESEMBARGADOR MAYNARD,770,,CIRURGIA,49055-210,GNV,23/06/2026,"4,83",,R$ / m³,BRANCA
NE,SE,ARACAJU,KLEBER SANTOS BATISTA LTDA, 13.042.882/0001-08,AVENIDA DESEMBARGADOR MAYNARD,770,,CIRURGIA,49055-210,GASOLINA,23/06/2026,"7,12",,R$ / litro,BRANCA
NE,SE,ARACAJU,KLEBER SANTOS BATISTA LTDA, 13.042.882/0001-08,AVENIDA DESEMBARGADOR MAYNARD,770,,CIRURGIA,49055-210,GASOLINA ADITIVADA,23/06/2026,"7,12",,R$ / litro,BRANCA
NE,SE,ARACAJU,KLEBER SANTOS BATISTA LTDA, 13.042.882/0001-08,AVENIDA DESEMBARGADOR MAYNARD,770,,CIRURGIA,49055-210,DIESEL S10,23/06/2026,"6,87",,R$ / litro,BRANCA
NE,SE,ARACAJU,KLEBER SANTOS BATISTA LTDA, 13.042.882/0001-08,AVENIDA DESEMBARGADOR MAYNARD,770,,CIRURGIA,49055-210,ETANOL,23/06/2026,"5,50",,R$ / litro,BRANCA
NE,SE,ARACAJU,L. V. COMERCIO DE COMBUSTIVEIS LTDA, 11.433.769/0001-10,RUA SAO CRISTOVAO,1877,,GETULIO VARGAS,49055-620,GASOLINA,23/06/2026,"7,19",,R$ / litro,RAIZEN
NE,SE,ARACAJU,L. V. COMERCIO DE COMBUSTIVEIS LTDA, 11.433.769/0001-10,RUA SAO CRISTOVAO,1877,,GETULIO VARGAS,49055-620,GASOLINA ADITIVADA,23/06/2026,"7,52",,R$ / litro,RAIZEN
NE,SE,ARACAJU,L. V. COMERCIO DE COMBUSTIVEIS LTDA, 11.433.769/0001-10,RUA SAO CRISTOVAO,1877,,GETULIO VARGAS,49055-620,DIESEL,23/06/2026,"6,98",,R$ / litro,RAIZEN
NE,SE,ARACAJU,L. V. COMERCIO DE COMBUSTIVEIS LTDA, 11.433.769/0001-10,RUA SAO CRISTOVAO,1877,,GETULIO VARGAS,49055-620,ETANOL,23/06/2026,"5,69",,R$ / litro,RAIZEN
NE,SE,ARACAJU,ALPHA COMERCIAL DE COMBUSTIVEIS LTDA, 08.297.710/0008-03,AVENIDA FRANCISCO PORTO,650,LOJA  BR MANIA DELICATESSE,SALGADO FILHO,49020-120,GASOLINA,23/06/2026,"7,19",,R$ / litro,VIBRA
NE,SE,ARACAJU,ALPHA COMERCIAL DE COMBUSTIVEIS LTDA, 08.297.710/0008-03,AVENIDA FRANCISCO PORTO,650,LOJA  BR MANIA DELICATESSE,SALGADO FILHO,49020-120,GASOLINA ADITIVADA,23/06/2026,"7,39",,R$ / litro,VIBRA
NE,SE,ARACAJU,REDE DE POSTOS PRESIDENTE LTDA, 32.864.795/0008-49,AVENIDA MARANHAO,1554,,DEZOITO DO FORTE,49072-000,GASOLINA ADITIVADA,23/06/2026,"7,19",,R$ / litro,VIBRA
NE,SE,ARACAJU,REDE DE POSTOS PRESIDENTE LTDA, 32.864.795/0010-63,RUA LARANJEIRAS,1781,,GETULIO VARGAS,49055-380,GNV,23/06/2026,"4,83",,R$ / m³,VIBRA
NE,SE,ARACAJU,REDE DE POSTOS PRESIDENTE LTDA, 32.864.795/0010-63,RUA LARANJEIRAS,1781,,GETULIO VARGAS,49055-380,GASOLINA,23/06/2026,"7,19",,R$ / litro,VIBRA
NE,SE,ARACAJU,REDE DE POSTOS PRESIDENTE LTDA, 32.864.795/0010-63,RUA LARANJEIRAS,1781,,GETULIO VARGAS,49055-380,GASOLINA ADITIVADA,23/06/2026,"7,39",,R$ / litro,VIBRA
NE,SE,ARACAJU,CWS COMBUSTIVEIS LTDA, 39.283.181/0001-46,AVENIDA GAL EUCLIDES FIGUEIREDO,3583,,PORTO D ANTAS,49067-016,GASOLINA,23/06/2026,"7,12",,R$ / litro,VIBRA
NE,SE,ARACAJU,CWS COMBUSTIVEIS LTDA, 39.283.181/0001-46,AVENIDA GAL EUCLIDES FIGUEIREDO,3583,,PORTO D ANTAS,49067-016,GASOLINA ADITIVADA,23/06/2026,"7,12",,R$ / litro,VIBRA
NE,SE,ARACAJU,REDE DE POSTOS PRESIDENTE LTDA, 32.864.795/0027-01,RUA MARIO MATIOTTE,170,LOTE  01,INDUSTRIAL,49065-415,GNV,25/06/2026,"4,83",,R$ / m³,BRANCA
NE,SE,ARACAJU,REDE DE POSTOS PRESIDENTE LTDA, 32.864.795/0027-01,RUA MARIO MATIOTTE,170,LOTE  01,INDUSTRIAL,49065-415,GASOLINA,25/06/2026,"7,12",,R$ / litro,BRANCA
NE,SE,ARACAJU,REDE DE POSTOS PRESIDENTE LTDA, 32.864.795/0027-01,RUA MARIO MATIOTTE,170,LOTE  01,INDUSTRIAL,49065-415,GASOLINA ADITIVADA,25/06/2026,"7,17",,R$ / litro,BRANCA
NE,SE,ARACAJU,REDE DE POSTOS PRESIDENTE LTDA, 32.864.795/0027-01,RUA MARIO MATIOTTE,170,LOTE  01,INDUSTRIAL,49065-415,ETANOL,25/06/2026,"5,50",,R$ / litro,BRANCA
NE,SE,ARACAJU,VASPETRO COMBUSTIVEL LTDA, 04.979.182/0001-45,AVENIDA BARAO DE MARUIM,552,,CENTRO,49010-340,GASOLINA,30/06/2026,"7,12",,R$ / litro,BRANCA
NE,SE,ARACAJU,VASPETRO COMBUSTIVEL LTDA, 04.979.182/0001-45,AVENIDA BARAO DE MARUIM,552,,CENTRO,49010-340,GASOLINA ADITIVADA,30/06/2026,"7,12",,R$ / litro,BRANCA
NE,SE,ARACAJU,VASPETRO COMBUSTIVEL LTDA, 04.979.182/0001-45,AVENIDA BARAO DE MARUIM,552,,CENTRO,49010-340,ETANOL,30/06/2026,"5,50",,R$ / litro,BRANCA
NE,SE,ARACAJU,GAMA E CIA LTDA, 13.007.752/0002-07,AVENIDA AUGUSTO FRANCO,2990,,PONTO NOVO,49047-040,GASOLINA,29/06/2026,"7,12",,R$ / litro,VIBRA
NE,SE,ARACAJU,GAMA E CIA LTDA, 13.007.752/0002-07,AVENIDA AUGUSTO FRANCO,2990,,PONTO NOVO,49047-040,ETANOL,29/06/2026,"5,50",,R$ / litro,VIBRA
NE,SE,ARACAJU,TYRESOLES DE SERGIPE INDUSTRIA COMERCIO E SERVICOS LTDA, 13.007.828/0010-04,AVENIDA GONCALO  ROLLEMBERG LEITE,1721,,LUZIA,49045-280,GASOLINA,29/06/2026,"7,19",,R$ / litro,RAIZEN
NE,SE,ARACAJU,TYRESOLES DE SERGIPE INDUSTRIA COMERCIO E SERVICOS LTDA, 13.007.828/0010-04,AVENIDA GONCALO  ROLLEMBERG LEITE,1721,,LUZIA,49045-280,GASOLINA ADITIVADA,29/06/2026,"7,53",,R$ / litro,RAIZEN
NE,SE,ARACAJU,TYRESOLES DE SERGIPE INDUSTRIA COMERCIO E SERVICOS LTDA, 13.007.828/0010-04,AVENIDA GONCALO  ROLLEMBERG LEITE,1721,,LUZIA,49045-280,ETANOL,29/06/2026,"5,69",,R$ / litro,RAIZEN
NE,SE,ARACAJU,REDE DE POSTOS PRESIDENTE LTDA, 32.864.795/0001-72,AVENIDA COELHO E CAMPOS,1254,,SANTO ANTONIO,49060-000,GNV,29/06/2026,"4,83",,R$ / m³,VIBRA
NE,SE,ARACAJU,REDE DE POSTOS PRESIDENTE LTDA, 32.864.795/0001-72,AVENIDA COELHO E CAMPOS,1254,,SANTO ANTONIO,49060-000,GASOLINA,29/06/2026,"7,19",,R$ / litro,VIBRA
NE,SE,ARACAJU,REDE DE POSTOS PRESIDENTE LTDA, 32.864.795/0001-72,AVENIDA COELHO E CAMPOS,1254,,SANTO ANTONIO,49060-000,GASOLINA ADITIVADA,29/06/2026,"7,39",,R$ / litro,VIBRA
NE,SE,ARACAJU,LIDER COMERCIO DE COMBUSTIVEIS LTDA, 15.591.357/0001-69,PRACA DA BANDEIRA,171,,CENTRO,49055-090,GASOLINA,30/06/2026,"7,12",,R$ / litro,VIBRA
NE,SE,ARACAJU,LIDER COMERCIO DE COMBUSTIVEIS LTDA, 15.591.357/0001-69,PRACA DA BANDEIRA,171,,CENTRO,49055-090,GASOLINA ADITIVADA,30/06/2026,"7,29",,R$ / litro,VIBRA
NE,SE,ARACAJU,LIDER COMERCIO DE COMBUSTIVEIS LTDA, 15.591.357/0001-69,PRACA DA BANDEIRA,171,,CENTRO,49055-090,ETANOL,30/06/2026,"5,50",,R$ / litro,VIBRA
NE,SE,ARACAJU,POSTO ARIBE EIRELI, 15.083.140/0001-48,AVENIDA PROF JOSE O DE L NETO,150,,AMERICA,49080-480,GASOLINA,29/06/2026,"7,12",,R$ / litro,VIBRA
NE,SE,ARACAJU,POSTO ARIBE EIRELI, 15.083.140/0001-48,AVENIDA PROF JOSE O DE L NETO,150,,AMERICA,49080-480,GASOLINA ADITIVADA,29/06/2026,"7,28",,R$ / litro,VIBRA
NE,SE,ARACAJU,LUBRIFICANTES E ACESSÓRIOS LTDA., 13.257.050/0001-09,AVENIDA BEIRA MAR,6,,13 DE JULHO,49020-010,GASOLINA,29/06/2026,"7,12",,R$ / litro,VIBRA
NE,SE,ARACAJU,LUBRIFICANTES E ACESSÓRIOS LTDA., 13.257.050/0001-09,AVENIDA BEIRA MAR,6,,13 DE JULHO,49020-010,GASOLINA ADITIVADA,29/06/2026,"7,12",,R$ / litro,VIBRA
NE,SE,ARACAJU,LUBRIFICANTES E ACESSÓRIOS LTDA., 13.257.050/0001-09,AVENIDA BEIRA MAR,6,,13 DE JULHO,49020-010,ETANOL,29/06/2026,"5,50",,R$ / litro,VIBRA
NE,SE,ARACAJU,COMERCIAL MARIVAN LTDA, 13.179.247/0001-69,AVENIDA ADELIA FRANCO,2234,,LUZIA,49048-010,GASOLINA,29/06/2026,"7,12",,R$ / litro,VIBRA
NE,SE,ARACAJU,COMERCIAL MARIVAN LTDA, 13.179.247/0001-69,AVENIDA ADELIA FRANCO,2234,,LUZIA,49048-010,GASOLINA ADITIVADA,29/06/2026,"7,24",,R$ / litro,VIBRA
NE,SE,ARACAJU,COMERCIAL MARIVAN LTDA, 13.179.247/0001-69,AVENIDA ADELIA FRANCO,2234,,LUZIA,49048-010,ETANOL,29/06/2026,"5,50",,R$ / litro,VIBRA
NE,SE,ARACAJU,J. L. OLIVEIRA & BARROS LTDA, 13.113.477/0004-78,AVENIDA ENGENHEIRO GENTIL TAVARES,381,,GETULIO VARGAS,49055-260,GASOLINA,30/06/2026,"7,19",,R$ / litro,VIBRA
NE,SE,ARACAJU,J. L. OLIVEIRA & BARROS LTDA, 13.113.477/0004-78,AVENIDA ENGENHEIRO GENTIL TAVARES,381,,GETULIO VARGAS,49055-260,DIESEL S10,30/06/2026,"7,29",,R$ / litro,VIBRA
NE,SE,ARACAJU,POSTO CARMOPOLIS LTDA, 13.077.342/0001-51,AVENIDA JOAO RIBEIRO,680,,INDUSTRIAL,49065-310,GASOLINA,30/06/2026,"7,12",,R$ / litro,BRANCA
NE,SE,ARACAJU,POSTO CARMOPOLIS LTDA, 13.077.342/0001-51,AVENIDA JOAO RIBEIRO,680,,INDUSTRIAL,49065-310,GASOLINA ADITIVADA,30/06/2026,"7,12",,R$ / litro,BRANCA
NE,SE,ARACAJU,POSTO CARMOPOLIS LTDA, 13.077.342/0001-51,AVENIDA JOAO RIBEIRO,680,,INDUSTRIAL,49065-310,DIESEL S10,30/06/2026,"6,87",,R$ / litro,BRANCA
NE,SE,ARACAJU,POSTO CARMOPOLIS LTDA, 13.077.342/0001-51,AVENIDA JOAO RIBEIRO,680,,INDUSTRIAL,49065-310,ETANOL,30/06/2026,"5,50",,R$ / litro,BRANCA
NE,SE,ARACAJU,KLEBER SANTOS BATISTA LTDA, 13.042.882/0001-08,AVENIDA DESEMBARGADOR MAYNARD,770,,CIRURGIA,49055-210,GNV,30/06/2026,"4,83",,R$ / m³,BRANCA
NE,SE,ARACAJU,KLEBER SANTOS BATISTA LTDA, 13.042.882/0001-08,AVENIDA DESEMBARGADOR MAYNARD,770,,CIRURGIA,49055-210,GASOLINA,30/06/2026,"7,12",,R$ / litro,BRANCA
NE,SE,ARACAJU,KLEBER SANTOS BATISTA LTDA, 13.042.882/0001-08,AVENIDA DESEMBARGADOR MAYNARD,770,,CIRURGIA,49055-210,GASOLINA ADITIVADA,30/06/2026,"7,12",,R$ / litro,BRANCA
NE,SE,ARACAJU,KLEBER SANTOS BATISTA LTDA, 13.042.882/0001-08,AVENIDA DESEMBARGADOR MAYNARD,770,,CIRURGIA,49055-210,DIESEL S10,30/06/2026,"6,87",,R$ / litro,BRANCA
NE,SE,ARACAJU,KLEBER SANTOS BATISTA LTDA, 13.042.882/0001-08,AVENIDA DESEMBARGADOR MAYNARD,770,,CIRURGIA,49055-210,ETANOL,30/06/2026,"5,50",,R$ / litro,BRANCA
NE,SE,ARACAJU,L. V. COMERCIO DE COMBUSTIVEIS LTDA, 11.433.769/0001-10,RUA SAO CRISTOVAO,1877,,GETULIO VARGAS,49055-620,GASOLINA,30/06/2026,"7,19",,R$ / litro,RAIZEN
NE,SE,ARACAJU,L. V. COMERCIO DE COMBUSTIVEIS LTDA, 11.433.769/0001-10,RUA SAO CRISTOVAO,1877,,GETULIO VARGAS,49055-620,GASOLINA ADITIVADA,30/06/2026,"7,52",,R$ / litro,RAIZEN
NE,SE,ARACAJU,L. V. COMERCIO DE COMBUSTIVEIS LTDA, 11.433.769/0001-10,RUA SAO CRISTOVAO,1877,,GETULIO VARGAS,49055-620,DIESEL,30/06/2026,"6,87",,R$ / litro,RAIZEN
NE,SE,ARACAJU,L. V. COMERCIO DE COMBUSTIVEIS LTDA, 11.433.769/0001-10,RUA SAO CRISTOVAO,1877,,GETULIO VARGAS,49055-620,ETANOL,30/06/2026,"5,69",,R$ / litro,RAIZEN
NE,SE,ARACAJU,ALPHA COMERCIAL DE COMBUSTIVEIS LTDA, 08.297.710/0008-03,AVENIDA FRANCISCO PORTO,650,LOJA  BR MANIA DELICATESSE,SALGADO FILHO,49020-120,GASOLINA,29/06/2026,"7,19",,R$ / litro,VIBRA
NE,SE,ARACAJU,ALPHA COMERCIAL DE COMBUSTIVEIS LTDA, 08.297.710/0008-03,AVENIDA FRANCISCO PORTO,650,LOJA  BR MANIA DELICATESSE,SALGADO FILHO,49020-120,GASOLINA ADITIVADA,29/06/2026,"7,39",,R$ / litro,VIBRA
NE,SE,ARACAJU,REDE DE POSTOS PRESIDENTE LTDA, 32.864.795/0008-49,AVENIDA MARANHAO,1554,,DEZOITO DO FORTE,49072-000,GASOLINA ADITIVADA,29/06/2026,"7,19",,R$ / litro,VIBRA
NE,SE,ARACAJU,REDE DE POSTOS PRESIDENTE LTDA, 32.864.795/0010-63,RUA LARANJEIRAS,1781,,GETULIO VARGAS,49055-380,GNV,30/06/2026,"4,83",,R$ / m³,VIBRA
NE,SE,ARACAJU,REDE DE POSTOS PRESIDENTE LTDA, 32.864.795/0010-63,RUA LARANJEIRAS,1781,,GETULIO VARGAS,49055-380,GASOLINA,30/06/2026,"7,19",,R$ / litro,VIBRA
NE,SE,ARACAJU,REDE DE POSTOS PRESIDENTE LTDA, 32.864.795/0010-63,RUA LARANJEIRAS,1781,,GETULIO VARGAS,49055-380,GASOLINA ADITIVADA,30/06/2026,"7,39",,R$ / litro,VIBRA
NE,SE,ARACAJU,CWS COMBUSTIVEIS LTDA, 39.283.181/0001-46,AVENIDA GAL EUCLIDES FIGUEIREDO,3583,,PORTO D ANTAS,49067-016,GASOLINA,29/06/2026,"7,12",,R$ / litro,VIBRA
NE,SE,ARACAJU,CWS COMBUSTIVEIS LTDA, 39.283.181/0001-46,AVENIDA GAL EUCLIDES FIGUEIREDO,3583,,PORTO D ANTAS,49067-016,GASOLINA ADITIVADA,29/06/2026,"7,12",,R$ / litro,VIBRA
NE,SE,ARACAJU,REDE DE POSTOS PRESIDENTE LTDA, 32.864.795/0027-01,RUA MARIO MATIOTTE,170,LOTE  01,INDUSTRIAL,49065-415,GNV,30/06/2026,"4,83",,R$ / m³,BRANCA
NE,SE,ARACAJU,REDE DE POSTOS PRESIDENTE LTDA, 32.864.795/0027-01,RUA MARIO MATIOTTE,170,LOTE  01,INDUSTRIAL,49065-415,GASOLINA,30/06/2026,"7,12",,R$ / litro,BRANCA
NE,SE,ARACAJU,REDE DE POSTOS PRESIDENTE LTDA, 32.864.795/0027-01,RUA MARIO MATIOTTE,170,LOTE  01,INDUSTRIAL,49065-415,GASOLINA ADITIVADA,30/06/2026,"7,17",,R$ / litro,BRANCA
NE,SE,ARACAJU,REDE DE POSTOS PRESIDENTE LTDA, 32.864.795/0027-01,RUA MARIO MATIOTTE,170,LOTE  01,INDUSTRIAL,49065-415,ETANOL,30/06/2026,"5,50",,R$ / litro,BRANCA
