Revenda;CNPJ da Revenda;Bairro;Produto;Data da Coleta;Valor de Venda;Bandeira;preco_anterior;variacao_absoluta;variacao_percentual;media_historica_posto;mediana_historica_posto;diff_historico_posto;mediana_municipal;diff_mediana_municipal;diff_mediana_municipal_percentual;total_registros_serie;poucos_registros
AUTO POSTO MAR AZUL LTDA;04701795000116;SOLEDADE;DIESEL S10;09/07/2024;6,16;RAIZEN;;;;;;;6,16;0,0;0,0;17;False
AUTO POSTO MAR AZUL LTDA;04701795000116;SOLEDADE;DIESEL S10;16/07/2024;6,16;RAIZEN;6,16;0,0;0,0;6,16;6,16;0,0;6,16;0,0;0,0;17;False
AUTO POSTO MAR AZUL LTDA;04701795000116;SOLEDADE;DIESEL S10;22/07/2024;6,16;RAIZEN;6,16;0,0;0,0;6,16;6,16;0,0;5,8;0,3600000000000003;6,206896551724143;17;False
AUTO POSTO MAR AZUL LTDA;04701795000116;SOLEDADE;DIESEL S10;29/07/2024;6,26;RAIZEN;6,16;0,09999999999999964;1,6233766233766176;6,16;6,16;0,09999999999999964;6,029999999999999;0,23000000000000043;3,8142620232172546;17;False
AUTO POSTO MAR AZUL LTDA;04701795000116;SOLEDADE;DIESEL S10;06/08/2024;6,26;RAIZEN;6,26;0,0;0,0;6,1850000000000005;6,16;0,09999999999999964;6,275;-0,015000000000000568;-0,23904382470120428;17;False
AUTO POSTO MAR AZUL LTDA;04701795000116;SOLEDADE;DIESEL S10;12/08/2024;6,26;RAIZEN;6,26;0,0;0,0;6,2;6,16;0,09999999999999964;6,275;-0,015000000000000568;-0,23904382470120428;17;False
AUTO POSTO MAR AZUL LTDA;04701795000116;SOLEDADE;DIESEL S10;19/08/2024;6,26;RAIZEN;6,26;0,0;0,0;6,21;6,21;0,04999999999999982;6,275;-0,015000000000000568;-0,23904382470120428;17;False
AUTO POSTO MAR AZUL LTDA;04701795000116;SOLEDADE;DIESEL S10;26/08/2024;6,26;RAIZEN;6,26;0,0;0,0;6,217142857142856;6,26;0,0;6,275;-0,015000000000000568;-0,23904382470120428;17;False
AUTO POSTO MAR AZUL LTDA;04701795000116;SOLEDADE;DIESEL S10;03/09/2024;6,26;RAIZEN;6,26;0,0;0,0;6,2225;6,26;0,0;6,275;-0,015000000000000568;-0,23904382470120428;17;False
AUTO POSTO MAR AZUL LTDA;04701795000116;SOLEDADE;DIESEL S10;09/09/2024;6,26;RAIZEN;6,26;0,0;0,0;6,226666666666667;6,26;0,0;6,275;-0,015000000000000568;-0,23904382470120428;17;False
AUTO POSTO MAR AZUL LTDA;04701795000116;SOLEDADE;DIESEL S10;17/09/2024;6,26;RAIZEN;6,26;0,0;0,0;6,2299999999999995;6,26;0,0;6,08;0,17999999999999972;2,960526315789469;17;False
AUTO POSTO MAR AZUL LTDA;04701795000116;SOLEDADE;DIESEL S10;24/09/2024;6,26;RAIZEN;6,26;0,0;0,0;6,232727272727273;6,26;0,0;6,08;0,17999999999999972;2,960526315789469;17;False
AUTO POSTO MAR AZUL LTDA;04701795000116;SOLEDADE;DIESEL S10;30/09/2024;6,26;RAIZEN;6,26;0,0;0,0;6,234999999999999;6,26;0,0;6,08;0,17999999999999972;2,960526315789469;17;False
AUTO POSTO MAR AZUL LTDA;04701795000116;SOLEDADE;DIESEL S10;07/10/2024;6,22;RAIZEN;6,26;-0,040000000000000036;-0,6389776357827481;6,236923076923077;6,26;-0,040000000000000036;6,08;0,13999999999999968;2,3026315789473633;17;False
AUTO POSTO MAR AZUL LTDA;04701795000116;SOLEDADE;DIESEL S10;15/10/2024;6,22;RAIZEN;6,22;0,0;0,0;6,235714285714286;6,26;-0,040000000000000036;6,08;0,13999999999999968;2,3026315789473633;17;False
AUTO POSTO MAR AZUL LTDA;04701795000116;SOLEDADE;DIESEL S10;21/10/2024;6,19;RAIZEN;6,22;-0,02999999999999936;-0,48231511254018267;6,234666666666667;6,26;-0,0699999999999994;5,970000000000001;0,21999999999999975;3,685092127303178;17;False
AUTO POSTO MAR AZUL LTDA;04701795000116;SOLEDADE;DIESEL S10;28/10/2024;6,19;RAIZEN;6,19;0,0;0,0;6,231875;6,26;-0,0699999999999994;5,95;0,2400000000000002;4,033613445378155;17;False
AUTO POSTO MAR AZUL LTDA;04701795000116;SOLEDADE;ETANOL;09/07/2024;4,82;RAIZEN;;;;;;;4,8100000000000005;0,009999999999999787;0,20790020790020344;17;False
AUTO POSTO MAR AZUL LTDA;04701795000116;SOLEDADE;ETANOL;16/07/2024;4,82;RAIZEN;4,82;0,0;0,0;4,82;4,82;0,0;4,82;0,0;0,0;17;False
AUTO POSTO MAR AZUL LTDA;04701795000116;SOLEDADE;ETANOL;22/07/2024;4,82;RAIZEN;4,82;0,0;0,0;4,82;4,82;0,0;4,8;0,020000000000000462;0,4166666666666763;17;False
AUTO POSTO MAR AZUL LTDA;04701795000116;SOLEDADE;ETANOL;29/07/2024;4,89;RAIZEN;4,82;0,0699999999999994;1,4522821576763358;4,82;4,82;0,0699999999999994;4,89;0,0;0,0;17;False
AUTO POSTO MAR AZUL LTDA;04701795000116;SOLEDADE;ETANOL;06/08/2024;4,89;RAIZEN;4,89;0,0;0,0;4,8375;4,82;0,0699999999999994;4,89;0,0;0,0;17;False
AUTO POSTO MAR AZUL LTDA;04701795000116;SOLEDADE;ETANOL;12/08/2024;4,89;RAIZEN;4,89;0,0;0,0;4,848000000000001;4,82;0,0699999999999994;4,89;0,0;0,0;17;False
AUTO POSTO MAR AZUL LTDA;04701795000116;SOLEDADE;ETANOL;19/08/2024;4,89;RAIZEN;4,89;0,0;0,0;4,8549999999999995;4,855;0,034999999999999254;4,89;0,0;0,0;17;False
AUTO POSTO MAR AZUL LTDA;04701795000116;SOLEDADE;ETANOL;26/08/2024;4,89;RAIZEN;4,89;0,0;0,0;4,859999999999999;4,89;0,0;4,89;0,0;0,0;17;False
AUTO POSTO MAR AZUL LTDA;04701795000116;SOLEDADE;ETANOL;03/09/2024;4,89;RAIZEN;4,89;0,0;0,0;4,86375;4,89;0,0;4,89;0,0;0,0;17;False
AUTO POSTO MAR AZUL LTDA;04701795000116;SOLEDADE;ETANOL;09/09/2024;4,89;RAIZEN;4,89;0,0;0,0;4,866666666666666;4,89;0,0;4,89;0,0;0,0;17;False
AUTO POSTO MAR AZUL LTDA;04701795000116;SOLEDADE;ETANOL;17/09/2024;4,89;RAIZEN;4,89;0,0;0,0;4,869;4,89;0,0;4,79;0,09999999999999964;2,087682672233813;17;False
AUTO POSTO MAR AZUL LTDA;04701795000116;SOLEDADE;ETANOL;24/09/2024;4,89;RAIZEN;4,89;0,0;0,0;4,870909090909091;4,89;0,0;4,75;0,13999999999999968;2,9473684210526248;17;False
AUTO POSTO MAR AZUL LTDA;04701795000116;SOLEDADE;ETANOL;30/09/2024;4,89;RAIZEN;4,89;0,0;0,0;4,8725;4,89;0,0;4,75;0,13999999999999968;2,9473684210526248;17;False
AUTO POSTO MAR AZUL LTDA;04701795000116;SOLEDADE;ETANOL;07/10/2024;4,89;RAIZEN;4,89;0,0;0,0;4,873846153846154;4,89;0,0;4,59;0,2999999999999998;6,535947712418297;17;False
AUTO POSTO MAR AZUL LTDA;04701795000116;SOLEDADE;ETANOL;15/10/2024;4,89;RAIZEN;4,89;0,0;0,0;4,875;4,89;0,0;4,5600000000000005;0,3299999999999992;7,236842105263139;17;False
AUTO POSTO MAR AZUL LTDA;04701795000116;SOLEDADE;ETANOL;21/10/2024;4,69;RAIZEN;4,89;-0,1999999999999993;-4,089979550102235;4,876;4,89;-0,1999999999999993;4,49;0,20000000000000018;4,454342984409803;17;False
AUTO POSTO MAR AZUL LTDA;04701795000116;SOLEDADE;ETANOL;28/10/2024;4,59;RAIZEN;4,69;-0,10000000000000053;-2,1321961620469194;4,864375;4,89;-0,2999999999999998;4,39;0,20000000000000018;4,555808656036451;17;False
AUTO POSTO MAR AZUL LTDA;04701795000116;SOLEDADE;GASOLINA;09/07/2024;6,32;RAIZEN;;;;;;;6,3100000000000005;0,009999999999999787;0,1584786053882692;17;False
AUTO POSTO MAR AZUL LTDA;04701795000116;SOLEDADE;GASOLINA;16/07/2024;6,32;RAIZEN;6,32;0,0;0,0;6,32;6,32;0,0;6,32;0,0;0,0;17;False
AUTO POSTO MAR AZUL LTDA;04701795000116;SOLEDADE;GASOLINA;22/07/2024;6,32;RAIZEN;6,32;0,0;0,0;6,32;6,32;0,0;6,32;0,0;0,0;17;False
AUTO POSTO MAR AZUL LTDA;04701795000116;SOLEDADE;GASOLINA;29/07/2024;6,5;RAIZEN;6,32;0,17999999999999972;2,84810126582278;6,32;6,32;0,17999999999999972;6,51;-0,009999999999999787;-0,1536098310291826;17;False
AUTO POSTO MAR AZUL LTDA;04701795000116;SOLEDADE;GASOLINA;06/08/2024;6,5;RAIZEN;6,5;0,0;0,0;6,365;6,32;0,17999999999999972;6,49;0,009999999999999787;0,15408320493065927;17;False
AUTO POSTO MAR AZUL LTDA;04701795000116;SOLEDADE;GASOLINA;12/08/2024;6,44;RAIZEN;6,5;-0,05999999999999961;-0,9230769230769171;6,392;6,32;0,1200000000000001;6,47;-0,02999999999999936;-0,46367851622873824;17;False
AUTO POSTO MAR AZUL LTDA;04701795000116;SOLEDADE;GASOLINA;19/08/2024;6,44;RAIZEN;6,44;0,0;0,0;6,3999999999999995;6,380000000000001;0,05999999999999961;6,47;-0,02999999999999936;-0,46367851622873824;17;False
AUTO POSTO MAR AZUL LTDA;04701795000116;SOLEDADE;GASOLINA;26/08/2024;6,44;RAIZEN;6,44;0,0;0,0;6,405714285714287;6,44;0,0;6,47;-0,02999999999999936;-0,46367851622873824;17;False
AUTO POSTO MAR AZUL LTDA;04701795000116;SOLEDADE;GASOLINA;03/09/2024;6,44;RAIZEN;6,44;0,0;0,0;6,41;6,44;0,0;6,47;-0,02999999999999936;-0,46367851622873824;17;False
AUTO POSTO MAR AZUL LTDA;04701795000116;SOLEDADE;GASOLINA;09/09/2024;6,44;RAIZEN;6,44;0,0;0,0;6,413333333333333;6,44;0,0;6,47;-0,02999999999999936;-0,46367851622873824;17;False
AUTO POSTO MAR AZUL LTDA;04701795000116;SOLEDADE;GASOLINA;17/09/2024;6,25;RAIZEN;6,44;-0,1900000000000004;-2,9503105590062173;6,4159999999999995;6,44;-0,1900000000000004;6,27;-0,019999999999999574;-0,31897926634768065;17;False
AUTO POSTO MAR AZUL LTDA;04701795000116;SOLEDADE;GASOLINA;24/09/2024;6,24;RAIZEN;6,25;-0,009999999999999787;-0,1599999999999966;6,40090909090909;6,44;-0,20000000000000018;6,27;-0,02999999999999936;-0,47846889952152094;17;False
AUTO POSTO MAR AZUL LTDA;04701795000116;SOLEDADE;GASOLINA;30/09/2024;6,24;RAIZEN;6,24;0,0;0,0;6,3875;6,44;-0,20000000000000018;6,27;-0,02999999999999936;-0,47846889952152094;17;False
AUTO POSTO MAR AZUL LTDA;04701795000116;SOLEDADE;GASOLINA;07/10/2024;6,22;RAIZEN;6,24;-0,020000000000000462;-0,3205128205128279;6,376153846153846;6,44;-0,22000000000000064;6,27;-0,04999999999999982;-0,7974481658692156;17;False
AUTO POSTO MAR AZUL LTDA;04701795000116;SOLEDADE;GASOLINA;15/10/2024;6,22;RAIZEN;6,22;0,0;0,0;6,365;6,380000000000001;-0,16000000000000103;6,22;0,0;0,0;17;False
AUTO POSTO MAR AZUL LTDA;04701795000116;SOLEDADE;GASOLINA;21/10/2024;5,95;RAIZEN;6,22;-0,2699999999999996;-4,34083601286173;6,355333333333333;6,32;-0,3700000000000001;5,95;0,0;0,0;17;False
AUTO POSTO MAR AZUL LTDA;04701795000116;SOLEDADE;GASOLINA;28/10/2024;5,92;RAIZEN;5,95;-0,03000000000000025;-0,5042016806722731;6,33;6,32;-0,40000000000000036;5,92;0,0;0,0;17;False
AUTO POSTO MAR AZUL LTDA;04701795000116;SOLEDADE;GASOLINA ADITIVADA;09/07/2024;6,49;RAIZEN;;;;;;;6,335;0,15500000000000025;2,446724546172064;17;False
AUTO POSTO MAR AZUL LTDA;04701795000116;SOLEDADE;GASOLINA ADITIVADA;16/07/2024;6,49;RAIZEN;6,49;0,0;0,0;6,49;6,49;0,0;6,37;0,1200000000000001;1,8838304552590284;17;False
AUTO POSTO MAR AZUL LTDA;04701795000116;SOLEDADE;GASOLINA ADITIVADA;22/07/2024;6,49;RAIZEN;6,49;0,0;0,0;6,49;6,49;0,0;6,335;0,15500000000000025;2,446724546172064;17;False
AUTO POSTO MAR AZUL LTDA;04701795000116;SOLEDADE;GASOLINA ADITIVADA;29/07/2024;6,67;RAIZEN;6,49;0,17999999999999972;2,7734976887519216;6,49;6,49;0,17999999999999972;6,53;0,13999999999999968;2,1439509954058145;17;False
AUTO POSTO MAR AZUL LTDA;04701795000116;SOLEDADE;GASOLINA ADITIVADA;06/08/2024;6,67;RAIZEN;6,67;0,0;0,0;6,535;6,49;0,17999999999999972;6,5600000000000005;0,10999999999999943;1,676829268292674;17;False
AUTO POSTO MAR AZUL LTDA;04701795000116;SOLEDADE;GASOLINA ADITIVADA;12/08/2024;6,61;RAIZEN;6,67;-0,05999999999999961;-0,8995502248875504;6,562;6,49;0,1200000000000001;6,535;0,07500000000000018;1,147666411629689;17;False
AUTO POSTO MAR AZUL LTDA;04701795000116;SOLEDADE;GASOLINA ADITIVADA;19/08/2024;6,61;RAIZEN;6,61;0,0;0,0;6,57;6,550000000000001;0,05999999999999961;6,52;0,09000000000000075;1,3803680981595208;17;False
AUTO POSTO MAR AZUL LTDA;04701795000116;SOLEDADE;GASOLINA ADITIVADA;26/08/2024;6,61;RAIZEN;6,61;0,0;0,0;6,575714285714286;6,61;0,0;6,52;0,09000000000000075;1,3803680981595208;17;False
AUTO POSTO MAR AZUL LTDA;04701795000116;SOLEDADE;GASOLINA ADITIVADA;03/09/2024;6,61;RAIZEN;6,61;0,0;0,0;6,58;6,61;0,0;6,52;0,09000000000000075;1,3803680981595208;17;False
AUTO POSTO MAR AZUL LTDA;04701795000116;SOLEDADE;GASOLINA ADITIVADA;09/09/2024;6,61;RAIZEN;6,61;0,0;0,0;6,583333333333333;6,61;0,0;6,52;0,09000000000000075;1,3803680981595208;17;False
AUTO POSTO MAR AZUL LTDA;04701795000116;SOLEDADE;GASOLINA ADITIVADA;17/09/2024;6,43;RAIZEN;6,61;-0,1800000000000006;-2,723146747352505;6,586;6,61;-0,1800000000000006;6,32;0,10999999999999943;1,740506329113915;17;False
AUTO POSTO MAR AZUL LTDA;04701795000116;SOLEDADE;GASOLINA ADITIVADA;24/09/2024;6,42;RAIZEN;6,43;-0,009999999999999787;-0,15552099533436683;6,571818181818182;6,61;-0,1900000000000004;6,324999999999999;0,09500000000000064;1,5019762845849904;17;False
AUTO POSTO MAR AZUL LTDA;04701795000116;SOLEDADE;GASOLINA ADITIVADA;30/09/2024;6,42;RAIZEN;6,42;0,0;0,0;6,559166666666667;6,61;-0,1900000000000004;6,324999999999999;0,09500000000000064;1,5019762845849904;17;False
AUTO POSTO MAR AZUL LTDA;04701795000116;SOLEDADE;GASOLINA ADITIVADA;07/10/2024;6,39;RAIZEN;6,42;-0,03000000000000025;-0,4672897196261721;6,548461538461538;6,61;-0,22000000000000064;6,324999999999999;0,06500000000000039;1,0276679841897296;17;False
AUTO POSTO MAR AZUL LTDA;04701795000116;SOLEDADE;GASOLINA ADITIVADA;15/10/2024;6,39;RAIZEN;6,39;0,0;0,0;6,5371428571428565;6,550000000000001;-0,16000000000000103;6,27;0,1200000000000001;1,913875598086126;17;False
AUTO POSTO MAR AZUL LTDA;04701795000116;SOLEDADE;GASOLINA ADITIVADA;21/10/2024;6,13;RAIZEN;6,39;-0,2599999999999998;-4,068857589984347;6,527333333333333;6,49;-0,3600000000000003;5,99;0,13999999999999968;2,3372287145242017;17;False
AUTO POSTO MAR AZUL LTDA;04701795000116;SOLEDADE;GASOLINA ADITIVADA;28/10/2024;6,1;RAIZEN;6,13;-0,03000000000000025;-0,48939641109298937;6,5025;6,49;-0,39000000000000057;5,99;0,10999999999999943;1,8363939899832962;17;False
VASPETRO COMBUSTIVEL LTDA;04979182000145;CENTRO;DIESEL S10;09/03/2026;6,59;BRANCA;;;;;;;6,5;0,08999999999999986;1,3846153846153824;1;True
VASPETRO COMBUSTIVEL LTDA;04979182000145;CENTRO;ETANOL;09/07/2024;4,8;VIBRA;;;;;;;4,8100000000000005;-0,010000000000000675;-0,20790020790022193;66;False
VASPETRO COMBUSTIVEL LTDA;04979182000145;CENTRO;ETANOL;16/07/2024;4,8;VIBRA;4,8;0,0;0,0;4,8;4,8;0,0;4,82;-0,020000000000000462;-0,4149377593361091;66;False
VASPETRO COMBUSTIVEL LTDA;04979182000145;CENTRO;ETANOL;22/07/2024;4,8;VIBRA;4,8;0,0;0,0;4,8;4,8;0,0;4,8;0,0;0,0;66;False
VASPETRO COMBUSTIVEL LTDA;04979182000145;CENTRO;ETANOL;29/07/2024;4,99;VIBRA;4,8;0,1900000000000004;3,9583333333333415;4,8;4,8;0,1900000000000004;4,89;0,10000000000000053;2,0449897750511354;66;False
VASPETRO COMBUSTIVEL LTDA;04979182000145;CENTRO;ETANOL;06/08/2024;4,99;VIBRA;4,99;0,0;0,0;4,8475;4,8;0,1900000000000004;4,89;0,10000000000000053;2,0449897750511354;66;False
VASPETRO COMBUSTIVEL LTDA;04979182000145;CENTRO;ETANOL;12/08/2024;4,99;VIBRA;4,99;0,0;0,0;4,8759999999999994;4,8;0,1900000000000004;4,89;0,10000000000000053;2,0449897750511354;66;False
VASPETRO COMBUSTIVEL LTDA;04979182000145;CENTRO;ETANOL;19/08/2024;4,99;VIBRA;4,99;0,0;0,0;4,8950000000000005;4,895;0,09500000000000064;4,89;0,10000000000000053;2,0449897750511354;66;False
VASPETRO COMBUSTIVEL LTDA;04979182000145;CENTRO;ETANOL;26/08/2024;4,99;VIBRA;4,99;0,0;0,0;4,908571428571428;4,99;0,0;4,89;0,10000000000000053;2,0449897750511354;66;False
VASPETRO COMBUSTIVEL LTDA;04979182000145;CENTRO;ETANOL;03/09/2024;4,99;VIBRA;4,99;0,0;0,0;4,91875;4,99;0,0;4,89;0,10000000000000053;2,0449897750511354;66;False
VASPETRO COMBUSTIVEL LTDA;04979182000145;CENTRO;ETANOL;09/09/2024;4,99;VIBRA;4,99;0,0;0,0;4,926666666666667;4,99;0,0;4,89;0,10000000000000053;2,0449897750511354;66;False
VASPETRO COMBUSTIVEL LTDA;04979182000145;CENTRO;ETANOL;24/09/2024;4,99;VIBRA;4,99;0,0;0,0;4,933;4,99;0,0;4,75;0,2400000000000002;5,0526315789473735;66;False
VASPETRO COMBUSTIVEL LTDA;04979182000145;CENTRO;ETANOL;30/09/2024;4,99;VIBRA;4,99;0,0;0,0;4,9381818181818184;4,99;0,0;4,75;0,2400000000000002;5,0526315789473735;66;False
VASPETRO COMBUSTIVEL LTDA;04979182000145;CENTRO;ETANOL;07/10/2024;4,79;VIBRA;4,99;-0,20000000000000018;-4,008016032064131;4,9425;4,99;-0,20000000000000018;4,59;0,20000000000000018;4,357298474945537;66;False
VASPETRO COMBUSTIVEL LTDA;04979182000145;CENTRO;ETANOL;15/10/2024;4,49;VIBRA;4,79;-0,2999999999999998;-6,2630480167014575;4,93076923076923;4,99;-0,5;4,5600000000000005;-0,07000000000000028;-1,5350877192982515;66;False
VASPETRO COMBUSTIVEL LTDA;04979182000145;CENTRO;ETANOL;21/10/2024;4,49;VIBRA;4,49;0,0;0,0;4,899285714285715;4,99;-0,5;4,49;0,0;0,0;66;False
VASPETRO COMBUSTIVEL LTDA;04979182000145;CENTRO;ETANOL;28/10/2024;4,49;VIBRA;4,49;0,0;0,0;4,872;4,99;-0,5;4,39;0,10000000000000053;2,2779043280182356;66;False
VASPETRO COMBUSTIVEL LTDA;04979182000145;CENTRO;ETANOL;04/11/2024;4,49;VIBRA;4,49;0,0;0,0;4,8481250000000005;4,99;-0,5;4,39;0,10000000000000053;2,2779043280182356;66;False
VASPETRO COMBUSTIVEL LTDA;04979182000145;CENTRO;ETANOL;11/11/2024;4,49;VIBRA;4,49;0,0;0,0;4,827058823529412;4,99;-0,5;4,39;0,10000000000000053;2,2779043280182356;66;False
VASPETRO COMBUSTIVEL LTDA;04979182000145;CENTRO;ETANOL;18/11/2024;4,59;VIBRA;4,49;0,09999999999999964;2,2271714922048917;4,808333333333334;4,895;-0,3049999999999997;4,39;0,20000000000000018;4,555808656036451;66;False
VASPETRO COMBUSTIVEL LTDA;04979182000145;CENTRO;ETANOL;25/11/2024;4,59;VIBRA;4,59;0,0;0,0;4,796842105263158;4,8;-0,20999999999999996;4,39;0,20000000000000018;4,555808656036451;66;False
VASPETRO COMBUSTIVEL LTDA;04979182000145;CENTRO;ETANOL;03/12/2024;4,59;VIBRA;4,59;0,0;0,0;4,7865;4,8;-0,20999999999999996;4,295;0,29499999999999993;6,868451688009311;66;False
VASPETRO COMBUSTIVEL LTDA;04979182000145;CENTRO;ETANOL;09/12/2024;4,59;BRANCA;4,59;0,0;0,0;4,777142857142858;4,8;-0,20999999999999996;4,295;0,29499999999999993;6,868451688009311;66;False
VASPETRO COMBUSTIVEL LTDA;04979182000145;CENTRO;ETANOL;16/12/2024;4,29;BRANCA;4,59;-0,2999999999999998;-6,535947712418297;4,768636363636364;4,8;-0,5099999999999998;4,29;0,0;0,0;66;False
VASPETRO COMBUSTIVEL LTDA;04979182000145;CENTRO;ETANOL;23/12/2024;4,29;BRANCA;4,29;0,0;0,0;4,747826086956522;4,8;-0,5099999999999998;4,29;0,0;0,0;66;False
VASPETRO COMBUSTIVEL LTDA;04979182000145;CENTRO;ETANOL;30/12/2024;4,29;BRANCA;4,29;0,0;0,0;4,728750000000001;4,795;-0,5049999999999999;4,29;0,0;0,0;66;False
VASPETRO COMBUSTIVEL LTDA;04979182000145;CENTRO;ETANOL;06/01/2025;4,29;BRANCA;4,29;0,0;0,0;4,7112;4,79;-0,5;4,295;-0,004999999999999893;-0,11641443538998589;66;False
VASPETRO COMBUSTIVEL LTDA;04979182000145;CENTRO;ETANOL;13/01/2025;4,49;BRANCA;4,29;0,20000000000000018;4,662004662004666;4,695;4,6899999999999995;-0,1999999999999993;4,59;-0,09999999999999964;-2,1786492374727593;66;False
VASPETRO COMBUSTIVEL LTDA;04979182000145;CENTRO;ETANOL;20/01/2025;4,69;BRANCA;4,49;0,20000000000000018;4,454342984409803;4,687407407407408;4,59;0,10000000000000053;4,625;0,06500000000000039;1,4054054054054137;66;False
VASPETRO COMBUSTIVEL LTDA;04979182000145;CENTRO;ETANOL;28/01/2025;4,79;BRANCA;4,69;0,09999999999999964;2,1321961620469008;4,6875;4,640000000000001;0,14999999999999947;4,66;0,1299999999999999;2,7896995708154484;66;False
VASPETRO COMBUSTIVEL LTDA;04979182000145;CENTRO;ETANOL;03/02/2025;4,79;BRANCA;4,79;0,0;0,0;4,691034482758621;4,69;0,09999999999999964;4,74;0,04999999999999982;1,0548523206751017;66;False
VASPETRO COMBUSTIVEL LTDA;04979182000145;CENTRO;ETANOL;11/02/2025;4,89;BRANCA;4,79;0,09999999999999964;2,087682672233813;4,694333333333334;4,74;0,14999999999999947;4,845;0,04499999999999993;0,9287925696594413;66;False
VASPETRO COMBUSTIVEL LTDA;04979182000145;CENTRO;ETANOL;18/02/2025;4,89;BRANCA;4,89;0,0;0,0;4,700645161290322;4,79;0,09999999999999964;4,89;0,0;0,0;66;False
VASPETRO COMBUSTIVEL LTDA;04979182000145;CENTRO;ETANOL;25/02/2025;4,89;BRANCA;4,89;0,0;0,0;4,7065625;4,79;0,09999999999999964;4,89;0,0;0,0;66;False
VASPETRO COMBUSTIVEL LTDA;04979182000145;CENTRO;ETANOL;03/03/2025;4,89;BRANCA;4,89;0,0;0,0;4,712121212121212;4,79;0,09999999999999964;4,89;0,0;0,0;66;False
VASPETRO COMBUSTIVEL LTDA;04979182000145;CENTRO;ETANOL;11/03/2025;4,89;BRANCA;4,89;0,0;0,0;4,717352941176471;4,79;0,09999999999999964;4,89;0,0;0,0;66;False
VASPETRO COMBUSTIVEL LTDA;04979182000145;CENTRO;ETANOL;18/03/2025;4,89;BRANCA;4,89;0,0;0,0;4,722285714285714;4,79;0,09999999999999964;4,89;0,0;0,0;66;False
VASPETRO COMBUSTIVEL LTDA;04979182000145;CENTRO;ETANOL;25/03/2025;4,89;BRANCA;4,89;0,0;0,0;4,726944444444444;4,795;0,09499999999999975;4,89;0,0;0,0;66;False
VASPETRO COMBUSTIVEL LTDA;04979182000145;CENTRO;ETANOL;31/03/2025;4,89;BRANCA;4,89;0,0;0,0;4,731351351351352;4,8;0,08999999999999986;4,865;0,024999999999999467;0,5138746145940282;66;False
VASPETRO COMBUSTIVEL LTDA;04979182000145;CENTRO;ETANOL;08/04/2025;4,89;BRANCA;4,89;0,0;0,0;4,735526315789474;4,8;0,08999999999999986;4,865;0,024999999999999467;0,5138746145940282;66;False
VASPETRO COMBUSTIVEL LTDA;04979182000145;CENTRO;ETANOL;15/04/2025;4,89;BRANCA;4,89;0,0;0,0;4,739487179487179;4,8;0,08999999999999986;4,89;0,0;0,0;66;False
VASPETRO COMBUSTIVEL LTDA;04979182000145;CENTRO;ETANOL;22/04/2025;4,89;BRANCA;4,89;0,0;0,0;4,74325;4,8;0,08999999999999986;4,89;0,0;0,0;66;False
VASPETRO COMBUSTIVEL LTDA;04979182000145;CENTRO;ETANOL;29/04/2025;4,89;BRANCA;4,89;0,0;0,0;4,746829268292683;4,8;0,08999999999999986;4,89;0,0;0,0;66;False
VASPETRO COMBUSTIVEL LTDA;04979182000145;CENTRO;ETANOL;05/05/2025;4,99;BRANCA;4,89;0,10000000000000053;2,0449897750511354;4,750238095238095;4,845;0,14500000000000046;4,89;0,10000000000000053;2,0449897750511354;66;False
VASPETRO COMBUSTIVEL LTDA;04979182000145;CENTRO;ETANOL;12/05/2025;4,99;BRANCA;4,99;0,0;0,0;4,755813953488372;4,89;0,10000000000000053;4,869999999999999;0,120000000000001;2,464065708418912;66;False
VASPETRO COMBUSTIVEL LTDA;04979182000145;CENTRO;ETANOL;27/05/2025;4,99;BRANCA;4,99;0,0;0,0;4,761136363636364;4,89;0,10000000000000053;4,965;0,025000000000000355;0,50352467270897;66;False
VASPETRO COMBUSTIVEL LTDA;04979182000145;CENTRO;ETANOL;03/06/2025;4,99;BRANCA;4,99;0,0;0,0;4,766222222222222;4,89;0,10000000000000053;4,95;0,040000000000000036;0,8080808080808087;66;False
VASPETRO COMBUSTIVEL LTDA;04979182000145;CENTRO;ETANOL;09/06/2025;4,99;BRANCA;4,99;0,0;0,0;4,7710869565217395;4,89;0,10000000000000053;4,95;0,040000000000000036;0,8080808080808087;66;False
VASPETRO COMBUSTIVEL LTDA;04979182000145;CENTRO;ETANOL;16/06/2025;4,99;BRANCA;4,99;0,0;0,0;4,775744680851064;4,89;0,10000000000000053;4,95;0,040000000000000036;0,8080808080808087;66;False
VASPETRO COMBUSTIVEL LTDA;04979182000145;CENTRO;ETANOL;24/06/2025;4,99;BRANCA;4,99;0,0;0,0;4,780208333333333;4,89;0,10000000000000053;4,95;0,040000000000000036;0,8080808080808087;66;False
VASPETRO COMBUSTIVEL LTDA;04979182000145;CENTRO;ETANOL;30/06/2025;4,99;BRANCA;4,99;0,0;0,0;4,784489795918367;4,89;0,10000000000000053;4,95;0,040000000000000036;0,8080808080808087;66;False
VASPETRO COMBUSTIVEL LTDA;04979182000145;CENTRO;ETANOL;09/02/2026;4,8;BRANCA;4,99;-0,1900000000000004;-3,8076152304609296;4,7886;4,89;-0,08999999999999986;4,8;0,0;0,0;66;False
VASPETRO COMBUSTIVEL LTDA;04979182000145;CENTRO;ETANOL;09/03/2026;4,8;BRANCA;4,8;0,0;0,0;4,788823529411765;4,89;-0,08999999999999986;4,970000000000001;-0,17000000000000082;-3,420523138833014;66;False
VASPETRO COMBUSTIVEL LTDA;04979182000145;CENTRO;ETANOL;20/03/2026;4,95;BRANCA;4,8;0,15000000000000036;3,1250000000000075;4,789038461538461;4,89;0,0600000000000005;4,95;0,0;0,0;66;False
VASPETRO COMBUSTIVEL LTDA;04979182000145;CENTRO;ETANOL;30/03/2026;5,09;BRANCA;4,95;0,13999999999999968;2,828282828282822;4,792075471698113;4,89;0,20000000000000018;5,05;0,040000000000000036;0,7920792079207928;66;False
VASPETRO COMBUSTIVEL LTDA;04979182000145;CENTRO;ETANOL;07/04/2026;5,09;BRANCA;5,09;0,0;0,0;4,797592592592593;4,89;0,20000000000000018;5,12;-0,03000000000000025;-0,5859375000000049;66;False
VASPETRO COMBUSTIVEL LTDA;04979182000145;CENTRO;ETANOL;24/04/2026;5,6;BRANCA;5,09;0,5099999999999998;10,019646365422393;4,8029090909090915;4,89;0,71;5,6;0,0;0,0;66;False
VASPETRO COMBUSTIVEL LTDA;04979182000145;CENTRO;ETANOL;27/04/2026;5,6;BRANCA;5,6;0,0;0,0;4,817142857142857;4,89;0,71;5,6;0,0;0,0;66;False
VASPETRO COMBUSTIVEL LTDA;04979182000145;CENTRO;ETANOL;04/05/2026;5,6;BRANCA;5,6;0,0;0,0;4,830877192982457;4,89;0,71;5,6;0,0;0,0;66;False
VASPETRO COMBUSTIVEL LTDA;04979182000145;CENTRO;ETANOL;12/05/2026;5,6;BRANCA;5,6;0,0;0,0;4,844137931034482;4,89;0,71;5,6;0,0;0,0;66;False
VASPETRO COMBUSTIVEL LTDA;04979182000145;CENTRO;ETANOL;18/05/2026;5,6;BRANCA;5,6;0,0;0,0;4,856949152542373;4,89;0,71;5,6;0,0;0,0;66;False
VASPETRO COMBUSTIVEL LTDA;04979182000145;CENTRO;ETANOL;26/05/2026;5,6;BRANCA;5,6;0,0;0,0;4,8693333333333335;4,89;0,71;5,5;0,09999999999999964;1,818181818181812;66;False
VASPETRO COMBUSTIVEL LTDA;04979182000145;CENTRO;ETANOL;02/06/2026;5,5;BRANCA;5,6;-0,09999999999999964;-1,7857142857142794;4,881311475409836;4,89;0,6100000000000003;5,5;0,0;0,0;66;False
VASPETRO COMBUSTIVEL LTDA;04979182000145;CENTRO;ETANOL;09/06/2026;5,5;BRANCA;5,5;0,0;0,0;4,8912903225806454;4,89;0,6100000000000003;5,5;0,0;0,0;66;False
VASPETRO COMBUSTIVEL LTDA;04979182000145;CENTRO;ETANOL;16/06/2026;5,5;BRANCA;5,5;0,0;0,0;4,900952380952381;4,89;0,6100000000000003;5,5;0,0;0,0;66;False
VASPETRO COMBUSTIVEL LTDA;04979182000145;CENTRO;ETANOL;23/06/2026;5,5;BRANCA;5,5;0,0;0,0;4,9103125;4,89;0,6100000000000003;5,5;0,0;0,0;66;False
VASPETRO COMBUSTIVEL LTDA;04979182000145;CENTRO;ETANOL;30/06/2026;5,5;BRANCA;5,5;0,0;0,0;4,919384615384615;4,89;0,6100000000000003;5,5;0,0;0,0;66;False
VASPETRO COMBUSTIVEL LTDA;04979182000145;CENTRO;GASOLINA;09/07/2024;6,3;VIBRA;;;;;;;6,3100000000000005;-0,010000000000000675;-0,15847860538828326;69;False
VASPETRO COMBUSTIVEL LTDA;04979182000145;CENTRO;GASOLINA;16/07/2024;6,3;VIBRA;6,3;0,0;0,0;6,3;6,3;0,0;6,32;-0,020000000000000462;-0,31645569620253894;69;False
VASPETRO COMBUSTIVEL LTDA;04979182000145;CENTRO;GASOLINA;22/07/2024;6,3;VIBRA;6,3;0,0;0,0;6,3;6,3;0,0;6,32;-0,020000000000000462;-0,31645569620253894;69;False
VASPETRO COMBUSTIVEL LTDA;04979182000145;CENTRO;GASOLINA;29/07/2024;6,48;VIBRA;6,3;0,1800000000000006;2,857142857142867;6,3;6,3;0,1800000000000006;6,51;-0,02999999999999936;-0,4608294930875478;69;False
VASPETRO COMBUSTIVEL LTDA;04979182000145;CENTRO;GASOLINA;06/08/2024;6,45;VIBRA;6,48;-0,03000000000000025;-0,46296296296296674;6,345;6,3;0,15000000000000036;6,49;-0,040000000000000036;-0,6163328197226507;69;False
VASPETRO COMBUSTIVEL LTDA;04979182000145;CENTRO;GASOLINA;12/08/2024;6,4;VIBRA;6,45;-0,04999999999999982;-0,7751937984496096;6,366;6,3;0,10000000000000053;6,47;-0,0699999999999994;-1,0819165378670696;69;False
VASPETRO COMBUSTIVEL LTDA;04979182000145;CENTRO;GASOLINA;19/08/2024;6,4;VIBRA;6,4;0,0;0,0;6,371666666666667;6,35;0,05000000000000071;6,47;-0,0699999999999994;-1,0819165378670696;69;False
VASPETRO COMBUSTIVEL LTDA;04979182000145;CENTRO;GASOLINA;26/08/2024;6,4;VIBRA;6,4;0,0;0,0;6,375714285714286;6,4;0,0;6,47;-0,0699999999999994;-1,0819165378670696;69;False
VASPETRO COMBUSTIVEL LTDA;04979182000145;CENTRO;GASOLINA;03/09/2024;6,4;VIBRA;6,4;0,0;0,0;6,37875;6,4;0,0;6,47;-0,0699999999999994;-1,0819165378670696;69;False
VASPETRO COMBUSTIVEL LTDA;04979182000145;CENTRO;GASOLINA;09/09/2024;6,4;VIBRA;6,4;0,0;0,0;6,381111111111111;6,4;0,0;6,47;-0,0699999999999994;-1,0819165378670696;69;False
VASPETRO COMBUSTIVEL LTDA;04979182000145;CENTRO;GASOLINA;17/09/2024;6,2;VIBRA;6,4;-0,20000000000000018;-3,1250000000000027;6,383;6,4;-0,20000000000000018;6,27;-0,0699999999999994;-1,1164274322168963;69;False
VASPETRO COMBUSTIVEL LTDA;04979182000145;CENTRO;GASOLINA;24/09/2024;6,2;VIBRA;6,2;0,0;0,0;6,366363636363636;6,4;-0,20000000000000018;6,27;-0,0699999999999994;-1,1164274322168963;69;False
VASPETRO COMBUSTIVEL LTDA;04979182000145;CENTRO;GASOLINA;30/09/2024;6,2;VIBRA;6,2;0,0;0,0;6,3525;6,4;-0,20000000000000018;6,27;-0,0699999999999994;-1,1164274322168963;69;False
VASPETRO COMBUSTIVEL LTDA;04979182000145;CENTRO;GASOLINA;07/10/2024;6,2;VIBRA;6,2;0,0;0,0;6,340769230769231;6,4;-0,20000000000000018;6,27;-0,0699999999999994;-1,1164274322168963;69;False
VASPETRO COMBUSTIVEL LTDA;04979182000145;CENTRO;GASOLINA;15/10/2024;6,2;VIBRA;6,2;0,0;0,0;6,3307142857142855;6,35;-0,14999999999999947;6,22;-0,019999999999999574;-0,32154340836012174;69;False
VASPETRO COMBUSTIVEL LTDA;04979182000145;CENTRO;GASOLINA;21/10/2024;5,9;VIBRA;6,2;-0,2999999999999998;-4,838709677419352;6,322;6,3;-0,39999999999999947;5,95;-0,04999999999999982;-0,8403361344537785;69;False
VASPETRO COMBUSTIVEL LTDA;04979182000145;CENTRO;GASOLINA;28/10/2024;5,9;VIBRA;5,9;0,0;0,0;6,295625;6,3;-0,39999999999999947;5,92;-0,019999999999999574;-0,33783783783783067;69;False
VASPETRO COMBUSTIVEL LTDA;04979182000145;CENTRO;GASOLINA;04/11/2024;5,9;VIBRA;5,9;0,0;0,0;6,272352941176472;6,3;-0,39999999999999947;5,92;-0,019999999999999574;-0,33783783783783067;69;False
VASPETRO COMBUSTIVEL LTDA;04979182000145;CENTRO;GASOLINA;11/11/2024;5,9;VIBRA;5,9;0,0;0,0;6,251666666666667;6,3;-0,39999999999999947;5,9;0,0;0,0;69;False
VASPETRO COMBUSTIVEL LTDA;04979182000145;CENTRO;GASOLINA;18/11/2024;6,3;VIBRA;5,9;0,39999999999999947;6,7796610169491425;6,233157894736842;6,3;0,0;6,32;-0,020000000000000462;-0,31645569620253894;69;False
VASPETRO COMBUSTIVEL LTDA;04979182000145;CENTRO;GASOLINA;25/11/2024;6,3;VIBRA;6,3;0,0;0,0;6,2365;6,3;0,0;6,32;-0,020000000000000462;-0,31645569620253894;69;False
VASPETRO COMBUSTIVEL LTDA;04979182000145;CENTRO;GASOLINA;03/12/2024;6,3;VIBRA;6,3;0,0;0,0;6,23952380952381;6,3;0,0;6,32;-0,020000000000000462;-0,31645569620253894;69;False
VASPETRO COMBUSTIVEL LTDA;04979182000145;CENTRO;GASOLINA;09/12/2024;6,3;BRANCA;6,3;0,0;0,0;6,242272727272728;6,3;0,0;6,32;-0,020000000000000462;-0,31645569620253894;69;False
VASPETRO COMBUSTIVEL LTDA;04979182000145;CENTRO;GASOLINA;16/12/2024;6,3;BRANCA;6,3;0,0;0,0;6,244782608695652;6,3;0,0;6,32;-0,020000000000000462;-0,31645569620253894;69;False
VASPETRO COMBUSTIVEL LTDA;04979182000145;CENTRO;GASOLINA;23/12/2024;6,3;BRANCA;6,3;0,0;0,0;6,247083333333333;6,3;0,0;6,32;-0,020000000000000462;-0,31645569620253894;69;False
VASPETRO COMBUSTIVEL LTDA;04979182000145;CENTRO;GASOLINA;30/12/2024;6,3;BRANCA;6,3;0,0;0,0;6,249199999999999;6,3;0,0;6,32;-0,020000000000000462;-0,31645569620253894;69;False
VASPETRO COMBUSTIVEL LTDA;04979182000145;CENTRO;GASOLINA;06/01/2025;6,3;BRANCA;6,3;0,0;0,0;6,251153846153846;6,3;0,0;6,32;-0,020000000000000462;-0,31645569620253894;69;False
VASPETRO COMBUSTIVEL LTDA;04979182000145;CENTRO;GASOLINA;13/01/2025;6,42;BRANCA;6,3;0,1200000000000001;1,9047619047619067;6,252962962962964;6,3;0,1200000000000001;6,42;0,0;0,0;69;False
VASPETRO COMBUSTIVEL LTDA;04979182000145;CENTRO;GASOLINA;20/01/2025;6,42;BRANCA;6,42;0,0;0,0;6,258928571428571;6,3;0,1200000000000001;6,42;0,0;0,0;69;False
VASPETRO COMBUSTIVEL LTDA;04979182000145;CENTRO;GASOLINA;28/01/2025;6,42;BRANCA;6,42;0,0;0,0;6,26448275862069;6,3;0,1200000000000001;6,42;0,0;0,0;69;False
VASPETRO COMBUSTIVEL LTDA;04979182000145;CENTRO;GASOLINA;03/02/2025;6,42;BRANCA;6,42;0,0;0,0;6,269666666666667;6,3;0,1200000000000001;6,49;-0,07000000000000028;-1,0785824345146422;69;False
VASPETRO COMBUSTIVEL LTDA;04979182000145;CENTRO;GASOLINA;11/02/2025;6,62;BRANCA;6,42;0,20000000000000018;3,1152647975077907;6,274516129032258;6,3;0,3200000000000003;6,62;0,0;0,0;69;False
VASPETRO COMBUSTIVEL LTDA;04979182000145;CENTRO;GASOLINA;18/02/2025;6,62;BRANCA;6,62;0,0;0,0;6,2853125;6,3;0,3200000000000003;6,62;0,0;0,0;69;False
VASPETRO COMBUSTIVEL LTDA;04979182000145;CENTRO;GASOLINA;25/02/2025;6,62;BRANCA;6,62;0,0;0,0;6,295454545454546;6,3;0,3200000000000003;6,62;0,0;0,0;69;False
VASPETRO COMBUSTIVEL LTDA;04979182000145;CENTRO;GASOLINA;03/03/2025;6,62;BRANCA;6,62;0,0;0,0;6,305;6,3;0,3200000000000003;6,62;0,0;0,0;69;False
VASPETRO COMBUSTIVEL LTDA;04979182000145;CENTRO;GASOLINA;11/03/2025;6,62;BRANCA;6,62;0,0;0,0;6,314;6,3;0,3200000000000003;6,62;0,0;0,0;69;False
VASPETRO COMBUSTIVEL LTDA;04979182000145;CENTRO;GASOLINA;18/03/2025;6,62;BRANCA;6,62;0,0;0,0;6,322500000000001;6,3;0,3200000000000003;6,62;0,0;0,0;69;False
VASPETRO COMBUSTIVEL LTDA;04979182000145;CENTRO;GASOLINA;25/03/2025;6,62;BRANCA;6,62;0,0;0,0;6,33054054054054;6,3;0,3200000000000003;6,62;0,0;0,0;69;False
VASPETRO COMBUSTIVEL LTDA;04979182000145;CENTRO;GASOLINA;31/03/2025;6,62;BRANCA;6,62;0,0;0,0;6,338157894736842;6,3;0,3200000000000003;6,62;0,0;0,0;69;False
VASPETRO COMBUSTIVEL LTDA;04979182000145;CENTRO;GASOLINA;08/04/2025;6,62;BRANCA;6,62;0,0;0,0;6,345384615384615;6,3;0,3200000000000003;6,62;0,0;0,0;69;False
VASPETRO COMBUSTIVEL LTDA;04979182000145;CENTRO;GASOLINA;15/04/2025;6,52;BRANCA;6,62;-0,10000000000000053;-1,5105740181268963;6,35225;6,35;0,16999999999999993;6,52;0,0;0,0;69;False
VASPETRO COMBUSTIVEL LTDA;04979182000145;CENTRO;GASOLINA;22/04/2025;6,52;BRANCA;6,52;0,0;0,0;6,356341463414634;6,4;0,11999999999999922;6,539999999999999;-0,019999999999999574;-0,30581039755351036;69;False
VASPETRO COMBUSTIVEL LTDA;04979182000145;CENTRO;GASOLINA;29/04/2025;6,52;BRANCA;6,52;0,0;0,0;6,3602380952380955;6,4;0,11999999999999922;6,62;-0,10000000000000053;-1,5105740181268963;69;False
VASPETRO COMBUSTIVEL LTDA;04979182000145;CENTRO;GASOLINA;05/05/2025;6,62;BRANCA;6,52;0,10000000000000053;1,5337423312883518;6,3639534883720925;6,4;0,21999999999999975;6,62;0,0;0,0;69;False
VASPETRO COMBUSTIVEL LTDA;04979182000145;CENTRO;GASOLINA;12/05/2025;6,62;BRANCA;6,62;0,0;0,0;6,369772727272727;6,4;0,21999999999999975;6,62;0,0;0,0;69;False
VASPETRO COMBUSTIVEL LTDA;04979182000145;CENTRO;GASOLINA;27/05/2025;6,62;BRANCA;6,62;0,0;0,0;6,375333333333333;6,4;0,21999999999999975;6,62;0,0;0,0;69;False
VASPETRO COMBUSTIVEL LTDA;04979182000145;CENTRO;GASOLINA;03/06/2025;6,62;BRANCA;6,62;0,0;0,0;6,3806521739130435;6,4;0,21999999999999975;6,62;0,0;0,0;69;False
VASPETRO COMBUSTIVEL LTDA;04979182000145;CENTRO;GASOLINA;09/06/2025;6,62;BRANCA;6,62;0,0;0,0;6,385744680851063;6,4;0,21999999999999975;6,62;0,0;0,0;69;False
VASPETRO COMBUSTIVEL LTDA;04979182000145;CENTRO;GASOLINA;16/06/2025;6,62;BRANCA;6,62;0,0;0,0;6,390625;6,4;0,21999999999999975;6,62;0,0;0,0;69;False
VASPETRO COMBUSTIVEL LTDA;04979182000145;CENTRO;GASOLINA;24/06/2025;6,62;BRANCA;6,62;0,0;0,0;6,39530612244898;6,4;0,21999999999999975;6,62;0,0;0,0;69;False
VASPETRO COMBUSTIVEL LTDA;04979182000145;CENTRO;GASOLINA;30/06/2025;6,62;BRANCA;6,62;0,0;0,0;6,3998;6,41;0,20999999999999996;6,62;0,0;0,0;69;False
VASPETRO COMBUSTIVEL LTDA;04979182000145;CENTRO;GASOLINA;09/02/2026;6,52;BRANCA;6,62;-0,10000000000000053;-1,5105740181268963;6,404117647058824;6,42;0,09999999999999964;6,52;0,0;0,0;69;False
VASPETRO COMBUSTIVEL LTDA;04979182000145;CENTRO;GASOLINA;09/03/2026;6,82;BRANCA;6,52;0,3000000000000007;4,601226993865041;6,406346153846154;6,42;0,40000000000000036;6,82;0,0;0,0;69;False
VASPETRO COMBUSTIVEL LTDA;04979182000145;CENTRO;GASOLINA;20/03/2026;7,62;BRANCA;6,82;0,7999999999999998;11,730205278592372;6,414150943396226;6,42;1,2000000000000002;7,29;0,33000000000000007;4,526748971193417;69;False
VASPETRO COMBUSTIVEL LTDA;04979182000145;CENTRO;GASOLINA;24/03/2026;7,22;BRANCA;7,62;-0,40000000000000036;-5,249343832021002;6,436481481481481;6,42;0,7999999999999998;7,22;0,0;0,0;69;False
VASPETRO COMBUSTIVEL LTDA;04979182000145;CENTRO;GASOLINA;30/03/2026;7,22;BRANCA;7,22;0,0;0,0;6,450727272727273;6,42;0,7999999999999998;7,22;0,0;0,0;69;False
VASPETRO COMBUSTIVEL LTDA;04979182000145;CENTRO;GASOLINA;07/04/2026;7,22;BRANCA;7,22;0,0;0,0;6,4644642857142856;6,42;0,7999999999999998;7,22;0,0;0,0;69;False
VASPETRO COMBUSTIVEL LTDA;04979182000145;CENTRO;GASOLINA;14/04/2026;7,22;BRANCA;7,22;0,0;0,0;6,477719298245614;6,42;0,7999999999999998;7,22;0,0;0,0;69;False
VASPETRO COMBUSTIVEL LTDA;04979182000145;CENTRO;GASOLINA;24/04/2026;7,22;BRANCA;7,22;0,0;0,0;6,49051724137931;6,4350000000000005;0,7849999999999993;7,23;-0,010000000000000675;-0,13831258644537586;69;False
VASPETRO COMBUSTIVEL LTDA;04979182000145;CENTRO;GASOLINA;27/04/2026;7,22;BRANCA;7,22;0,0;0,0;6,502881355932204;6,45;0,7699999999999996;7,22;0,0;0,0;69;False
VASPETRO COMBUSTIVEL LTDA;04979182000145;CENTRO;GASOLINA;04/05/2026;7,22;BRANCA;7,22;0,0;0,0;6,514833333333333;6,465;0,7549999999999999;7,22;0,0;0,0;69;False
VASPETRO COMBUSTIVEL LTDA;04979182000145;CENTRO;GASOLINA;12/05/2026;7,52;BRANCA;7,22;0,2999999999999998;4,15512465373961;6,526393442622951;6,48;1,0399999999999991;7,52;0,0;0,0;69;False
VASPETRO COMBUSTIVEL LTDA;04979182000145;CENTRO;GASOLINA;18/05/2026;7,52;BRANCA;7,52;0,0;0,0;6,542419354838709;6,5;1,0199999999999996;7,52;0,0;0,0;69;False
VASPETRO COMBUSTIVEL LTDA;04979182000145;CENTRO;GASOLINA;26/05/2026;7,12;BRANCA;7,52;-0,39999999999999947;-5,319148936170206;6,557936507936508;6,52;0,6000000000000005;7,135;-0,01499999999999968;-0,2102312543798133;69;False
VASPETRO COMBUSTIVEL LTDA;04979182000145;CENTRO;GASOLINA;02/06/2026;7,12;BRANCA;7,12;0,0;0,0;6,56671875;6,52;0,6000000000000005;7,12;0,0;0,0;69;False
VASPETRO COMBUSTIVEL LTDA;04979182000145;CENTRO;GASOLINA;09/06/2026;7,12;BRANCA;7,12;0,0;0,0;6,575230769230769;6,52;0,6000000000000005;7,155;-0,03500000000000014;-0,4891684136967176;69;False
VASPETRO COMBUSTIVEL LTDA;04979182000145;CENTRO;GASOLINA;16/06/2026;7,12;BRANCA;7,12;0,0;0,0;6,583484848484848;6,52;0,6000000000000005;7,12;0,0;0,0;69;False
VASPETRO COMBUSTIVEL LTDA;04979182000145;CENTRO;GASOLINA;23/06/2026;7,12;BRANCA;7,12;0,0;0,0;6,5914925373134325;6,52;0,6000000000000005;7,12;0,0;0,0;69;False
VASPETRO COMBUSTIVEL LTDA;04979182000145;CENTRO;GASOLINA;30/06/2026;7,12;BRANCA;7,12;0,0;0,0;6,599264705882353;6,52;0,6000000000000005;7,12;0,0;0,0;69;False
VASPETRO COMBUSTIVEL LTDA;04979182000145;CENTRO;GASOLINA ADITIVADA;09/07/2024;6,3;VIBRA;;;;;;;6,335;-0,03500000000000014;-0,5524861878453061;69;False
VASPETRO COMBUSTIVEL LTDA;04979182000145;CENTRO;GASOLINA ADITIVADA;16/07/2024;6,3;VIBRA;6,3;0,0;0,0;6,3;6,3;0,0;6,37;-0,07000000000000028;-1,0989010989011034;69;False
VASPETRO COMBUSTIVEL LTDA;04979182000145;CENTRO;GASOLINA ADITIVADA;22/07/2024;6,3;VIBRA;6,3;0,0;0,0;6,3;6,3;0,0;6,335;-0,03500000000000014;-0,5524861878453061;69;False
VASPETRO COMBUSTIVEL LTDA;04979182000145;CENTRO;GASOLINA ADITIVADA;29/07/2024;6,48;VIBRA;6,3;0,1800000000000006;2,857142857142867;6,3;6,3;0,1800000000000006;6,53;-0,04999999999999982;-0,7656967840735042;69;False
VASPETRO COMBUSTIVEL LTDA;04979182000145;CENTRO;GASOLINA ADITIVADA;06/08/2024;6,45;VIBRA;6,48;-0,03000000000000025;-0,46296296296296674;6,345;6,3;0,15000000000000036;6,5600000000000005;-0,11000000000000032;-1,6768292682926875;69;False
VASPETRO COMBUSTIVEL LTDA;04979182000145;CENTRO;GASOLINA ADITIVADA;12/08/2024;6,4;VIBRA;6,45;-0,04999999999999982;-0,7751937984496096;6,366;6,3;0,10000000000000053;6,535;-0,1349999999999998;-2,065799540933432;69;False
VASPETRO COMBUSTIVEL LTDA;04979182000145;CENTRO;GASOLINA ADITIVADA;19/08/2024;6,4;VIBRA;6,4;0,0;0,0;6,371666666666667;6,35;0,05000000000000071;6,52;-0,11999999999999922;-1,8404907975460003;69;False
VASPETRO COMBUSTIVEL LTDA;04979182000145;CENTRO;GASOLINA ADITIVADA;26/08/2024;6,4;VIBRA;6,4;0,0;0,0;6,375714285714286;6,4;0,0;6,52;-0,11999999999999922;-1,8404907975460003;69;False
VASPETRO COMBUSTIVEL LTDA;04979182000145;CENTRO;GASOLINA ADITIVADA;03/09/2024;6,4;VIBRA;6,4;0,0;0,0;6,37875;6,4;0,0;6,52;-0,11999999999999922;-1,8404907975460003;69;False
VASPETRO COMBUSTIVEL LTDA;04979182000145;CENTRO;GASOLINA ADITIVADA;09/09/2024;6,4;VIBRA;6,4;0,0;0,0;6,381111111111111;6,4;0,0;6,52;-0,11999999999999922;-1,8404907975460003;69;False
VASPETRO COMBUSTIVEL LTDA;04979182000145;CENTRO;GASOLINA ADITIVADA;17/09/2024;6,2;VIBRA;6,4;-0,20000000000000018;-3,1250000000000027;6,383;6,4;-0,20000000000000018;6,32;-0,1200000000000001;-1,8987341772151913;69;False
VASPETRO COMBUSTIVEL LTDA;04979182000145;CENTRO;GASOLINA ADITIVADA;24/09/2024;6,2;VIBRA;6,2;0,0;0,0;6,366363636363636;6,4;-0,20000000000000018;6,324999999999999;-0,12499999999999911;-1,9762845849802233;69;False
VASPETRO COMBUSTIVEL LTDA;04979182000145;CENTRO;GASOLINA ADITIVADA;30/09/2024;6,2;VIBRA;6,2;0,0;0,0;6,3525;6,4;-0,20000000000000018;6,324999999999999;-0,12499999999999911;-1,9762845849802233;69;False
VASPETRO COMBUSTIVEL LTDA;04979182000145;CENTRO;GASOLINA ADITIVADA;07/10/2024;6,2;VIBRA;6,2;0,0;0,0;6,340769230769231;6,4;-0,20000000000000018;6,324999999999999;-0,12499999999999911;-1,9762845849802233;69;False
VASPETRO COMBUSTIVEL LTDA;04979182000145;CENTRO;GASOLINA ADITIVADA;15/10/2024;6,2;VIBRA;6,2;0,0;0,0;6,3307142857142855;6,35;-0,14999999999999947;6,27;-0,0699999999999994;-1,1164274322168963;69;False
VASPETRO COMBUSTIVEL LTDA;04979182000145;CENTRO;GASOLINA ADITIVADA;21/10/2024;5,9;VIBRA;6,2;-0,2999999999999998;-4,838709677419352;6,322;6,3;-0,39999999999999947;5,99;-0,08999999999999986;-1,502504173622702;69;False
VASPETRO COMBUSTIVEL LTDA;04979182000145;CENTRO;GASOLINA ADITIVADA;28/10/2024;5,9;VIBRA;5,9;0,0;0,0;6,295625;6,3;-0,39999999999999947;5,99;-0,08999999999999986;-1,502504173622702;69;False
VASPETRO COMBUSTIVEL LTDA;04979182000145;CENTRO;GASOLINA ADITIVADA;04/11/2024;5,9;VIBRA;5,9;0,0;0,0;6,272352941176472;6,3;-0,39999999999999947;6,09;-0,1899999999999995;-3,1198686371100086;69;False
VASPETRO COMBUSTIVEL LTDA;04979182000145;CENTRO;GASOLINA ADITIVADA;11/11/2024;5,99;VIBRA;5,9;0,08999999999999986;1,5254237288135568;6,251666666666667;6,3;-0,3099999999999996;6,08;-0,08999999999999986;-1,4802631578947345;69;False
VASPETRO COMBUSTIVEL LTDA;04979182000145;CENTRO;GASOLINA ADITIVADA;18/11/2024;6,3;VIBRA;5,99;0,3099999999999996;5,175292153589309;6,237894736842105;6,3;0,0;6,45;-0,15000000000000036;-2,3255813953488427;69;False
VASPETRO COMBUSTIVEL LTDA;04979182000145;CENTRO;GASOLINA ADITIVADA;25/11/2024;6,3;VIBRA;6,3;0,0;0,0;6,2410000000000005;6,3;0,0;6,45;-0,15000000000000036;-2,3255813953488427;69;False
VASPETRO COMBUSTIVEL LTDA;04979182000145;CENTRO;GASOLINA ADITIVADA;03/12/2024;6,3;VIBRA;6,3;0,0;0,0;6,243809523809524;6,3;0,0;6,45;-0,15000000000000036;-2,3255813953488427;69;False
VASPETRO COMBUSTIVEL LTDA;04979182000145;CENTRO;GASOLINA ADITIVADA;09/12/2024;6,3;BRANCA;6,3;0,0;0,0;6,246363636363637;6,3;0,0;6,45;-0,15000000000000036;-2,3255813953488427;69;False
VASPETRO COMBUSTIVEL LTDA;04979182000145;CENTRO;GASOLINA ADITIVADA;16/12/2024;6,3;BRANCA;6,3;0,0;0,0;6,248695652173913;6,3;0,0;6,45;-0,15000000000000036;-2,3255813953488427;69;False
VASPETRO COMBUSTIVEL LTDA;04979182000145;CENTRO;GASOLINA ADITIVADA;23/12/2024;6,3;BRANCA;6,3;0,0;0,0;6,2508333333333335;6,3;0,0;6,45;-0,15000000000000036;-2,3255813953488427;69;False
VASPETRO COMBUSTIVEL LTDA;04979182000145;CENTRO;GASOLINA ADITIVADA;30/12/2024;6,3;BRANCA;6,3;0,0;0,0;6,2528;6,3;0,0;6,45;-0,15000000000000036;-2,3255813953488427;69;False
VASPETRO COMBUSTIVEL LTDA;04979182000145;CENTRO;GASOLINA ADITIVADA;06/01/2025;6,3;BRANCA;6,3;0,0;0,0;6,254615384615385;6,3;0,0;6,45;-0,15000000000000036;-2,3255813953488427;69;False
VASPETRO COMBUSTIVEL LTDA;04979182000145;CENTRO;GASOLINA ADITIVADA;13/01/2025;6,42;BRANCA;6,3;0,1200000000000001;1,9047619047619067;6,256296296296297;6,3;0,1200000000000001;6,55;-0,1299999999999999;-1,9847328244274793;69;False
VASPETRO COMBUSTIVEL LTDA;04979182000145;CENTRO;GASOLINA ADITIVADA;20/01/2025;6,42;BRANCA;6,42;0,0;0,0;6,262142857142857;6,3;0,1200000000000001;6,55;-0,1299999999999999;-1,9847328244274793;69;False
VASPETRO COMBUSTIVEL LTDA;04979182000145;CENTRO;GASOLINA ADITIVADA;28/01/2025;6,42;BRANCA;6,42;0,0;0,0;6,267586206896551;6,3;0,1200000000000001;6,55;-0,1299999999999999;-1,9847328244274793;69;False
VASPETRO COMBUSTIVEL LTDA;04979182000145;CENTRO;GASOLINA ADITIVADA;03/02/2025;6,42;BRANCA;6,42;0,0;0,0;6,272666666666667;6,3;0,1200000000000001;6,55;-0,1299999999999999;-1,9847328244274793;69;False
VASPETRO COMBUSTIVEL LTDA;04979182000145;CENTRO;GASOLINA ADITIVADA;11/02/2025;6,62;BRANCA;6,42;0,20000000000000018;3,1152647975077907;6,27741935483871;6,3;0,3200000000000003;6,75;-0,1299999999999999;-1,9259259259259243;69;False
VASPETRO COMBUSTIVEL LTDA;04979182000145;CENTRO;GASOLINA ADITIVADA;18/02/2025;6,62;BRANCA;6,62;0,0;0,0;6,288125;6,3;0,3200000000000003;6,75;-0,1299999999999999;-1,9259259259259243;69;False
VASPETRO COMBUSTIVEL LTDA;04979182000145;CENTRO;GASOLINA ADITIVADA;25/02/2025;6,62;BRANCA;6,62;0,0;0,0;6,298181818181818;6,3;0,3200000000000003;6,75;-0,1299999999999999;-1,9259259259259243;69;False
VASPETRO COMBUSTIVEL LTDA;04979182000145;CENTRO;GASOLINA ADITIVADA;03/03/2025;6,62;BRANCA;6,62;0,0;0,0;6,307647058823529;6,3;0,3200000000000003;6,75;-0,1299999999999999;-1,9259259259259243;69;False
VASPETRO COMBUSTIVEL LTDA;04979182000145;CENTRO;GASOLINA ADITIVADA;11/03/2025;6,62;BRANCA;6,62;0,0;0,0;6,316571428571429;6,3;0,3200000000000003;6,75;-0,1299999999999999;-1,9259259259259243;69;False
VASPETRO COMBUSTIVEL LTDA;04979182000145;CENTRO;GASOLINA ADITIVADA;18/03/2025;6,62;BRANCA;6,62;0,0;0,0;6,324999999999999;6,3;0,3200000000000003;6,75;-0,1299999999999999;-1,9259259259259243;69;False
VASPETRO COMBUSTIVEL LTDA;04979182000145;CENTRO;GASOLINA ADITIVADA;25/03/2025;6,62;BRANCA;6,62;0,0;0,0;6,332972972972973;6,3;0,3200000000000003;6,75;-0,1299999999999999;-1,9259259259259243;69;False
VASPETRO COMBUSTIVEL LTDA;04979182000145;CENTRO;GASOLINA ADITIVADA;31/03/2025;6,62;BRANCA;6,62;0,0;0,0;6,340526315789473;6,3;0,3200000000000003;6,75;-0,1299999999999999;-1,9259259259259243;69;False
VASPETRO COMBUSTIVEL LTDA;04979182000145;CENTRO;GASOLINA ADITIVADA;08/04/2025;6,62;BRANCA;6,62;0,0;0,0;6,3476923076923075;6,3;0,3200000000000003;6,75;-0,1299999999999999;-1,9259259259259243;69;False
VASPETRO COMBUSTIVEL LTDA;04979182000145;CENTRO;GASOLINA ADITIVADA;15/04/2025;6,52;BRANCA;6,62;-0,10000000000000053;-1,5105740181268963;6,3545;6,35;0,16999999999999993;6,65;-0,13000000000000078;-1,9548872180451242;69;False
VASPETRO COMBUSTIVEL LTDA;04979182000145;CENTRO;GASOLINA ADITIVADA;22/04/2025;6,52;BRANCA;6,52;0,0;0,0;6,3585365853658535;6,4;0,11999999999999922;6,695;-0,1750000000000007;-2,6138909634055367;69;False
VASPETRO COMBUSTIVEL LTDA;04979182000145;CENTRO;GASOLINA ADITIVADA;29/04/2025;6,52;BRANCA;6,52;0,0;0,0;6,362380952380953;6,4;0,11999999999999922;6,75;-0,23000000000000043;-3,4074074074074137;69;False
VASPETRO COMBUSTIVEL LTDA;04979182000145;CENTRO;GASOLINA ADITIVADA;05/05/2025;6,62;BRANCA;6,52;0,10000000000000053;1,5337423312883518;6,366046511627907;6,4;0,21999999999999975;6,75;-0,1299999999999999;-1,9259259259259243;69;False
VASPETRO COMBUSTIVEL LTDA;04979182000145;CENTRO;GASOLINA ADITIVADA;12/05/2025;6,62;BRANCA;6,62;0,0;0,0;6,371818181818182;6,4;0,21999999999999975;6,734999999999999;-0,11499999999999932;-1,7074981440237467;69;False
VASPETRO COMBUSTIVEL LTDA;04979182000145;CENTRO;GASOLINA ADITIVADA;27/05/2025;6,62;BRANCA;6,62;0,0;0,0;6,3773333333333335;6,4;0,21999999999999975;6,8;-0,17999999999999972;-2,6470588235294077;69;False
VASPETRO COMBUSTIVEL LTDA;04979182000145;CENTRO;GASOLINA ADITIVADA;03/06/2025;6,62;BRANCA;6,62;0,0;0,0;6,382608695652174;6,4;0,21999999999999975;6,8;-0,17999999999999972;-2,6470588235294077;69;False
VASPETRO COMBUSTIVEL LTDA;04979182000145;CENTRO;GASOLINA ADITIVADA;09/06/2025;6,62;BRANCA;6,62;0,0;0,0;6,387659574468086;6,4;0,21999999999999975;6,76;-0,13999999999999968;-2,071005917159759;69;False
VASPETRO COMBUSTIVEL LTDA;04979182000145;CENTRO;GASOLINA ADITIVADA;16/06/2025;6,62;BRANCA;6,62;0,0;0,0;6,392499999999999;6,4;0,21999999999999975;6,8;-0,17999999999999972;-2,6470588235294077;69;False
VASPETRO COMBUSTIVEL LTDA;04979182000145;CENTRO;GASOLINA ADITIVADA;24/06/2025;6,62;BRANCA;6,62;0,0;0,0;6,397142857142857;6,4;0,21999999999999975;6,8;-0,17999999999999972;-2,6470588235294077;69;False
VASPETRO COMBUSTIVEL LTDA;04979182000145;CENTRO;GASOLINA ADITIVADA;30/06/2025;6,62;BRANCA;6,62;0,0;0,0;6,401599999999999;6,41;0,20999999999999996;6,8;-0,17999999999999972;-2,6470588235294077;69;False
VASPETRO COMBUSTIVEL LTDA;04979182000145;CENTRO;GASOLINA ADITIVADA;09/02/2026;6,52;BRANCA;6,62;-0,10000000000000053;-1,5105740181268963;6,405882352941176;6,42;0,09999999999999964;6,62;-0,10000000000000053;-1,5105740181268963;69;False
VASPETRO COMBUSTIVEL LTDA;04979182000145;CENTRO;GASOLINA ADITIVADA;09/03/2026;6,82;BRANCA;6,52;0,3000000000000007;4,601226993865041;6,408076923076924;6,42;0,40000000000000036;6,93;-0,10999999999999943;-1,5873015873015792;69;False
VASPETRO COMBUSTIVEL LTDA;04979182000145;CENTRO;GASOLINA ADITIVADA;20/03/2026;7,62;BRANCA;6,82;0,7999999999999998;11,730205278592372;6,415849056603774;6,42;1,2000000000000002;7,29;0,33000000000000007;4,526748971193417;69;False
VASPETRO COMBUSTIVEL LTDA;04979182000145;CENTRO;GASOLINA ADITIVADA;24/03/2026;7,22;BRANCA;7,62;-0,40000000000000036;-5,249343832021002;6,438148148148149;6,42;0,7999999999999998;7,345000000000001;-0,1250000000000009;-1,7018379850238377;69;False
VASPETRO COMBUSTIVEL LTDA;04979182000145;CENTRO;GASOLINA ADITIVADA;30/03/2026;7,22;BRANCA;7,22;0,0;0,0;6,4523636363636365;6,42;0,7999999999999998;7,34;-0,1200000000000001;-1,6348773841961868;69;False
VASPETRO COMBUSTIVEL LTDA;04979182000145;CENTRO;GASOLINA ADITIVADA;07/04/2026;7,22;BRANCA;7,22;0,0;0,0;6,466071428571429;6,42;0,7999999999999998;7,29;-0,07000000000000028;-0,9602194787380012;69;False
VASPETRO COMBUSTIVEL LTDA;04979182000145;CENTRO;GASOLINA ADITIVADA;14/04/2026;7,22;BRANCA;7,22;0,0;0,0;6,479298245614035;6,42;0,7999999999999998;7,255;-0,03500000000000014;-0,4824259131633376;69;False
VASPETRO COMBUSTIVEL LTDA;04979182000145;CENTRO;GASOLINA ADITIVADA;24/04/2026;7,22;BRANCA;7,22;0,0;0,0;6,492068965517242;6,4350000000000005;0,7849999999999993;7,29;-0,07000000000000028;-0,9602194787380012;69;False
VASPETRO COMBUSTIVEL LTDA;04979182000145;CENTRO;GASOLINA ADITIVADA;27/04/2026;7,22;BRANCA;7,22;0,0;0,0;6,504406779661017;6,45;0,7699999999999996;7,22;0,0;0,0;69;False
VASPETRO COMBUSTIVEL LTDA;04979182000145;CENTRO;GASOLINA ADITIVADA;04/05/2026;7,22;BRANCA;7,22;0,0;0,0;6,516333333333334;6,465;0,7549999999999999;7,34;-0,1200000000000001;-1,6348773841961868;69;False
VASPETRO COMBUSTIVEL LTDA;04979182000145;CENTRO;GASOLINA ADITIVADA;12/05/2026;7,52;BRANCA;7,22;0,2999999999999998;4,15512465373961;6,527868852459016;6,48;1,0399999999999991;7,57;-0,05000000000000071;-0,660501981505954;69;False
VASPETRO COMBUSTIVEL LTDA;04979182000145;CENTRO;GASOLINA ADITIVADA;18/05/2026;7,52;BRANCA;7,52;0,0;0,0;6,5438709677419356;6,5;1,0199999999999996;7,555;-0,03500000000000014;-0,4632693580410343;69;False
VASPETRO COMBUSTIVEL LTDA;04979182000145;CENTRO;GASOLINA ADITIVADA;26/05/2026;7,12;BRANCA;7,52;-0,39999999999999947;-5,319148936170206;6,5593650793650795;6,52;0,6000000000000005;7,28;-0,16000000000000014;-2,1978021978021998;69;False
VASPETRO COMBUSTIVEL LTDA;04979182000145;CENTRO;GASOLINA ADITIVADA;02/06/2026;7,15;BRANCA;7,12;0,03000000000000025;0,42134831460674504;6,568125;6,52;0,6300000000000008;7,22;-0,0699999999999994;-0,9695290858725678;69;False
VASPETRO COMBUSTIVEL LTDA;04979182000145;CENTRO;GASOLINA ADITIVADA;09/06/2026;7,12;BRANCA;7,15;-0,03000000000000025;-0,419580419580423;6,577076923076923;6,52;0,6000000000000005;7,19;-0,07000000000000028;-0,9735744089012557;69;False
VASPETRO COMBUSTIVEL LTDA;04979182000145;CENTRO;GASOLINA ADITIVADA;16/06/2026;7,12;BRANCA;7,12;0,0;0,0;6,58530303030303;6,52;0,6000000000000005;7,28;-0,16000000000000014;-2,1978021978021998;69;False
VASPETRO COMBUSTIVEL LTDA;04979182000145;CENTRO;GASOLINA ADITIVADA;23/06/2026;7,12;BRANCA;7,12;0,0;0,0;6,593283582089552;6,52;0,6000000000000005;7,26;-0,13999999999999968;-1,9283746556473784;69;False
VASPETRO COMBUSTIVEL LTDA;04979182000145;CENTRO;GASOLINA ADITIVADA;30/06/2026;7,12;BRANCA;7,12;0,0;0,0;6,601029411764706;6,52;0,6000000000000005;7,17;-0,04999999999999982;-0,6973500697350046;69;False
PETROX COMERCIAL LTDA;05297480001009;CENTRO;DIESEL S10;09/07/2024;6,19;PETROX DISTRIBUIDORA;;;;;;;6,16;0,03000000000000025;0,48701298701299106;17;False
PETROX COMERCIAL LTDA;05297480001009;CENTRO;DIESEL S10;16/07/2024;6,19;PETROX DISTRIBUIDORA;6,19;0,0;0,0;6,19;6,19;0,0;6,16;0,03000000000000025;0,48701298701299106;17;False
PETROX COMERCIAL LTDA;05297480001009;CENTRO;DIESEL S10;22/07/2024;6,19;PETROX DISTRIBUIDORA;6,19;0,0;0,0;6,19;6,19;0,0;5,8;0,39000000000000057;6,724137931034494;17;False
PETROX COMERCIAL LTDA;05297480001009;CENTRO;DIESEL S10;29/07/2024;6,29;PETROX DISTRIBUIDORA;6,19;0,09999999999999964;1,6155088852988633;6,19;6,19;0,09999999999999964;6,029999999999999;0,2600000000000007;4,311774461028204;17;False
PETROX COMERCIAL LTDA;05297480001009;CENTRO;DIESEL S10;06/08/2024;6,29;PETROX DISTRIBUIDORA;6,29;0,0;0,0;6,215;6,19;0,09999999999999964;6,275;0,01499999999999968;0,2390438247011901;17;False
PETROX COMERCIAL LTDA;05297480001009;CENTRO;DIESEL S10;12/08/2024;6,29;PETROX DISTRIBUIDORA;6,29;0,0;0,0;6,23;6,19;0,09999999999999964;6,275;0,01499999999999968;0,2390438247011901;17;False
PETROX COMERCIAL LTDA;05297480001009;CENTRO;DIESEL S10;19/08/2024;6,29;PETROX DISTRIBUIDORA;6,29;0,0;0,0;6,239999999999999;6,24;0,04999999999999982;6,275;0,01499999999999968;0,2390438247011901;17;False
PETROX COMERCIAL LTDA;05297480001009;CENTRO;DIESEL S10;26/08/2024;6,29;PETROX DISTRIBUIDORA;6,29;0,0;0,0;6,247142857142857;6,29;0,0;6,275;0,01499999999999968;0,2390438247011901;17;False
PETROX COMERCIAL LTDA;05297480001009;CENTRO;DIESEL S10;03/09/2024;6,29;PETROX DISTRIBUIDORA;6,29;0,0;0,0;6,2525;6,29;0,0;6,275;0,01499999999999968;0,2390438247011901;17;False
PETROX COMERCIAL LTDA;05297480001009;CENTRO;DIESEL S10;09/09/2024;6,29;PETROX DISTRIBUIDORA;6,29;0,0;0,0;6,256666666666667;6,29;0,0;6,275;0,01499999999999968;0,2390438247011901;17;False
PETROX COMERCIAL LTDA;05297480001009;CENTRO;DIESEL S10;17/09/2024;6,08;PETROX DISTRIBUIDORA;6,29;-0,20999999999999996;-3,3386327503974558;6,26;6,29;-0,20999999999999996;6,08;0,0;0,0;17;False
PETROX COMERCIAL LTDA;05297480001009;CENTRO;DIESEL S10;24/09/2024;6,08;PETROX DISTRIBUIDORA;6,08;0,0;0,0;6,243636363636364;6,29;-0,20999999999999996;6,08;0,0;0,0;17;False
PETROX COMERCIAL LTDA;05297480001009;CENTRO;DIESEL S10;30/09/2024;6,08;PETROX DISTRIBUIDORA;6,08;0,0;0,0;6,23;6,29;-0,20999999999999996;6,08;0,0;0,0;17;False
PETROX COMERCIAL LTDA;05297480001009;CENTRO;DIESEL S10;07/10/2024;6,08;PETROX DISTRIBUIDORA;6,08;0,0;0,0;6,218461538461539;6,29;-0,20999999999999996;6,08;0,0;0,0;17;False
PETROX COMERCIAL LTDA;05297480001009;CENTRO;DIESEL S10;15/10/2024;6,08;PETROX DISTRIBUIDORA;6,08;0,0;0,0;6,208571428571429;6,24;-0,16000000000000014;6,08;0,0;0,0;17;False
PETROX COMERCIAL LTDA;05297480001009;CENTRO;DIESEL S10;21/10/2024;5,99;PETROX DISTRIBUIDORA;6,08;-0,08999999999999986;-1,4802631578947345;6,2;6,19;-0,20000000000000018;5,970000000000001;0,019999999999999574;0,33500837520937304;17;False
PETROX COMERCIAL LTDA;05297480001009;CENTRO;DIESEL S10;28/10/2024;5,95;PETROX DISTRIBUIDORA;5,99;-0,040000000000000036;-0,6677796327212026;6,186875000000001;6,19;-0,2400000000000002;5,95;0,0;0,0;17;False
PETROX COMERCIAL LTDA;05297480001009;CENTRO;ETANOL;09/07/2024;4,89;PETROX DISTRIBUIDORA;;;;;;;4,8100000000000005;0,07999999999999918;1,663201663201646;17;False
PETROX COMERCIAL LTDA;05297480001009;CENTRO;ETANOL;16/07/2024;4,89;PETROX DISTRIBUIDORA;4,89;0,0;0,0;4,89;4,89;0,0;4,82;0,0699999999999994;1,4522821576763358;17;False
PETROX COMERCIAL LTDA;05297480001009;CENTRO;ETANOL;22/07/2024;4,89;PETROX DISTRIBUIDORA;4,89;0,0;0,0;4,89;4,89;0,0;4,8;0,08999999999999986;1,8749999999999971;17;False
PETROX COMERCIAL LTDA;05297480001009;CENTRO;ETANOL;29/07/2024;4,89;PETROX DISTRIBUIDORA;4,89;0,0;0,0;4,89;4,89;0,0;4,89;0,0;0,0;17;False
PETROX COMERCIAL LTDA;05297480001009;CENTRO;ETANOL;06/08/2024;4,89;PETROX DISTRIBUIDORA;4,89;0,0;0,0;4,89;4,89;0,0;4,89;0,0;0,0;17;False
PETROX COMERCIAL LTDA;05297480001009;CENTRO;ETANOL;12/08/2024;4,89;PETROX DISTRIBUIDORA;4,89;0,0;0,0;4,89;4,89;0,0;4,89;0,0;0,0;17;False
PETROX COMERCIAL LTDA;05297480001009;CENTRO;ETANOL;19/08/2024;4,89;PETROX DISTRIBUIDORA;4,89;0,0;0,0;4,89;4,89;0,0;4,89;0,0;0,0;17;False
PETROX COMERCIAL LTDA;05297480001009;CENTRO;ETANOL;26/08/2024;4,89;PETROX DISTRIBUIDORA;4,89;0,0;0,0;4,89;4,89;0,0;4,89;0,0;0,0;17;False
PETROX COMERCIAL LTDA;05297480001009;CENTRO;ETANOL;03/09/2024;4,89;PETROX DISTRIBUIDORA;4,89;0,0;0,0;4,89;4,89;0,0;4,89;0,0;0,0;17;False
PETROX COMERCIAL LTDA;05297480001009;CENTRO;ETANOL;09/09/2024;4,89;PETROX DISTRIBUIDORA;4,89;0,0;0,0;4,89;4,89;0,0;4,89;0,0;0,0;17;False
PETROX COMERCIAL LTDA;05297480001009;CENTRO;ETANOL;17/09/2024;4,75;PETROX DISTRIBUIDORA;4,89;-0,13999999999999968;-2,8629856850715685;4,89;4,89;-0,13999999999999968;4,79;-0,040000000000000036;-0,835073068893529;17;False
PETROX COMERCIAL LTDA;05297480001009;CENTRO;ETANOL;24/09/2024;4,75;PETROX DISTRIBUIDORA;4,75;0,0;0,0;4,877272727272727;4,89;-0,13999999999999968;4,75;0,0;0,0;17;False
PETROX COMERCIAL LTDA;05297480001009;CENTRO;ETANOL;30/09/2024;4,75;PETROX DISTRIBUIDORA;4,75;0,0;0,0;4,866666666666666;4,89;-0,13999999999999968;4,75;0,0;0,0;17;False
PETROX COMERCIAL LTDA;05297480001009;CENTRO;ETANOL;07/10/2024;4,57;PETROX DISTRIBUIDORA;4,75;-0,17999999999999972;-3,7894736842105203;4,857692307692307;4,89;-0,3199999999999994;4,59;-0,019999999999999574;-0,43572984749454413;17;False
PETROX COMERCIAL LTDA;05297480001009;CENTRO;ETANOL;15/10/2024;4,57;PETROX DISTRIBUIDORA;4,57;0,0;0,0;4,837142857142857;4,89;-0,3199999999999994;4,5600000000000005;0,009999999999999787;0,21929824561403038;17;False
PETROX COMERCIAL LTDA;05297480001009;CENTRO;ETANOL;21/10/2024;4,49;PETROX DISTRIBUIDORA;4,57;-0,08000000000000007;-1,7505470459518613;4,819333333333333;4,89;-0,39999999999999947;4,49;0,0;0,0;17;False
PETROX COMERCIAL LTDA;05297480001009;CENTRO;ETANOL;28/10/2024;4,39;PETROX DISTRIBUIDORA;4,49;-0,10000000000000053;-2,2271714922049117;4,79875;4,89;-0,5;4,39;0,0;0,0;17;False
PETROX COMERCIAL LTDA;05297480001009;CENTRO;GASOLINA;09/07/2024;6,37;PETROX DISTRIBUIDORA;;;;;;;6,3100000000000005;0,05999999999999961;0,9508716323296293;17;False
PETROX COMERCIAL LTDA;05297480001009;CENTRO;GASOLINA;16/07/2024;6,37;PETROX DISTRIBUIDORA;6,37;0,0;0,0;6,37;6,37;0,0;6,32;0,04999999999999982;0,7911392405063262;17;False
PETROX COMERCIAL LTDA;05297480001009;CENTRO;GASOLINA;22/07/2024;6,37;PETROX DISTRIBUIDORA;6,37;0,0;0,0;6,37;6,37;0,0;6,32;0,04999999999999982;0,7911392405063262;17;False
PETROX COMERCIAL LTDA;05297480001009;CENTRO;GASOLINA;29/07/2024;6,53;PETROX DISTRIBUIDORA;6,37;0,16000000000000014;2,511773940345371;6,37;6,37;0,16000000000000014;6,51;0,020000000000000462;0,30721966205837886;17;False
PETROX COMERCIAL LTDA;05297480001009;CENTRO;GASOLINA;06/08/2024;6,53;PETROX DISTRIBUIDORA;6,53;0,0;0,0;6,41;6,37;0,16000000000000014;6,49;0,040000000000000036;0,6163328197226507;17;False
PETROX COMERCIAL LTDA;05297480001009;CENTRO;GASOLINA;12/08/2024;6,49;PETROX DISTRIBUIDORA;6,53;-0,040000000000000036;-0,612557427258806;6,434;6,37;0,1200000000000001;6,47;0,020000000000000462;0,30911901081917253;17;False
PETROX COMERCIAL LTDA;05297480001009;CENTRO;GASOLINA;19/08/2024;6,49;PETROX DISTRIBUIDORA;6,49;0,0;0,0;6,443333333333334;6,43;0,0600000000000005;6,47;0,020000000000000462;0,30911901081917253;17;False
PETROX COMERCIAL LTDA;05297480001009;CENTRO;GASOLINA;26/08/2024;6,49;PETROX DISTRIBUIDORA;6,49;0,0;0,0;6,45;6,49;0,0;6,47;0,020000000000000462;0,30911901081917253;17;False
PETROX COMERCIAL LTDA;05297480001009;CENTRO;GASOLINA;03/09/2024;6,49;PETROX DISTRIBUIDORA;6,49;0,0;0,0;6,455;6,49;0,0;6,47;0,020000000000000462;0,30911901081917253;17;False
PETROX COMERCIAL LTDA;05297480001009;CENTRO;GASOLINA;09/09/2024;6,49;PETROX DISTRIBUIDORA;6,49;0,0;0,0;6,45888888888889;6,49;0,0;6,47;0,020000000000000462;0,30911901081917253;17;False
PETROX COMERCIAL LTDA;05297480001009;CENTRO;GASOLINA;17/09/2024;6,27;PETROX DISTRIBUIDORA;6,49;-0,22000000000000064;-3,389830508474586;6,462000000000001;6,49;-0,22000000000000064;6,27;0,0;0,0;17;False
PETROX COMERCIAL LTDA;05297480001009;CENTRO;GASOLINA;24/09/2024;6,27;PETROX DISTRIBUIDORA;6,27;0,0;0,0;6,444545454545454;6,49;-0,22000000000000064;6,27;0,0;0,0;17;False
PETROX COMERCIAL LTDA;05297480001009;CENTRO;GASOLINA;30/09/2024;6,27;PETROX DISTRIBUIDORA;6,27;0,0;0,0;6,43;6,49;-0,22000000000000064;6,27;0,0;0,0;17;False
PETROX COMERCIAL LTDA;05297480001009;CENTRO;GASOLINA;07/10/2024;6,27;PETROX DISTRIBUIDORA;6,27;0,0;0,0;6,417692307692308;6,49;-0,22000000000000064;6,27;0,0;0,0;17;False
PETROX COMERCIAL LTDA;05297480001009;CENTRO;GASOLINA;15/10/2024;6,27;PETROX DISTRIBUIDORA;6,27;0,0;0,0;6,4071428571428575;6,43;-0,16000000000000014;6,22;0,04999999999999982;0,8038585209003187;17;False
PETROX COMERCIAL LTDA;05297480001009;CENTRO;GASOLINA;21/10/2024;5,99;PETROX DISTRIBUIDORA;6,27;-0,27999999999999936;-4,465709728867614;6,398;6,37;-0,3799999999999999;5,95;0,040000000000000036;0,6722689075630258;17;False
PETROX COMERCIAL LTDA;05297480001009;CENTRO;GASOLINA;28/10/2024;5,99;PETROX DISTRIBUIDORA;5,99;0,0;0,0;6,3725;6,37;-0,3799999999999999;5,92;0,07000000000000028;1,1824324324324371;17;False
PETROX COMERCIAL LTDA;05297480001009;CENTRO;GASOLINA ADITIVADA;09/07/2024;6,37;PETROX DISTRIBUIDORA;;;;;;;6,335;0,03500000000000014;0,5524861878453061;17;False
PETROX COMERCIAL LTDA;05297480001009;CENTRO;GASOLINA ADITIVADA;16/07/2024;6,37;PETROX DISTRIBUIDORA;6,37;0,0;0,0;6,37;6,37;0,0;6,37;0,0;0,0;17;False
PETROX COMERCIAL LTDA;05297480001009;CENTRO;GASOLINA ADITIVADA;22/07/2024;6,37;PETROX DISTRIBUIDORA;6,37;0,0;0,0;6,37;6,37;0,0;6,335;0,03500000000000014;0,5524861878453061;17;False
PETROX COMERCIAL LTDA;05297480001009;CENTRO;GASOLINA ADITIVADA;29/07/2024;6,53;PETROX DISTRIBUIDORA;6,37;0,16000000000000014;2,511773940345371;6,37;6,37;0,16000000000000014;6,53;0,0;0,0;17;False
PETROX COMERCIAL LTDA;05297480001009;CENTRO;GASOLINA ADITIVADA;06/08/2024;6,53;PETROX DISTRIBUIDORA;6,53;0,0;0,0;6,41;6,37;0,16000000000000014;6,5600000000000005;-0,03000000000000025;-0,4573170731707355;17;False
PETROX COMERCIAL LTDA;05297480001009;CENTRO;GASOLINA ADITIVADA;12/08/2024;6,49;PETROX DISTRIBUIDORA;6,53;-0,040000000000000036;-0,612557427258806;6,434;6,37;0,1200000000000001;6,535;-0,04499999999999993;-0,6885998469778107;17;False
PETROX COMERCIAL LTDA;05297480001009;CENTRO;GASOLINA ADITIVADA;19/08/2024;6,49;PETROX DISTRIBUIDORA;6,49;0,0;0,0;6,443333333333334;6,43;0,0600000000000005;6,52;-0,02999999999999936;-0,4601226993864933;17;False
PETROX COMERCIAL LTDA;05297480001009;CENTRO;GASOLINA ADITIVADA;26/08/2024;6,49;PETROX DISTRIBUIDORA;6,49;0,0;0,0;6,45;6,49;0,0;6,52;-0,02999999999999936;-0,4601226993864933;17;False
PETROX COMERCIAL LTDA;05297480001009;CENTRO;GASOLINA ADITIVADA;03/09/2024;6,49;PETROX DISTRIBUIDORA;6,49;0,0;0,0;6,455;6,49;0,0;6,52;-0,02999999999999936;-0,4601226993864933;17;False
PETROX COMERCIAL LTDA;05297480001009;CENTRO;GASOLINA ADITIVADA;09/09/2024;6,49;PETROX DISTRIBUIDORA;6,49;0,0;0,0;6,45888888888889;6,49;0,0;6,52;-0,02999999999999936;-0,4601226993864933;17;False
PETROX COMERCIAL LTDA;05297480001009;CENTRO;GASOLINA ADITIVADA;17/09/2024;6,27;PETROX DISTRIBUIDORA;6,49;-0,22000000000000064;-3,389830508474586;6,462000000000001;6,49;-0,22000000000000064;6,32;-0,05000000000000071;-0,7911392405063402;17;False
PETROX COMERCIAL LTDA;05297480001009;CENTRO;GASOLINA ADITIVADA;24/09/2024;6,27;PETROX DISTRIBUIDORA;6,27;0,0;0,0;6,444545454545454;6,49;-0,22000000000000064;6,324999999999999;-0,054999999999999716;-0,8695652173913;17;False
PETROX COMERCIAL LTDA;05297480001009;CENTRO;GASOLINA ADITIVADA;30/09/2024;6,27;PETROX DISTRIBUIDORA;6,27;0,0;0,0;6,43;6,49;-0,22000000000000064;6,324999999999999;-0,054999999999999716;-0,8695652173913;17;False
PETROX COMERCIAL LTDA;05297480001009;CENTRO;GASOLINA ADITIVADA;07/10/2024;6,27;PETROX DISTRIBUIDORA;6,27;0,0;0,0;6,417692307692308;6,49;-0,22000000000000064;6,324999999999999;-0,054999999999999716;-0,8695652173913;17;False
PETROX COMERCIAL LTDA;05297480001009;CENTRO;GASOLINA ADITIVADA;15/10/2024;6,27;PETROX DISTRIBUIDORA;6,27;0,0;0,0;6,4071428571428575;6,43;-0,16000000000000014;6,27;0,0;0,0;17;False
PETROX COMERCIAL LTDA;05297480001009;CENTRO;GASOLINA ADITIVADA;21/10/2024;5,99;PETROX DISTRIBUIDORA;6,27;-0,27999999999999936;-4,465709728867614;6,398;6,37;-0,3799999999999999;5,99;0,0;0,0;17;False
PETROX COMERCIAL LTDA;05297480001009;CENTRO;GASOLINA ADITIVADA;28/10/2024;5,99;PETROX DISTRIBUIDORA;5,99;0,0;0,0;6,3725;6,37;-0,3799999999999999;5,99;0,0;0,0;17;False
PETROX COMERCIAL LTDA;05297480001190;PONTO NOVO;DIESEL S10;10/07/2024;5,99;PETROX DISTRIBUIDORA;;;;;;;5,895;0,09500000000000064;1,6115351993214697;17;False
PETROX COMERCIAL LTDA;05297480001190;PONTO NOVO;DIESEL S10;17/07/2024;5,99;PETROX DISTRIBUIDORA;5,99;0,0;0,0;5,99;5,99;0,0;5,99;0,0;0,0;17;False
PETROX COMERCIAL LTDA;05297480001190;PONTO NOVO;DIESEL S10;23/07/2024;5,99;PETROX DISTRIBUIDORA;5,99;0,0;0,0;5,99;5,99;0,0;6,1850000000000005;-0,19500000000000028;-3,1527890056588563;17;False
PETROX COMERCIAL LTDA;05297480001190;PONTO NOVO;DIESEL S10;30/07/2024;6,29;PETROX DISTRIBUIDORA;5,99;0,2999999999999998;5,008347245409012;5,99;5,99;0,2999999999999998;6,335;-0,04499999999999993;-0,7103393843725324;17;False
PETROX COMERCIAL LTDA;05297480001190;PONTO NOVO;DIESEL S10;06/08/2024;6,29;PETROX DISTRIBUIDORA;6,29;0,0;0,0;6,065;5,99;0,2999999999999998;6,275;0,01499999999999968;0,2390438247011901;17;False
PETROX COMERCIAL LTDA;05297480001190;PONTO NOVO;DIESEL S10;12/08/2024;6,29;PETROX DISTRIBUIDORA;6,29;0,0;0,0;6,11;5,99;0,2999999999999998;6,275;0,01499999999999968;0,2390438247011901;17;False
PETROX COMERCIAL LTDA;05297480001190;PONTO NOVO;DIESEL S10;19/08/2024;6,29;PETROX DISTRIBUIDORA;6,29;0,0;0,0;6,140000000000001;6,140000000000001;0,14999999999999947;6,275;0,01499999999999968;0,2390438247011901;17;False
PETROX COMERCIAL LTDA;05297480001190;PONTO NOVO;DIESEL S10;26/08/2024;6,29;PETROX DISTRIBUIDORA;6,29;0,0;0,0;6,161428571428572;6,29;0,0;6,275;0,01499999999999968;0,2390438247011901;17;False
PETROX COMERCIAL LTDA;05297480001190;PONTO NOVO;DIESEL S10;03/09/2024;6,29;PETROX DISTRIBUIDORA;6,29;0,0;0,0;6,1775;6,29;0,0;6,275;0,01499999999999968;0,2390438247011901;17;False
PETROX COMERCIAL LTDA;05297480001190;PONTO NOVO;DIESEL S10;09/09/2024;6,29;PETROX DISTRIBUIDORA;6,29;0,0;0,0;6,19;6,29;0,0;6,275;0,01499999999999968;0,2390438247011901;17;False
PETROX COMERCIAL LTDA;05297480001190;PONTO NOVO;DIESEL S10;17/09/2024;6,08;PETROX DISTRIBUIDORA;6,29;-0,20999999999999996;-3,3386327503974558;6,2;6,29;-0,20999999999999996;6,08;0,0;0,0;17;False
PETROX COMERCIAL LTDA;05297480001190;PONTO NOVO;DIESEL S10;24/09/2024;6,08;PETROX DISTRIBUIDORA;6,08;0,0;0,0;6,1890909090909085;6,29;-0,20999999999999996;6,08;0,0;0,0;17;False
PETROX COMERCIAL LTDA;05297480001190;PONTO NOVO;DIESEL S10;30/09/2024;6,08;PETROX DISTRIBUIDORA;6,08;0,0;0,0;6,18;6,29;-0,20999999999999996;6,08;0,0;0,0;17;False
PETROX COMERCIAL LTDA;05297480001190;PONTO NOVO;DIESEL S10;07/10/2024;6,08;PETROX DISTRIBUIDORA;6,08;0,0;0,0;6,172307692307692;6,29;-0,20999999999999996;6,08;0,0;0,0;17;False
PETROX COMERCIAL LTDA;05297480001190;PONTO NOVO;DIESEL S10;15/10/2024;6,08;PETROX DISTRIBUIDORA;6,08;0,0;0,0;6,165714285714286;6,1850000000000005;-0,10500000000000043;6,08;0,0;0,0;17;False
PETROX COMERCIAL LTDA;05297480001190;PONTO NOVO;DIESEL S10;21/10/2024;5,95;PETROX DISTRIBUIDORA;6,08;-0,1299999999999999;-2,1381578947368403;6,16;6,08;-0,1299999999999999;5,970000000000001;-0,020000000000000462;-0,3350083752093879;17;False
PETROX COMERCIAL LTDA;05297480001190;PONTO NOVO;DIESEL S10;28/10/2024;5,95;PETROX DISTRIBUIDORA;5,95;0,0;0,0;6,146875;6,08;-0,1299999999999999;5,95;0,0;0,0;17;False
PETROX COMERCIAL LTDA;05297480001190;PONTO NOVO;ETANOL;10/07/2024;4,89;PETROX DISTRIBUIDORA;;;;;;;4,735;0,15499999999999936;3,273495248152045;17;False
PETROX COMERCIAL LTDA;05297480001190;PONTO NOVO;ETANOL;17/07/2024;4,89;PETROX DISTRIBUIDORA;4,89;0,0;0,0;4,89;4,89;0,0;4,78;0,10999999999999943;2,301255230125511;17;False
PETROX COMERCIAL LTDA;05297480001190;PONTO NOVO;ETANOL;23/07/2024;4,99;PETROX DISTRIBUIDORA;4,89;0,10000000000000053;2,0449897750511354;4,89;4,89;0,10000000000000053;4,99;0,0;0,0;17;False
PETROX COMERCIAL LTDA;05297480001190;PONTO NOVO;ETANOL;30/07/2024;4,89;PETROX DISTRIBUIDORA;4,99;-0,10000000000000053;-2,004008016032075;4,923333333333333;4,89;0,0;4,89;0,0;0,0;17;False
PETROX COMERCIAL LTDA;05297480001190;PONTO NOVO;ETANOL;06/08/2024;4,89;PETROX DISTRIBUIDORA;4,89;0,0;0,0;4,915;4,89;0,0;4,89;0,0;0,0;17;False
PETROX COMERCIAL LTDA;05297480001190;PONTO NOVO;ETANOL;12/08/2024;4,89;PETROX DISTRIBUIDORA;4,89;0,0;0,0;4,909999999999999;4,89;0,0;4,89;0,0;0,0;17;False
PETROX COMERCIAL LTDA;05297480001190;PONTO NOVO;ETANOL;19/08/2024;4,89;PETROX DISTRIBUIDORA;4,89;0,0;0,0;4,906666666666666;4,89;0,0;4,89;0,0;0,0;17;False
PETROX COMERCIAL LTDA;05297480001190;PONTO NOVO;ETANOL;26/08/2024;4,89;PETROX DISTRIBUIDORA;4,89;0,0;0,0;4,904285714285714;4,89;0,0;4,89;0,0;0,0;17;False
PETROX COMERCIAL LTDA;05297480001190;PONTO NOVO;ETANOL;03/09/2024;4,89;PETROX DISTRIBUIDORA;4,89;0,0;0,0;4,9025;4,89;0,0;4,89;0,0;0,0;17;False
PETROX COMERCIAL LTDA;05297480001190;PONTO NOVO;ETANOL;09/09/2024;4,89;PETROX DISTRIBUIDORA;4,89;0,0;0,0;4,901111111111111;4,89;0,0;4,89;0,0;0,0;17;False
PETROX COMERCIAL LTDA;05297480001190;PONTO NOVO;ETANOL;17/09/2024;4,75;PETROX DISTRIBUIDORA;4,89;-0,13999999999999968;-2,8629856850715685;4,9;4,89;-0,13999999999999968;4,79;-0,040000000000000036;-0,835073068893529;17;False
PETROX COMERCIAL LTDA;05297480001190;PONTO NOVO;ETANOL;24/09/2024;4,75;PETROX DISTRIBUIDORA;4,75;0,0;0,0;4,886363636363637;4,89;-0,13999999999999968;4,75;0,0;0,0;17;False
PETROX COMERCIAL LTDA;05297480001190;PONTO NOVO;ETANOL;30/09/2024;4,75;PETROX DISTRIBUIDORA;4,75;0,0;0,0;4,875;4,89;-0,13999999999999968;4,75;0,0;0,0;17;False
PETROX COMERCIAL LTDA;05297480001190;PONTO NOVO;ETANOL;07/10/2024;4,57;PETROX DISTRIBUIDORA;4,75;-0,17999999999999972;-3,7894736842105203;4,865384615384615;4,89;-0,3199999999999994;4,59;-0,019999999999999574;-0,43572984749454413;17;False
PETROX COMERCIAL LTDA;05297480001190;PONTO NOVO;ETANOL;15/10/2024;4,57;PETROX DISTRIBUIDORA;4,57;0,0;0,0;4,844285714285713;4,89;-0,3199999999999994;4,5600000000000005;0,009999999999999787;0,21929824561403038;17;False
PETROX COMERCIAL LTDA;05297480001190;PONTO NOVO;ETANOL;21/10/2024;4,49;PETROX DISTRIBUIDORA;4,57;-0,08000000000000007;-1,7505470459518613;4,826;4,89;-0,39999999999999947;4,49;0,0;0,0;17;False
PETROX COMERCIAL LTDA;05297480001190;PONTO NOVO;ETANOL;28/10/2024;4,39;PETROX DISTRIBUIDORA;4,49;-0,10000000000000053;-2,2271714922049117;4,805;4,89;-0,5;4,39;0,0;0,0;17;False
PETROX COMERCIAL LTDA;05297480001190;PONTO NOVO;GASOLINA;10/07/2024;6,38;PETROX DISTRIBUIDORA;;;;;;;6,37;0,009999999999999787;0,1569858712715822;17;False
PETROX COMERCIAL LTDA;05297480001190;PONTO NOVO;GASOLINA;17/07/2024;6,38;PETROX DISTRIBUIDORA;6,38;0,0;0,0;6,38;6,38;0,0;6,375;0,004999999999999893;0,07843137254901794;17;False
PETROX COMERCIAL LTDA;05297480001190;PONTO NOVO;GASOLINA;23/07/2024;6,58;PETROX DISTRIBUIDORA;6,38;0,20000000000000018;3,134796238244517;6,38;6,38;0,20000000000000018;6,575;0,004999999999999893;0,07604562737642423;17;False
PETROX COMERCIAL LTDA;05297480001190;PONTO NOVO;GASOLINA;30/07/2024;6,53;PETROX DISTRIBUIDORA;6,58;-0,04999999999999982;-0,7598784194528849;6,446666666666666;6,38;0,15000000000000036;6,5;0,03000000000000025;0,4615384615384654;17;False
PETROX COMERCIAL LTDA;05297480001190;PONTO NOVO;GASOLINA;06/08/2024;6,53;PETROX DISTRIBUIDORA;6,53;0,0;0,0;6,4675;6,455;0,07500000000000018;6,49;0,040000000000000036;0,6163328197226507;17;False
PETROX COMERCIAL LTDA;05297480001190;PONTO NOVO;GASOLINA;12/08/2024;6,49;PETROX DISTRIBUIDORA;6,53;-0,040000000000000036;-0,612557427258806;6,4799999999999995;6,53;-0,040000000000000036;6,47;0,020000000000000462;0,30911901081917253;17;False
PETROX COMERCIAL LTDA;05297480001190;PONTO NOVO;GASOLINA;19/08/2024;6,49;PETROX DISTRIBUIDORA;6,49;0,0;0,0;6,4816666666666665;6,51;-0,019999999999999574;6,47;0,020000000000000462;0,30911901081917253;17;False
PETROX COMERCIAL LTDA;05297480001190;PONTO NOVO;GASOLINA;26/08/2024;6,49;PETROX DISTRIBUIDORA;6,49;0,0;0,0;6,482857142857143;6,49;0,0;6,47;0,020000000000000462;0,30911901081917253;17;False
PETROX COMERCIAL LTDA;05297480001190;PONTO NOVO;GASOLINA;03/09/2024;6,49;PETROX DISTRIBUIDORA;6,49;0,0;0,0;6,483750000000001;6,49;0,0;6,47;0,020000000000000462;0,30911901081917253;17;False
PETROX COMERCIAL LTDA;05297480001190;PONTO NOVO;GASOLINA;09/09/2024;6,49;PETROX DISTRIBUIDORA;6,49;0,0;0,0;6,484444444444445;6,49;0,0;6,47;0,020000000000000462;0,30911901081917253;17;False
PETROX COMERCIAL LTDA;05297480001190;PONTO NOVO;GASOLINA;17/09/2024;6,27;PETROX DISTRIBUIDORA;6,49;-0,22000000000000064;-3,389830508474586;6,484999999999999;6,49;-0,22000000000000064;6,27;0,0;0,0;17;False
PETROX COMERCIAL LTDA;05297480001190;PONTO NOVO;GASOLINA;24/09/2024;6,27;PETROX DISTRIBUIDORA;6,27;0,0;0,0;6,465454545454546;6,49;-0,22000000000000064;6,27;0,0;0,0;17;False
PETROX COMERCIAL LTDA;05297480001190;PONTO NOVO;GASOLINA;30/09/2024;6,27;PETROX DISTRIBUIDORA;6,27;0,0;0,0;6,449166666666667;6,49;-0,22000000000000064;6,27;0,0;0,0;17;False
PETROX COMERCIAL LTDA;05297480001190;PONTO NOVO;GASOLINA;07/10/2024;6,27;PETROX DISTRIBUIDORA;6,27;0,0;0,0;6,435384615384615;6,49;-0,22000000000000064;6,27;0,0;0,0;17;False
PETROX COMERCIAL LTDA;05297480001190;PONTO NOVO;GASOLINA;15/10/2024;6,27;PETROX DISTRIBUIDORA;6,27;0,0;0,0;6,423571428571429;6,49;-0,22000000000000064;6,22;0,04999999999999982;0,8038585209003187;17;False
PETROX COMERCIAL LTDA;05297480001190;PONTO NOVO;GASOLINA;21/10/2024;5,99;PETROX DISTRIBUIDORA;6,27;-0,27999999999999936;-4,465709728867614;6,413333333333333;6,49;-0,5;5,95;0,040000000000000036;0,6722689075630258;17;False
PETROX COMERCIAL LTDA;05297480001190;PONTO NOVO;GASOLINA;28/10/2024;5,99;PETROX DISTRIBUIDORA;5,99;0,0;0,0;6,386875;6,4350000000000005;-0,4450000000000003;5,92;0,07000000000000028;1,1824324324324371;17;False
PETROX COMERCIAL LTDA;05297480001190;PONTO NOVO;GASOLINA ADITIVADA;10/07/2024;6,38;PETROX DISTRIBUIDORA;;;;;;;6,51;-0,1299999999999999;-1,996927803379415;17;False
PETROX COMERCIAL LTDA;05297480001190;PONTO NOVO;GASOLINA ADITIVADA;17/07/2024;6,38;PETROX DISTRIBUIDORA;6,38;0,0;0,0;6,38;6,38;0,0;6,57;-0,1900000000000004;-2,891933028919336;17;False
PETROX COMERCIAL LTDA;05297480001190;PONTO NOVO;GASOLINA ADITIVADA;23/07/2024;6,58;PETROX DISTRIBUIDORA;6,38;0,20000000000000018;3,134796238244517;6,38;6,38;0,20000000000000018;6,63;-0,04999999999999982;-0,7541478129713397;17;False
PETROX COMERCIAL LTDA;05297480001190;PONTO NOVO;GASOLINA ADITIVADA;30/07/2024;6,53;PETROX DISTRIBUIDORA;6,58;-0,04999999999999982;-0,7598784194528849;6,446666666666666;6,38;0,15000000000000036;6,69;-0,16000000000000014;-2,3916292974588957;17;False
PETROX COMERCIAL LTDA;05297480001190;PONTO NOVO;GASOLINA ADITIVADA;06/08/2024;6,53;PETROX DISTRIBUIDORA;6,53;0,0;0,0;6,4675;6,455;0,07500000000000018;6,5600000000000005;-0,03000000000000025;-0,4573170731707355;17;False
PETROX COMERCIAL LTDA;05297480001190;PONTO NOVO;GASOLINA ADITIVADA;12/08/2024;6,49;PETROX DISTRIBUIDORA;6,53;-0,040000000000000036;-0,612557427258806;6,4799999999999995;6,53;-0,040000000000000036;6,535;-0,04499999999999993;-0,6885998469778107;17;False
PETROX COMERCIAL LTDA;05297480001190;PONTO NOVO;GASOLINA ADITIVADA;19/08/2024;6,49;PETROX DISTRIBUIDORA;6,49;0,0;0,0;6,4816666666666665;6,51;-0,019999999999999574;6,52;-0,02999999999999936;-0,4601226993864933;17;False
PETROX COMERCIAL LTDA;05297480001190;PONTO NOVO;GASOLINA ADITIVADA;26/08/2024;6,49;PETROX DISTRIBUIDORA;6,49;0,0;0,0;6,482857142857143;6,49;0,0;6,52;-0,02999999999999936;-0,4601226993864933;17;False
PETROX COMERCIAL LTDA;05297480001190;PONTO NOVO;GASOLINA ADITIVADA;03/09/2024;6,49;PETROX DISTRIBUIDORA;6,49;0,0;0,0;6,483750000000001;6,49;0,0;6,52;-0,02999999999999936;-0,4601226993864933;17;False
PETROX COMERCIAL LTDA;05297480001190;PONTO NOVO;GASOLINA ADITIVADA;09/09/2024;6,49;PETROX DISTRIBUIDORA;6,49;0,0;0,0;6,484444444444445;6,49;0,0;6,52;-0,02999999999999936;-0,4601226993864933;17;False
PETROX COMERCIAL LTDA;05297480001190;PONTO NOVO;GASOLINA ADITIVADA;17/09/2024;6,27;PETROX DISTRIBUIDORA;6,49;-0,22000000000000064;-3,389830508474586;6,484999999999999;6,49;-0,22000000000000064;6,32;-0,05000000000000071;-0,7911392405063402;17;False
PETROX COMERCIAL LTDA;05297480001190;PONTO NOVO;GASOLINA ADITIVADA;24/09/2024;6,27;PETROX DISTRIBUIDORA;6,27;0,0;0,0;6,465454545454546;6,49;-0,22000000000000064;6,324999999999999;-0,054999999999999716;-0,8695652173913;17;False
PETROX COMERCIAL LTDA;05297480001190;PONTO NOVO;GASOLINA ADITIVADA;30/09/2024;6,27;PETROX DISTRIBUIDORA;6,27;0,0;0,0;6,449166666666667;6,49;-0,22000000000000064;6,324999999999999;-0,054999999999999716;-0,8695652173913;17;False
PETROX COMERCIAL LTDA;05297480001190;PONTO NOVO;GASOLINA ADITIVADA;07/10/2024;6,27;PETROX DISTRIBUIDORA;6,27;0,0;0,0;6,435384615384615;6,49;-0,22000000000000064;6,324999999999999;-0,054999999999999716;-0,8695652173913;17;False
PETROX COMERCIAL LTDA;05297480001190;PONTO NOVO;GASOLINA ADITIVADA;15/10/2024;6,27;PETROX DISTRIBUIDORA;6,27;0,0;0,0;6,423571428571429;6,49;-0,22000000000000064;6,27;0,0;0,0;17;False
PETROX COMERCIAL LTDA;05297480001190;PONTO NOVO;GASOLINA ADITIVADA;21/10/2024;5,99;PETROX DISTRIBUIDORA;6,27;-0,27999999999999936;-4,465709728867614;6,413333333333333;6,49;-0,5;5,99;0,0;0,0;17;False
PETROX COMERCIAL LTDA;05297480001190;PONTO NOVO;GASOLINA ADITIVADA;28/10/2024;5,99;PETROX DISTRIBUIDORA;5,99;0,0;0,0;6,386875;6,4350000000000005;-0,4450000000000003;5,99;0,0;0,0;17;False
PETROX COMERCIAL LTDA;05297480002242;JABOTIANA;ETANOL;10/07/2024;4,89;PETROX DISTRIBUIDORA;;;;;;;4,735;0,15499999999999936;3,273495248152045;14;False
PETROX COMERCIAL LTDA;05297480002242;JABOTIANA;ETANOL;17/07/2024;4,89;PETROX DISTRIBUIDORA;4,89;0,0;0,0;4,89;4,89;0,0;4,78;0,10999999999999943;2,301255230125511;14;False
PETROX COMERCIAL LTDA;05297480002242;JABOTIANA;ETANOL;23/07/2024;4,99;PETROX DISTRIBUIDORA;4,89;0,10000000000000053;2,0449897750511354;4,89;4,89;0,10000000000000053;4,99;0,0;0,0;14;False
PETROX COMERCIAL LTDA;05297480002242;JABOTIANA;ETANOL;30/07/2024;4,89;PETROX DISTRIBUIDORA;4,99;-0,10000000000000053;-2,004008016032075;4,923333333333333;4,89;0,0;4,89;0,0;0,0;14;False
PETROX COMERCIAL LTDA;05297480002242;JABOTIANA;ETANOL;06/08/2024;4,89;PETROX DISTRIBUIDORA;4,89;0,0;0,0;4,915;4,89;0,0;4,89;0,0;0,0;14;False
PETROX COMERCIAL LTDA;05297480002242;JABOTIANA;ETANOL;12/08/2024;4,89;PETROX DISTRIBUIDORA;4,89;0,0;0,0;4,909999999999999;4,89;0,0;4,89;0,0;0,0;14;False
PETROX COMERCIAL LTDA;05297480002242;JABOTIANA;ETANOL;19/08/2024;4,89;PETROX DISTRIBUIDORA;4,89;0,0;0,0;4,906666666666666;4,89;0,0;4,89;0,0;0,0;14;False
PETROX COMERCIAL LTDA;05297480002242;JABOTIANA;ETANOL;26/08/2024;4,89;PETROX DISTRIBUIDORA;4,89;0,0;0,0;4,904285714285714;4,89;0,0;4,89;0,0;0,0;14;False
PETROX COMERCIAL LTDA;05297480002242;JABOTIANA;ETANOL;03/09/2024;4,89;PETROX DISTRIBUIDORA;4,89;0,0;0,0;4,9025;4,89;0,0;4,89;0,0;0,0;14;False
PETROX COMERCIAL LTDA;05297480002242;JABOTIANA;ETANOL;09/09/2024;4,89;PETROX DISTRIBUIDORA;4,89;0,0;0,0;4,901111111111111;4,89;0,0;4,89;0,0;0,0;14;False
PETROX COMERCIAL LTDA;05297480002242;JABOTIANA;ETANOL;17/09/2024;4,75;PETROX DISTRIBUIDORA;4,89;-0,13999999999999968;-2,8629856850715685;4,9;4,89;-0,13999999999999968;4,79;-0,040000000000000036;-0,835073068893529;14;False
PETROX COMERCIAL LTDA;05297480002242;JABOTIANA;ETANOL;24/09/2024;4,75;PETROX DISTRIBUIDORA;4,75;0,0;0,0;4,886363636363637;4,89;-0,13999999999999968;4,75;0,0;0,0;14;False
PETROX COMERCIAL LTDA;05297480002242;JABOTIANA;ETANOL;30/09/2024;4,75;PETROX DISTRIBUIDORA;4,75;0,0;0,0;4,875;4,89;-0,13999999999999968;4,75;0,0;0,0;14;False
PETROX COMERCIAL LTDA;05297480002242;JABOTIANA;ETANOL;07/10/2024;4,57;PETROX DISTRIBUIDORA;4,75;-0,17999999999999972;-3,7894736842105203;4,865384615384615;4,89;-0,3199999999999994;4,59;-0,019999999999999574;-0,43572984749454413;14;False
PETROX COMERCIAL LTDA;05297480002242;JABOTIANA;GASOLINA;10/07/2024;6,38;PETROX DISTRIBUIDORA;;;;;;;6,37;0,009999999999999787;0,1569858712715822;14;False
PETROX COMERCIAL LTDA;05297480002242;JABOTIANA;GASOLINA;17/07/2024;6,38;PETROX DISTRIBUIDORA;6,38;0,0;0,0;6,38;6,38;0,0;6,375;0,004999999999999893;0,07843137254901794;14;False
PETROX COMERCIAL LTDA;05297480002242;JABOTIANA;GASOLINA;23/07/2024;6,58;PETROX DISTRIBUIDORA;6,38;0,20000000000000018;3,134796238244517;6,38;6,38;0,20000000000000018;6,575;0,004999999999999893;0,07604562737642423;14;False
PETROX COMERCIAL LTDA;05297480002242;JABOTIANA;GASOLINA;30/07/2024;6,53;PETROX DISTRIBUIDORA;6,58;-0,04999999999999982;-0,7598784194528849;6,446666666666666;6,38;0,15000000000000036;6,5;0,03000000000000025;0,4615384615384654;14;False
PETROX COMERCIAL LTDA;05297480002242;JABOTIANA;GASOLINA;06/08/2024;6,53;PETROX DISTRIBUIDORA;6,53;0,0;0,0;6,4675;6,455;0,07500000000000018;6,49;0,040000000000000036;0,6163328197226507;14;False
PETROX COMERCIAL LTDA;05297480002242;JABOTIANA;GASOLINA;12/08/2024;6,47;PETROX DISTRIBUIDORA;6,53;-0,0600000000000005;-0,9188361408882159;6,4799999999999995;6,53;-0,0600000000000005;6,47;0,0;0,0;14;False
PETROX COMERCIAL LTDA;05297480002242;JABOTIANA;GASOLINA;19/08/2024;6,47;PETROX DISTRIBUIDORA;6,47;0,0;0,0;6,478333333333333;6,5;-0,03000000000000025;6,47;0,0;0,0;14;False
PETROX COMERCIAL LTDA;05297480002242;JABOTIANA;GASOLINA;26/08/2024;6,47;PETROX DISTRIBUIDORA;6,47;0,0;0,0;6,477142857142858;6,47;0,0;6,47;0,0;0,0;14;False
PETROX COMERCIAL LTDA;05297480002242;JABOTIANA;GASOLINA;03/09/2024;6,47;PETROX DISTRIBUIDORA;6,47;0,0;0,0;6,47625;6,47;0,0;6,47;0,0;0,0;14;False
PETROX COMERCIAL LTDA;05297480002242;JABOTIANA;GASOLINA;09/09/2024;6,47;PETROX DISTRIBUIDORA;6,47;0,0;0,0;6,475555555555555;6,47;0,0;6,47;0,0;0,0;14;False
PETROX COMERCIAL LTDA;05297480002242;JABOTIANA;GASOLINA;17/09/2024;6,27;PETROX DISTRIBUIDORA;6,47;-0,20000000000000018;-3,0911901081916566;6,475;6,47;-0,20000000000000018;6,27;0,0;0,0;14;False
PETROX COMERCIAL LTDA;05297480002242;JABOTIANA;GASOLINA;24/09/2024;6,27;PETROX DISTRIBUIDORA;6,27;0,0;0,0;6,456363636363636;6,47;-0,20000000000000018;6,27;0,0;0,0;14;False
PETROX COMERCIAL LTDA;05297480002242;JABOTIANA;GASOLINA;30/09/2024;6,27;PETROX DISTRIBUIDORA;6,27;0,0;0,0;6,440833333333333;6,47;-0,20000000000000018;6,27;0,0;0,0;14;False
PETROX COMERCIAL LTDA;05297480002242;JABOTIANA;GASOLINA;07/10/2024;6,27;PETROX DISTRIBUIDORA;6,27;0,0;0,0;6,427692307692308;6,47;-0,20000000000000018;6,27;0,0;0,0;14;False
PETROX COMERCIAL LTDA;05297480002242;JABOTIANA;GASOLINA ADITIVADA;10/07/2024;6,38;PETROX DISTRIBUIDORA;;;;;;;6,51;-0,1299999999999999;-1,996927803379415;14;False
PETROX COMERCIAL LTDA;05297480002242;JABOTIANA;GASOLINA ADITIVADA;17/07/2024;6,38;PETROX DISTRIBUIDORA;6,38;0,0;0,0;6,38;6,38;0,0;6,57;-0,1900000000000004;-2,891933028919336;14;False
PETROX COMERCIAL LTDA;05297480002242;JABOTIANA;GASOLINA ADITIVADA;23/07/2024;6,58;PETROX DISTRIBUIDORA;6,38;0,20000000000000018;3,134796238244517;6,38;6,38;0,20000000000000018;6,63;-0,04999999999999982;-0,7541478129713397;14;False
PETROX COMERCIAL LTDA;05297480002242;JABOTIANA;GASOLINA ADITIVADA;30/07/2024;6,53;PETROX DISTRIBUIDORA;6,58;-0,04999999999999982;-0,7598784194528849;6,446666666666666;6,38;0,15000000000000036;6,69;-0,16000000000000014;-2,3916292974588957;14;False
PETROX COMERCIAL LTDA;05297480002242;JABOTIANA;GASOLINA ADITIVADA;06/08/2024;6,53;PETROX DISTRIBUIDORA;6,53;0,0;0,0;6,4675;6,455;0,07500000000000018;6,5600000000000005;-0,03000000000000025;-0,4573170731707355;14;False
PETROX COMERCIAL LTDA;05297480002242;JABOTIANA;GASOLINA ADITIVADA;12/08/2024;6,47;PETROX DISTRIBUIDORA;6,53;-0,0600000000000005;-0,9188361408882159;6,4799999999999995;6,53;-0,0600000000000005;6,535;-0,06500000000000039;-0,9946442234124008;14;False
PETROX COMERCIAL LTDA;05297480002242;JABOTIANA;GASOLINA ADITIVADA;19/08/2024;6,47;PETROX DISTRIBUIDORA;6,47;0,0;0,0;6,478333333333333;6,5;-0,03000000000000025;6,52;-0,04999999999999982;-0,7668711656441691;14;False
PETROX COMERCIAL LTDA;05297480002242;JABOTIANA;GASOLINA ADITIVADA;26/08/2024;6,47;PETROX DISTRIBUIDORA;6,47;0,0;0,0;6,477142857142858;6,47;0,0;6,52;-0,04999999999999982;-0,7668711656441691;14;False
PETROX COMERCIAL LTDA;05297480002242;JABOTIANA;GASOLINA ADITIVADA;03/09/2024;6,47;PETROX DISTRIBUIDORA;6,47;0,0;0,0;6,47625;6,47;0,0;6,52;-0,04999999999999982;-0,7668711656441691;14;False
PETROX COMERCIAL LTDA;05297480002242;JABOTIANA;GASOLINA ADITIVADA;09/09/2024;6,47;PETROX DISTRIBUIDORA;6,47;0,0;0,0;6,475555555555555;6,47;0,0;6,52;-0,04999999999999982;-0,7668711656441691;14;False
PETROX COMERCIAL LTDA;05297480002242;JABOTIANA;GASOLINA ADITIVADA;17/09/2024;6,27;PETROX DISTRIBUIDORA;6,47;-0,20000000000000018;-3,0911901081916566;6,475;6,47;-0,20000000000000018;6,32;-0,05000000000000071;-0,7911392405063402;14;False
PETROX COMERCIAL LTDA;05297480002242;JABOTIANA;GASOLINA ADITIVADA;24/09/2024;6,27;PETROX DISTRIBUIDORA;6,27;0,0;0,0;6,456363636363636;6,47;-0,20000000000000018;6,324999999999999;-0,054999999999999716;-0,8695652173913;14;False
PETROX COMERCIAL LTDA;05297480002242;JABOTIANA;GASOLINA ADITIVADA;30/09/2024;6,27;PETROX DISTRIBUIDORA;6,27;0,0;0,0;6,440833333333333;6,47;-0,20000000000000018;6,324999999999999;-0,054999999999999716;-0,8695652173913;14;False
PETROX COMERCIAL LTDA;05297480002242;JABOTIANA;GASOLINA ADITIVADA;07/10/2024;6,27;PETROX DISTRIBUIDORA;6,27;0,0;0,0;6,427692307692308;6,47;-0,20000000000000018;6,324999999999999;-0,054999999999999716;-0,8695652173913;14;False
PETROX COMERCIAL LTDA;05297480002242;JABOTIANA;GNV;10/07/2024;4,89;PETROX DISTRIBUIDORA;;;;;;;4,89;0,0;0,0;14;False
PETROX COMERCIAL LTDA;05297480002242;JABOTIANA;GNV;17/07/2024;4,89;PETROX DISTRIBUIDORA;4,89;0,0;0,0;4,89;4,89;0,0;4,89;0,0;0,0;14;False
PETROX COMERCIAL LTDA;05297480002242;JABOTIANA;GNV;23/07/2024;4,89;PETROX DISTRIBUIDORA;4,89;0,0;0,0;4,89;4,89;0,0;4,89;0,0;0,0;14;False
PETROX COMERCIAL LTDA;05297480002242;JABOTIANA;GNV;30/07/2024;4,89;PETROX DISTRIBUIDORA;4,89;0,0;0,0;4,89;4,89;0,0;4,89;0,0;0,0;14;False
PETROX COMERCIAL LTDA;05297480002242;JABOTIANA;GNV;06/08/2024;4,89;PETROX DISTRIBUIDORA;4,89;0,0;0,0;4,89;4,89;0,0;4,89;0,0;0,0;14;False
PETROX COMERCIAL LTDA;05297480002242;JABOTIANA;GNV;12/08/2024;4,99;PETROX DISTRIBUIDORA;4,89;0,10000000000000053;2,0449897750511354;4,89;4,89;0,10000000000000053;4,99;0,0;0,0;14;False
PETROX COMERCIAL LTDA;05297480002242;JABOTIANA;GNV;19/08/2024;4,99;PETROX DISTRIBUIDORA;4,99;0,0;0,0;4,906666666666666;4,89;0,10000000000000053;4,99;0,0;0,0;14;False
PETROX COMERCIAL LTDA;05297480002242;JABOTIANA;GNV;26/08/2024;4,99;PETROX DISTRIBUIDORA;4,99;0,0;0,0;4,918571428571428;4,89;0,10000000000000053;4,99;0,0;0,0;14;False
PETROX COMERCIAL LTDA;05297480002242;JABOTIANA;GNV;03/09/2024;4,99;PETROX DISTRIBUIDORA;4,99;0,0;0,0;4,9275;4,89;0,10000000000000053;4,99;0,0;0,0;14;False
PETROX COMERCIAL LTDA;05297480002242;JABOTIANA;GNV;09/09/2024;4,99;PETROX DISTRIBUIDORA;4,99;0,0;0,0;4,934444444444444;4,89;0,10000000000000053;4,99;0,0;0,0;14;False
PETROX COMERCIAL LTDA;05297480002242;JABOTIANA;GNV;17/09/2024;4,99;PETROX DISTRIBUIDORA;4,99;0,0;0,0;4,9399999999999995;4,9399999999999995;0,05000000000000071;4,99;0,0;0,0;14;False
PETROX COMERCIAL LTDA;05297480002242;JABOTIANA;GNV;24/09/2024;4,99;PETROX DISTRIBUIDORA;4,99;0,0;0,0;4,944545454545454;4,99;0,0;4,99;0,0;0,0;14;False
PETROX COMERCIAL LTDA;05297480002242;JABOTIANA;GNV;30/09/2024;4,99;PETROX DISTRIBUIDORA;4,99;0,0;0,0;4,948333333333333;4,99;0,0;4,8;0,1900000000000004;3,9583333333333415;14;False
PETROX COMERCIAL LTDA;05297480002242;JABOTIANA;GNV;07/10/2024;4,99;PETROX DISTRIBUIDORA;4,99;0,0;0,0;4,951538461538462;4,99;0,0;4,8;0,1900000000000004;3,9583333333333415;14;False
PETROX COMERCIAL LTDA;05297480002323;OLARIA;ETANOL;16/07/2024;4,89;VIBRA;;;;;;;4,82;0,0699999999999994;1,4522821576763358;13;False
PETROX COMERCIAL LTDA;05297480002323;OLARIA;ETANOL;22/07/2024;4,89;VIBRA;4,89;0,0;0,0;4,89;4,89;0,0;4,8;0,08999999999999986;1,8749999999999971;13;False
PETROX COMERCIAL LTDA;05297480002323;OLARIA;ETANOL;29/07/2024;4,89;VIBRA;4,89;0,0;0,0;4,89;4,89;0,0;4,89;0,0;0,0;13;False
PETROX COMERCIAL LTDA;05297480002323;OLARIA;ETANOL;06/08/2024;4,89;VIBRA;4,89;0,0;0,0;4,89;4,89;0,0;4,89;0,0;0,0;13;False
PETROX COMERCIAL LTDA;05297480002323;OLARIA;ETANOL;12/08/2024;4,89;VIBRA;4,89;0,0;0,0;4,89;4,89;0,0;4,89;0,0;0,0;13;False
PETROX COMERCIAL LTDA;05297480002323;OLARIA;ETANOL;19/08/2024;4,89;VIBRA;4,89;0,0;0,0;4,89;4,89;0,0;4,89;0,0;0,0;13;False
PETROX COMERCIAL LTDA;05297480002323;OLARIA;ETANOL;26/08/2024;4,89;VIBRA;4,89;0,0;0,0;4,89;4,89;0,0;4,89;0,0;0,0;13;False
PETROX COMERCIAL LTDA;05297480002323;OLARIA;ETANOL;03/09/2024;4,89;VIBRA;4,89;0,0;0,0;4,89;4,89;0,0;4,89;0,0;0,0;13;False
PETROX COMERCIAL LTDA;05297480002323;OLARIA;ETANOL;09/09/2024;4,89;VIBRA;4,89;0,0;0,0;4,89;4,89;0,0;4,89;0,0;0,0;13;False
PETROX COMERCIAL LTDA;05297480002323;OLARIA;ETANOL;17/09/2024;4,75;VIBRA;4,89;-0,13999999999999968;-2,8629856850715685;4,89;4,89;-0,13999999999999968;4,79;-0,040000000000000036;-0,835073068893529;13;False
PETROX COMERCIAL LTDA;05297480002323;OLARIA;ETANOL;24/09/2024;4,75;VIBRA;4,75;0,0;0,0;4,8759999999999994;4,89;-0,13999999999999968;4,75;0,0;0,0;13;False
PETROX COMERCIAL LTDA;05297480002323;OLARIA;ETANOL;30/09/2024;4,75;VIBRA;4,75;0,0;0,0;4,864545454545454;4,89;-0,13999999999999968;4,75;0,0;0,0;13;False
PETROX COMERCIAL LTDA;05297480002323;OLARIA;ETANOL;07/10/2024;4,57;VIBRA;4,75;-0,17999999999999972;-3,7894736842105203;4,8549999999999995;4,89;-0,3199999999999994;4,59;-0,019999999999999574;-0,43572984749454413;13;False
PETROX COMERCIAL LTDA;05297480002323;OLARIA;GASOLINA;16/07/2024;6,37;VIBRA;;;;;;;6,32;0,04999999999999982;0,7911392405063262;13;False
PETROX COMERCIAL LTDA;05297480002323;OLARIA;GASOLINA;22/07/2024;6,37;VIBRA;6,37;0,0;0,0;6,37;6,37;0,0;6,32;0,04999999999999982;0,7911392405063262;13;False
PETROX COMERCIAL LTDA;05297480002323;OLARIA;GASOLINA;29/07/2024;6,53;VIBRA;6,37;0,16000000000000014;2,511773940345371;6,37;6,37;0,16000000000000014;6,51;0,020000000000000462;0,30721966205837886;13;False
PETROX COMERCIAL LTDA;05297480002323;OLARIA;GASOLINA;06/08/2024;6,53;VIBRA;6,53;0,0;0,0;6,423333333333333;6,37;0,16000000000000014;6,49;0,040000000000000036;0,6163328197226507;13;False
PETROX COMERCIAL LTDA;05297480002323;OLARIA;GASOLINA;12/08/2024;6,49;VIBRA;6,53;-0,040000000000000036;-0,612557427258806;6,45;6,45;0,040000000000000036;6,47;0,020000000000000462;0,30911901081917253;13;False
PETROX COMERCIAL LTDA;05297480002323;OLARIA;GASOLINA;19/08/2024;6,49;VIBRA;6,49;0,0;0,0;6,458;6,49;0,0;6,47;0,020000000000000462;0,30911901081917253;13;False
PETROX COMERCIAL LTDA;05297480002323;OLARIA;GASOLINA;26/08/2024;6,49;VIBRA;6,49;0,0;0,0;6,463333333333334;6,49;0,0;6,47;0,020000000000000462;0,30911901081917253;13;False
PETROX COMERCIAL LTDA;05297480002323;OLARIA;GASOLINA;03/09/2024;6,49;VIBRA;6,49;0,0;0,0;6,467142857142858;6,49;0,0;6,47;0,020000000000000462;0,30911901081917253;13;False
PETROX COMERCIAL LTDA;05297480002323;OLARIA;GASOLINA;09/09/2024;6,49;VIBRA;6,49;0,0;0,0;6,470000000000001;6,49;0,0;6,47;0,020000000000000462;0,30911901081917253;13;False
PETROX COMERCIAL LTDA;05297480002323;OLARIA;GASOLINA;17/09/2024;6,27;VIBRA;6,49;-0,22000000000000064;-3,389830508474586;6,472222222222222;6,49;-0,22000000000000064;6,27;0,0;0,0;13;False
PETROX COMERCIAL LTDA;05297480002323;OLARIA;GASOLINA;24/09/2024;6,27;VIBRA;6,27;0,0;0,0;6,452;6,49;-0,22000000000000064;6,27;0,0;0,0;13;False
PETROX COMERCIAL LTDA;05297480002323;OLARIA;GASOLINA;30/09/2024;6,27;VIBRA;6,27;0,0;0,0;6,435454545454546;6,49;-0,22000000000000064;6,27;0,0;0,0;13;False
PETROX COMERCIAL LTDA;05297480002323;OLARIA;GASOLINA;07/10/2024;6,27;VIBRA;6,27;0,0;0,0;6,421666666666667;6,49;-0,22000000000000064;6,27;0,0;0,0;13;False
PETROX COMERCIAL LTDA;05297480002323;OLARIA;GASOLINA ADITIVADA;16/07/2024;6,37;VIBRA;;;;;;;6,37;0,0;0,0;13;False
PETROX COMERCIAL LTDA;05297480002323;OLARIA;GASOLINA ADITIVADA;22/07/2024;6,37;VIBRA;6,37;0,0;0,0;6,37;6,37;0,0;6,335;0,03500000000000014;0,5524861878453061;13;False
PETROX COMERCIAL LTDA;05297480002323;OLARIA;GASOLINA ADITIVADA;29/07/2024;6,53;VIBRA;6,37;0,16000000000000014;2,511773940345371;6,37;6,37;0,16000000000000014;6,53;0,0;0,0;13;False
PETROX COMERCIAL LTDA;05297480002323;OLARIA;GASOLINA ADITIVADA;06/08/2024;6,53;VIBRA;6,53;0,0;0,0;6,423333333333333;6,37;0,16000000000000014;6,5600000000000005;-0,03000000000000025;-0,4573170731707355;13;False
PETROX COMERCIAL LTDA;05297480002323;OLARIA;GASOLINA ADITIVADA;12/08/2024;6,49;VIBRA;6,53;-0,040000000000000036;-0,612557427258806;6,45;6,45;0,040000000000000036;6,535;-0,04499999999999993;-0,6885998469778107;13;False
PETROX COMERCIAL LTDA;05297480002323;OLARIA;GASOLINA ADITIVADA;19/08/2024;6,49;VIBRA;6,49;0,0;0,0;6,458;6,49;0,0;6,52;-0,02999999999999936;-0,4601226993864933;13;False
PETROX COMERCIAL LTDA;05297480002323;OLARIA;GASOLINA ADITIVADA;26/08/2024;6,49;VIBRA;6,49;0,0;0,0;6,463333333333334;6,49;0,0;6,52;-0,02999999999999936;-0,4601226993864933;13;False
PETROX COMERCIAL LTDA;05297480002323;OLARIA;GASOLINA ADITIVADA;03/09/2024;6,49;VIBRA;6,49;0,0;0,0;6,467142857142858;6,49;0,0;6,52;-0,02999999999999936;-0,4601226993864933;13;False
PETROX COMERCIAL LTDA;05297480002323;OLARIA;GASOLINA ADITIVADA;09/09/2024;6,49;VIBRA;6,49;0,0;0,0;6,470000000000001;6,49;0,0;6,52;-0,02999999999999936;-0,4601226993864933;13;False
PETROX COMERCIAL LTDA;05297480002323;OLARIA;GASOLINA ADITIVADA;17/09/2024;6,27;VIBRA;6,49;-0,22000000000000064;-3,389830508474586;6,472222222222222;6,49;-0,22000000000000064;6,32;-0,05000000000000071;-0,7911392405063402;13;False
PETROX COMERCIAL LTDA;05297480002323;OLARIA;GASOLINA ADITIVADA;24/09/2024;6,27;VIBRA;6,27;0,0;0,0;6,452;6,49;-0,22000000000000064;6,324999999999999;-0,054999999999999716;-0,8695652173913;13;False
PETROX COMERCIAL LTDA;05297480002323;OLARIA;GASOLINA ADITIVADA;30/09/2024;6,27;VIBRA;6,27;0,0;0,0;6,435454545454546;6,49;-0,22000000000000064;6,324999999999999;-0,054999999999999716;-0,8695652173913;13;False
PETROX COMERCIAL LTDA;05297480002323;OLARIA;GASOLINA ADITIVADA;07/10/2024;6,27;VIBRA;6,27;0,0;0,0;6,421666666666667;6,49;-0,22000000000000064;6,324999999999999;-0,054999999999999716;-0,8695652173913;13;False
PETROX COMERCIAL LTDA;05297480002323;OLARIA;GNV;16/07/2024;4,89;VIBRA;;;;;;;4,89;0,0;0,0;13;False
PETROX COMERCIAL LTDA;05297480002323;OLARIA;GNV;22/07/2024;4,89;VIBRA;4,89;0,0;0,0;4,89;4,89;0,0;4,89;0,0;0,0;13;False
PETROX COMERCIAL LTDA;05297480002323;OLARIA;GNV;29/07/2024;4,89;VIBRA;4,89;0,0;0,0;4,89;4,89;0,0;4,89;0,0;0,0;13;False
PETROX COMERCIAL LTDA;05297480002323;OLARIA;GNV;06/08/2024;4,89;VIBRA;4,89;0,0;0,0;4,89;4,89;0,0;4,89;0,0;0,0;13;False
PETROX COMERCIAL LTDA;05297480002323;OLARIA;GNV;12/08/2024;4,99;VIBRA;4,89;0,10000000000000053;2,0449897750511354;4,89;4,89;0,10000000000000053;4,99;0,0;0,0;13;False
PETROX COMERCIAL LTDA;05297480002323;OLARIA;GNV;19/08/2024;4,99;VIBRA;4,99;0,0;0,0;4,909999999999999;4,89;0,10000000000000053;4,99;0,0;0,0;13;False
PETROX COMERCIAL LTDA;05297480002323;OLARIA;GNV;26/08/2024;4,99;VIBRA;4,99;0,0;0,0;4,923333333333333;4,89;0,10000000000000053;4,99;0,0;0,0;13;False
PETROX COMERCIAL LTDA;05297480002323;OLARIA;GNV;03/09/2024;4,99;VIBRA;4,99;0,0;0,0;4,932857142857143;4,89;0,10000000000000053;4,99;0,0;0,0;13;False
PETROX COMERCIAL LTDA;05297480002323;OLARIA;GNV;09/09/2024;4,99;VIBRA;4,99;0,0;0,0;4,9399999999999995;4,9399999999999995;0,05000000000000071;4,99;0,0;0,0;13;False
PETROX COMERCIAL LTDA;05297480002323;OLARIA;GNV;17/09/2024;4,99;VIBRA;4,99;0,0;0,0;4,945555555555555;4,99;0,0;4,99;0,0;0,0;13;False
PETROX COMERCIAL LTDA;05297480002323;OLARIA;GNV;24/09/2024;4,99;VIBRA;4,99;0,0;0,0;4,95;4,99;0,0;4,99;0,0;0,0;13;False
PETROX COMERCIAL LTDA;05297480002323;OLARIA;GNV;30/09/2024;4,8;VIBRA;4,99;-0,1900000000000004;-3,8076152304609296;4,953636363636364;4,99;-0,1900000000000004;4,8;0,0;0,0;13;False
PETROX COMERCIAL LTDA;05297480002323;OLARIA;GNV;07/10/2024;4,8;VIBRA;4,8;0,0;0,0;4,940833333333333;4,99;-0,1900000000000004;4,8;0,0;0,0;13;False
RPB AUTO POSTO LTDA;07075892000643;JABOTIANA;GASOLINA;10/07/2024;6,37;VIBRA;;;;;;;6,37;0,0;0,0;14;False
RPB AUTO POSTO LTDA;07075892000643;JABOTIANA;GASOLINA;17/07/2024;6,37;VIBRA;6,37;0,0;0,0;6,37;6,37;0,0;6,375;-0,004999999999999893;-0,07843137254901794;14;False
RPB AUTO POSTO LTDA;07075892000643;JABOTIANA;GASOLINA;23/07/2024;6,56;VIBRA;6,37;0,1899999999999995;2,9827315541601176;6,37;6,37;0,1899999999999995;6,575;-0,015000000000000568;-0,2281368821292862;14;False
RPB AUTO POSTO LTDA;07075892000643;JABOTIANA;GASOLINA;30/07/2024;6,49;VIBRA;6,56;-0,0699999999999994;-1,0670731707316983;6,433333333333334;6,37;0,1200000000000001;6,5;-0,009999999999999787;-0,15384615384615058;14;False
RPB AUTO POSTO LTDA;07075892000643;JABOTIANA;GASOLINA;06/08/2024;6,49;VIBRA;6,49;0,0;0,0;6,4475;6,43;0,0600000000000005;6,49;0,0;0,0;14;False
RPB AUTO POSTO LTDA;07075892000643;JABOTIANA;GASOLINA;12/08/2024;6,48;VIBRA;6,49;-0,009999999999999787;-0,15408320493065927;6,456;6,49;-0,009999999999999787;6,47;0,010000000000000675;0,15455950540959315;14;False
RPB AUTO POSTO LTDA;07075892000643;JABOTIANA;GASOLINA;19/08/2024;6,48;VIBRA;6,48;0,0;0,0;6,46;6,485;-0,004999999999999893;6,47;0,010000000000000675;0,15455950540959315;14;False
RPB AUTO POSTO LTDA;07075892000643;JABOTIANA;GASOLINA;26/08/2024;6,48;VIBRA;6,48;0,0;0,0;6,4628571428571435;6,48;0,0;6,47;0,010000000000000675;0,15455950540959315;14;False
RPB AUTO POSTO LTDA;07075892000643;JABOTIANA;GASOLINA;03/09/2024;6,48;VIBRA;6,48;0,0;0,0;6,465;6,48;0,0;6,47;0,010000000000000675;0,15455950540959315;14;False
RPB AUTO POSTO LTDA;07075892000643;JABOTIANA;GASOLINA;09/09/2024;6,48;VIBRA;6,48;0,0;0,0;6,466666666666667;6,48;0,0;6,47;0,010000000000000675;0,15455950540959315;14;False
RPB AUTO POSTO LTDA;07075892000643;JABOTIANA;GASOLINA;17/09/2024;6,27;VIBRA;6,48;-0,21000000000000085;-3,240740740740754;6,468000000000001;6,48;-0,21000000000000085;6,27;0,0;0,0;14;False
RPB AUTO POSTO LTDA;07075892000643;JABOTIANA;GASOLINA;24/09/2024;6,25;VIBRA;6,27;-0,019999999999999574;-0,31897926634768065;6,45;6,48;-0,23000000000000043;6,27;-0,019999999999999574;-0,31897926634768065;14;False
RPB AUTO POSTO LTDA;07075892000643;JABOTIANA;GASOLINA;30/09/2024;6,25;VIBRA;6,25;0,0;0,0;6,433333333333334;6,48;-0,23000000000000043;6,27;-0,019999999999999574;-0,31897926634768065;14;False
RPB AUTO POSTO LTDA;07075892000643;JABOTIANA;GASOLINA;07/10/2024;6,25;VIBRA;6,25;0,0;0,0;6,4192307692307695;6,48;-0,23000000000000043;6,27;-0,019999999999999574;-0,31897926634768065;14;False
RPB AUTO POSTO LTDA;07075892000643;JABOTIANA;GASOLINA ADITIVADA;10/07/2024;6,57;VIBRA;;;;;;;6,51;0,0600000000000005;0,9216589861751229;14;False
RPB AUTO POSTO LTDA;07075892000643;JABOTIANA;GASOLINA ADITIVADA;17/07/2024;6,57;VIBRA;6,57;0,0;0,0;6,57;6,57;0,0;6,57;0,0;0,0;14;False
RPB AUTO POSTO LTDA;07075892000643;JABOTIANA;GASOLINA ADITIVADA;23/07/2024;6,76;VIBRA;6,57;0,1899999999999995;2,8919330289193224;6,57;6,57;0,1899999999999995;6,63;0,1299999999999999;1,9607843137254888;14;False
RPB AUTO POSTO LTDA;07075892000643;JABOTIANA;GASOLINA ADITIVADA;30/07/2024;6,69;VIBRA;6,76;-0,0699999999999994;-1,0355029585798727;6,633333333333333;6,57;0,1200000000000001;6,69;0,0;0,0;14;False
RPB AUTO POSTO LTDA;07075892000643;JABOTIANA;GASOLINA ADITIVADA;06/08/2024;6,69;VIBRA;6,69;0,0;0,0;6,6475;6,630000000000001;0,05999999999999961;6,5600000000000005;0,1299999999999999;1,981707317073169;14;False
RPB AUTO POSTO LTDA;07075892000643;JABOTIANA;GASOLINA ADITIVADA;12/08/2024;6,68;VIBRA;6,69;-0,010000000000000675;-0,14947683109119095;6,656000000000001;6,69;-0,010000000000000675;6,535;0,14499999999999957;2,2188217291507204;14;False
RPB AUTO POSTO LTDA;07075892000643;JABOTIANA;GASOLINA ADITIVADA;19/08/2024;6,68;VIBRA;6,68;0,0;0,0;6,66;6,6850000000000005;-0,005000000000000782;6,52;0,16000000000000014;2,4539877300613524;14;False
RPB AUTO POSTO LTDA;07075892000643;JABOTIANA;GASOLINA ADITIVADA;26/08/2024;6,68;VIBRA;6,68;0,0;0,0;6,662857142857143;6,68;0,0;6,52;0,16000000000000014;2,4539877300613524;14;False
RPB AUTO POSTO LTDA;07075892000643;JABOTIANA;GASOLINA ADITIVADA;03/09/2024;6,68;VIBRA;6,68;0,0;0,0;6,665;6,68;0,0;6,52;0,16000000000000014;2,4539877300613524;14;False
RPB AUTO POSTO LTDA;07075892000643;JABOTIANA;GASOLINA ADITIVADA;09/09/2024;6,68;VIBRA;6,68;0,0;0,0;6,666666666666667;6,68;0,0;6,52;0,16000000000000014;2,4539877300613524;14;False
RPB AUTO POSTO LTDA;07075892000643;JABOTIANA;GASOLINA ADITIVADA;17/09/2024;6,47;VIBRA;6,68;-0,20999999999999996;-3,143712574850299;6,668000000000001;6,68;-0,20999999999999996;6,32;0,14999999999999947;2,3734177215189787;14;False
RPB AUTO POSTO LTDA;07075892000643;JABOTIANA;GASOLINA ADITIVADA;24/09/2024;6,45;VIBRA;6,47;-0,019999999999999574;-0,30911901081915877;6,65;6,68;-0,22999999999999954;6,324999999999999;0,1250000000000009;1,9762845849802515;14;False
RPB AUTO POSTO LTDA;07075892000643;JABOTIANA;GASOLINA ADITIVADA;30/09/2024;6,45;VIBRA;6,45;0,0;0,0;6,633333333333333;6,68;-0,22999999999999954;6,324999999999999;0,1250000000000009;1,9762845849802515;14;False
RPB AUTO POSTO LTDA;07075892000643;JABOTIANA;GASOLINA ADITIVADA;07/10/2024;6,45;VIBRA;6,45;0,0;0,0;6,619230769230769;6,68;-0,22999999999999954;6,324999999999999;0,1250000000000009;1,9762845849802515;14;False
RPB AUTO POSTO LTDA;07075892000643;JABOTIANA;GNV;10/07/2024;4,89;VIBRA;;;;;;;4,89;0,0;0,0;14;False
RPB AUTO POSTO LTDA;07075892000643;JABOTIANA;GNV;17/07/2024;4,89;VIBRA;4,89;0,0;0,0;4,89;4,89;0,0;4,89;0,0;0,0;14;False
RPB AUTO POSTO LTDA;07075892000643;JABOTIANA;GNV;23/07/2024;4,89;VIBRA;4,89;0,0;0,0;4,89;4,89;0,0;4,89;0,0;0,0;14;False
RPB AUTO POSTO LTDA;07075892000643;JABOTIANA;GNV;30/07/2024;4,89;VIBRA;4,89;0,0;0,0;4,89;4,89;0,0;4,89;0,0;0,0;14;False
RPB AUTO POSTO LTDA;07075892000643;JABOTIANA;GNV;06/08/2024;4,89;VIBRA;4,89;0,0;0,0;4,89;4,89;0,0;4,89;0,0;0,0;14;False
RPB AUTO POSTO LTDA;07075892000643;JABOTIANA;GNV;12/08/2024;4,99;VIBRA;4,89;0,10000000000000053;2,0449897750511354;4,89;4,89;0,10000000000000053;4,99;0,0;0,0;14;False
RPB AUTO POSTO LTDA;07075892000643;JABOTIANA;GNV;19/08/2024;4,8;VIBRA;4,99;-0,1900000000000004;-3,8076152304609296;4,906666666666666;4,89;-0,08999999999999986;4,99;-0,1900000000000004;-3,8076152304609296;14;False
RPB AUTO POSTO LTDA;07075892000643;JABOTIANA;GNV;26/08/2024;4,99;VIBRA;4,8;0,1900000000000004;3,9583333333333415;4,891428571428571;4,89;0,10000000000000053;4,99;0,0;0,0;14;False
RPB AUTO POSTO LTDA;07075892000643;JABOTIANA;GNV;03/09/2024;4,99;VIBRA;4,99;0,0;0,0;4,90375;4,89;0,10000000000000053;4,99;0,0;0,0;14;False
RPB AUTO POSTO LTDA;07075892000643;JABOTIANA;GNV;09/09/2024;4,99;VIBRA;4,99;0,0;0,0;4,913333333333333;4,89;0,10000000000000053;4,99;0,0;0,0;14;False
RPB AUTO POSTO LTDA;07075892000643;JABOTIANA;GNV;17/09/2024;4,8;VIBRA;4,99;-0,1900000000000004;-3,8076152304609296;4,921;4,89;-0,08999999999999986;4,99;-0,1900000000000004;-3,8076152304609296;14;False
RPB AUTO POSTO LTDA;07075892000643;JABOTIANA;GNV;24/09/2024;4,8;VIBRA;4,8;0,0;0,0;4,91;4,89;-0,08999999999999986;4,99;-0,1900000000000004;-3,8076152304609296;14;False
RPB AUTO POSTO LTDA;07075892000643;JABOTIANA;GNV;30/09/2024;4,8;VIBRA;4,8;0,0;0,0;4,900833333333334;4,89;-0,08999999999999986;4,8;0,0;0,0;14;False
RPB AUTO POSTO LTDA;07075892000643;JABOTIANA;GNV;07/10/2024;4,8;VIBRA;4,8;0,0;0,0;4,893076923076923;4,89;-0,08999999999999986;4,8;0,0;0,0;14;False
RPB AUTO POSTO LTDA;07075892000805;GRAGERU;GASOLINA;10/07/2024;6,38;VIBRA;;;;;;;6,37;0,009999999999999787;0,1569858712715822;14;False
RPB AUTO POSTO LTDA;07075892000805;GRAGERU;GASOLINA;17/07/2024;6,38;VIBRA;6,38;0,0;0,0;6,38;6,38;0,0;6,375;0,004999999999999893;0,07843137254901794;14;False
RPB AUTO POSTO LTDA;07075892000805;GRAGERU;GASOLINA;23/07/2024;6,57;VIBRA;6,38;0,1900000000000004;2,9780564263322944;6,38;6,38;0,1900000000000004;6,575;-0,004999999999999893;-0,07604562737642423;14;False
RPB AUTO POSTO LTDA;07075892000805;GRAGERU;GASOLINA;30/07/2024;6,49;VIBRA;6,57;-0,08000000000000007;-1,2176560121765612;6,4433333333333325;6,38;0,11000000000000032;6,5;-0,009999999999999787;-0,15384615384615058;14;False
RPB AUTO POSTO LTDA;07075892000805;GRAGERU;GASOLINA;06/08/2024;6,49;VIBRA;6,49;0,0;0,0;6,455;6,4350000000000005;0,054999999999999716;6,49;0,0;0,0;14;False
RPB AUTO POSTO LTDA;07075892000805;GRAGERU;GASOLINA;12/08/2024;6,48;VIBRA;6,49;-0,009999999999999787;-0,15408320493065927;6,462000000000001;6,49;-0,009999999999999787;6,47;0,010000000000000675;0,15455950540959315;14;False
RPB AUTO POSTO LTDA;07075892000805;GRAGERU;GASOLINA;19/08/2024;6,48;VIBRA;6,48;0,0;0,0;6,465;6,485;-0,004999999999999893;6,47;0,010000000000000675;0,15455950540959315;14;False
RPB AUTO POSTO LTDA;07075892000805;GRAGERU;GASOLINA;26/08/2024;6,48;VIBRA;6,48;0,0;0,0;6,467142857142858;6,48;0,0;6,47;0,010000000000000675;0,15455950540959315;14;False
RPB AUTO POSTO LTDA;07075892000805;GRAGERU;GASOLINA;03/09/2024;6,48;VIBRA;6,48;0,0;0,0;6,46875;6,48;0,0;6,47;0,010000000000000675;0,15455950540959315;14;False
RPB AUTO POSTO LTDA;07075892000805;GRAGERU;GASOLINA;09/09/2024;6,48;VIBRA;6,48;0,0;0,0;6,470000000000001;6,48;0,0;6,47;0,010000000000000675;0,15455950540959315;14;False
RPB AUTO POSTO LTDA;07075892000805;GRAGERU;GASOLINA;17/09/2024;6,28;VIBRA;6,48;-0,20000000000000018;-3,0864197530864224;6,471000000000001;6,48;-0,20000000000000018;6,27;0,010000000000000675;0,15948963317385448;14;False
RPB AUTO POSTO LTDA;07075892000805;GRAGERU;GASOLINA;24/09/2024;6,27;VIBRA;6,28;-0,010000000000000675;-0,15923566878981965;6,453636363636364;6,48;-0,21000000000000085;6,27;0,0;0,0;14;False
RPB AUTO POSTO LTDA;07075892000805;GRAGERU;GASOLINA;30/09/2024;6,27;VIBRA;6,27;0,0;0,0;6,4383333333333335;6,48;-0,21000000000000085;6,27;0,0;0,0;14;False
RPB AUTO POSTO LTDA;07075892000805;GRAGERU;GASOLINA;07/10/2024;6,27;VIBRA;6,27;0,0;0,0;6,4253846153846155;6,48;-0,21000000000000085;6,27;0,0;0,0;14;False
RPB AUTO POSTO LTDA;07075892000805;GRAGERU;GASOLINA ADITIVADA;10/07/2024;6,58;VIBRA;;;;;;;6,51;0,07000000000000028;1,0752688172043054;14;False
RPB AUTO POSTO LTDA;07075892000805;GRAGERU;GASOLINA ADITIVADA;17/07/2024;6,58;VIBRA;6,58;0,0;0,0;6,58;6,58;0,0;6,57;0,009999999999999787;0,15220700152206676;14;False
RPB AUTO POSTO LTDA;07075892000805;GRAGERU;GASOLINA ADITIVADA;23/07/2024;6,77;VIBRA;6,58;0,1899999999999995;2,887537993920965;6,58;6,58;0,1899999999999995;6,63;0,13999999999999968;2,111613876319754;14;False
RPB AUTO POSTO LTDA;07075892000805;GRAGERU;GASOLINA ADITIVADA;30/07/2024;6,69;VIBRA;6,77;-0,07999999999999918;-1,1816838995568564;6,6433333333333335;6,58;0,11000000000000032;6,69;0,0;0,0;14;False
RPB AUTO POSTO LTDA;07075892000805;GRAGERU;GASOLINA ADITIVADA;06/08/2024;6,69;VIBRA;6,69;0,0;0,0;6,655;6,635;0,055000000000000604;6,5600000000000005;0,1299999999999999;1,981707317073169;14;False
RPB AUTO POSTO LTDA;07075892000805;GRAGERU;GASOLINA ADITIVADA;12/08/2024;6,68;VIBRA;6,69;-0,010000000000000675;-0,14947683109119095;6,662000000000001;6,69;-0,010000000000000675;6,535;0,14499999999999957;2,2188217291507204;14;False
RPB AUTO POSTO LTDA;07075892000805;GRAGERU;GASOLINA ADITIVADA;19/08/2024;6,68;VIBRA;6,68;0,0;0,0;6,665;6,6850000000000005;-0,005000000000000782;6,52;0,16000000000000014;2,4539877300613524;14;False
RPB AUTO POSTO LTDA;07075892000805;GRAGERU;GASOLINA ADITIVADA;26/08/2024;6,68;VIBRA;6,68;0,0;0,0;6,667142857142857;6,68;0,0;6,52;0,16000000000000014;2,4539877300613524;14;False
RPB AUTO POSTO LTDA;07075892000805;GRAGERU;GASOLINA ADITIVADA;03/09/2024;6,68;VIBRA;6,68;0,0;0,0;6,66875;6,68;0,0;6,52;0,16000000000000014;2,4539877300613524;14;False
RPB AUTO POSTO LTDA;07075892000805;GRAGERU;GASOLINA ADITIVADA;09/09/2024;6,68;VIBRA;6,68;0,0;0,0;6,67;6,68;0,0;6,52;0,16000000000000014;2,4539877300613524;14;False
RPB AUTO POSTO LTDA;07075892000805;GRAGERU;GASOLINA ADITIVADA;17/09/2024;6,48;VIBRA;6,68;-0,1999999999999993;-2,9940119760478936;6,670999999999999;6,68;-0,1999999999999993;6,32;0,16000000000000014;2,531645569620255;14;False
RPB AUTO POSTO LTDA;07075892000805;GRAGERU;GASOLINA ADITIVADA;24/09/2024;6,47;VIBRA;6,48;-0,010000000000000675;-0,1543209876543314;6,653636363636363;6,68;-0,20999999999999996;6,324999999999999;0,14500000000000046;2,2924901185770827;14;False
RPB AUTO POSTO LTDA;07075892000805;GRAGERU;GASOLINA ADITIVADA;30/09/2024;6,47;VIBRA;6,47;0,0;0,0;6,638333333333333;6,68;-0,20999999999999996;6,324999999999999;0,14500000000000046;2,2924901185770827;14;False
RPB AUTO POSTO LTDA;07075892000805;GRAGERU;GASOLINA ADITIVADA;07/10/2024;6,47;VIBRA;6,47;0,0;0,0;6,625384615384615;6,68;-0,20999999999999996;6,324999999999999;0,14500000000000046;2,2924901185770827;14;False
RPB AUTO POSTO LTDA;07075892001100;SAO JOSE DOS NAUFRAGOS;GASOLINA;10/07/2024;6,39;VIBRA;;;;;;;6,37;0,019999999999999574;0,3139717425431644;17;False
RPB AUTO POSTO LTDA;07075892001100;SAO JOSE DOS NAUFRAGOS;GASOLINA;17/07/2024;6,39;VIBRA;6,39;0,0;0,0;6,39;6,39;0,0;6,375;0,01499999999999968;0,23529411764705382;17;False
RPB AUTO POSTO LTDA;07075892001100;SAO JOSE DOS NAUFRAGOS;GASOLINA;23/07/2024;6,58;VIBRA;6,39;0,1900000000000004;2,973395931142416;6,39;6,39;0,1900000000000004;6,575;0,004999999999999893;0,07604562737642423;17;False
RPB AUTO POSTO LTDA;07075892001100;SAO JOSE DOS NAUFRAGOS;GASOLINA;30/07/2024;6,5;VIBRA;6,58;-0,08000000000000007;-1,2158054711246211;6,453333333333333;6,39;0,11000000000000032;6,5;0,0;0,0;17;False
RPB AUTO POSTO LTDA;07075892001100;SAO JOSE DOS NAUFRAGOS;GASOLINA;06/08/2024;6,49;VIBRA;6,5;-0,009999999999999787;-0,15384615384615058;6,465;6,445;0,04499999999999993;6,49;0,0;0,0;17;False
RPB AUTO POSTO LTDA;07075892001100;SAO JOSE DOS NAUFRAGOS;GASOLINA;12/08/2024;6,47;VIBRA;6,49;-0,020000000000000462;-0,30816640986133226;6,470000000000001;6,49;-0,020000000000000462;6,47;0,0;0,0;17;False
RPB AUTO POSTO LTDA;07075892001100;SAO JOSE DOS NAUFRAGOS;GASOLINA;19/08/2024;6,47;VIBRA;6,47;0,0;0,0;6,47;6,48;-0,010000000000000675;6,47;0,0;0,0;17;False
RPB AUTO POSTO LTDA;07075892001100;SAO JOSE DOS NAUFRAGOS;GASOLINA;26/08/2024;6,47;VIBRA;6,47;0,0;0,0;6,47;6,47;0,0;6,47;0,0;0,0;17;False
RPB AUTO POSTO LTDA;07075892001100;SAO JOSE DOS NAUFRAGOS;GASOLINA;03/09/2024;6,47;VIBRA;6,47;0,0;0,0;6,47;6,47;0,0;6,47;0,0;0,0;17;False
RPB AUTO POSTO LTDA;07075892001100;SAO JOSE DOS NAUFRAGOS;GASOLINA;09/09/2024;6,47;VIBRA;6,47;0,0;0,0;6,47;6,47;0,0;6,47;0,0;0,0;17;False
RPB AUTO POSTO LTDA;07075892001100;SAO JOSE DOS NAUFRAGOS;GASOLINA;17/09/2024;6,27;VIBRA;6,47;-0,20000000000000018;-3,0911901081916566;6,470000000000001;6,47;-0,20000000000000018;6,27;0,0;0,0;17;False
RPB AUTO POSTO LTDA;07075892001100;SAO JOSE DOS NAUFRAGOS;GASOLINA;24/09/2024;6,27;VIBRA;6,27;0,0;0,0;6,451818181818182;6,47;-0,20000000000000018;6,27;0,0;0,0;17;False
RPB AUTO POSTO LTDA;07075892001100;SAO JOSE DOS NAUFRAGOS;GASOLINA;30/09/2024;6,27;VIBRA;6,27;0,0;0,0;6,4366666666666665;6,47;-0,20000000000000018;6,27;0,0;0,0;17;False
RPB AUTO POSTO LTDA;07075892001100;SAO JOSE DOS NAUFRAGOS;GASOLINA;07/10/2024;6,27;VIBRA;6,27;0,0;0,0;6,423846153846153;6,47;-0,20000000000000018;6,27;0,0;0,0;17;False
RPB AUTO POSTO LTDA;07075892001100;SAO JOSE DOS NAUFRAGOS;GASOLINA;15/10/2024;6,27;VIBRA;6,27;0,0;0,0;6,412857142857143;6,47;-0,20000000000000018;6,22;0,04999999999999982;0,8038585209003187;17;False
RPB AUTO POSTO LTDA;07075892001100;SAO JOSE DOS NAUFRAGOS;GASOLINA;21/10/2024;5,99;VIBRA;6,27;-0,27999999999999936;-4,465709728867614;6,403333333333333;6,47;-0,47999999999999954;5,95;0,040000000000000036;0,6722689075630258;17;False
RPB AUTO POSTO LTDA;07075892001100;SAO JOSE DOS NAUFRAGOS;GASOLINA;28/10/2024;5,99;VIBRA;5,99;0,0;0,0;6,3774999999999995;6,43;-0,4399999999999995;5,92;0,07000000000000028;1,1824324324324371;17;False
RPB AUTO POSTO LTDA;07075892001100;SAO JOSE DOS NAUFRAGOS;GASOLINA ADITIVADA;10/07/2024;6,59;VIBRA;;;;;;;6,51;0,08000000000000007;1,2288786482334881;17;False
RPB AUTO POSTO LTDA;07075892001100;SAO JOSE DOS NAUFRAGOS;GASOLINA ADITIVADA;17/07/2024;6,59;VIBRA;6,59;0,0;0,0;6,59;6,59;0,0;6,57;0,019999999999999574;0,3044140030441335;17;False
RPB AUTO POSTO LTDA;07075892001100;SAO JOSE DOS NAUFRAGOS;GASOLINA ADITIVADA;23/07/2024;6,78;VIBRA;6,59;0,1900000000000004;2,8831562974203395;6,59;6,59;0,1900000000000004;6,63;0,15000000000000036;2,2624434389140324;17;False
RPB AUTO POSTO LTDA;07075892001100;SAO JOSE DOS NAUFRAGOS;GASOLINA ADITIVADA;30/07/2024;6,7;VIBRA;6,78;-0,08000000000000007;-1,1799410029498536;6,653333333333333;6,59;0,11000000000000032;6,69;0,009999999999999787;0,14947683109117765;17;False
RPB AUTO POSTO LTDA;07075892001100;SAO JOSE DOS NAUFRAGOS;GASOLINA ADITIVADA;06/08/2024;6,69;VIBRA;6,7;-0,009999999999999787;-0,1492537313432804;6,665;6,645;0,04500000000000082;6,5600000000000005;0,1299999999999999;1,981707317073169;17;False
RPB AUTO POSTO LTDA;07075892001100;SAO JOSE DOS NAUFRAGOS;GASOLINA ADITIVADA;12/08/2024;6,67;VIBRA;6,69;-0,020000000000000462;-0,29895366218236863;6,67;6,69;-0,020000000000000462;6,535;0,1349999999999998;2,065799540933432;17;False
RPB AUTO POSTO LTDA;07075892001100;SAO JOSE DOS NAUFRAGOS;GASOLINA ADITIVADA;19/08/2024;6,67;VIBRA;6,67;0,0;0,0;6,670000000000001;6,68;-0,009999999999999787;6,52;0,15000000000000036;2,3006134969325207;17;False
RPB AUTO POSTO LTDA;07075892001100;SAO JOSE DOS NAUFRAGOS;GASOLINA ADITIVADA;26/08/2024;6,67;VIBRA;6,67;0,0;0,0;6,67;6,67;0,0;6,52;0,15000000000000036;2,3006134969325207;17;False
RPB AUTO POSTO LTDA;07075892001100;SAO JOSE DOS NAUFRAGOS;GASOLINA ADITIVADA;03/09/2024;6,67;VIBRA;6,67;0,0;0,0;6,67;6,67;0,0;6,52;0,15000000000000036;2,3006134969325207;17;False
RPB AUTO POSTO LTDA;07075892001100;SAO JOSE DOS NAUFRAGOS;GASOLINA ADITIVADA;09/09/2024;6,67;VIBRA;6,67;0,0;0,0;6,67;6,67;0,0;6,52;0,15000000000000036;2,3006134969325207;17;False
RPB AUTO POSTO LTDA;07075892001100;SAO JOSE DOS NAUFRAGOS;GASOLINA ADITIVADA;17/09/2024;6,47;VIBRA;6,67;-0,20000000000000018;-2,9985007496251903;6,67;6,67;-0,20000000000000018;6,32;0,14999999999999947;2,3734177215189787;17;False
RPB AUTO POSTO LTDA;07075892001100;SAO JOSE DOS NAUFRAGOS;GASOLINA ADITIVADA;24/09/2024;6,47;VIBRA;6,47;0,0;0,0;6,651818181818182;6,67;-0,20000000000000018;6,324999999999999;0,14500000000000046;2,2924901185770827;17;False
RPB AUTO POSTO LTDA;07075892001100;SAO JOSE DOS NAUFRAGOS;GASOLINA ADITIVADA;30/09/2024;6,47;VIBRA;6,47;0,0;0,0;6,636666666666667;6,67;-0,20000000000000018;6,324999999999999;0,14500000000000046;2,2924901185770827;17;False
RPB AUTO POSTO LTDA;07075892001100;SAO JOSE DOS NAUFRAGOS;GASOLINA ADITIVADA;07/10/2024;6,47;VIBRA;6,47;0,0;0,0;6,623846153846154;6,67;-0,20000000000000018;6,324999999999999;0,14500000000000046;2,2924901185770827;17;False
RPB AUTO POSTO LTDA;07075892001100;SAO JOSE DOS NAUFRAGOS;GASOLINA ADITIVADA;15/10/2024;6,47;VIBRA;6,47;0,0;0,0;6,612857142857143;6,67;-0,20000000000000018;6,27;0,20000000000000018;3,189792663476877;17;False
RPB AUTO POSTO LTDA;07075892001100;SAO JOSE DOS NAUFRAGOS;GASOLINA ADITIVADA;21/10/2024;6,19;VIBRA;6,47;-0,27999999999999936;-4,327666151468305;6,6033333333333335;6,67;-0,47999999999999954;5,99;0,20000000000000018;3,3388981636060127;17;False
RPB AUTO POSTO LTDA;07075892001100;SAO JOSE DOS NAUFRAGOS;GASOLINA ADITIVADA;28/10/2024;6,19;VIBRA;6,19;0,0;0,0;6,5775;6,63;-0,4399999999999995;5,99;0,20000000000000018;3,3388981636060127;17;False
ALPHA COMERCIAL DE COMBUSTIVEIS LTDA;08297710000803;SALGADO FILHO;DIESEL S10;04/03/2026;6,19;VIBRA;;;;;;;5,99;0,20000000000000018;3,3388981636060127;2;True
ALPHA COMERCIAL DE COMBUSTIVEIS LTDA;08297710000803;SALGADO FILHO;DIESEL S10;09/03/2026;6,69;VIBRA;6,19;0,5;8,077544426494345;6,19;6,19;0,5;6,5;0,1900000000000004;2,923076923076929;2;True
ALPHA COMERCIAL DE COMBUSTIVEIS LTDA;08297710000803;SALGADO FILHO;ETANOL;10/07/2024;4,98;VIBRA;;;;;;;4,735;0,2450000000000001;5,174234424498418;52;False
ALPHA COMERCIAL DE COMBUSTIVEIS LTDA;08297710000803;SALGADO FILHO;ETANOL;17/07/2024;4,99;VIBRA;4,98;0,009999999999999787;0,20080321285140132;4,98;4,98;0,009999999999999787;4,78;0,20999999999999996;4,393305439330543;52;False
ALPHA COMERCIAL DE COMBUSTIVEIS LTDA;08297710000803;SALGADO FILHO;ETANOL;23/07/2024;4,99;VIBRA;4,99;0,0;0,0;4,985;4,985;0,004999999999999893;4,99;0,0;0,0;52;False
ALPHA COMERCIAL DE COMBUSTIVEIS LTDA;08297710000803;SALGADO FILHO;ETANOL;30/07/2024;4,98;VIBRA;4,99;-0,009999999999999787;-0,20040080160320214;4,986666666666667;4,99;-0,009999999999999787;4,89;0,09000000000000075;1,8404907975460276;52;False
ALPHA COMERCIAL DE COMBUSTIVEIS LTDA;08297710000803;SALGADO FILHO;ETANOL;06/08/2024;4,98;VIBRA;4,98;0,0;0,0;4,985;4,985;-0,004999999999999893;4,89;0,09000000000000075;1,8404907975460276;52;False
ALPHA COMERCIAL DE COMBUSTIVEIS LTDA;08297710000803;SALGADO FILHO;ETANOL;12/08/2024;4,98;VIBRA;4,98;0,0;0,0;4,984;4,98;0,0;4,89;0,09000000000000075;1,8404907975460276;52;False
ALPHA COMERCIAL DE COMBUSTIVEIS LTDA;08297710000803;SALGADO FILHO;ETANOL;19/08/2024;4,98;VIBRA;4,98;0,0;0,0;4,983333333333333;4,98;0,0;4,89;0,09000000000000075;1,8404907975460276;52;False
ALPHA COMERCIAL DE COMBUSTIVEIS LTDA;08297710000803;SALGADO FILHO;ETANOL;26/08/2024;4,98;VIBRA;4,98;0,0;0,0;4,982857142857143;4,98;0,0;4,89;0,09000000000000075;1,8404907975460276;52;False
ALPHA COMERCIAL DE COMBUSTIVEIS LTDA;08297710000803;SALGADO FILHO;ETANOL;03/09/2024;4,98;VIBRA;4,98;0,0;0,0;4,9825;4,98;0,0;4,89;0,09000000000000075;1,8404907975460276;52;False
ALPHA COMERCIAL DE COMBUSTIVEIS LTDA;08297710000803;SALGADO FILHO;ETANOL;09/09/2024;4,98;VIBRA;4,98;0,0;0,0;4,982222222222223;4,98;0,0;4,89;0,09000000000000075;1,8404907975460276;52;False
ALPHA COMERCIAL DE COMBUSTIVEIS LTDA;08297710000803;SALGADO FILHO;ETANOL;17/09/2024;4,98;VIBRA;4,98;0,0;0,0;4,982000000000001;4,98;0,0;4,79;0,1900000000000004;3,9665970772442667;52;False
ALPHA COMERCIAL DE COMBUSTIVEIS LTDA;08297710000803;SALGADO FILHO;ETANOL;24/09/2024;4,89;VIBRA;4,98;-0,09000000000000075;-1,8072289156626655;4,981818181818182;4,98;-0,09000000000000075;4,75;0,13999999999999968;2,9473684210526248;52;False
ALPHA COMERCIAL DE COMBUSTIVEIS LTDA;08297710000803;SALGADO FILHO;ETANOL;30/09/2024;4,89;VIBRA;4,89;0,0;0,0;4,974166666666667;4,98;-0,09000000000000075;4,75;0,13999999999999968;2,9473684210526248;52;False
ALPHA COMERCIAL DE COMBUSTIVEIS LTDA;08297710000803;SALGADO FILHO;ETANOL;07/10/2024;4,79;VIBRA;4,89;-0,09999999999999964;-2,0449897750511177;4,967692307692308;4,98;-0,1900000000000004;4,59;0,20000000000000018;4,357298474945537;52;False
ALPHA COMERCIAL DE COMBUSTIVEIS LTDA;08297710000803;SALGADO FILHO;ETANOL;15/10/2024;4,79;VIBRA;4,79;0,0;0,0;4,955;4,98;-0,1900000000000004;4,5600000000000005;0,22999999999999954;5,043859649122797;52;False
ALPHA COMERCIAL DE COMBUSTIVEIS LTDA;08297710000803;SALGADO FILHO;ETANOL;21/10/2024;4,59;VIBRA;4,79;-0,20000000000000018;-4,175365344467644;4,944;4,98;-0,39000000000000057;4,49;0,09999999999999964;2,2271714922048917;52;False
ALPHA COMERCIAL DE COMBUSTIVEIS LTDA;08297710000803;SALGADO FILHO;ETANOL;28/10/2024;4,59;VIBRA;4,59;0,0;0,0;4,921875;4,98;-0,39000000000000057;4,39;0,20000000000000018;4,555808656036451;52;False
ALPHA COMERCIAL DE COMBUSTIVEIS LTDA;08297710000803;SALGADO FILHO;ETANOL;04/11/2024;4,59;VIBRA;4,59;0,0;0,0;4,902352941176471;4,98;-0,39000000000000057;4,39;0,20000000000000018;4,555808656036451;52;False
ALPHA COMERCIAL DE COMBUSTIVEIS LTDA;08297710000803;SALGADO FILHO;ETANOL;11/11/2024;4,59;VIBRA;4,59;0,0;0,0;4,885000000000001;4,98;-0,39000000000000057;4,39;0,20000000000000018;4,555808656036451;52;False
ALPHA COMERCIAL DE COMBUSTIVEIS LTDA;08297710000803;SALGADO FILHO;ETANOL;18/11/2024;4,79;VIBRA;4,59;0,20000000000000018;4,357298474945537;4,869473684210527;4,98;-0,1900000000000004;4,39;0,40000000000000036;9,111617312072902;52;False
ALPHA COMERCIAL DE COMBUSTIVEIS LTDA;08297710000803;SALGADO FILHO;ETANOL;25/11/2024;4,79;VIBRA;4,79;0,0;0,0;4,8655;4,98;-0,1900000000000004;4,39;0,40000000000000036;9,111617312072902;52;False
ALPHA COMERCIAL DE COMBUSTIVEIS LTDA;08297710000803;SALGADO FILHO;ETANOL;03/12/2024;4,59;VIBRA;4,79;-0,20000000000000018;-4,175365344467644;4,861904761904762;4,98;-0,39000000000000057;4,295;0,29499999999999993;6,868451688009311;52;False
ALPHA COMERCIAL DE COMBUSTIVEIS LTDA;08297710000803;SALGADO FILHO;ETANOL;09/12/2024;4,49;VIBRA;4,59;-0,09999999999999964;-2,1786492374727593;4,849545454545455;4,9350000000000005;-0,4450000000000003;4,295;0,19500000000000028;4,540162980209553;52;False
ALPHA COMERCIAL DE COMBUSTIVEIS LTDA;08297710000803;SALGADO FILHO;ETANOL;16/12/2024;4,39;VIBRA;4,49;-0,10000000000000053;-2,2271714922049117;4,833913043478261;4,89;-0,5;4,29;0,09999999999999964;2,3310023310023227;52;False
ALPHA COMERCIAL DE COMBUSTIVEIS LTDA;08297710000803;SALGADO FILHO;ETANOL;23/12/2024;4,39;VIBRA;4,39;0,0;0,0;4,815416666666667;4,89;-0,5;4,29;0,09999999999999964;2,3310023310023227;52;False
ALPHA COMERCIAL DE COMBUSTIVEIS LTDA;08297710000803;SALGADO FILHO;ETANOL;30/12/2024;4,39;VIBRA;4,39;0,0;0,0;4,7984;4,89;-0,5;4,29;0,09999999999999964;2,3310023310023227;52;False
ALPHA COMERCIAL DE COMBUSTIVEIS LTDA;08297710000803;SALGADO FILHO;ETANOL;06/01/2025;4,49;VIBRA;4,39;0,10000000000000053;2,2779043280182356;4,782692307692308;4,84;-0,34999999999999964;4,295;0,19500000000000028;4,540162980209553;52;False
ALPHA COMERCIAL DE COMBUSTIVEIS LTDA;08297710000803;SALGADO FILHO;ETANOL;13/01/2025;4,69;VIBRA;4,49;0,20000000000000018;4,454342984409803;4,771851851851852;4,79;-0,09999999999999964;4,59;0,10000000000000053;2,1786492374727784;52;False
ALPHA COMERCIAL DE COMBUSTIVEIS LTDA;08297710000803;SALGADO FILHO;ETANOL;20/01/2025;4,79;VIBRA;4,69;0,09999999999999964;2,1321961620469008;4,768928571428572;4,79;0,0;4,625;0,16500000000000004;3,5675675675675684;52;False
ALPHA COMERCIAL DE COMBUSTIVEIS LTDA;08297710000803;SALGADO FILHO;ETANOL;28/01/2025;4,79;VIBRA;4,79;0,0;0,0;4,769655172413793;4,79;0,0;4,66;0,1299999999999999;2,7896995708154484;52;False
ALPHA COMERCIAL DE COMBUSTIVEIS LTDA;08297710000803;SALGADO FILHO;ETANOL;03/02/2025;4,99;VIBRA;4,79;0,20000000000000018;4,175365344467644;4,770333333333334;4,79;0,20000000000000018;4,74;0,25;5,2742616033755265;52;False
ALPHA COMERCIAL DE COMBUSTIVEIS LTDA;08297710000803;SALGADO FILHO;ETANOL;11/02/2025;4,99;VIBRA;4,99;0,0;0,0;4,77741935483871;4,79;0,20000000000000018;4,845;0,14500000000000046;2,992776057791547;52;False
ALPHA COMERCIAL DE COMBUSTIVEIS LTDA;08297710000803;SALGADO FILHO;ETANOL;18/02/2025;4,99;VIBRA;4,99;0,0;0,0;4,7840625;4,79;0,20000000000000018;4,89;0,10000000000000053;2,0449897750511354;52;False
ALPHA COMERCIAL DE COMBUSTIVEIS LTDA;08297710000803;SALGADO FILHO;ETANOL;25/02/2025;4,99;VIBRA;4,99;0,0;0,0;4,790303030303031;4,79;0,20000000000000018;4,89;0,10000000000000053;2,0449897750511354;52;False
ALPHA COMERCIAL DE COMBUSTIVEIS LTDA;08297710000803;SALGADO FILHO;ETANOL;03/03/2025;4,99;VIBRA;4,99;0,0;0,0;4,796176470588235;4,84;0,15000000000000036;4,89;0,10000000000000053;2,0449897750511354;52;False
ALPHA COMERCIAL DE COMBUSTIVEIS LTDA;08297710000803;SALGADO FILHO;ETANOL;11/03/2025;4,99;VIBRA;4,99;0,0;0,0;4,801714285714286;4,89;0,10000000000000053;4,89;0,10000000000000053;2,0449897750511354;52;False
ALPHA COMERCIAL DE COMBUSTIVEIS LTDA;08297710000803;SALGADO FILHO;ETANOL;18/03/2025;4,99;VIBRA;4,99;0,0;0,0;4,8069444444444445;4,89;0,10000000000000053;4,89;0,10000000000000053;2,0449897750511354;52;False
ALPHA COMERCIAL DE COMBUSTIVEIS LTDA;08297710000803;SALGADO FILHO;ETANOL;25/03/2025;4,99;VIBRA;4,99;0,0;0,0;4,811891891891892;4,89;0,10000000000000053;4,89;0,10000000000000053;2,0449897750511354;52;False
ALPHA COMERCIAL DE COMBUSTIVEIS LTDA;08297710000803;SALGADO FILHO;ETANOL;31/03/2025;4,99;VIBRA;4,99;0,0;0,0;4,816578947368421;4,9350000000000005;0,054999999999999716;4,865;0,125;2,5693730729701953;52;False
ALPHA COMERCIAL DE COMBUSTIVEIS LTDA;08297710000803;SALGADO FILHO;ETANOL;08/04/2025;4,99;VIBRA;4,99;0,0;0,0;4,821025641025641;4,98;0,009999999999999787;4,865;0,125;2,5693730729701953;52;False
ALPHA COMERCIAL DE COMBUSTIVEIS LTDA;08297710000803;SALGADO FILHO;ETANOL;15/04/2025;4,89;VIBRA;4,99;-0,10000000000000053;-2,004008016032075;4,82525;4,98;-0,09000000000000075;4,89;0,0;0,0;52;False
ALPHA COMERCIAL DE COMBUSTIVEIS LTDA;08297710000803;SALGADO FILHO;ETANOL;22/04/2025;4,89;VIBRA;4,89;0,0;0,0;4,826829268292683;4,98;-0,09000000000000075;4,89;0,0;0,0;52;False
ALPHA COMERCIAL DE COMBUSTIVEIS LTDA;08297710000803;SALGADO FILHO;ETANOL;29/04/2025;4,89;VIBRA;4,89;0,0;0,0;4,828333333333333;4,9350000000000005;-0,04500000000000082;4,89;0,0;0,0;52;False
ALPHA COMERCIAL DE COMBUSTIVEIS LTDA;08297710000803;SALGADO FILHO;ETANOL;05/05/2025;4,89;VIBRA;4,89;0,0;0,0;4,829767441860465;4,89;0,0;4,89;0,0;0,0;52;False
ALPHA COMERCIAL DE COMBUSTIVEIS LTDA;08297710000803;SALGADO FILHO;ETANOL;12/05/2025;4,89;VIBRA;4,89;0,0;0,0;4,831136363636364;4,89;0,0;4,869999999999999;0,020000000000000462;0,4106776180698247;52;False
ALPHA COMERCIAL DE COMBUSTIVEIS LTDA;08297710000803;SALGADO FILHO;ETANOL;19/05/2025;4,99;VIBRA;4,89;0,10000000000000053;2,0449897750511354;4,8324444444444445;4,89;0,10000000000000053;4,94;0,04999999999999982;1,0121457489878507;52;False
ALPHA COMERCIAL DE COMBUSTIVEIS LTDA;08297710000803;SALGADO FILHO;ETANOL;27/05/2025;4,99;VIBRA;4,99;0,0;0,0;4,835869565217392;4,89;0,10000000000000053;4,965;0,025000000000000355;0,50352467270897;52;False
ALPHA COMERCIAL DE COMBUSTIVEIS LTDA;08297710000803;SALGADO FILHO;ETANOL;03/06/2025;4,99;VIBRA;4,99;0,0;0,0;4,839148936170213;4,89;0,10000000000000053;4,95;0,040000000000000036;0,8080808080808087;52;False
ALPHA COMERCIAL DE COMBUSTIVEIS LTDA;08297710000803;SALGADO FILHO;ETANOL;09/06/2025;4,99;VIBRA;4,99;0,0;0,0;4,842291666666667;4,9350000000000005;0,054999999999999716;4,95;0,040000000000000036;0,8080808080808087;52;False
ALPHA COMERCIAL DE COMBUSTIVEIS LTDA;08297710000803;SALGADO FILHO;ETANOL;16/06/2025;4,99;VIBRA;4,99;0,0;0,0;4,84530612244898;4,98;0,009999999999999787;4,95;0,040000000000000036;0,8080808080808087;52;False
ALPHA COMERCIAL DE COMBUSTIVEIS LTDA;08297710000803;SALGADO FILHO;ETANOL;24/06/2025;4,99;VIBRA;4,99;0,0;0,0;4,8482;4,98;0,009999999999999787;4,95;0,040000000000000036;0,8080808080808087;52;False
ALPHA COMERCIAL DE COMBUSTIVEIS LTDA;08297710000803;SALGADO FILHO;ETANOL;30/06/2025;4,99;VIBRA;4,99;0,0;0,0;4,850980392156863;4,98;0,009999999999999787;4,95;0,040000000000000036;0,8080808080808087;52;False
ALPHA COMERCIAL DE COMBUSTIVEIS LTDA;08297710000803;SALGADO FILHO;GASOLINA;10/07/2024;6,38;VIBRA;;;;;;;6,37;0,009999999999999787;0,1569858712715822;74;False
ALPHA COMERCIAL DE COMBUSTIVEIS LTDA;08297710000803;SALGADO FILHO;GASOLINA;17/07/2024;6,38;VIBRA;6,38;0,0;0,0;6,38;6,38;0,0;6,375;0,004999999999999893;0,07843137254901794;74;False
ALPHA COMERCIAL DE COMBUSTIVEIS LTDA;08297710000803;SALGADO FILHO;GASOLINA;23/07/2024;6,58;VIBRA;6,38;0,20000000000000018;3,134796238244517;6,38;6,38;0,20000000000000018;6,575;0,004999999999999893;0,07604562737642423;74;False
ALPHA COMERCIAL DE COMBUSTIVEIS LTDA;08297710000803;SALGADO FILHO;GASOLINA;30/07/2024;6,53;VIBRA;6,58;-0,04999999999999982;-0,7598784194528849;6,446666666666666;6,38;0,15000000000000036;6,5;0,03000000000000025;0,4615384615384654;74;False
ALPHA COMERCIAL DE COMBUSTIVEIS LTDA;08297710000803;SALGADO FILHO;GASOLINA;06/08/2024;6,53;VIBRA;6,53;0,0;0,0;6,4675;6,455;0,07500000000000018;6,49;0,040000000000000036;0,6163328197226507;74;False
ALPHA COMERCIAL DE COMBUSTIVEIS LTDA;08297710000803;SALGADO FILHO;GASOLINA;12/08/2024;6,48;VIBRA;6,53;-0,04999999999999982;-0,7656967840735042;6,4799999999999995;6,53;-0,04999999999999982;6,47;0,010000000000000675;0,15455950540959315;74;False
ALPHA COMERCIAL DE COMBUSTIVEIS LTDA;08297710000803;SALGADO FILHO;GASOLINA;19/08/2024;6,48;VIBRA;6,48;0,0;0,0;6,48;6,505000000000001;-0,025000000000000355;6,47;0,010000000000000675;0,15455950540959315;74;False
ALPHA COMERCIAL DE COMBUSTIVEIS LTDA;08297710000803;SALGADO FILHO;GASOLINA;26/08/2024;6,48;VIBRA;6,48;0,0;0,0;6,4799999999999995;6,48;0,0;6,47;0,010000000000000675;0,15455950540959315;74;False
ALPHA COMERCIAL DE COMBUSTIVEIS LTDA;08297710000803;SALGADO FILHO;GASOLINA;03/09/2024;6,48;VIBRA;6,48;0,0;0,0;6,48;6,48;0,0;6,47;0,010000000000000675;0,15455950540959315;74;False
ALPHA COMERCIAL DE COMBUSTIVEIS LTDA;08297710000803;SALGADO FILHO;GASOLINA;09/09/2024;6,48;VIBRA;6,48;0,0;0,0;6,48;6,48;0,0;6,47;0,010000000000000675;0,15455950540959315;74;False
ALPHA COMERCIAL DE COMBUSTIVEIS LTDA;08297710000803;SALGADO FILHO;GASOLINA;17/09/2024;6,28;VIBRA;6,48;-0,20000000000000018;-3,0864197530864224;6,4799999999999995;6,48;-0,20000000000000018;6,27;0,010000000000000675;0,15948963317385448;74;False
ALPHA COMERCIAL DE COMBUSTIVEIS LTDA;08297710000803;SALGADO FILHO;GASOLINA;24/09/2024;6,28;VIBRA;6,28;0,0;0,0;6,461818181818182;6,48;-0,20000000000000018;6,27;0,010000000000000675;0,15948963317385448;74;False
ALPHA COMERCIAL DE COMBUSTIVEIS LTDA;08297710000803;SALGADO FILHO;GASOLINA;30/09/2024;6,28;VIBRA;6,28;0,0;0,0;6,446666666666666;6,48;-0,20000000000000018;6,27;0,010000000000000675;0,15948963317385448;74;False
ALPHA COMERCIAL DE COMBUSTIVEIS LTDA;08297710000803;SALGADO FILHO;GASOLINA;07/10/2024;6,28;VIBRA;6,28;0,0;0,0;6,4338461538461535;6,48;-0,20000000000000018;6,27;0,010000000000000675;0,15948963317385448;74;False
ALPHA COMERCIAL DE COMBUSTIVEIS LTDA;08297710000803;SALGADO FILHO;GASOLINA;15/10/2024;6,28;VIBRA;6,28;0,0;0,0;6,422857142857143;6,48;-0,20000000000000018;6,22;0,0600000000000005;0,9646302250803939;74;False
ALPHA COMERCIAL DE COMBUSTIVEIS LTDA;08297710000803;SALGADO FILHO;GASOLINA;21/10/2024;6,08;VIBRA;6,28;-0,20000000000000018;-3,184713375796181;6,413333333333333;6,48;-0,40000000000000036;5,95;0,1299999999999999;2,18487394957983;74;False
ALPHA COMERCIAL DE COMBUSTIVEIS LTDA;08297710000803;SALGADO FILHO;GASOLINA;28/10/2024;6,08;VIBRA;6,08;0,0;0,0;6,3925;6,43;-0,34999999999999964;5,92;0,16000000000000014;2,7027027027027053;74;False
ALPHA COMERCIAL DE COMBUSTIVEIS LTDA;08297710000803;SALGADO FILHO;GASOLINA;04/11/2024;6,08;VIBRA;6,08;0,0;0,0;6,374117647058823;6,38;-0,2999999999999998;5,92;0,16000000000000014;2,7027027027027053;74;False
ALPHA COMERCIAL DE COMBUSTIVEIS LTDA;08297710000803;SALGADO FILHO;GASOLINA;11/11/2024;6,08;VIBRA;6,08;0,0;0,0;6,357777777777778;6,38;-0,2999999999999998;5,9;0,17999999999999972;3,0508474576271136;74;False
ALPHA COMERCIAL DE COMBUSTIVEIS LTDA;08297710000803;SALGADO FILHO;GASOLINA;18/11/2024;6,37;VIBRA;6,08;0,29000000000000004;4,769736842105264;6,3431578947368426;6,38;-0,009999999999999787;6,32;0,04999999999999982;0,7911392405063262;74;False
ALPHA COMERCIAL DE COMBUSTIVEIS LTDA;08297710000803;SALGADO FILHO;GASOLINA;25/11/2024;6,37;VIBRA;6,37;0,0;0,0;6,3445;6,375;-0,004999999999999893;6,32;0,04999999999999982;0,7911392405063262;74;False
ALPHA COMERCIAL DE COMBUSTIVEIS LTDA;08297710000803;SALGADO FILHO;GASOLINA;03/12/2024;6,37;VIBRA;6,37;0,0;0,0;6,345714285714285;6,37;0,0;6,32;0,04999999999999982;0,7911392405063262;74;False
ALPHA COMERCIAL DE COMBUSTIVEIS LTDA;08297710000803;SALGADO FILHO;GASOLINA;09/12/2024;6,37;VIBRA;6,37;0,0;0,0;6,346818181818182;6,37;0,0;6,32;0,04999999999999982;0,7911392405063262;74;False
ALPHA COMERCIAL DE COMBUSTIVEIS LTDA;08297710000803;SALGADO FILHO;GASOLINA;16/12/2024;6,37;VIBRA;6,37;0,0;0,0;6,3478260869565215;6,37;0,0;6,32;0,04999999999999982;0,7911392405063262;74;False
ALPHA COMERCIAL DE COMBUSTIVEIS LTDA;08297710000803;SALGADO FILHO;GASOLINA;23/12/2024;6,37;VIBRA;6,37;0,0;0,0;6,34875;6,37;0,0;6,32;0,04999999999999982;0,7911392405063262;74;False
ALPHA COMERCIAL DE COMBUSTIVEIS LTDA;08297710000803;SALGADO FILHO;GASOLINA;30/12/2024;6,37;VIBRA;6,37;0,0;0,0;6,349600000000001;6,37;0,0;6,32;0,04999999999999982;0,7911392405063262;74;False
ALPHA COMERCIAL DE COMBUSTIVEIS LTDA;08297710000803;SALGADO FILHO;GASOLINA;06/01/2025;6,37;VIBRA;6,37;0,0;0,0;6,350384615384616;6,37;0,0;6,32;0,04999999999999982;0,7911392405063262;74;False
ALPHA COMERCIAL DE COMBUSTIVEIS LTDA;08297710000803;SALGADO FILHO;GASOLINA;13/01/2025;6,49;VIBRA;6,37;0,1200000000000001;1,8838304552590284;6,351111111111112;6,37;0,1200000000000001;6,42;0,07000000000000028;1,0903426791277304;74;False
ALPHA COMERCIAL DE COMBUSTIVEIS LTDA;08297710000803;SALGADO FILHO;GASOLINA;20/01/2025;6,49;VIBRA;6,49;0,0;0,0;6,356071428571428;6,37;0,1200000000000001;6,42;0,07000000000000028;1,0903426791277304;74;False
ALPHA COMERCIAL DE COMBUSTIVEIS LTDA;08297710000803;SALGADO FILHO;GASOLINA;28/01/2025;6,49;VIBRA;6,49;0,0;0,0;6,360689655172414;6,37;0,1200000000000001;6,42;0,07000000000000028;1,0903426791277304;74;False
ALPHA COMERCIAL DE COMBUSTIVEIS LTDA;08297710000803;SALGADO FILHO;GASOLINA;03/02/2025;6,59;VIBRA;6,49;0,09999999999999964;1,54083204930662;6,365;6,37;0,21999999999999975;6,49;0,09999999999999964;1,54083204930662;74;False
ALPHA COMERCIAL DE COMBUSTIVEIS LTDA;08297710000803;SALGADO FILHO;GASOLINA;11/02/2025;6,69;VIBRA;6,59;0,10000000000000053;1,5174506828528156;6,372258064516129;6,37;0,3200000000000003;6,62;0,07000000000000028;1,057401812688826;74;False
ALPHA COMERCIAL DE COMBUSTIVEIS LTDA;08297710000803;SALGADO FILHO;GASOLINA;18/02/2025;6,69;VIBRA;6,69;0,0;0,0;6,382187500000001;6,37;0,3200000000000003;6,62;0,07000000000000028;1,057401812688826;74;False
ALPHA COMERCIAL DE COMBUSTIVEIS LTDA;08297710000803;SALGADO FILHO;GASOLINA;25/02/2025;6,69;VIBRA;6,69;0,0;0,0;6,391515151515152;6,37;0,3200000000000003;6,62;0,07000000000000028;1,057401812688826;74;False
ALPHA COMERCIAL DE COMBUSTIVEIS LTDA;08297710000803;SALGADO FILHO;GASOLINA;03/03/2025;6,69;VIBRA;6,69;0,0;0,0;6,400294117647059;6,375;0,3150000000000004;6,62;0,07000000000000028;1,057401812688826;74;False
ALPHA COMERCIAL DE COMBUSTIVEIS LTDA;08297710000803;SALGADO FILHO;GASOLINA;11/03/2025;6,69;VIBRA;6,69;0,0;0,0;6,408571428571429;6,38;0,3100000000000005;6,62;0,07000000000000028;1,057401812688826;74;False
ALPHA COMERCIAL DE COMBUSTIVEIS LTDA;08297710000803;SALGADO FILHO;GASOLINA;18/03/2025;6,69;VIBRA;6,69;0,0;0,0;6,416388888888889;6,38;0,3100000000000005;6,62;0,07000000000000028;1,057401812688826;74;False
ALPHA COMERCIAL DE COMBUSTIVEIS LTDA;08297710000803;SALGADO FILHO;GASOLINA;25/03/2025;6,69;VIBRA;6,69;0,0;0,0;6,423783783783784;6,38;0,3100000000000005;6,62;0,07000000000000028;1,057401812688826;74;False
ALPHA COMERCIAL DE COMBUSTIVEIS LTDA;08297710000803;SALGADO FILHO;GASOLINA;31/03/2025;6,69;VIBRA;6,69;0,0;0,0;6,430789473684211;6,43;0,2600000000000007;6,62;0,07000000000000028;1,057401812688826;74;False
ALPHA COMERCIAL DE COMBUSTIVEIS LTDA;08297710000803;SALGADO FILHO;GASOLINA;08/04/2025;6,69;VIBRA;6,69;0,0;0,0;6,437435897435898;6,48;0,20999999999999996;6,62;0,07000000000000028;1,057401812688826;74;False
ALPHA COMERCIAL DE COMBUSTIVEIS LTDA;08297710000803;SALGADO FILHO;GASOLINA;15/04/2025;6,59;VIBRA;6,69;-0,10000000000000053;-1,4947683109118166;6,44375;6,48;0,10999999999999943;6,52;0,07000000000000028;1,073619631901845;74;False
ALPHA COMERCIAL DE COMBUSTIVEIS LTDA;08297710000803;SALGADO FILHO;GASOLINA;22/04/2025;6,69;VIBRA;6,59;0,10000000000000053;1,5174506828528156;6,4473170731707325;6,48;0,20999999999999996;6,539999999999999;0,15000000000000124;2,2935779816513953;74;False
ALPHA COMERCIAL DE COMBUSTIVEIS LTDA;08297710000803;SALGADO FILHO;GASOLINA;29/04/2025;6,69;VIBRA;6,69;0,0;0,0;6,453095238095239;6,48;0,20999999999999996;6,62;0,07000000000000028;1,057401812688826;74;False
ALPHA COMERCIAL DE COMBUSTIVEIS LTDA;08297710000803;SALGADO FILHO;GASOLINA;05/05/2025;6,69;VIBRA;6,69;0,0;0,0;6,4586046511627915;6,48;0,20999999999999996;6,62;0,07000000000000028;1,057401812688826;74;False
ALPHA COMERCIAL DE COMBUSTIVEIS LTDA;08297710000803;SALGADO FILHO;GASOLINA;12/05/2025;6,69;VIBRA;6,69;0,0;0,0;6,463863636363637;6,48;0,20999999999999996;6,62;0,07000000000000028;1,057401812688826;74;False
ALPHA COMERCIAL DE COMBUSTIVEIS LTDA;08297710000803;SALGADO FILHO;GASOLINA;19/05/2025;6,69;VIBRA;6,69;0,0;0,0;6,468888888888889;6,48;0,20999999999999996;6,62;0,07000000000000028;1,057401812688826;74;False
ALPHA COMERCIAL DE COMBUSTIVEIS LTDA;08297710000803;SALGADO FILHO;GASOLINA;27/05/2025;6,69;VIBRA;6,69;0,0;0,0;6,473695652173913;6,48;0,20999999999999996;6,62;0,07000000000000028;1,057401812688826;74;False
ALPHA COMERCIAL DE COMBUSTIVEIS LTDA;08297710000803;SALGADO FILHO;GASOLINA;03/06/2025;6,69;VIBRA;6,69;0,0;0,0;6,478297872340426;6,48;0,20999999999999996;6,62;0,07000000000000028;1,057401812688826;74;False
ALPHA COMERCIAL DE COMBUSTIVEIS LTDA;08297710000803;SALGADO FILHO;GASOLINA;09/06/2025;6,69;VIBRA;6,69;0,0;0,0;6,482708333333334;6,485;0,20500000000000007;6,62;0,07000000000000028;1,057401812688826;74;False
ALPHA COMERCIAL DE COMBUSTIVEIS LTDA;08297710000803;SALGADO FILHO;GASOLINA;16/06/2025;6,69;VIBRA;6,69;0,0;0,0;6,486938775510204;6,49;0,20000000000000018;6,62;0,07000000000000028;1,057401812688826;74;False
ALPHA COMERCIAL DE COMBUSTIVEIS LTDA;08297710000803;SALGADO FILHO;GASOLINA;24/06/2025;6,69;VIBRA;6,69;0,0;0,0;6,4910000000000005;6,49;0,20000000000000018;6,62;0,07000000000000028;1,057401812688826;74;False
ALPHA COMERCIAL DE COMBUSTIVEIS LTDA;08297710000803;SALGADO FILHO;GASOLINA;30/06/2025;6,69;VIBRA;6,69;0,0;0,0;6,494901960784314;6,49;0,20000000000000018;6,62;0,07000000000000028;1,057401812688826;74;False
ALPHA COMERCIAL DE COMBUSTIVEIS LTDA;08297710000803;SALGADO FILHO;GASOLINA;13/01/2026;6,59;VIBRA;6,69;-0,10000000000000053;-1,4947683109118166;6,498653846153847;6,49;0,09999999999999964;6,52;0,07000000000000028;1,073619631901845;74;False
ALPHA COMERCIAL DE COMBUSTIVEIS LTDA;08297710000803;SALGADO FILHO;GASOLINA;22/01/2026;6,59;VIBRA;6,59;0,0;0,0;6,500377358490566;6,49;0,09999999999999964;6,5649999999999995;0,025000000000000355;0,3808073115003862;74;False
ALPHA COMERCIAL DE COMBUSTIVEIS LTDA;08297710000803;SALGADO FILHO;GASOLINA;27/01/2026;6,59;VIBRA;6,59;0,0;0,0;6,502037037037037;6,51;0,08000000000000007;6,57;0,019999999999999574;0,3044140030441335;74;False
ALPHA COMERCIAL DE COMBUSTIVEIS LTDA;08297710000803;SALGADO FILHO;GASOLINA;10/02/2026;6,59;VIBRA;6,59;0,0;0,0;6,503636363636363;6,53;0,05999999999999961;6,539999999999999;0,05000000000000071;0,764525993883803;74;False
ALPHA COMERCIAL DE COMBUSTIVEIS LTDA;08297710000803;SALGADO FILHO;GASOLINA;24/02/2026;6,59;VIBRA;6,59;0,0;0,0;6,505178571428572;6,53;0,05999999999999961;6,539999999999999;0,05000000000000071;0,764525993883803;74;False
ALPHA COMERCIAL DE COMBUSTIVEIS LTDA;08297710000803;SALGADO FILHO;GASOLINA;04/03/2026;6,59;VIBRA;6,59;0,0;0,0;6,506666666666667;6,53;0,05999999999999961;6,5649999999999995;0,025000000000000355;0,3808073115003862;74;False
ALPHA COMERCIAL DE COMBUSTIVEIS LTDA;08297710000803;SALGADO FILHO;GASOLINA;09/03/2026;6,89;VIBRA;6,59;0,2999999999999998;4,5523520485584195;6,508103448275863;6,555;0,33499999999999996;6,82;0,0699999999999994;1,026392961876824;74;False
ALPHA COMERCIAL DE COMBUSTIVEIS LTDA;08297710000803;SALGADO FILHO;GASOLINA;24/03/2026;7,29;VIBRA;6,89;0,40000000000000036;5,80551523947751;6,514576271186441;6,58;0,71;7,22;0,07000000000000028;0,9695290858725801;74;False
ALPHA COMERCIAL DE COMBUSTIVEIS LTDA;08297710000803;SALGADO FILHO;GASOLINA;30/03/2026;7,29;VIBRA;7,29;0,0;0,0;6,527500000000001;6,585;0,7050000000000001;7,22;0,07000000000000028;0,9695290858725801;74;False
ALPHA COMERCIAL DE COMBUSTIVEIS LTDA;08297710000803;SALGADO FILHO;GASOLINA;07/04/2026;7,29;VIBRA;7,29;0,0;0,0;6,54;6,59;0,7000000000000002;7,22;0,07000000000000028;0,9695290858725801;74;False
ALPHA COMERCIAL DE COMBUSTIVEIS LTDA;08297710000803;SALGADO FILHO;GASOLINA;14/04/2026;7,29;VIBRA;7,29;0,0;0,0;6,552096774193549;6,59;0,7000000000000002;7,22;0,07000000000000028;0,9695290858725801;74;False
ALPHA COMERCIAL DE COMBUSTIVEIS LTDA;08297710000803;SALGADO FILHO;GASOLINA;24/04/2026;7,29;VIBRA;7,29;0,0;0,0;6,563809523809525;6,59;0,7000000000000002;7,23;0,05999999999999961;0,8298755186721938;74;False
ALPHA COMERCIAL DE COMBUSTIVEIS LTDA;08297710000803;SALGADO FILHO;GASOLINA;27/04/2026;7,29;VIBRA;7,29;0,0;0,0;6,57515625;6,59;0,7000000000000002;7,22;0,07000000000000028;0,9695290858725801;74;False
ALPHA COMERCIAL DE COMBUSTIVEIS LTDA;08297710000803;SALGADO FILHO;GASOLINA;04/05/2026;7,29;VIBRA;7,29;0,0;0,0;6,586153846153847;6,59;0,7000000000000002;7,22;0,07000000000000028;0,9695290858725801;74;False
ALPHA COMERCIAL DE COMBUSTIVEIS LTDA;08297710000803;SALGADO FILHO;GASOLINA;12/05/2026;7,59;VIBRA;7,29;0,2999999999999998;4,115226337448557;6,596818181818182;6,59;1,0;7,52;0,07000000000000028;0,930851063829791;74;False
ALPHA COMERCIAL DE COMBUSTIVEIS LTDA;08297710000803;SALGADO FILHO;GASOLINA;18/05/2026;7,59;VIBRA;7,59;0,0;0,0;6,611641791044776;6,59;1,0;7,52;0,07000000000000028;0,930851063829791;74;False
ALPHA COMERCIAL DE COMBUSTIVEIS LTDA;08297710000803;SALGADO FILHO;GASOLINA;26/05/2026;7,19;VIBRA;7,59;-0,39999999999999947;-5,270092226613959;6,626029411764706;6,59;0,6000000000000005;7,135;0,055000000000000604;0,770847932726007;74;False
ALPHA COMERCIAL DE COMBUSTIVEIS LTDA;08297710000803;SALGADO FILHO;GASOLINA;02/06/2026;7,19;VIBRA;7,19;0,0;0,0;6,634202898550725;6,59;0,6000000000000005;7,12;0,07000000000000028;0,9831460674157343;74;False
ALPHA COMERCIAL DE COMBUSTIVEIS LTDA;08297710000803;SALGADO FILHO;GASOLINA;08/06/2026;7,19;VIBRA;7,19;0,0;0,0;6,642142857142857;6,59;0,6000000000000005;7,12;0,07000000000000028;0,9831460674157343;74;False
ALPHA COMERCIAL DE COMBUSTIVEIS LTDA;08297710000803;SALGADO FILHO;GASOLINA;16/06/2026;7,19;VIBRA;7,19;0,0;0,0;6,649859154929577;6,59;0,6000000000000005;7,12;0,07000000000000028;0,9831460674157343;74;False
ALPHA COMERCIAL DE COMBUSTIVEIS LTDA;08297710000803;SALGADO FILHO;GASOLINA;23/06/2026;7,19;VIBRA;7,19;0,0;0,0;6,657361111111111;6,59;0,6000000000000005;7,12;0,07000000000000028;0,9831460674157343;74;False
ALPHA COMERCIAL DE COMBUSTIVEIS LTDA;08297710000803;SALGADO FILHO;GASOLINA;29/06/2026;7,19;VIBRA;7,19;0,0;0,0;6,664657534246576;6,59;0,6000000000000005;7,12;0,07000000000000028;0,9831460674157343;74;False
ALPHA COMERCIAL DE COMBUSTIVEIS LTDA;08297710000803;SALGADO FILHO;GASOLINA ADITIVADA;10/07/2024;6,39;VIBRA;;;;;;;6,51;-0,1200000000000001;-1,8433179723502322;74;False
ALPHA COMERCIAL DE COMBUSTIVEIS LTDA;08297710000803;SALGADO FILHO;GASOLINA ADITIVADA;17/07/2024;6,39;VIBRA;6,39;0,0;0,0;6,39;6,39;0,0;6,57;-0,1800000000000006;-2,7397260273972694;74;False
ALPHA COMERCIAL DE COMBUSTIVEIS LTDA;08297710000803;SALGADO FILHO;GASOLINA ADITIVADA;23/07/2024;6,59;VIBRA;6,39;0,20000000000000018;3,129890453834119;6,39;6,39;0,20000000000000018;6,63;-0,040000000000000036;-0,6033182503770744;74;False
ALPHA COMERCIAL DE COMBUSTIVEIS LTDA;08297710000803;SALGADO FILHO;GASOLINA ADITIVADA;30/07/2024;6,54;VIBRA;6,59;-0,04999999999999982;-0,758725341426401;6,456666666666666;6,39;0,15000000000000036;6,69;-0,15000000000000036;-2,242152466367718;74;False
ALPHA COMERCIAL DE COMBUSTIVEIS LTDA;08297710000803;SALGADO FILHO;GASOLINA ADITIVADA;06/08/2024;6,54;VIBRA;6,54;0,0;0,0;6,4775;6,465;0,07500000000000018;6,5600000000000005;-0,020000000000000462;-0,30487804878049485;74;False
ALPHA COMERCIAL DE COMBUSTIVEIS LTDA;08297710000803;SALGADO FILHO;GASOLINA ADITIVADA;12/08/2024;6,49;VIBRA;6,54;-0,04999999999999982;-0,7645259938837894;6,49;6,54;-0,04999999999999982;6,535;-0,04499999999999993;-0,6885998469778107;74;False
ALPHA COMERCIAL DE COMBUSTIVEIS LTDA;08297710000803;SALGADO FILHO;GASOLINA ADITIVADA;19/08/2024;6,49;VIBRA;6,49;0,0;0,0;6,489999999999999;6,515000000000001;-0,025000000000000355;6,52;-0,02999999999999936;-0,4601226993864933;74;False
ALPHA COMERCIAL DE COMBUSTIVEIS LTDA;08297710000803;SALGADO FILHO;GASOLINA ADITIVADA;26/08/2024;6,49;VIBRA;6,49;0,0;0,0;6,49;6,49;0,0;6,52;-0,02999999999999936;-0,4601226993864933;74;False
ALPHA COMERCIAL DE COMBUSTIVEIS LTDA;08297710000803;SALGADO FILHO;GASOLINA ADITIVADA;03/09/2024;6,49;VIBRA;6,49;0,0;0,0;6,49;6,49;0,0;6,52;-0,02999999999999936;-0,4601226993864933;74;False
ALPHA COMERCIAL DE COMBUSTIVEIS LTDA;08297710000803;SALGADO FILHO;GASOLINA ADITIVADA;09/09/2024;6,49;VIBRA;6,49;0,0;0,0;6,489999999999999;6,49;0,0;6,52;-0,02999999999999936;-0,4601226993864933;74;False
ALPHA COMERCIAL DE COMBUSTIVEIS LTDA;08297710000803;SALGADO FILHO;GASOLINA ADITIVADA;17/09/2024;6,29;VIBRA;6,49;-0,20000000000000018;-3,081664098613254;6,49;6,49;-0,20000000000000018;6,32;-0,03000000000000025;-0,4746835443038014;74;False
ALPHA COMERCIAL DE COMBUSTIVEIS LTDA;08297710000803;SALGADO FILHO;GASOLINA ADITIVADA;24/09/2024;6,3;VIBRA;6,29;0,009999999999999787;0,158982511923685;6,471818181818182;6,49;-0,1900000000000004;6,324999999999999;-0,024999999999999467;-0,3952569169960391;74;False
ALPHA COMERCIAL DE COMBUSTIVEIS LTDA;08297710000803;SALGADO FILHO;GASOLINA ADITIVADA;30/09/2024;6,3;VIBRA;6,3;0,0;0,0;6,4575;6,49;-0,1900000000000004;6,324999999999999;-0,024999999999999467;-0,3952569169960391;74;False
ALPHA COMERCIAL DE COMBUSTIVEIS LTDA;08297710000803;SALGADO FILHO;GASOLINA ADITIVADA;07/10/2024;6,3;VIBRA;6,3;0,0;0,0;6,445384615384616;6,49;-0,1900000000000004;6,324999999999999;-0,024999999999999467;-0,3952569169960391;74;False
ALPHA COMERCIAL DE COMBUSTIVEIS LTDA;08297710000803;SALGADO FILHO;GASOLINA ADITIVADA;15/10/2024;6,3;VIBRA;6,3;0,0;0,0;6,4350000000000005;6,49;-0,1900000000000004;6,27;0,03000000000000025;0,4784688995215351;74;False
ALPHA COMERCIAL DE COMBUSTIVEIS LTDA;08297710000803;SALGADO FILHO;GASOLINA ADITIVADA;21/10/2024;6,18;VIBRA;6,3;-0,1200000000000001;-1,9047619047619067;6,426;6,49;-0,3100000000000005;5,99;0,1899999999999995;3,171953255425701;74;False
ALPHA COMERCIAL DE COMBUSTIVEIS LTDA;08297710000803;SALGADO FILHO;GASOLINA ADITIVADA;28/10/2024;6,18;VIBRA;6,18;0,0;0,0;6,410625;6,4399999999999995;-0,2599999999999998;5,99;0,1899999999999995;3,171953255425701;74;False
ALPHA COMERCIAL DE COMBUSTIVEIS LTDA;08297710000803;SALGADO FILHO;GASOLINA ADITIVADA;04/11/2024;6,18;VIBRA;6,18;0,0;0,0;6,397058823529412;6,39;-0,20999999999999996;6,09;0,08999999999999986;1,4778325123152687;74;False
ALPHA COMERCIAL DE COMBUSTIVEIS LTDA;08297710000803;SALGADO FILHO;GASOLINA ADITIVADA;11/11/2024;6,18;VIBRA;6,18;0,0;0,0;6,385;6,39;-0,20999999999999996;6,08;0,09999999999999964;1,644736842105257;74;False
ALPHA COMERCIAL DE COMBUSTIVEIS LTDA;08297710000803;SALGADO FILHO;GASOLINA ADITIVADA;18/11/2024;6,52;VIBRA;6,18;0,33999999999999986;5,501618122977344;6,37421052631579;6,39;0,1299999999999999;6,45;0,0699999999999994;1,085271317829448;74;False
ALPHA COMERCIAL DE COMBUSTIVEIS LTDA;08297710000803;SALGADO FILHO;GASOLINA ADITIVADA;25/11/2024;6,52;VIBRA;6,52;0,0;0,0;6,3815;6,39;0,1299999999999999;6,45;0,0699999999999994;1,085271317829448;74;False
ALPHA COMERCIAL DE COMBUSTIVEIS LTDA;08297710000803;SALGADO FILHO;GASOLINA ADITIVADA;03/12/2024;6,52;VIBRA;6,52;0,0;0,0;6,3880952380952385;6,39;0,1299999999999999;6,45;0,0699999999999994;1,085271317829448;74;False
ALPHA COMERCIAL DE COMBUSTIVEIS LTDA;08297710000803;SALGADO FILHO;GASOLINA ADITIVADA;09/12/2024;6,52;VIBRA;6,52;0,0;0,0;6,394090909090909;6,4399999999999995;0,08000000000000007;6,45;0,0699999999999994;1,085271317829448;74;False
ALPHA COMERCIAL DE COMBUSTIVEIS LTDA;08297710000803;SALGADO FILHO;GASOLINA ADITIVADA;16/12/2024;6,52;VIBRA;6,52;0,0;0,0;6,399565217391304;6,49;0,02999999999999936;6,45;0,0699999999999994;1,085271317829448;74;False
ALPHA COMERCIAL DE COMBUSTIVEIS LTDA;08297710000803;SALGADO FILHO;GASOLINA ADITIVADA;23/12/2024;6,52;VIBRA;6,52;0,0;0,0;6,404583333333334;6,49;0,02999999999999936;6,45;0,0699999999999994;1,085271317829448;74;False
ALPHA COMERCIAL DE COMBUSTIVEIS LTDA;08297710000803;SALGADO FILHO;GASOLINA ADITIVADA;30/12/2024;6,52;VIBRA;6,52;0,0;0,0;6,409199999999999;6,49;0,02999999999999936;6,45;0,0699999999999994;1,085271317829448;74;False
ALPHA COMERCIAL DE COMBUSTIVEIS LTDA;08297710000803;SALGADO FILHO;GASOLINA ADITIVADA;06/01/2025;6,52;VIBRA;6,52;0,0;0,0;6,413461538461538;6,49;0,02999999999999936;6,45;0,0699999999999994;1,085271317829448;74;False
ALPHA COMERCIAL DE COMBUSTIVEIS LTDA;08297710000803;SALGADO FILHO;GASOLINA ADITIVADA;13/01/2025;6,69;VIBRA;6,52;0,17000000000000082;2,607361963190197;6,417407407407406;6,49;0,20000000000000018;6,55;0,14000000000000057;2,1374045801526806;74;False
ALPHA COMERCIAL DE COMBUSTIVEIS LTDA;08297710000803;SALGADO FILHO;GASOLINA ADITIVADA;20/01/2025;6,69;VIBRA;6,69;0,0;0,0;6,427142857142857;6,49;0,20000000000000018;6,55;0,14000000000000057;2,1374045801526806;74;False
ALPHA COMERCIAL DE COMBUSTIVEIS LTDA;08297710000803;SALGADO FILHO;GASOLINA ADITIVADA;28/01/2025;6,69;VIBRA;6,69;0,0;0,0;6,436206896551725;6,49;0,20000000000000018;6,55;0,14000000000000057;2,1374045801526806;74;False
ALPHA COMERCIAL DE COMBUSTIVEIS LTDA;08297710000803;SALGADO FILHO;GASOLINA ADITIVADA;03/02/2025;6,79;VIBRA;6,69;0,09999999999999964;1,4947683109118033;6,4446666666666665;6,49;0,2999999999999998;6,55;0,2400000000000002;3,6641221374045836;74;False
ALPHA COMERCIAL DE COMBUSTIVEIS LTDA;08297710000803;SALGADO FILHO;GASOLINA ADITIVADA;11/02/2025;6,89;VIBRA;6,79;0,09999999999999964;1,4727540500736325;6,4558064516129035;6,49;0,39999999999999947;6,75;0,13999999999999968;2,0740740740740695;74;False
ALPHA COMERCIAL DE COMBUSTIVEIS LTDA;08297710000803;SALGADO FILHO;GASOLINA ADITIVADA;18/02/2025;6,89;VIBRA;6,89;0,0;0,0;6,469374999999999;6,505;0,3849999999999998;6,75;0,13999999999999968;2,0740740740740695;74;False
ALPHA COMERCIAL DE COMBUSTIVEIS LTDA;08297710000803;SALGADO FILHO;GASOLINA ADITIVADA;25/02/2025;6,89;VIBRA;6,89;0,0;0,0;6,482121212121212;6,52;0,3700000000000001;6,75;0,13999999999999968;2,0740740740740695;74;False
ALPHA COMERCIAL DE COMBUSTIVEIS LTDA;08297710000803;SALGADO FILHO;GASOLINA ADITIVADA;03/03/2025;6,89;VIBRA;6,89;0,0;0,0;6,494117647058823;6,52;0,3700000000000001;6,75;0,13999999999999968;2,0740740740740695;74;False
ALPHA COMERCIAL DE COMBUSTIVEIS LTDA;08297710000803;SALGADO FILHO;GASOLINA ADITIVADA;11/03/2025;6,89;VIBRA;6,89;0,0;0,0;6,505428571428571;6,52;0,3700000000000001;6,75;0,13999999999999968;2,0740740740740695;74;False
ALPHA COMERCIAL DE COMBUSTIVEIS LTDA;08297710000803;SALGADO FILHO;GASOLINA ADITIVADA;18/03/2025;6,89;VIBRA;6,89;0,0;0,0;6,516111111111111;6,52;0,3700000000000001;6,75;0,13999999999999968;2,0740740740740695;74;False
ALPHA COMERCIAL DE COMBUSTIVEIS LTDA;08297710000803;SALGADO FILHO;GASOLINA ADITIVADA;25/03/2025;6,89;VIBRA;6,89;0,0;0,0;6,526216216216216;6,52;0,3700000000000001;6,75;0,13999999999999968;2,0740740740740695;74;False
ALPHA COMERCIAL DE COMBUSTIVEIS LTDA;08297710000803;SALGADO FILHO;GASOLINA ADITIVADA;31/03/2025;6,89;VIBRA;6,89;0,0;0,0;6,53578947368421;6,52;0,3700000000000001;6,75;0,13999999999999968;2,0740740740740695;74;False
ALPHA COMERCIAL DE COMBUSTIVEIS LTDA;08297710000803;SALGADO FILHO;GASOLINA ADITIVADA;08/04/2025;6,89;VIBRA;6,89;0,0;0,0;6,544871794871795;6,52;0,3700000000000001;6,75;0,13999999999999968;2,0740740740740695;74;False
ALPHA COMERCIAL DE COMBUSTIVEIS LTDA;08297710000803;SALGADO FILHO;GASOLINA ADITIVADA;15/04/2025;6,79;VIBRA;6,89;-0,09999999999999964;-1,4513788098693707;6,5535;6,52;0,27000000000000046;6,65;0,13999999999999968;2,105263157894732;74;False
ALPHA COMERCIAL DE COMBUSTIVEIS LTDA;08297710000803;SALGADO FILHO;GASOLINA ADITIVADA;22/04/2025;6,89;VIBRA;6,79;0,09999999999999964;1,4727540500736325;6,559268292682927;6,52;0,3700000000000001;6,695;0,1949999999999994;2,9126213592232917;74;False
ALPHA COMERCIAL DE COMBUSTIVEIS LTDA;08297710000803;SALGADO FILHO;GASOLINA ADITIVADA;29/04/2025;6,89;VIBRA;6,89;0,0;0,0;6,567142857142857;6,52;0,3700000000000001;6,75;0,13999999999999968;2,0740740740740695;74;False
ALPHA COMERCIAL DE COMBUSTIVEIS LTDA;08297710000803;SALGADO FILHO;GASOLINA ADITIVADA;05/05/2025;6,89;VIBRA;6,89;0,0;0,0;6,574651162790698;6,52;0,3700000000000001;6,75;0,13999999999999968;2,0740740740740695;74;False
ALPHA COMERCIAL DE COMBUSTIVEIS LTDA;08297710000803;SALGADO FILHO;GASOLINA ADITIVADA;12/05/2025;6,89;VIBRA;6,89;0,0;0,0;6,581818181818181;6,52;0,3700000000000001;6,734999999999999;0,15500000000000025;2,301410541945067;74;False
ALPHA COMERCIAL DE COMBUSTIVEIS LTDA;08297710000803;SALGADO FILHO;GASOLINA ADITIVADA;19/05/2025;6,89;VIBRA;6,89;0,0;0,0;6,588666666666667;6,52;0,3700000000000001;6,775;0,11499999999999932;1,6974169741697316;74;False
ALPHA COMERCIAL DE COMBUSTIVEIS LTDA;08297710000803;SALGADO FILHO;GASOLINA ADITIVADA;27/05/2025;6,89;VIBRA;6,89;0,0;0,0;6,595217391304348;6,52;0,3700000000000001;6,8;0,08999999999999986;1,3235294117647038;74;False
ALPHA COMERCIAL DE COMBUSTIVEIS LTDA;08297710000803;SALGADO FILHO;GASOLINA ADITIVADA;03/06/2025;6,89;VIBRA;6,89;0,0;0,0;6,601489361702127;6,52;0,3700000000000001;6,8;0,08999999999999986;1,3235294117647038;74;False
ALPHA COMERCIAL DE COMBUSTIVEIS LTDA;08297710000803;SALGADO FILHO;GASOLINA ADITIVADA;09/06/2025;6,89;VIBRA;6,89;0,0;0,0;6,607499999999999;6,529999999999999;0,3600000000000003;6,76;0,1299999999999999;1,9230769230769214;74;False
ALPHA COMERCIAL DE COMBUSTIVEIS LTDA;08297710000803;SALGADO FILHO;GASOLINA ADITIVADA;16/06/2025;6,89;VIBRA;6,89;0,0;0,0;6,613265306122449;6,54;0,34999999999999964;6,8;0,08999999999999986;1,3235294117647038;74;False
ALPHA COMERCIAL DE COMBUSTIVEIS LTDA;08297710000803;SALGADO FILHO;GASOLINA ADITIVADA;24/06/2025;6,89;VIBRA;6,89;0,0;0,0;6,6188;6,54;0,34999999999999964;6,8;0,08999999999999986;1,3235294117647038;74;False
ALPHA COMERCIAL DE COMBUSTIVEIS LTDA;08297710000803;SALGADO FILHO;GASOLINA ADITIVADA;30/06/2025;6,89;VIBRA;6,89;0,0;0,0;6,624117647058823;6,54;0,34999999999999964;6,8;0,08999999999999986;1,3235294117647038;74;False
ALPHA COMERCIAL DE COMBUSTIVEIS LTDA;08297710000803;SALGADO FILHO;GASOLINA ADITIVADA;13/01/2026;6,79;VIBRA;6,89;-0,09999999999999964;-1,4513788098693707;6,629230769230769;6,5649999999999995;0,22500000000000053;6,74;0,04999999999999982;0,7418397626112733;74;False
ALPHA COMERCIAL DE COMBUSTIVEIS LTDA;08297710000803;SALGADO FILHO;GASOLINA ADITIVADA;22/01/2026;6,79;VIBRA;6,79;0,0;0,0;6,632264150943396;6,59;0,20000000000000018;6,765000000000001;0,024999999999999467;0,369549150036947;74;False
ALPHA COMERCIAL DE COMBUSTIVEIS LTDA;08297710000803;SALGADO FILHO;GASOLINA ADITIVADA;27/01/2026;6,79;VIBRA;6,79;0,0;0,0;6,635185185185185;6,640000000000001;0,14999999999999947;6,79;0,0;0,0;74;False
ALPHA COMERCIAL DE COMBUSTIVEIS LTDA;08297710000803;SALGADO FILHO;GASOLINA ADITIVADA;10/02/2026;6,79;VIBRA;6,79;0,0;0,0;6,638;6,69;0,09999999999999964;6,79;0,0;0,0;74;False
ALPHA COMERCIAL DE COMBUSTIVEIS LTDA;08297710000803;SALGADO FILHO;GASOLINA ADITIVADA;24/02/2026;6,59;VIBRA;6,79;-0,20000000000000018;-2,9455081001472783;6,640714285714286;6,69;-0,10000000000000053;6,555;0,03500000000000014;0,5339435545385224;74;False
ALPHA COMERCIAL DE COMBUSTIVEIS LTDA;08297710000803;SALGADO FILHO;GASOLINA ADITIVADA;04/03/2026;6,79;VIBRA;6,59;0,20000000000000018;3,0349013657056174;6,6398245614035085;6,69;0,09999999999999964;6,74;0,04999999999999982;0,7418397626112733;74;False
ALPHA COMERCIAL DE COMBUSTIVEIS LTDA;08297710000803;SALGADO FILHO;GASOLINA ADITIVADA;09/03/2026;7,09;VIBRA;6,79;0,2999999999999998;4,418262150220911;6,642413793103448;6,69;0,39999999999999947;6,93;0,16000000000000014;2,308802308802311;74;False
ALPHA COMERCIAL DE COMBUSTIVEIS LTDA;08297710000803;SALGADO FILHO;GASOLINA ADITIVADA;24/03/2026;7,49;VIBRA;7,09;0,40000000000000036;5,641748942172079;6,6499999999999995;6,69;0,7999999999999998;7,345000000000001;0,14499999999999957;1,974132062627632;74;False
ALPHA COMERCIAL DE COMBUSTIVEIS LTDA;08297710000803;SALGADO FILHO;GASOLINA ADITIVADA;30/03/2026;7,49;VIBRA;7,49;0,0;0,0;6,664;6,69;0,7999999999999998;7,34;0,15000000000000036;2,0435967302452362;74;False
ALPHA COMERCIAL DE COMBUSTIVEIS LTDA;08297710000803;SALGADO FILHO;GASOLINA ADITIVADA;07/04/2026;7,49;VIBRA;7,49;0,0;0,0;6,677540983606557;6,69;0,7999999999999998;7,29;0,20000000000000018;2,7434842249657088;74;False
ALPHA COMERCIAL DE COMBUSTIVEIS LTDA;08297710000803;SALGADO FILHO;GASOLINA ADITIVADA;14/04/2026;7,49;VIBRA;7,49;0,0;0,0;6,690645161290322;6,74;0,75;7,255;0,23500000000000032;3,2391454169538294;74;False
ALPHA COMERCIAL DE COMBUSTIVEIS LTDA;08297710000803;SALGADO FILHO;GASOLINA ADITIVADA;24/04/2026;7,49;VIBRA;7,49;0,0;0,0;6,703333333333333;6,79;0,7000000000000002;7,29;0,20000000000000018;2,7434842249657088;74;False
ALPHA COMERCIAL DE COMBUSTIVEIS LTDA;08297710000803;SALGADO FILHO;GASOLINA ADITIVADA;27/04/2026;7,49;VIBRA;7,49;0,0;0,0;6,715625;6,79;0,7000000000000002;7,22;0,27000000000000046;3,7396121883656575;74;False
ALPHA COMERCIAL DE COMBUSTIVEIS LTDA;08297710000803;SALGADO FILHO;GASOLINA ADITIVADA;04/05/2026;7,49;VIBRA;7,49;0,0;0,0;6,727538461538461;6,79;0,7000000000000002;7,34;0,15000000000000036;2,0435967302452362;74;False
ALPHA COMERCIAL DE COMBUSTIVEIS LTDA;08297710000803;SALGADO FILHO;GASOLINA ADITIVADA;12/05/2026;7,79;VIBRA;7,49;0,2999999999999998;4,005340453938582;6,739090909090908;6,79;1,0;7,57;0,21999999999999975;2,9062087186261523;74;False
ALPHA COMERCIAL DE COMBUSTIVEIS LTDA;08297710000803;SALGADO FILHO;GASOLINA ADITIVADA;18/05/2026;7,79;VIBRA;7,79;0,0;0,0;6,754776119402985;6,79;1,0;7,555;0,23500000000000032;3,110522832561222;74;False
ALPHA COMERCIAL DE COMBUSTIVEIS LTDA;08297710000803;SALGADO FILHO;GASOLINA ADITIVADA;26/05/2026;7,59;VIBRA;7,79;-0,20000000000000018;-2,567394094993584;6,7700000000000005;6,79;0,7999999999999998;7,28;0,3099999999999996;4,258241758241753;74;False
ALPHA COMERCIAL DE COMBUSTIVEIS LTDA;08297710000803;SALGADO FILHO;GASOLINA ADITIVADA;02/06/2026;7,59;VIBRA;7,59;0,0;0,0;6,7818840579710145;6,79;0,7999999999999998;7,22;0,3700000000000001;5,1246537396121905;74;False
ALPHA COMERCIAL DE COMBUSTIVEIS LTDA;08297710000803;SALGADO FILHO;GASOLINA ADITIVADA;08/06/2026;7,59;VIBRA;7,59;0,0;0,0;6,793428571428571;6,79;0,7999999999999998;7,205;0,3849999999999998;5,343511450381676;74;False
ALPHA COMERCIAL DE COMBUSTIVEIS LTDA;08297710000803;SALGADO FILHO;GASOLINA ADITIVADA;16/06/2026;7,59;VIBRA;7,59;0,0;0,0;6,804647887323943;6,79;0,7999999999999998;7,28;0,3099999999999996;4,258241758241753;74;False
ALPHA COMERCIAL DE COMBUSTIVEIS LTDA;08297710000803;SALGADO FILHO;GASOLINA ADITIVADA;23/06/2026;7,39;VIBRA;7,59;-0,20000000000000018;-2,635046113306985;6,815555555555555;6,79;0,5999999999999996;7,26;0,1299999999999999;1,7906336088154258;74;False
ALPHA COMERCIAL DE COMBUSTIVEIS LTDA;08297710000803;SALGADO FILHO;GASOLINA ADITIVADA;29/06/2026;7,39;VIBRA;7,39;0,0;0,0;6,823424657534247;6,79;0,5999999999999996;7,26;0,1299999999999999;1,7906336088154258;74;False
POSTO PIRANEMA LTDA;09258664000391;FAROLANDIA;DIESEL S10;25/02/2026;6,19;VIBRA;;;;;;;6,19;0,0;0,0;2;True
POSTO PIRANEMA LTDA;09258664000391;FAROLANDIA;DIESEL S10;04/03/2026;6,19;VIBRA;6,19;0,0;0,0;6,19;6,19;0,0;5,99;0,20000000000000018;3,3388981636060127;2;True
POSTO PIRANEMA LTDA;09258664000391;FAROLANDIA;ETANOL;10/07/2024;4,89;VIBRA;;;;;;;4,735;0,15499999999999936;3,273495248152045;49;False
POSTO PIRANEMA LTDA;09258664000391;FAROLANDIA;ETANOL;17/07/2024;4,89;VIBRA;4,89;0,0;0,0;4,89;4,89;0,0;4,78;0,10999999999999943;2,301255230125511;49;False
POSTO PIRANEMA LTDA;09258664000391;FAROLANDIA;ETANOL;23/07/2024;4,99;VIBRA;4,89;0,10000000000000053;2,0449897750511354;4,89;4,89;0,10000000000000053;4,99;0,0;0,0;49;False
POSTO PIRANEMA LTDA;09258664000391;FAROLANDIA;ETANOL;30/07/2024;4,99;VIBRA;4,99;0,0;0,0;4,923333333333333;4,89;0,10000000000000053;4,89;0,10000000000000053;2,0449897750511354;49;False
POSTO PIRANEMA LTDA;09258664000391;FAROLANDIA;ETANOL;06/08/2024;4,99;VIBRA;4,99;0,0;0,0;4,9399999999999995;4,9399999999999995;0,05000000000000071;4,89;0,10000000000000053;2,0449897750511354;49;False
POSTO PIRANEMA LTDA;09258664000391;FAROLANDIA;ETANOL;12/08/2024;4,99;VIBRA;4,99;0,0;0,0;4,95;4,99;0,0;4,89;0,10000000000000053;2,0449897750511354;49;False
POSTO PIRANEMA LTDA;09258664000391;FAROLANDIA;ETANOL;19/08/2024;4,99;VIBRA;4,99;0,0;0,0;4,956666666666667;4,99;0,0;4,89;0,10000000000000053;2,0449897750511354;49;False
POSTO PIRANEMA LTDA;09258664000391;FAROLANDIA;ETANOL;26/08/2024;4,99;VIBRA;4,99;0,0;0,0;4,961428571428572;4,99;0,0;4,89;0,10000000000000053;2,0449897750511354;49;False
POSTO PIRANEMA LTDA;09258664000391;FAROLANDIA;ETANOL;03/09/2024;4,99;VIBRA;4,99;0,0;0,0;4,965;4,99;0,0;4,89;0,10000000000000053;2,0449897750511354;49;False
POSTO PIRANEMA LTDA;09258664000391;FAROLANDIA;ETANOL;09/09/2024;4,99;VIBRA;4,99;0,0;0,0;4,967777777777778;4,99;0,0;4,89;0,10000000000000053;2,0449897750511354;49;False
POSTO PIRANEMA LTDA;09258664000391;FAROLANDIA;ETANOL;17/09/2024;4,99;VIBRA;4,99;0,0;0,0;4,970000000000001;4,99;0,0;4,79;0,20000000000000018;4,175365344467644;49;False
POSTO PIRANEMA LTDA;09258664000391;FAROLANDIA;ETANOL;24/09/2024;4,99;VIBRA;4,99;0,0;0,0;4,971818181818182;4,99;0,0;4,75;0,2400000000000002;5,0526315789473735;49;False
POSTO PIRANEMA LTDA;09258664000391;FAROLANDIA;ETANOL;30/09/2024;4,99;VIBRA;4,99;0,0;0,0;4,973333333333334;4,99;0,0;4,75;0,2400000000000002;5,0526315789473735;49;False
POSTO PIRANEMA LTDA;09258664000391;FAROLANDIA;ETANOL;07/10/2024;4,99;VIBRA;4,99;0,0;0,0;4,974615384615385;4,99;0,0;4,59;0,40000000000000036;8,714596949891074;49;False
POSTO PIRANEMA LTDA;09258664000391;FAROLANDIA;ETANOL;15/10/2024;4,79;VIBRA;4,99;-0,20000000000000018;-4,008016032064131;4,975714285714285;4,99;-0,20000000000000018;4,5600000000000005;0,22999999999999954;5,043859649122797;49;False
POSTO PIRANEMA LTDA;09258664000391;FAROLANDIA;ETANOL;21/10/2024;4,79;VIBRA;4,79;0,0;0,0;4,963333333333334;4,99;-0,20000000000000018;4,49;0,2999999999999998;6,681514476614694;49;False
POSTO PIRANEMA LTDA;09258664000391;FAROLANDIA;ETANOL;28/10/2024;4,79;VIBRA;4,79;0,0;0,0;4,952500000000001;4,99;-0,20000000000000018;4,39;0,40000000000000036;9,111617312072902;49;False
POSTO PIRANEMA LTDA;09258664000391;FAROLANDIA;ETANOL;04/11/2024;4,79;VIBRA;4,79;0,0;0,0;4,942941176470589;4,99;-0,20000000000000018;4,39;0,40000000000000036;9,111617312072902;49;False
POSTO PIRANEMA LTDA;09258664000391;FAROLANDIA;ETANOL;11/11/2024;4,79;VIBRA;4,79;0,0;0,0;4,934444444444445;4,99;-0,20000000000000018;4,39;0,40000000000000036;9,111617312072902;49;False
POSTO PIRANEMA LTDA;09258664000391;FAROLANDIA;ETANOL;18/11/2024;4,79;VIBRA;4,79;0,0;0,0;4,926842105263158;4,99;-0,20000000000000018;4,39;0,40000000000000036;9,111617312072902;49;False
POSTO PIRANEMA LTDA;09258664000391;FAROLANDIA;ETANOL;25/11/2024;4,79;VIBRA;4,79;0,0;0,0;4,92;4,99;-0,20000000000000018;4,39;0,40000000000000036;9,111617312072902;49;False
POSTO PIRANEMA LTDA;09258664000391;FAROLANDIA;ETANOL;03/12/2024;4,79;VIBRA;4,79;0,0;0,0;4,913809523809523;4,99;-0,20000000000000018;4,295;0,4950000000000001;11,52502910360885;49;False
POSTO PIRANEMA LTDA;09258664000391;FAROLANDIA;ETANOL;09/12/2024;4,79;VIBRA;4,79;0,0;0,0;4,908181818181818;4,99;-0,20000000000000018;4,295;0,4950000000000001;11,52502910360885;49;False
POSTO PIRANEMA LTDA;09258664000391;FAROLANDIA;ETANOL;16/12/2024;4,79;VIBRA;4,79;0,0;0,0;4,903043478260869;4,99;-0,20000000000000018;4,29;0,5;11,655011655011654;49;False
POSTO PIRANEMA LTDA;09258664000391;FAROLANDIA;ETANOL;23/12/2024;4,79;VIBRA;4,79;0,0;0,0;4,898333333333333;4,9399999999999995;-0,14999999999999947;4,29;0,5;11,655011655011654;49;False
POSTO PIRANEMA LTDA;09258664000391;FAROLANDIA;ETANOL;30/12/2024;4,79;VIBRA;4,79;0,0;0,0;4,894;4,89;-0,09999999999999964;4,29;0,5;11,655011655011654;49;False
POSTO PIRANEMA LTDA;09258664000391;FAROLANDIA;ETANOL;06/01/2025;4,79;VIBRA;4,79;0,0;0,0;4,89;4,89;-0,09999999999999964;4,295;0,4950000000000001;11,52502910360885;49;False
POSTO PIRANEMA LTDA;09258664000391;FAROLANDIA;ETANOL;13/01/2025;4,79;VIBRA;4,79;0,0;0,0;4,886296296296297;4,89;-0,09999999999999964;4,59;0,20000000000000018;4,357298474945537;49;False
POSTO PIRANEMA LTDA;09258664000391;FAROLANDIA;ETANOL;20/01/2025;4,79;VIBRA;4,79;0,0;0,0;4,882857142857143;4,84;-0,04999999999999982;4,625;0,16500000000000004;3,5675675675675684;49;False
POSTO PIRANEMA LTDA;09258664000391;FAROLANDIA;ETANOL;28/01/2025;4,79;VIBRA;4,79;0,0;0,0;4,879655172413793;4,79;0,0;4,66;0,1299999999999999;2,7896995708154484;49;False
POSTO PIRANEMA LTDA;09258664000391;FAROLANDIA;ETANOL;03/02/2025;4,79;VIBRA;4,79;0,0;0,0;4,876666666666667;4,79;0,0;4,74;0,04999999999999982;1,0548523206751017;49;False
POSTO PIRANEMA LTDA;09258664000391;FAROLANDIA;ETANOL;11/02/2025;4,89;VIBRA;4,79;0,09999999999999964;2,087682672233813;4,873870967741936;4,79;0,09999999999999964;4,845;0,04499999999999993;0,9287925696594413;49;False
POSTO PIRANEMA LTDA;09258664000391;FAROLANDIA;ETANOL;18/02/2025;4,99;VIBRA;4,89;0,10000000000000053;2,0449897750511354;4,874375;4,79;0,20000000000000018;4,89;0,10000000000000053;2,0449897750511354;49;False
POSTO PIRANEMA LTDA;09258664000391;FAROLANDIA;ETANOL;25/02/2025;4,99;VIBRA;4,99;0,0;0,0;4,877878787878788;4,79;0,20000000000000018;4,89;0,10000000000000053;2,0449897750511354;49;False
POSTO PIRANEMA LTDA;09258664000391;FAROLANDIA;ETANOL;03/03/2025;4,99;VIBRA;4,99;0,0;0,0;4,881176470588236;4,84;0,15000000000000036;4,89;0,10000000000000053;2,0449897750511354;49;False
POSTO PIRANEMA LTDA;09258664000391;FAROLANDIA;ETANOL;11/03/2025;4,99;VIBRA;4,99;0,0;0,0;4,884285714285714;4,89;0,10000000000000053;4,89;0,10000000000000053;2,0449897750511354;49;False
POSTO PIRANEMA LTDA;09258664000391;FAROLANDIA;ETANOL;18/03/2025;4,99;VIBRA;4,99;0,0;0,0;4,887222222222222;4,89;0,10000000000000053;4,89;0,10000000000000053;2,0449897750511354;49;False
POSTO PIRANEMA LTDA;09258664000391;FAROLANDIA;ETANOL;25/03/2025;4,99;VIBRA;4,99;0,0;0,0;4,890000000000001;4,89;0,10000000000000053;4,89;0,10000000000000053;2,0449897750511354;49;False
POSTO PIRANEMA LTDA;09258664000391;FAROLANDIA;ETANOL;31/03/2025;4,99;VIBRA;4,99;0,0;0,0;4,892631578947369;4,89;0,10000000000000053;4,865;0,125;2,5693730729701953;49;False
POSTO PIRANEMA LTDA;09258664000391;FAROLANDIA;ETANOL;08/04/2025;4,99;VIBRA;4,99;0,0;0,0;4,895128205128205;4,89;0,10000000000000053;4,865;0,125;2,5693730729701953;49;False
POSTO PIRANEMA LTDA;09258664000391;FAROLANDIA;ETANOL;15/04/2025;4,99;VIBRA;4,99;0,0;0,0;4,8975;4,9399999999999995;0,05000000000000071;4,89;0,10000000000000053;2,0449897750511354;49;False
POSTO PIRANEMA LTDA;09258664000391;FAROLANDIA;ETANOL;22/04/2025;4,99;VIBRA;4,99;0,0;0,0;4,899756097560976;4,99;0,0;4,89;0,10000000000000053;2,0449897750511354;49;False
POSTO PIRANEMA LTDA;09258664000391;FAROLANDIA;ETANOL;29/04/2025;4,99;VIBRA;4,99;0,0;0,0;4,9019047619047615;4,99;0,0;4,89;0,10000000000000053;2,0449897750511354;49;False
POSTO PIRANEMA LTDA;09258664000391;FAROLANDIA;ETANOL;05/05/2025;4,99;VIBRA;4,99;0,0;0,0;4,903953488372093;4,99;0,0;4,89;0,10000000000000053;2,0449897750511354;49;False
POSTO PIRANEMA LTDA;09258664000391;FAROLANDIA;ETANOL;12/05/2025;4,99;VIBRA;4,99;0,0;0,0;4,905909090909091;4,99;0,0;4,869999999999999;0,120000000000001;2,464065708418912;49;False
POSTO PIRANEMA LTDA;09258664000391;FAROLANDIA;ETANOL;19/05/2025;4,99;VIBRA;4,99;0,0;0,0;4,907777777777778;4,99;0,0;4,94;0,04999999999999982;1,0121457489878507;49;False
POSTO PIRANEMA LTDA;09258664000391;FAROLANDIA;ETANOL;27/05/2025;4,99;VIBRA;4,99;0,0;0,0;4,909565217391305;4,99;0,0;4,965;0,025000000000000355;0,50352467270897;49;False
POSTO PIRANEMA LTDA;09258664000391;FAROLANDIA;ETANOL;25/02/2026;4,99;VIBRA;4,99;0,0;0,0;4,911276595744681;4,99;0,0;4,99;0,0;0,0;49;False
POSTO PIRANEMA LTDA;09258664000391;FAROLANDIA;ETANOL;04/03/2026;4,99;VIBRA;4,99;0,0;0,0;4,912916666666667;4,99;0,0;4,88;0,11000000000000032;2,2540983606557443;49;False
POSTO PIRANEMA LTDA;09258664000391;FAROLANDIA;GASOLINA;10/07/2024;6,39;VIBRA;;;;;;;6,37;0,019999999999999574;0,3139717425431644;58;False
POSTO PIRANEMA LTDA;09258664000391;FAROLANDIA;GASOLINA;17/07/2024;6,39;VIBRA;6,39;0,0;0,0;6,39;6,39;0,0;6,375;0,01499999999999968;0,23529411764705382;58;False
POSTO PIRANEMA LTDA;09258664000391;FAROLANDIA;GASOLINA;23/07/2024;6,59;VIBRA;6,39;0,20000000000000018;3,129890453834119;6,39;6,39;0,20000000000000018;6,575;0,01499999999999968;0,22813688212927272;58;False
POSTO PIRANEMA LTDA;09258664000391;FAROLANDIA;GASOLINA;30/07/2024;6,53;VIBRA;6,59;-0,05999999999999961;-0,9104704097116785;6,456666666666666;6,39;0,14000000000000057;6,5;0,03000000000000025;0,4615384615384654;58;False
POSTO PIRANEMA LTDA;09258664000391;FAROLANDIA;GASOLINA;06/08/2024;6,53;VIBRA;6,53;0,0;0,0;6,475;6,46;0,07000000000000028;6,49;0,040000000000000036;0,6163328197226507;58;False
POSTO PIRANEMA LTDA;09258664000391;FAROLANDIA;GASOLINA;12/08/2024;6,47;VIBRA;6,53;-0,0600000000000005;-0,9188361408882159;6,486;6,53;-0,0600000000000005;6,47;0,0;0,0;58;False
POSTO PIRANEMA LTDA;09258664000391;FAROLANDIA;GASOLINA;19/08/2024;6,47;VIBRA;6,47;0,0;0,0;6,483333333333333;6,5;-0,03000000000000025;6,47;0,0;0,0;58;False
POSTO PIRANEMA LTDA;09258664000391;FAROLANDIA;GASOLINA;26/08/2024;6,47;VIBRA;6,47;0,0;0,0;6,481428571428571;6,47;0,0;6,47;0,0;0,0;58;False
POSTO PIRANEMA LTDA;09258664000391;FAROLANDIA;GASOLINA;03/09/2024;6,47;VIBRA;6,47;0,0;0,0;6,4799999999999995;6,47;0,0;6,47;0,0;0,0;58;False
POSTO PIRANEMA LTDA;09258664000391;FAROLANDIA;GASOLINA;09/09/2024;6,47;VIBRA;6,47;0,0;0,0;6,478888888888889;6,47;0,0;6,47;0,0;0,0;58;False
POSTO PIRANEMA LTDA;09258664000391;FAROLANDIA;GASOLINA;17/09/2024;6,27;VIBRA;6,47;-0,20000000000000018;-3,0911901081916566;6,478;6,47;-0,20000000000000018;6,27;0,0;0,0;58;False
POSTO PIRANEMA LTDA;09258664000391;FAROLANDIA;GASOLINA;24/09/2024;6,27;VIBRA;6,27;0,0;0,0;6,459090909090909;6,47;-0,20000000000000018;6,27;0,0;0,0;58;False
POSTO PIRANEMA LTDA;09258664000391;FAROLANDIA;GASOLINA;30/09/2024;6,27;VIBRA;6,27;0,0;0,0;6,4433333333333325;6,47;-0,20000000000000018;6,27;0,0;0,0;58;False
POSTO PIRANEMA LTDA;09258664000391;FAROLANDIA;GASOLINA;07/10/2024;6,27;VIBRA;6,27;0,0;0,0;6,430000000000001;6,47;-0,20000000000000018;6,27;0,0;0,0;58;False
POSTO PIRANEMA LTDA;09258664000391;FAROLANDIA;GASOLINA;15/10/2024;6,27;VIBRA;6,27;0,0;0,0;6,418571428571428;6,47;-0,20000000000000018;6,22;0,04999999999999982;0,8038585209003187;58;False
POSTO PIRANEMA LTDA;09258664000391;FAROLANDIA;GASOLINA;21/10/2024;5,99;VIBRA;6,27;-0,27999999999999936;-4,465709728867614;6,408666666666666;6,47;-0,47999999999999954;5,95;0,040000000000000036;0,6722689075630258;58;False
POSTO PIRANEMA LTDA;09258664000391;FAROLANDIA;GASOLINA;28/10/2024;5,99;VIBRA;5,99;0,0;0,0;6,382499999999999;6,43;-0,4399999999999995;5,92;0,07000000000000028;1,1824324324324371;58;False
POSTO PIRANEMA LTDA;09258664000391;FAROLANDIA;GASOLINA;04/11/2024;5,99;VIBRA;5,99;0,0;0,0;6,359411764705882;6,39;-0,39999999999999947;5,92;0,07000000000000028;1,1824324324324371;58;False
POSTO PIRANEMA LTDA;09258664000391;FAROLANDIA;GASOLINA;11/11/2024;5,99;VIBRA;5,99;0,0;0,0;6,338888888888889;6,39;-0,39999999999999947;5,9;0,08999999999999986;1,5254237288135568;58;False
POSTO PIRANEMA LTDA;09258664000391;FAROLANDIA;GASOLINA;18/11/2024;6,37;VIBRA;5,99;0,3799999999999999;6,343906510851418;6,320526315789474;6,39;-0,019999999999999574;6,32;0,04999999999999982;0,7911392405063262;58;False
POSTO PIRANEMA LTDA;09258664000391;FAROLANDIA;GASOLINA;25/11/2024;6,37;VIBRA;6,37;0,0;0,0;6,3229999999999995;6,38;-0,009999999999999787;6,32;0,04999999999999982;0,7911392405063262;58;False
POSTO PIRANEMA LTDA;09258664000391;FAROLANDIA;GASOLINA;03/12/2024;6,37;VIBRA;6,37;0,0;0,0;6,325238095238094;6,37;0,0;6,32;0,04999999999999982;0,7911392405063262;58;False
POSTO PIRANEMA LTDA;09258664000391;FAROLANDIA;GASOLINA;09/12/2024;6,37;VIBRA;6,37;0,0;0,0;6,327272727272727;6,37;0,0;6,32;0,04999999999999982;0,7911392405063262;58;False
POSTO PIRANEMA LTDA;09258664000391;FAROLANDIA;GASOLINA;16/12/2024;6,37;VIBRA;6,37;0,0;0,0;6,329130434782608;6,37;0,0;6,32;0,04999999999999982;0,7911392405063262;58;False
POSTO PIRANEMA LTDA;09258664000391;FAROLANDIA;GASOLINA;23/12/2024;6,37;VIBRA;6,37;0,0;0,0;6,3308333333333335;6,37;0,0;6,32;0,04999999999999982;0,7911392405063262;58;False
POSTO PIRANEMA LTDA;09258664000391;FAROLANDIA;GASOLINA;30/12/2024;6,37;VIBRA;6,37;0,0;0,0;6,3324;6,37;0,0;6,32;0,04999999999999982;0,7911392405063262;58;False
POSTO PIRANEMA LTDA;09258664000391;FAROLANDIA;GASOLINA;06/01/2025;6,37;VIBRA;6,37;0,0;0,0;6,333846153846154;6,37;0,0;6,32;0,04999999999999982;0,7911392405063262;58;False
POSTO PIRANEMA LTDA;09258664000391;FAROLANDIA;GASOLINA;13/01/2025;6,49;VIBRA;6,37;0,1200000000000001;1,8838304552590284;6,3351851851851855;6,37;0,1200000000000001;6,42;0,07000000000000028;1,0903426791277304;58;False
POSTO PIRANEMA LTDA;09258664000391;FAROLANDIA;GASOLINA;20/01/2025;6,49;VIBRA;6,49;0,0;0,0;6,340714285714285;6,37;0,1200000000000001;6,42;0,07000000000000028;1,0903426791277304;58;False
POSTO PIRANEMA LTDA;09258664000391;FAROLANDIA;GASOLINA;28/01/2025;6,49;VIBRA;6,49;0,0;0,0;6,345862068965517;6,37;0,1200000000000001;6,42;0,07000000000000028;1,0903426791277304;58;False
POSTO PIRANEMA LTDA;09258664000391;FAROLANDIA;GASOLINA;03/02/2025;6,49;VIBRA;6,49;0,0;0,0;6,350666666666667;6,37;0,1200000000000001;6,49;0,0;0,0;58;False
POSTO PIRANEMA LTDA;09258664000391;FAROLANDIA;GASOLINA;11/02/2025;6,69;VIBRA;6,49;0,20000000000000018;3,081664098613254;6,35516129032258;6,37;0,3200000000000003;6,62;0,07000000000000028;1,057401812688826;58;False
POSTO PIRANEMA LTDA;09258664000391;FAROLANDIA;GASOLINA;18/02/2025;6,69;VIBRA;6,69;0,0;0,0;6,365625;6,37;0,3200000000000003;6,62;0,07000000000000028;1,057401812688826;58;False
POSTO PIRANEMA LTDA;09258664000391;FAROLANDIA;GASOLINA;25/02/2025;6,69;VIBRA;6,69;0,0;0,0;6,375454545454545;6,37;0,3200000000000003;6,62;0,07000000000000028;1,057401812688826;58;False
POSTO PIRANEMA LTDA;09258664000391;FAROLANDIA;GASOLINA;03/03/2025;6,69;VIBRA;6,69;0,0;0,0;6,384705882352941;6,38;0,3100000000000005;6,62;0,07000000000000028;1,057401812688826;58;False
POSTO PIRANEMA LTDA;09258664000391;FAROLANDIA;GASOLINA;11/03/2025;6,69;VIBRA;6,69;0,0;0,0;6,393428571428572;6,39;0,3000000000000007;6,62;0,07000000000000028;1,057401812688826;58;False
POSTO PIRANEMA LTDA;09258664000391;FAROLANDIA;GASOLINA;18/03/2025;6,69;VIBRA;6,69;0,0;0,0;6,401666666666667;6,39;0,3000000000000007;6,62;0,07000000000000028;1,057401812688826;58;False
POSTO PIRANEMA LTDA;09258664000391;FAROLANDIA;GASOLINA;25/03/2025;6,69;VIBRA;6,69;0,0;0,0;6,40945945945946;6,39;0,3000000000000007;6,62;0,07000000000000028;1,057401812688826;58;False
POSTO PIRANEMA LTDA;09258664000391;FAROLANDIA;GASOLINA;31/03/2025;6,69;VIBRA;6,69;0,0;0,0;6,416842105263158;6,43;0,2600000000000007;6,62;0,07000000000000028;1,057401812688826;58;False
POSTO PIRANEMA LTDA;09258664000391;FAROLANDIA;GASOLINA;08/04/2025;6,69;VIBRA;6,69;0,0;0,0;6,423846153846154;6,47;0,22000000000000064;6,62;0,07000000000000028;1,057401812688826;58;False
POSTO PIRANEMA LTDA;09258664000391;FAROLANDIA;GASOLINA;15/04/2025;6,59;VIBRA;6,69;-0,10000000000000053;-1,4947683109118166;6,4305;6,47;0,1200000000000001;6,52;0,07000000000000028;1,073619631901845;58;False
POSTO PIRANEMA LTDA;09258664000391;FAROLANDIA;GASOLINA;22/04/2025;6,59;VIBRA;6,59;0,0;0,0;6,434390243902439;6,47;0,1200000000000001;6,539999999999999;0,05000000000000071;0,764525993883803;58;False
POSTO PIRANEMA LTDA;09258664000391;FAROLANDIA;GASOLINA;29/04/2025;6,69;VIBRA;6,59;0,10000000000000053;1,5174506828528156;6,438095238095237;6,47;0,22000000000000064;6,62;0,07000000000000028;1,057401812688826;58;False
POSTO PIRANEMA LTDA;09258664000391;FAROLANDIA;GASOLINA;05/05/2025;6,69;VIBRA;6,69;0,0;0,0;6,443953488372093;6,47;0,22000000000000064;6,62;0,07000000000000028;1,057401812688826;58;False
POSTO PIRANEMA LTDA;09258664000391;FAROLANDIA;GASOLINA;12/05/2025;6,69;VIBRA;6,69;0,0;0,0;6,449545454545455;6,47;0,22000000000000064;6,62;0,07000000000000028;1,057401812688826;58;False
POSTO PIRANEMA LTDA;09258664000391;FAROLANDIA;GASOLINA;19/05/2025;6,69;VIBRA;6,69;0,0;0,0;6,454888888888889;6,47;0,22000000000000064;6,62;0,07000000000000028;1,057401812688826;58;False
POSTO PIRANEMA LTDA;09258664000391;FAROLANDIA;GASOLINA;27/05/2025;6,69;VIBRA;6,69;0,0;0,0;6,460000000000001;6,47;0,22000000000000064;6,62;0,07000000000000028;1,057401812688826;58;False
POSTO PIRANEMA LTDA;09258664000391;FAROLANDIA;GASOLINA;03/06/2025;6,69;VIBRA;6,69;0,0;0,0;6,464893617021277;6,47;0,22000000000000064;6,62;0,07000000000000028;1,057401812688826;58;False
POSTO PIRANEMA LTDA;09258664000391;FAROLANDIA;GASOLINA;09/06/2025;6,69;VIBRA;6,69;0,0;0,0;6,4695833333333335;6,48;0,20999999999999996;6,62;0,07000000000000028;1,057401812688826;58;False
POSTO PIRANEMA LTDA;09258664000391;FAROLANDIA;GASOLINA;16/06/2025;6,69;VIBRA;6,69;0,0;0,0;6,4740816326530615;6,49;0,20000000000000018;6,62;0,07000000000000028;1,057401812688826;58;False
POSTO PIRANEMA LTDA;09258664000391;FAROLANDIA;GASOLINA;24/06/2025;6,69;VIBRA;6,69;0,0;0,0;6,478400000000001;6,49;0,20000000000000018;6,62;0,07000000000000028;1,057401812688826;58;False
POSTO PIRANEMA LTDA;09258664000391;FAROLANDIA;GASOLINA;30/06/2025;6,69;VIBRA;6,69;0,0;0,0;6,482549019607843;6,49;0,20000000000000018;6,62;0,07000000000000028;1,057401812688826;58;False
POSTO PIRANEMA LTDA;09258664000391;FAROLANDIA;GASOLINA;10/02/2026;6,59;VIBRA;6,69;-0,10000000000000053;-1,4947683109118166;6,486538461538462;6,49;0,09999999999999964;6,539999999999999;0,05000000000000071;0,764525993883803;58;False
POSTO PIRANEMA LTDA;09258664000391;FAROLANDIA;GASOLINA;25/02/2026;6,59;VIBRA;6,59;0,0;0,0;6,488490566037735;6,49;0,09999999999999964;6,59;0,0;0,0;58;False
POSTO PIRANEMA LTDA;09258664000391;FAROLANDIA;GASOLINA;04/03/2026;6,59;VIBRA;6,59;0,0;0,0;6,49037037037037;6,49;0,09999999999999964;6,5649999999999995;0,025000000000000355;0,3808073115003862;58;False
POSTO PIRANEMA LTDA;09258664000391;FAROLANDIA;GASOLINA;09/03/2026;6,89;VIBRA;6,59;0,2999999999999998;4,5523520485584195;6,492181818181818;6,49;0,39999999999999947;6,82;0,0699999999999994;1,026392961876824;58;False
POSTO PIRANEMA LTDA;09258664000391;FAROLANDIA;GASOLINA;24/03/2026;7,29;VIBRA;6,89;0,40000000000000036;5,80551523947751;6,499285714285714;6,51;0,7800000000000002;7,22;0,07000000000000028;0,9695290858725801;58;False
POSTO PIRANEMA LTDA;09258664000391;FAROLANDIA;GASOLINA;30/03/2026;7,29;VIBRA;7,29;0,0;0,0;6,5131578947368425;6,53;0,7599999999999998;7,22;0,07000000000000028;0,9695290858725801;58;False
POSTO PIRANEMA LTDA;09258664000391;FAROLANDIA;GASOLINA ADITIVADA;10/07/2024;6,59;VIBRA;;;;;;;6,51;0,08000000000000007;1,2288786482334881;58;False
POSTO PIRANEMA LTDA;09258664000391;FAROLANDIA;GASOLINA ADITIVADA;17/07/2024;6,59;VIBRA;6,59;0,0;0,0;6,59;6,59;0,0;6,57;0,019999999999999574;0,3044140030441335;58;False
POSTO PIRANEMA LTDA;09258664000391;FAROLANDIA;GASOLINA ADITIVADA;23/07/2024;6,79;VIBRA;6,59;0,20000000000000018;3,0349013657056174;6,59;6,59;0,20000000000000018;6,63;0,16000000000000014;2,4132730015082977;58;False
POSTO PIRANEMA LTDA;09258664000391;FAROLANDIA;GASOLINA ADITIVADA;30/07/2024;6,73;VIBRA;6,79;-0,05999999999999961;-0,8836524300441769;6,656666666666666;6,59;0,14000000000000057;6,69;0,040000000000000036;0,5979073243647239;58;False
POSTO PIRANEMA LTDA;09258664000391;FAROLANDIA;GASOLINA ADITIVADA;06/08/2024;6,73;VIBRA;6,73;0,0;0,0;6,675;6,66;0,07000000000000028;6,5600000000000005;0,16999999999999993;2,5914634146341453;58;False
POSTO PIRANEMA LTDA;09258664000391;FAROLANDIA;GASOLINA ADITIVADA;12/08/2024;6,67;VIBRA;6,73;-0,0600000000000005;-0,8915304606240787;6,686;6,73;-0,0600000000000005;6,535;0,1349999999999998;2,065799540933432;58;False
POSTO PIRANEMA LTDA;09258664000391;FAROLANDIA;GASOLINA ADITIVADA;19/08/2024;6,67;VIBRA;6,67;0,0;0,0;6,683333333333334;6,7;-0,03000000000000025;6,52;0,15000000000000036;2,3006134969325207;58;False
POSTO PIRANEMA LTDA;09258664000391;FAROLANDIA;GASOLINA ADITIVADA;26/08/2024;6,67;VIBRA;6,67;0,0;0,0;6,6814285714285715;6,67;0,0;6,52;0,15000000000000036;2,3006134969325207;58;False
POSTO PIRANEMA LTDA;09258664000391;FAROLANDIA;GASOLINA ADITIVADA;03/09/2024;6,67;VIBRA;6,67;0,0;0,0;6,68;6,67;0,0;6,52;0,15000000000000036;2,3006134969325207;58;False
POSTO PIRANEMA LTDA;09258664000391;FAROLANDIA;GASOLINA ADITIVADA;09/09/2024;6,67;VIBRA;6,67;0,0;0,0;6,678888888888888;6,67;0,0;6,52;0,15000000000000036;2,3006134969325207;58;False
POSTO PIRANEMA LTDA;09258664000391;FAROLANDIA;GASOLINA ADITIVADA;17/09/2024;6,47;VIBRA;6,67;-0,20000000000000018;-2,9985007496251903;6,678;6,67;-0,20000000000000018;6,32;0,14999999999999947;2,3734177215189787;58;False
POSTO PIRANEMA LTDA;09258664000391;FAROLANDIA;GASOLINA ADITIVADA;24/09/2024;6,47;VIBRA;6,47;0,0;0,0;6,659090909090909;6,67;-0,20000000000000018;6,324999999999999;0,14500000000000046;2,2924901185770827;58;False
POSTO PIRANEMA LTDA;09258664000391;FAROLANDIA;GASOLINA ADITIVADA;30/09/2024;6,47;VIBRA;6,47;0,0;0,0;6,6433333333333335;6,67;-0,20000000000000018;6,324999999999999;0,14500000000000046;2,2924901185770827;58;False
POSTO PIRANEMA LTDA;09258664000391;FAROLANDIA;GASOLINA ADITIVADA;07/10/2024;6,47;VIBRA;6,47;0,0;0,0;6,63;6,67;-0,20000000000000018;6,324999999999999;0,14500000000000046;2,2924901185770827;58;False
POSTO PIRANEMA LTDA;09258664000391;FAROLANDIA;GASOLINA ADITIVADA;15/10/2024;6,47;VIBRA;6,47;0,0;0,0;6,618571428571428;6,67;-0,20000000000000018;6,27;0,20000000000000018;3,189792663476877;58;False
POSTO PIRANEMA LTDA;09258664000391;FAROLANDIA;GASOLINA ADITIVADA;21/10/2024;6,19;VIBRA;6,47;-0,27999999999999936;-4,327666151468305;6,608666666666666;6,67;-0,47999999999999954;5,99;0,20000000000000018;3,3388981636060127;58;False
POSTO PIRANEMA LTDA;09258664000391;FAROLANDIA;GASOLINA ADITIVADA;28/10/2024;6,19;VIBRA;6,19;0,0;0,0;6,5825;6,63;-0,4399999999999995;5,99;0,20000000000000018;3,3388981636060127;58;False
POSTO PIRANEMA LTDA;09258664000391;FAROLANDIA;GASOLINA ADITIVADA;04/11/2024;6,19;VIBRA;6,19;0,0;0,0;6,5594117647058825;6,59;-0,39999999999999947;6,09;0,10000000000000053;1,6420361247947541;58;False
POSTO PIRANEMA LTDA;09258664000391;FAROLANDIA;GASOLINA ADITIVADA;11/11/2024;6,19;VIBRA;6,19;0,0;0,0;6,538888888888889;6,59;-0,39999999999999947;6,08;0,11000000000000032;1,8092105263157947;58;False
POSTO PIRANEMA LTDA;09258664000391;FAROLANDIA;GASOLINA ADITIVADA;18/11/2024;6,57;VIBRA;6,19;0,3799999999999999;6,1389337641357;6,520526315789474;6,59;-0,019999999999999574;6,45;0,1200000000000001;1,8604651162790715;58;False
POSTO PIRANEMA LTDA;09258664000391;FAROLANDIA;GASOLINA ADITIVADA;25/11/2024;6,57;VIBRA;6,57;0,0;0,0;6,523000000000001;6,58;-0,009999999999999787;6,45;0,1200000000000001;1,8604651162790715;58;False
POSTO PIRANEMA LTDA;09258664000391;FAROLANDIA;GASOLINA ADITIVADA;03/12/2024;6,57;VIBRA;6,57;0,0;0,0;6,5252380952380955;6,57;0,0;6,45;0,1200000000000001;1,8604651162790715;58;False
POSTO PIRANEMA LTDA;09258664000391;FAROLANDIA;GASOLINA ADITIVADA;09/12/2024;6,57;VIBRA;6,57;0,0;0,0;6,527272727272727;6,57;0,0;6,45;0,1200000000000001;1,8604651162790715;58;False
POSTO PIRANEMA LTDA;09258664000391;FAROLANDIA;GASOLINA ADITIVADA;16/12/2024;6,57;VIBRA;6,57;0,0;0,0;6,529130434782609;6,57;0,0;6,45;0,1200000000000001;1,8604651162790715;58;False
POSTO PIRANEMA LTDA;09258664000391;FAROLANDIA;GASOLINA ADITIVADA;23/12/2024;6,57;VIBRA;6,57;0,0;0,0;6,530833333333334;6,57;0,0;6,45;0,1200000000000001;1,8604651162790715;58;False
POSTO PIRANEMA LTDA;09258664000391;FAROLANDIA;GASOLINA ADITIVADA;30/12/2024;6,57;VIBRA;6,57;0,0;0,0;6,5324;6,57;0,0;6,45;0,1200000000000001;1,8604651162790715;58;False
POSTO PIRANEMA LTDA;09258664000391;FAROLANDIA;GASOLINA ADITIVADA;06/01/2025;6,57;VIBRA;6,57;0,0;0,0;6,533846153846154;6,57;0,0;6,45;0,1200000000000001;1,8604651162790715;58;False
POSTO PIRANEMA LTDA;09258664000391;FAROLANDIA;GASOLINA ADITIVADA;13/01/2025;6,69;VIBRA;6,57;0,1200000000000001;1,8264840182648419;6,535185185185185;6,57;0,1200000000000001;6,55;0,14000000000000057;2,1374045801526806;58;False
POSTO PIRANEMA LTDA;09258664000391;FAROLANDIA;GASOLINA ADITIVADA;20/01/2025;6,69;VIBRA;6,69;0,0;0,0;6,540714285714286;6,57;0,1200000000000001;6,55;0,14000000000000057;2,1374045801526806;58;False
POSTO PIRANEMA LTDA;09258664000391;FAROLANDIA;GASOLINA ADITIVADA;28/01/2025;6,69;VIBRA;6,69;0,0;0,0;6,545862068965517;6,57;0,1200000000000001;6,55;0,14000000000000057;2,1374045801526806;58;False
POSTO PIRANEMA LTDA;09258664000391;FAROLANDIA;GASOLINA ADITIVADA;03/02/2025;6,69;VIBRA;6,69;0,0;0,0;6,550666666666667;6,57;0,1200000000000001;6,55;0,14000000000000057;2,1374045801526806;58;False
POSTO PIRANEMA LTDA;09258664000391;FAROLANDIA;GASOLINA ADITIVADA;11/02/2025;6,89;VIBRA;6,69;0,1999999999999993;2,9895366218236066;6,555161290322581;6,57;0,3199999999999994;6,75;0,13999999999999968;2,0740740740740695;58;False
POSTO PIRANEMA LTDA;09258664000391;FAROLANDIA;GASOLINA ADITIVADA;18/02/2025;6,89;VIBRA;6,89;0,0;0,0;6,565625;6,57;0,3199999999999994;6,75;0,13999999999999968;2,0740740740740695;58;False
POSTO PIRANEMA LTDA;09258664000391;FAROLANDIA;GASOLINA ADITIVADA;25/02/2025;6,89;VIBRA;6,89;0,0;0,0;6,575454545454546;6,57;0,3199999999999994;6,75;0,13999999999999968;2,0740740740740695;58;False
POSTO PIRANEMA LTDA;09258664000391;FAROLANDIA;GASOLINA ADITIVADA;03/03/2025;6,89;VIBRA;6,89;0,0;0,0;6,584705882352941;6,58;0,3099999999999996;6,75;0,13999999999999968;2,0740740740740695;58;False
POSTO PIRANEMA LTDA;09258664000391;FAROLANDIA;GASOLINA ADITIVADA;11/03/2025;6,89;VIBRA;6,89;0,0;0,0;6,593428571428571;6,59;0,2999999999999998;6,75;0,13999999999999968;2,0740740740740695;58;False
POSTO PIRANEMA LTDA;09258664000391;FAROLANDIA;GASOLINA ADITIVADA;18/03/2025;6,89;VIBRA;6,89;0,0;0,0;6,601666666666667;6,59;0,2999999999999998;6,75;0,13999999999999968;2,0740740740740695;58;False
POSTO PIRANEMA LTDA;09258664000391;FAROLANDIA;GASOLINA ADITIVADA;25/03/2025;6,89;VIBRA;6,89;0,0;0,0;6,60945945945946;6,59;0,2999999999999998;6,75;0,13999999999999968;2,0740740740740695;58;False
POSTO PIRANEMA LTDA;09258664000391;FAROLANDIA;GASOLINA ADITIVADA;31/03/2025;6,89;VIBRA;6,89;0,0;0,0;6,616842105263157;6,63;0,2599999999999998;6,75;0,13999999999999968;2,0740740740740695;58;False
POSTO PIRANEMA LTDA;09258664000391;FAROLANDIA;GASOLINA ADITIVADA;08/04/2025;6,89;VIBRA;6,89;0,0;0,0;6,623846153846153;6,67;0,21999999999999975;6,75;0,13999999999999968;2,0740740740740695;58;False
POSTO PIRANEMA LTDA;09258664000391;FAROLANDIA;GASOLINA ADITIVADA;15/04/2025;6,79;VIBRA;6,89;-0,09999999999999964;-1,4513788098693707;6,6305000000000005;6,67;0,1200000000000001;6,65;0,13999999999999968;2,105263157894732;58;False
POSTO PIRANEMA LTDA;09258664000391;FAROLANDIA;GASOLINA ADITIVADA;22/04/2025;6,79;VIBRA;6,79;0,0;0,0;6,6343902439024385;6,67;0,1200000000000001;6,695;0,09499999999999975;1,418969380134425;58;False
POSTO PIRANEMA LTDA;09258664000391;FAROLANDIA;GASOLINA ADITIVADA;29/04/2025;6,89;VIBRA;6,79;0,09999999999999964;1,4727540500736325;6,6380952380952385;6,67;0,21999999999999975;6,75;0,13999999999999968;2,0740740740740695;58;False
POSTO PIRANEMA LTDA;09258664000391;FAROLANDIA;GASOLINA ADITIVADA;05/05/2025;6,89;VIBRA;6,89;0,0;0,0;6,643953488372093;6,67;0,21999999999999975;6,75;0,13999999999999968;2,0740740740740695;58;False
POSTO PIRANEMA LTDA;09258664000391;FAROLANDIA;GASOLINA ADITIVADA;12/05/2025;6,89;VIBRA;6,89;0,0;0,0;6,649545454545454;6,67;0,21999999999999975;6,734999999999999;0,15500000000000025;2,301410541945067;58;False
POSTO PIRANEMA LTDA;09258664000391;FAROLANDIA;GASOLINA ADITIVADA;19/05/2025;6,89;VIBRA;6,89;0,0;0,0;6,654888888888889;6,67;0,21999999999999975;6,775;0,11499999999999932;1,6974169741697316;58;False
POSTO PIRANEMA LTDA;09258664000391;FAROLANDIA;GASOLINA ADITIVADA;27/05/2025;6,89;VIBRA;6,89;0,0;0,0;6,66;6,67;0,21999999999999975;6,8;0,08999999999999986;1,3235294117647038;58;False
POSTO PIRANEMA LTDA;09258664000391;FAROLANDIA;GASOLINA ADITIVADA;03/06/2025;6,89;VIBRA;6,89;0,0;0,0;6,664893617021277;6,67;0,21999999999999975;6,8;0,08999999999999986;1,3235294117647038;58;False
POSTO PIRANEMA LTDA;09258664000391;FAROLANDIA;GASOLINA ADITIVADA;09/06/2025;6,89;VIBRA;6,89;0,0;0,0;6,669583333333333;6,68;0,20999999999999996;6,76;0,1299999999999999;1,9230769230769214;58;False
POSTO PIRANEMA LTDA;09258664000391;FAROLANDIA;GASOLINA ADITIVADA;16/06/2025;6,89;VIBRA;6,89;0,0;0,0;6,674081632653061;6,69;0,1999999999999993;6,8;0,08999999999999986;1,3235294117647038;58;False
POSTO PIRANEMA LTDA;09258664000391;FAROLANDIA;GASOLINA ADITIVADA;24/06/2025;6,89;VIBRA;6,89;0,0;0,0;6,6784;6,69;0,1999999999999993;6,8;0,08999999999999986;1,3235294117647038;58;False
POSTO PIRANEMA LTDA;09258664000391;FAROLANDIA;GASOLINA ADITIVADA;30/06/2025;6,89;VIBRA;6,89;0,0;0,0;6,682549019607843;6,69;0,1999999999999993;6,8;0,08999999999999986;1,3235294117647038;58;False
POSTO PIRANEMA LTDA;09258664000391;FAROLANDIA;GASOLINA ADITIVADA;10/02/2026;6,79;VIBRA;6,89;-0,09999999999999964;-1,4513788098693707;6,686538461538461;6,69;0,09999999999999964;6,79;0,0;0,0;58;False
POSTO PIRANEMA LTDA;09258664000391;FAROLANDIA;GASOLINA ADITIVADA;25/02/2026;6,79;VIBRA;6,79;0,0;0,0;6,688490566037736;6,69;0,09999999999999964;6,79;0,0;0,0;58;False
POSTO PIRANEMA LTDA;09258664000391;FAROLANDIA;GASOLINA ADITIVADA;04/03/2026;6,79;VIBRA;6,79;0,0;0,0;6,69037037037037;6,69;0,09999999999999964;6,74;0,04999999999999982;0,7418397626112733;58;False
POSTO PIRANEMA LTDA;09258664000391;FAROLANDIA;GASOLINA ADITIVADA;09/03/2026;7,09;VIBRA;6,79;0,2999999999999998;4,418262150220911;6,692181818181818;6,69;0,39999999999999947;6,93;0,16000000000000014;2,308802308802311;58;False
POSTO PIRANEMA LTDA;09258664000391;FAROLANDIA;GASOLINA ADITIVADA;24/03/2026;7,49;VIBRA;7,09;0,40000000000000036;5,641748942172079;6,699285714285715;6,710000000000001;0,7799999999999994;7,345000000000001;0,14499999999999957;1,974132062627632;58;False
POSTO PIRANEMA LTDA;09258664000391;FAROLANDIA;GASOLINA ADITIVADA;30/03/2026;7,49;VIBRA;7,49;0,0;0,0;6,713157894736842;6,73;0,7599999999999998;7,34;0,15000000000000036;2,0435967302452362;58;False
L. V. COMERCIO DE COMBUSTIVEIS LTDA;11433769000110;GETULIO VARGAS;DIESEL;02/09/2025;5,68;RAIZEN;;;;;;;5,68;0,0;0,0;26;False
L. V. COMERCIO DE COMBUSTIVEIS LTDA;11433769000110;GETULIO VARGAS;DIESEL;09/09/2025;5,76;RAIZEN;5,68;0,08000000000000007;1,4084507042253533;5,68;5,68;0,08000000000000007;5,76;0,0;0,0;26;False
L. V. COMERCIO DE COMBUSTIVEIS LTDA;11433769000110;GETULIO VARGAS;DIESEL;17/09/2025;5,76;RAIZEN;5,76;0,0;0,0;5,72;5,72;0,040000000000000036;5,76;0,0;0,0;26;False
L. V. COMERCIO DE COMBUSTIVEIS LTDA;11433769000110;GETULIO VARGAS;DIESEL;22/09/2025;5,76;RAIZEN;5,76;0,0;0,0;5,733333333333333;5,76;0,0;5,76;0,0;0,0;26;False
L. V. COMERCIO DE COMBUSTIVEIS LTDA;11433769000110;GETULIO VARGAS;DIESEL;30/09/2025;5,76;RAIZEN;5,76;0,0;0,0;5,74;5,76;0,0;5,76;0,0;0,0;26;False
L. V. COMERCIO DE COMBUSTIVEIS LTDA;11433769000110;GETULIO VARGAS;DIESEL;06/10/2025;5,76;RAIZEN;5,76;0,0;0,0;5,744;5,76;0,0;5,76;0,0;0,0;26;False
L. V. COMERCIO DE COMBUSTIVEIS LTDA;11433769000110;GETULIO VARGAS;DIESEL;13/10/2025;5,76;RAIZEN;5,76;0,0;0,0;5,746666666666666;5,76;0,0;5,76;0,0;0,0;26;False
L. V. COMERCIO DE COMBUSTIVEIS LTDA;11433769000110;GETULIO VARGAS;DIESEL;20/10/2025;5,76;RAIZEN;5,76;0,0;0,0;5,748571428571428;5,76;0,0;5,76;0,0;0,0;26;False
L. V. COMERCIO DE COMBUSTIVEIS LTDA;11433769000110;GETULIO VARGAS;DIESEL;28/10/2025;5,76;RAIZEN;5,76;0,0;0,0;5,75;5,76;0,0;5,76;0,0;0,0;26;False
L. V. COMERCIO DE COMBUSTIVEIS LTDA;11433769000110;GETULIO VARGAS;DIESEL;04/11/2025;5,76;RAIZEN;5,76;0,0;0,0;5,751111111111111;5,76;0,0;5,76;0,0;0,0;26;False
L. V. COMERCIO DE COMBUSTIVEIS LTDA;11433769000110;GETULIO VARGAS;DIESEL;11/11/2025;5,76;RAIZEN;5,76;0,0;0,0;5,752;5,76;0,0;5,76;0,0;0,0;26;False
L. V. COMERCIO DE COMBUSTIVEIS LTDA;11433769000110;GETULIO VARGAS;DIESEL;18/11/2025;5,76;RAIZEN;5,76;0,0;0,0;5,752727272727273;5,76;0,0;5,76;0,0;0,0;26;False
L. V. COMERCIO DE COMBUSTIVEIS LTDA;11433769000110;GETULIO VARGAS;DIESEL;25/11/2025;5,76;RAIZEN;5,76;0,0;0,0;5,753333333333333;5,76;0,0;5,76;0,0;0,0;26;False
L. V. COMERCIO DE COMBUSTIVEIS LTDA;11433769000110;GETULIO VARGAS;DIESEL;08/12/2025;5,76;RAIZEN;5,76;0,0;0,0;5,753846153846154;5,76;0,0;5,76;0,0;0,0;26;False
L. V. COMERCIO DE COMBUSTIVEIS LTDA;11433769000110;GETULIO VARGAS;DIESEL;15/12/2025;5,76;RAIZEN;5,76;0,0;0,0;5,7542857142857144;5,76;0,0;5,76;0,0;0,0;26;False
L. V. COMERCIO DE COMBUSTIVEIS LTDA;11433769000110;GETULIO VARGAS;DIESEL;23/12/2025;5,76;RAIZEN;5,76;0,0;0,0;5,754666666666666;5,76;0,0;5,76;0,0;0,0;26;False
L. V. COMERCIO DE COMBUSTIVEIS LTDA;11433769000110;GETULIO VARGAS;DIESEL;29/12/2025;5,76;RAIZEN;5,76;0,0;0,0;5,755;5,76;0,0;5,76;0,0;0,0;26;False
L. V. COMERCIO DE COMBUSTIVEIS LTDA;11433769000110;GETULIO VARGAS;DIESEL;20/01/2026;5,76;RAIZEN;5,76;0,0;0,0;5,755294117647059;5,76;0,0;5,76;0,0;0,0;26;False
L. V. COMERCIO DE COMBUSTIVEIS LTDA;11433769000110;GETULIO VARGAS;DIESEL;27/01/2026;5,76;RAIZEN;5,76;0,0;0,0;5,7555555555555555;5,76;0,0;5,76;0,0;0,0;26;False
L. V. COMERCIO DE COMBUSTIVEIS LTDA;11433769000110;GETULIO VARGAS;DIESEL;09/02/2026;5,76;RAIZEN;5,76;0,0;0,0;5,75578947368421;5,76;0,0;5,875;-0,11500000000000021;-1,957446808510642;26;False
L. V. COMERCIO DE COMBUSTIVEIS LTDA;11433769000110;GETULIO VARGAS;DIESEL;24/02/2026;5,76;RAIZEN;5,76;0,0;0,0;5,755999999999999;5,76;0,0;5,76;0,0;0,0;26;False
L. V. COMERCIO DE COMBUSTIVEIS LTDA;11433769000110;GETULIO VARGAS;DIESEL;09/04/2026;7,3;RAIZEN;5,76;1,54;26,73611111111111;5,756190476190476;5,76;1,54;7,3;0,0;0,0;26;False
L. V. COMERCIO DE COMBUSTIVEIS LTDA;11433769000110;GETULIO VARGAS;DIESEL;15/04/2026;7,3;RAIZEN;7,3;0,0;0,0;5,826363636363637;5,76;1,54;7,3;0,0;0,0;26;False
L. V. COMERCIO DE COMBUSTIVEIS LTDA;11433769000110;GETULIO VARGAS;DIESEL;26/05/2026;6,98;RAIZEN;7,3;-0,3199999999999994;-4,383561643835608;5,890434782608695;5,76;1,2200000000000006;7,135;-0,15499999999999936;-2,1723896285914415;26;False
L. V. COMERCIO DE COMBUSTIVEIS LTDA;11433769000110;GETULIO VARGAS;DIESEL;23/06/2026;6,98;RAIZEN;6,98;0,0;0,0;5,935833333333334;5,76;1,2200000000000006;6,98;0,0;0,0;26;False
L. V. COMERCIO DE COMBUSTIVEIS LTDA;11433769000110;GETULIO VARGAS;DIESEL;30/06/2026;6,87;RAIZEN;6,98;-0,11000000000000032;-1,575931232091695;5,9776;5,76;1,1100000000000003;6,87;0,0;0,0;26;False
L. V. COMERCIO DE COMBUSTIVEIS LTDA;11433769000110;GETULIO VARGAS;DIESEL S10;10/07/2024;5,8;BRANCA;;;;;;;5,895;-0,09499999999999975;-1,6115351993214548;72;False
L. V. COMERCIO DE COMBUSTIVEIS LTDA;11433769000110;GETULIO VARGAS;DIESEL S10;17/07/2024;5,8;BRANCA;5,8;0,0;0,0;5,8;5,8;0,0;5,99;-0,1900000000000004;-3,1719532554257164;72;False
L. V. COMERCIO DE COMBUSTIVEIS LTDA;11433769000110;GETULIO VARGAS;DIESEL S10;22/07/2024;5,8;BRANCA;5,8;0,0;0,0;5,8;5,8;0,0;5,8;0,0;0,0;72;False
L. V. COMERCIO DE COMBUSTIVEIS LTDA;11433769000110;GETULIO VARGAS;DIESEL S10;29/07/2024;5,8;BRANCA;5,8;0,0;0,0;5,8;5,8;0,0;6,029999999999999;-0,22999999999999954;-3,81426202321724;72;False
L. V. COMERCIO DE COMBUSTIVEIS LTDA;11433769000110;GETULIO VARGAS;DIESEL S10;06/08/2024;5,8;BRANCA;5,8;0,0;0,0;5,8;5,8;0,0;6,275;-0,47500000000000053;-7,569721115537857;72;False
L. V. COMERCIO DE COMBUSTIVEIS LTDA;11433769000110;GETULIO VARGAS;DIESEL S10;12/08/2024;5,8;BRANCA;5,8;0,0;0,0;5,8;5,8;0,0;6,275;-0,47500000000000053;-7,569721115537857;72;False
L. V. COMERCIO DE COMBUSTIVEIS LTDA;11433769000110;GETULIO VARGAS;DIESEL S10;19/08/2024;5,8;BRANCA;5,8;0,0;0,0;5,8;5,8;0,0;6,275;-0,47500000000000053;-7,569721115537857;72;False
L. V. COMERCIO DE COMBUSTIVEIS LTDA;11433769000110;GETULIO VARGAS;DIESEL S10;26/08/2024;5,8;BRANCA;5,8;0,0;0,0;5,8;5,8;0,0;6,275;-0,47500000000000053;-7,569721115537857;72;False
L. V. COMERCIO DE COMBUSTIVEIS LTDA;11433769000110;GETULIO VARGAS;DIESEL S10;03/09/2024;5,8;BRANCA;5,8;0,0;0,0;5,8;5,8;0,0;6,275;-0,47500000000000053;-7,569721115537857;72;False
L. V. COMERCIO DE COMBUSTIVEIS LTDA;11433769000110;GETULIO VARGAS;DIESEL S10;09/09/2024;5,8;BRANCA;5,8;0,0;0,0;5,8;5,8;0,0;6,275;-0,47500000000000053;-7,569721115537857;72;False
L. V. COMERCIO DE COMBUSTIVEIS LTDA;11433769000110;GETULIO VARGAS;DIESEL S10;17/09/2024;5,69;BRANCA;5,8;-0,10999999999999943;-1,8965517241379213;5,8;5,8;-0,10999999999999943;6,08;-0,3899999999999997;-6,414473684210521;72;False
L. V. COMERCIO DE COMBUSTIVEIS LTDA;11433769000110;GETULIO VARGAS;DIESEL S10;24/09/2024;5,69;BRANCA;5,69;0,0;0,0;5,79;5,8;-0,10999999999999943;6,08;-0,3899999999999997;-6,414473684210521;72;False
L. V. COMERCIO DE COMBUSTIVEIS LTDA;11433769000110;GETULIO VARGAS;DIESEL S10;30/09/2024;5,69;BRANCA;5,69;0,0;0,0;5,781666666666666;5,8;-0,10999999999999943;6,08;-0,3899999999999997;-6,414473684210521;72;False
L. V. COMERCIO DE COMBUSTIVEIS LTDA;11433769000110;GETULIO VARGAS;DIESEL S10;07/10/2024;5,69;BRANCA;5,69;0,0;0,0;5,774615384615384;5,8;-0,10999999999999943;6,08;-0,3899999999999997;-6,414473684210521;72;False
L. V. COMERCIO DE COMBUSTIVEIS LTDA;11433769000110;GETULIO VARGAS;DIESEL S10;15/10/2024;5,87;BRANCA;5,69;0,17999999999999972;3,1634446397187994;5,768571428571429;5,8;0,07000000000000028;6,08;-0,20999999999999996;-3,453947368421052;72;False
L. V. COMERCIO DE COMBUSTIVEIS LTDA;11433769000110;GETULIO VARGAS;DIESEL S10;21/10/2024;5,69;BRANCA;5,87;-0,17999999999999972;-3,0664395229982917;5,775333333333333;5,8;-0,10999999999999943;5,970000000000001;-0,28000000000000025;-4,690117252931327;72;False
L. V. COMERCIO DE COMBUSTIVEIS LTDA;11433769000110;GETULIO VARGAS;DIESEL S10;28/10/2024;5,69;BRANCA;5,69;0,0;0,0;5,77;5,8;-0,10999999999999943;5,95;-0,2599999999999998;-4,36974789915966;72;False
L. V. COMERCIO DE COMBUSTIVEIS LTDA;11433769000110;GETULIO VARGAS;DIESEL S10;04/11/2024;5,69;BRANCA;5,69;0,0;0,0;5,765294117647059;5,8;-0,10999999999999943;5,890000000000001;-0,20000000000000018;-3,395585738539901;72;False
L. V. COMERCIO DE COMBUSTIVEIS LTDA;11433769000110;GETULIO VARGAS;DIESEL S10;11/11/2024;5,69;BRANCA;5,69;0,0;0,0;5,761111111111111;5,8;-0,10999999999999943;5,890000000000001;-0,20000000000000018;-3,395585738539901;72;False
L. V. COMERCIO DE COMBUSTIVEIS LTDA;11433769000110;GETULIO VARGAS;DIESEL S10;18/11/2024;5,74;BRANCA;5,69;0,04999999999999982;0,8787346221441092;5,7573684210526315;5,8;-0,05999999999999961;5,915;-0,17499999999999982;-2,9585798816568016;72;False
L. V. COMERCIO DE COMBUSTIVEIS LTDA;11433769000110;GETULIO VARGAS;DIESEL S10;25/11/2024;5,74;BRANCA;5,74;0,0;0,0;5,7565;5,8;-0,05999999999999961;5,915;-0,17499999999999982;-2,9585798816568016;72;False
L. V. COMERCIO DE COMBUSTIVEIS LTDA;11433769000110;GETULIO VARGAS;DIESEL S10;03/12/2024;5,89;BRANCA;5,74;0,14999999999999947;2,6132404181184574;5,755714285714286;5,8;0,08999999999999986;5,99;-0,10000000000000053;-1,6694490818030139;72;False
L. V. COMERCIO DE COMBUSTIVEIS LTDA;11433769000110;GETULIO VARGAS;DIESEL S10;09/12/2024;5,89;BRANCA;5,89;0,0;0,0;5,761818181818182;5,8;0,08999999999999986;5,99;-0,10000000000000053;-1,6694490818030139;72;False
L. V. COMERCIO DE COMBUSTIVEIS LTDA;11433769000110;GETULIO VARGAS;DIESEL S10;16/12/2024;5,89;BRANCA;5,89;0,0;0,0;5,767391304347826;5,8;0,08999999999999986;5,89;0,0;0,0;72;False
L. V. COMERCIO DE COMBUSTIVEIS LTDA;11433769000110;GETULIO VARGAS;DIESEL S10;23/12/2024;5,97;BRANCA;5,89;0,08000000000000007;1,3582342954159605;5,7725;5,8;0,16999999999999993;6,029999999999999;-0,05999999999999961;-0,9950248756218841;72;False
L. V. COMERCIO DE COMBUSTIVEIS LTDA;11433769000110;GETULIO VARGAS;DIESEL S10;30/12/2024;5,97;BRANCA;5,97;0,0;0,0;5,780399999999999;5,8;0,16999999999999993;6,029999999999999;-0,05999999999999961;-0,9950248756218841;72;False
L. V. COMERCIO DE COMBUSTIVEIS LTDA;11433769000110;GETULIO VARGAS;DIESEL S10;06/01/2025;5,97;BRANCA;5,97;0,0;0,0;5,787692307692307;5,8;0,16999999999999993;6,029999999999999;-0,05999999999999961;-0,9950248756218841;72;False
L. V. COMERCIO DE COMBUSTIVEIS LTDA;11433769000110;GETULIO VARGAS;DIESEL S10;13/01/2025;6,05;BRANCA;5,97;0,08000000000000007;1,3400335008375222;5,794444444444444;5,8;0,25;6,17;-0,1200000000000001;-1,94489465153971;72;False
L. V. COMERCIO DE COMBUSTIVEIS LTDA;11433769000110;GETULIO VARGAS;DIESEL S10;20/01/2025;6,05;BRANCA;6,05;0,0;0,0;5,803571428571429;5,8;0,25;6,05;0,0;0,0;72;False
L. V. COMERCIO DE COMBUSTIVEIS LTDA;11433769000110;GETULIO VARGAS;DIESEL S10;28/01/2025;6,05;BRANCA;6,05;0,0;0,0;5,812068965517242;5,8;0,25;6,17;-0,1200000000000001;-1,94489465153971;72;False
L. V. COMERCIO DE COMBUSTIVEIS LTDA;11433769000110;GETULIO VARGAS;DIESEL S10;03/02/2025;6,05;BRANCA;6,05;0,0;0,0;5,819999999999999;5,8;0,25;6,17;-0,1200000000000001;-1,94489465153971;72;False
L. V. COMERCIO DE COMBUSTIVEIS LTDA;11433769000110;GETULIO VARGAS;DIESEL S10;11/02/2025;6,23;BRANCA;6,05;0,1800000000000006;2,975206611570258;5,827419354838709;5,8;0,4300000000000006;6,36;-0,1299999999999999;-2,0440251572327024;72;False
L. V. COMERCIO DE COMBUSTIVEIS LTDA;11433769000110;GETULIO VARGAS;DIESEL S10;18/02/2025;6,23;BRANCA;6,23;0,0;0,0;5,84;5,8;0,4300000000000006;6,36;-0,1299999999999999;-2,0440251572327024;72;False
L. V. COMERCIO DE COMBUSTIVEIS LTDA;11433769000110;GETULIO VARGAS;DIESEL S10;25/02/2025;6,23;BRANCA;6,23;0,0;0,0;5,8518181818181825;5,8;0,4300000000000006;6,36;-0,1299999999999999;-2,0440251572327024;72;False
L. V. COMERCIO DE COMBUSTIVEIS LTDA;11433769000110;GETULIO VARGAS;DIESEL S10;03/03/2025;6,23;BRANCA;6,23;0,0;0,0;5,8629411764705885;5,8;0,4300000000000006;6,36;-0,1299999999999999;-2,0440251572327024;72;False
L. V. COMERCIO DE COMBUSTIVEIS LTDA;11433769000110;GETULIO VARGAS;DIESEL S10;11/03/2025;6,23;BRANCA;6,23;0,0;0,0;5,873428571428572;5,8;0,4300000000000006;6,36;-0,1299999999999999;-2,0440251572327024;72;False
L. V. COMERCIO DE COMBUSTIVEIS LTDA;11433769000110;GETULIO VARGAS;DIESEL S10;18/03/2025;6,23;BRANCA;6,23;0,0;0,0;5,883333333333334;5,8;0,4300000000000006;6,36;-0,1299999999999999;-2,0440251572327024;72;False
L. V. COMERCIO DE COMBUSTIVEIS LTDA;11433769000110;GETULIO VARGAS;DIESEL S10;25/03/2025;6,23;BRANCA;6,23;0,0;0,0;5,892702702702703;5,8;0,4300000000000006;6,36;-0,1299999999999999;-2,0440251572327024;72;False
L. V. COMERCIO DE COMBUSTIVEIS LTDA;11433769000110;GETULIO VARGAS;DIESEL S10;31/03/2025;6,23;BRANCA;6,23;0,0;0,0;5,901578947368421;5,8;0,4300000000000006;6,36;-0,1299999999999999;-2,0440251572327024;72;False
L. V. COMERCIO DE COMBUSTIVEIS LTDA;11433769000110;GETULIO VARGAS;DIESEL S10;08/04/2025;5,99;BRANCA;6,23;-0,2400000000000002;-3,852327447833069;5,91;5,8;0,1900000000000004;6,24;-0,25;-4,006410256410256;72;False
L. V. COMERCIO DE COMBUSTIVEIS LTDA;11433769000110;GETULIO VARGAS;DIESEL S10;15/04/2025;5,78;BRANCA;5,99;-0,20999999999999996;-3,50584307178631;5,912;5,835;-0,054999999999999716;6,135;-0,35499999999999954;-5,786471067644654;72;False
L. V. COMERCIO DE COMBUSTIVEIS LTDA;11433769000110;GETULIO VARGAS;DIESEL S10;22/04/2025;5,78;BRANCA;5,78;0,0;0,0;5,9087804878048775;5,8;-0,019999999999999574;6,035;-0,2549999999999999;-4,225352112676054;72;False
L. V. COMERCIO DE COMBUSTIVEIS LTDA;11433769000110;GETULIO VARGAS;DIESEL S10;29/04/2025;5,78;BRANCA;5,78;0,0;0,0;5,905714285714286;5,8;-0,019999999999999574;6,035;-0,2549999999999999;-4,225352112676054;72;False
L. V. COMERCIO DE COMBUSTIVEIS LTDA;11433769000110;GETULIO VARGAS;DIESEL S10;05/05/2025;5,78;BRANCA;5,78;0,0;0,0;5,902790697674418;5,8;-0,019999999999999574;6,035;-0,2549999999999999;-4,225352112676054;72;False
L. V. COMERCIO DE COMBUSTIVEIS LTDA;11433769000110;GETULIO VARGAS;DIESEL S10;12/05/2025;5,64;BRANCA;5,78;-0,14000000000000057;-2,4221453287197328;5,9;5,8;-0,16000000000000014;5,965;-0,3250000000000002;-5,448449287510481;72;False
L. V. COMERCIO DE COMBUSTIVEIS LTDA;11433769000110;GETULIO VARGAS;DIESEL S10;19/05/2025;5,64;BRANCA;5,64;0,0;0,0;5,894222222222222;5,8;-0,16000000000000014;5,64;0,0;0,0;72;False
L. V. COMERCIO DE COMBUSTIVEIS LTDA;11433769000110;GETULIO VARGAS;DIESEL S10;27/05/2025;5,64;BRANCA;5,64;0,0;0,0;5,888695652173913;5,8;-0,16000000000000014;5,96;-0,3200000000000003;-5,369127516778528;72;False
L. V. COMERCIO DE COMBUSTIVEIS LTDA;11433769000110;GETULIO VARGAS;DIESEL S10;03/06/2025;5,64;RAIZEN;5,64;0,0;0,0;5,883404255319149;5,8;-0,16000000000000014;5,96;-0,3200000000000003;-5,369127516778528;72;False
L. V. COMERCIO DE COMBUSTIVEIS LTDA;11433769000110;GETULIO VARGAS;DIESEL S10;09/06/2025;5,64;RAIZEN;5,64;0,0;0,0;5,878333333333334;5,8;-0,16000000000000014;5,64;0,0;0,0;72;False
L. V. COMERCIO DE COMBUSTIVEIS LTDA;11433769000110;GETULIO VARGAS;DIESEL S10;16/06/2025;5,64;RAIZEN;5,64;0,0;0,0;5,873469387755102;5,8;-0,16000000000000014;5,64;0,0;0,0;72;False
L. V. COMERCIO DE COMBUSTIVEIS LTDA;11433769000110;GETULIO VARGAS;DIESEL S10;24/06/2025;5,64;RAIZEN;5,64;0,0;0,0;5,8688;5,8;-0,16000000000000014;5,96;-0,3200000000000003;-5,369127516778528;72;False
L. V. COMERCIO DE COMBUSTIVEIS LTDA;11433769000110;GETULIO VARGAS;DIESEL S10;30/06/2025;5,64;RAIZEN;5,64;0,0;0,0;5,864313725490196;5,8;-0,16000000000000014;5,96;-0,3200000000000003;-5,369127516778528;72;False
L. V. COMERCIO DE COMBUSTIVEIS LTDA;11433769000110;GETULIO VARGAS;DIESEL S10;08/07/2025;5,64;RAIZEN;5,64;0,0;0,0;5,86;5,8;-0,16000000000000014;5,96;-0,3200000000000003;-5,369127516778528;72;False
L. V. COMERCIO DE COMBUSTIVEIS LTDA;11433769000110;GETULIO VARGAS;DIESEL S10;15/07/2025;5,64;RAIZEN;5,64;0,0;0,0;5,855849056603774;5,8;-0,16000000000000014;5,96;-0,3200000000000003;-5,369127516778528;72;False
L. V. COMERCIO DE COMBUSTIVEIS LTDA;11433769000110;GETULIO VARGAS;DIESEL S10;22/07/2025;5,64;RAIZEN;5,64;0,0;0,0;5,851851851851852;5,8;-0,16000000000000014;5,96;-0,3200000000000003;-5,369127516778528;72;False
L. V. COMERCIO DE COMBUSTIVEIS LTDA;11433769000110;GETULIO VARGAS;DIESEL S10;28/07/2025;5,68;RAIZEN;5,64;0,040000000000000036;0,7092198581560291;5,848;5,8;-0,1200000000000001;5,98;-0,3000000000000007;-5,016722408026767;72;False
L. V. COMERCIO DE COMBUSTIVEIS LTDA;11433769000110;GETULIO VARGAS;DIESEL S10;05/08/2025;5,68;RAIZEN;5,68;0,0;0,0;5,845;5,8;-0,1200000000000001;5,98;-0,3000000000000007;-5,016722408026767;72;False
L. V. COMERCIO DE COMBUSTIVEIS LTDA;11433769000110;GETULIO VARGAS;DIESEL S10;12/08/2025;5,68;RAIZEN;5,68;0,0;0,0;5,842105263157895;5,8;-0,1200000000000001;5,68;0,0;0,0;72;False
L. V. COMERCIO DE COMBUSTIVEIS LTDA;11433769000110;GETULIO VARGAS;DIESEL S10;19/08/2025;5,68;RAIZEN;5,68;0,0;0,0;5,839310344827586;5,8;-0,1200000000000001;5,68;0,0;0,0;72;False
L. V. COMERCIO DE COMBUSTIVEIS LTDA;11433769000110;GETULIO VARGAS;DIESEL S10;27/08/2025;5,68;RAIZEN;5,68;0,0;0,0;5,836610169491526;5,8;-0,1200000000000001;5,68;0,0;0,0;72;False
L. V. COMERCIO DE COMBUSTIVEIS LTDA;11433769000110;GETULIO VARGAS;DIESEL S10;04/03/2026;5,76;RAIZEN;5,68;0,08000000000000007;1,4084507042253533;5,8340000000000005;5,79;-0,03000000000000025;5,99;-0,23000000000000043;-3,8397328881469184;72;False
L. V. COMERCIO DE COMBUSTIVEIS LTDA;11433769000110;GETULIO VARGAS;DIESEL S10;09/03/2026;6,5;RAIZEN;5,76;0,7400000000000002;12,847222222222227;5,832786885245902;5,78;0,7199999999999998;6,5;0,0;0,0;72;False
L. V. COMERCIO DE COMBUSTIVEIS LTDA;11433769000110;GETULIO VARGAS;DIESEL S10;20/03/2026;6,79;RAIZEN;6,5;0,29000000000000004;4,461538461538462;5,843548387096774;5,79;1,0;6,79;0,0;0,0;72;False
L. V. COMERCIO DE COMBUSTIVEIS LTDA;11433769000110;GETULIO VARGAS;DIESEL S10;25/03/2026;7,13;RAIZEN;6,79;0,33999999999999986;5,007363770250366;5,8585714285714285;5,8;1,33;7,13;0,0;0,0;72;False
L. V. COMERCIO DE COMBUSTIVEIS LTDA;11433769000110;GETULIO VARGAS;DIESEL S10;31/03/2026;7,13;RAIZEN;7,13;0,0;0,0;5,8784375;5,8;1,33;7,215;-0,08499999999999996;-1,1781011781011776;72;False
L. V. COMERCIO DE COMBUSTIVEIS LTDA;11433769000110;GETULIO VARGAS;DIESEL S10;24/04/2026;7,3;RAIZEN;7,13;0,16999999999999993;2,384291725105188;5,897692307692308;5,8;1,5;7,3;0,0;0,0;72;False
L. V. COMERCIO DE COMBUSTIVEIS LTDA;11433769000110;GETULIO VARGAS;DIESEL S10;07/05/2026;7,09;RAIZEN;7,3;-0,20999999999999996;-2,876712328767123;5,918939393939394;5,8;1,29;7,09;0,0;0,0;72;False
L. V. COMERCIO DE COMBUSTIVEIS LTDA;11433769000110;GETULIO VARGAS;DIESEL S10;13/05/2026;7,09;RAIZEN;7,09;0,0;0,0;5,936417910447761;5,8;1,29;7,1899999999999995;-0,09999999999999964;-1,3908205841446406;72;False
L. V. COMERCIO DE COMBUSTIVEIS LTDA;11433769000110;GETULIO VARGAS;DIESEL S10;20/05/2026;6,98;RAIZEN;7,09;-0,10999999999999943;-1,5514809590973122;5,953382352941176;5,8;1,1800000000000006;6,98;0,0;0,0;72;False
L. V. COMERCIO DE COMBUSTIVEIS LTDA;11433769000110;GETULIO VARGAS;DIESEL S10;03/06/2026;6,98;RAIZEN;6,98;0,0;0,0;5,968260869565217;5,8;1,1800000000000006;7,135;-0,15499999999999936;-2,1723896285914415;72;False
L. V. COMERCIO DE COMBUSTIVEIS LTDA;11433769000110;GETULIO VARGAS;DIESEL S10;09/06/2026;6,98;RAIZEN;6,98;0,0;0,0;5,982714285714286;5,8;1,1800000000000006;6,98;0,0;0,0;72;False
L. V. COMERCIO DE COMBUSTIVEIS LTDA;11433769000110;GETULIO VARGAS;DIESEL S10;16/06/2026;6,98;RAIZEN;6,98;0,0;0,0;5,996760563380281;5,8;1,1800000000000006;6,98;0,0;0,0;72;False
L. V. COMERCIO DE COMBUSTIVEIS LTDA;11433769000110;GETULIO VARGAS;ETANOL;10/07/2024;4,69;BRANCA;;;;;;;4,735;-0,04499999999999993;-0,9503695881731768;99;False
L. V. COMERCIO DE COMBUSTIVEIS LTDA;11433769000110;GETULIO VARGAS;ETANOL;17/07/2024;4,69;BRANCA;4,69;0,0;0,0;4,69;4,69;0,0;4,78;-0,08999999999999986;-1,8828451882845159;99;False
L. V. COMERCIO DE COMBUSTIVEIS LTDA;11433769000110;GETULIO VARGAS;ETANOL;22/07/2024;4,69;BRANCA;4,69;0,0;0,0;4,69;4,69;0,0;4,8;-0,10999999999999943;-2,291666666666655;99;False
L. V. COMERCIO DE COMBUSTIVEIS LTDA;11433769000110;GETULIO VARGAS;ETANOL;29/07/2024;4,8;BRANCA;4,69;0,10999999999999943;2,3454157782515868;4,69;4,69;0,10999999999999943;4,89;-0,08999999999999986;-1,8404907975460096;99;False
L. V. COMERCIO DE COMBUSTIVEIS LTDA;11433769000110;GETULIO VARGAS;ETANOL;06/08/2024;4,75;BRANCA;4,8;-0,04999999999999982;-1,041666666666663;4,7175;4,69;0,05999999999999961;4,89;-0,13999999999999968;-2,8629856850715685;99;False
L. V. COMERCIO DE COMBUSTIVEIS LTDA;11433769000110;GETULIO VARGAS;ETANOL;12/08/2024;4,75;BRANCA;4,75;0,0;0,0;4,724;4,69;0,05999999999999961;4,89;-0,13999999999999968;-2,8629856850715685;99;False
L. V. COMERCIO DE COMBUSTIVEIS LTDA;11433769000110;GETULIO VARGAS;ETANOL;19/08/2024;4,75;BRANCA;4,75;0,0;0,0;4,7283333333333335;4,720000000000001;0,02999999999999936;4,89;-0,13999999999999968;-2,8629856850715685;99;False
L. V. COMERCIO DE COMBUSTIVEIS LTDA;11433769000110;GETULIO VARGAS;ETANOL;26/08/2024;4,75;BRANCA;4,75;0,0;0,0;4,731428571428572;4,75;0,0;4,89;-0,13999999999999968;-2,8629856850715685;99;False
L. V. COMERCIO DE COMBUSTIVEIS LTDA;11433769000110;GETULIO VARGAS;ETANOL;03/09/2024;4,75;BRANCA;4,75;0,0;0,0;4,733750000000001;4,75;0,0;4,89;-0,13999999999999968;-2,8629856850715685;99;False
L. V. COMERCIO DE COMBUSTIVEIS LTDA;11433769000110;GETULIO VARGAS;ETANOL;09/09/2024;4,75;BRANCA;4,75;0,0;0,0;4,735555555555556;4,75;0,0;4,89;-0,13999999999999968;-2,8629856850715685;99;False
L. V. COMERCIO DE COMBUSTIVEIS LTDA;11433769000110;GETULIO VARGAS;ETANOL;17/09/2024;4,69;BRANCA;4,75;-0,05999999999999961;-1,2631578947368338;4,737;4,75;-0,05999999999999961;4,79;-0,09999999999999964;-2,087682672233813;99;False
L. V. COMERCIO DE COMBUSTIVEIS LTDA;11433769000110;GETULIO VARGAS;ETANOL;24/09/2024;4,69;BRANCA;4,69;0,0;0,0;4,732727272727273;4,75;-0,05999999999999961;4,75;-0,05999999999999961;-1,2631578947368338;99;False
L. V. COMERCIO DE COMBUSTIVEIS LTDA;11433769000110;GETULIO VARGAS;ETANOL;30/09/2024;4,69;BRANCA;4,69;0,0;0,0;4,729166666666667;4,75;-0,05999999999999961;4,75;-0,05999999999999961;-1,2631578947368338;99;False
L. V. COMERCIO DE COMBUSTIVEIS LTDA;11433769000110;GETULIO VARGAS;ETANOL;07/10/2024;4,49;BRANCA;4,69;-0,20000000000000018;-4,26439232409382;4,726153846153847;4,75;-0,2599999999999998;4,59;-0,09999999999999964;-2,1786492374727593;99;False
L. V. COMERCIO DE COMBUSTIVEIS LTDA;11433769000110;GETULIO VARGAS;ETANOL;15/10/2024;4,49;BRANCA;4,49;0,0;0,0;4,7092857142857145;4,720000000000001;-0,23000000000000043;4,5600000000000005;-0,07000000000000028;-1,5350877192982515;99;False
L. V. COMERCIO DE COMBUSTIVEIS LTDA;11433769000110;GETULIO VARGAS;ETANOL;21/10/2024;4,39;BRANCA;4,49;-0,10000000000000053;-2,2271714922049117;4,6946666666666665;4,69;-0,3000000000000007;4,49;-0,10000000000000053;-2,2271714922049117;99;False
L. V. COMERCIO DE COMBUSTIVEIS LTDA;11433769000110;GETULIO VARGAS;ETANOL;28/10/2024;4,39;BRANCA;4,39;0,0;0,0;4,675625;4,69;-0,3000000000000007;4,39;0,0;0,0;99;False
L. V. COMERCIO DE COMBUSTIVEIS LTDA;11433769000110;GETULIO VARGAS;ETANOL;04/11/2024;4,39;BRANCA;4,39;0,0;0,0;4,658823529411765;4,69;-0,3000000000000007;4,39;0,0;0,0;99;False
L. V. COMERCIO DE COMBUSTIVEIS LTDA;11433769000110;GETULIO VARGAS;ETANOL;11/11/2024;4,29;BRANCA;4,39;-0,09999999999999964;-2,2779043280182156;4,643888888888889;4,69;-0,40000000000000036;4,39;-0,09999999999999964;-2,2779043280182156;99;False
L. V. COMERCIO DE COMBUSTIVEIS LTDA;11433769000110;GETULIO VARGAS;ETANOL;18/11/2024;4,29;BRANCA;4,29;0,0;0,0;4,625263157894737;4,69;-0,40000000000000036;4,39;-0,09999999999999964;-2,2779043280182156;99;False
L. V. COMERCIO DE COMBUSTIVEIS LTDA;11433769000110;GETULIO VARGAS;ETANOL;25/11/2024;4,29;BRANCA;4,29;0,0;0,0;4,6085;4,69;-0,40000000000000036;4,39;-0,09999999999999964;-2,2779043280182156;99;False
L. V. COMERCIO DE COMBUSTIVEIS LTDA;11433769000110;GETULIO VARGAS;ETANOL;03/12/2024;4,29;BRANCA;4,29;0,0;0,0;4,593333333333334;4,69;-0,40000000000000036;4,295;-0,004999999999999893;-0,11641443538998589;99;False
L. V. COMERCIO DE COMBUSTIVEIS LTDA;11433769000110;GETULIO VARGAS;ETANOL;09/12/2024;4,29;BRANCA;4,29;0,0;0,0;4,579545454545454;4,69;-0,40000000000000036;4,295;-0,004999999999999893;-0,11641443538998589;99;False
L. V. COMERCIO DE COMBUSTIVEIS LTDA;11433769000110;GETULIO VARGAS;ETANOL;16/12/2024;4,29;BRANCA;4,29;0,0;0,0;4,56695652173913;4,69;-0,40000000000000036;4,29;0,0;0,0;99;False
L. V. COMERCIO DE COMBUSTIVEIS LTDA;11433769000110;GETULIO VARGAS;ETANOL;23/12/2024;4,29;BRANCA;4,29;0,0;0,0;4,555416666666667;4,69;-0,40000000000000036;4,29;0,0;0,0;99;False
L. V. COMERCIO DE COMBUSTIVEIS LTDA;11433769000110;GETULIO VARGAS;ETANOL;30/12/2024;4,29;BRANCA;4,29;0,0;0,0;4,5448;4,69;-0,40000000000000036;4,29;0,0;0,0;99;False
L. V. COMERCIO DE COMBUSTIVEIS LTDA;11433769000110;GETULIO VARGAS;ETANOL;06/01/2025;4,29;BRANCA;4,29;0,0;0,0;4,535;4,59;-0,2999999999999998;4,295;-0,004999999999999893;-0,11641443538998589;99;False
L. V. COMERCIO DE COMBUSTIVEIS LTDA;11433769000110;GETULIO VARGAS;ETANOL;13/01/2025;4,69;BRANCA;4,29;0,40000000000000036;9,324009324009332;4,525925925925926;4,49;0,20000000000000018;4,59;0,10000000000000053;2,1786492374727784;99;False
L. V. COMERCIO DE COMBUSTIVEIS LTDA;11433769000110;GETULIO VARGAS;ETANOL;20/01/2025;4,69;BRANCA;4,69;0,0;0,0;4,531785714285714;4,59;0,10000000000000053;4,625;0,06500000000000039;1,4054054054054137;99;False
L. V. COMERCIO DE COMBUSTIVEIS LTDA;11433769000110;GETULIO VARGAS;ETANOL;28/01/2025;4,69;BRANCA;4,69;0,0;0,0;4,537241379310346;4,69;0,0;4,66;0,03000000000000025;0,64377682403434;99;False
L. V. COMERCIO DE COMBUSTIVEIS LTDA;11433769000110;GETULIO VARGAS;ETANOL;03/02/2025;4,69;BRANCA;4,69;0,0;0,0;4,542333333333334;4,69;0,0;4,74;-0,04999999999999982;-1,0548523206751017;99;False
L. V. COMERCIO DE COMBUSTIVEIS LTDA;11433769000110;GETULIO VARGAS;ETANOL;11/02/2025;4,84;BRANCA;4,69;0,14999999999999947;3,1982942430703507;4,547096774193549;4,69;0,14999999999999947;4,845;-0,004999999999999893;-0,10319917440660255;99;False
L. V. COMERCIO DE COMBUSTIVEIS LTDA;11433769000110;GETULIO VARGAS;ETANOL;18/02/2025;4,84;BRANCA;4,84;0,0;0,0;4,55625;4,69;0,14999999999999947;4,89;-0,04999999999999982;-1,0224948875255588;99;False
L. V. COMERCIO DE COMBUSTIVEIS LTDA;11433769000110;GETULIO VARGAS;ETANOL;25/02/2025;4,84;BRANCA;4,84;0,0;0,0;4,564848484848485;4,69;0,14999999999999947;4,89;-0,04999999999999982;-1,0224948875255588;99;False
L. V. COMERCIO DE COMBUSTIVEIS LTDA;11433769000110;GETULIO VARGAS;ETANOL;03/03/2025;4,84;BRANCA;4,84;0,0;0,0;4,572941176470588;4,69;0,14999999999999947;4,89;-0,04999999999999982;-1,0224948875255588;99;False
L. V. COMERCIO DE COMBUSTIVEIS LTDA;11433769000110;GETULIO VARGAS;ETANOL;11/03/2025;4,84;BRANCA;4,84;0,0;0,0;4,580571428571428;4,69;0,14999999999999947;4,89;-0,04999999999999982;-1,0224948875255588;99;False
L. V. COMERCIO DE COMBUSTIVEIS LTDA;11433769000110;GETULIO VARGAS;ETANOL;18/03/2025;4,84;BRANCA;4,84;0,0;0,0;4,587777777777777;4,69;0,14999999999999947;4,89;-0,04999999999999982;-1,0224948875255588;99;False
L. V. COMERCIO DE COMBUSTIVEIS LTDA;11433769000110;GETULIO VARGAS;ETANOL;25/03/2025;4,84;BRANCA;4,84;0,0;0,0;4,594594594594595;4,69;0,14999999999999947;4,89;-0,04999999999999982;-1,0224948875255588;99;False
L. V. COMERCIO DE COMBUSTIVEIS LTDA;11433769000110;GETULIO VARGAS;ETANOL;31/03/2025;4,84;BRANCA;4,84;0,0;0,0;4,6010526315789475;4,69;0,14999999999999947;4,865;-0,025000000000000355;-0,5138746145940464;99;False
L. V. COMERCIO DE COMBUSTIVEIS LTDA;11433769000110;GETULIO VARGAS;ETANOL;08/04/2025;4,84;BRANCA;4,84;0,0;0,0;4,607179487179487;4,69;0,14999999999999947;4,865;-0,025000000000000355;-0,5138746145940464;99;False
L. V. COMERCIO DE COMBUSTIVEIS LTDA;11433769000110;GETULIO VARGAS;ETANOL;15/04/2025;4,84;BRANCA;4,84;0,0;0,0;4,613;4,69;0,14999999999999947;4,89;-0,04999999999999982;-1,0224948875255588;99;False
L. V. COMERCIO DE COMBUSTIVEIS LTDA;11433769000110;GETULIO VARGAS;ETANOL;22/04/2025;4,84;BRANCA;4,84;0,0;0,0;4,618536585365854;4,69;0,14999999999999947;4,89;-0,04999999999999982;-1,0224948875255588;99;False
L. V. COMERCIO DE COMBUSTIVEIS LTDA;11433769000110;GETULIO VARGAS;ETANOL;29/04/2025;4,84;BRANCA;4,84;0,0;0,0;4,623809523809523;4,69;0,14999999999999947;4,89;-0,04999999999999982;-1,0224948875255588;99;False
L. V. COMERCIO DE COMBUSTIVEIS LTDA;11433769000110;GETULIO VARGAS;ETANOL;05/05/2025;4,84;BRANCA;4,84;0,0;0,0;4,628837209302326;4,69;0,14999999999999947;4,89;-0,04999999999999982;-1,0224948875255588;99;False
L. V. COMERCIO DE COMBUSTIVEIS LTDA;11433769000110;GETULIO VARGAS;ETANOL;12/05/2025;4,84;BRANCA;4,84;0,0;0,0;4,633636363636364;4,69;0,14999999999999947;4,869999999999999;-0,02999999999999936;-0,6160164271047097;99;False
L. V. COMERCIO DE COMBUSTIVEIS LTDA;11433769000110;GETULIO VARGAS;ETANOL;19/05/2025;4,94;BRANCA;4,84;0,10000000000000053;2,06611570247935;4,638222222222222;4,69;0,25;4,94;0,0;0,0;99;False
L. V. COMERCIO DE COMBUSTIVEIS LTDA;11433769000110;GETULIO VARGAS;ETANOL;27/05/2025;4,94;BRANCA;4,94;0,0;0,0;4,644782608695652;4,69;0,25;4,965;-0,024999999999999467;-0,503524672708952;99;False
L. V. COMERCIO DE COMBUSTIVEIS LTDA;11433769000110;GETULIO VARGAS;ETANOL;03/06/2025;4,94;RAIZEN;4,94;0,0;0,0;4,651063829787234;4,69;0,25;4,95;-0,009999999999999787;-0,20202020202019771;99;False
L. V. COMERCIO DE COMBUSTIVEIS LTDA;11433769000110;GETULIO VARGAS;ETANOL;09/06/2025;4,94;RAIZEN;4,94;0,0;0,0;4,6570833333333335;4,720000000000001;0,21999999999999975;4,95;-0,009999999999999787;-0,20202020202019771;99;False
L. V. COMERCIO DE COMBUSTIVEIS LTDA;11433769000110;GETULIO VARGAS;ETANOL;16/06/2025;4,94;RAIZEN;4,94;0,0;0,0;4,662857142857143;4,75;0,1900000000000004;4,95;-0,009999999999999787;-0,20202020202019771;99;False
L. V. COMERCIO DE COMBUSTIVEIS LTDA;11433769000110;GETULIO VARGAS;ETANOL;24/06/2025;4,94;RAIZEN;4,94;0,0;0,0;4,6684;4,75;0,1900000000000004;4,95;-0,009999999999999787;-0,20202020202019771;99;False
L. V. COMERCIO DE COMBUSTIVEIS LTDA;11433769000110;GETULIO VARGAS;ETANOL;30/06/2025;4,94;RAIZEN;4,94;0,0;0,0;4,6737254901960785;4,75;0,1900000000000004;4,95;-0,009999999999999787;-0,20202020202019771;99;False
L. V. COMERCIO DE COMBUSTIVEIS LTDA;11433769000110;GETULIO VARGAS;ETANOL;08/07/2025;4,94;RAIZEN;4,94;0,0;0,0;4,678846153846154;4,75;0,1900000000000004;4,95;-0,009999999999999787;-0,20202020202019771;99;False
L. V. COMERCIO DE COMBUSTIVEIS LTDA;11433769000110;GETULIO VARGAS;ETANOL;15/07/2025;4,94;RAIZEN;4,94;0,0;0,0;4,68377358490566;4,75;0,1900000000000004;4,95;-0,009999999999999787;-0,20202020202019771;99;False
L. V. COMERCIO DE COMBUSTIVEIS LTDA;11433769000110;GETULIO VARGAS;ETANOL;22/07/2025;4,94;RAIZEN;4,94;0,0;0,0;4,688518518518519;4,75;0,1900000000000004;4,95;-0,009999999999999787;-0,20202020202019771;99;False
L. V. COMERCIO DE COMBUSTIVEIS LTDA;11433769000110;GETULIO VARGAS;ETANOL;28/07/2025;4,94;RAIZEN;4,94;0,0;0,0;4,693090909090909;4,75;0,1900000000000004;4,95;-0,009999999999999787;-0,20202020202019771;99;False
L. V. COMERCIO DE COMBUSTIVEIS LTDA;11433769000110;GETULIO VARGAS;ETANOL;05/08/2025;4,94;RAIZEN;4,94;0,0;0,0;4,6975;4,75;0,1900000000000004;4,95;-0,009999999999999787;-0,20202020202019771;99;False
L. V. COMERCIO DE COMBUSTIVEIS LTDA;11433769000110;GETULIO VARGAS;ETANOL;12/08/2025;4,94;RAIZEN;4,94;0,0;0,0;4,701754385964913;4,75;0,1900000000000004;4,95;-0,009999999999999787;-0,20202020202019771;99;False
L. V. COMERCIO DE COMBUSTIVEIS LTDA;11433769000110;GETULIO VARGAS;ETANOL;19/08/2025;4,94;RAIZEN;4,94;0,0;0,0;4,7058620689655175;4,75;0,1900000000000004;4,965;-0,024999999999999467;-0,503524672708952;99;False
L. V. COMERCIO DE COMBUSTIVEIS LTDA;11433769000110;GETULIO VARGAS;ETANOL;27/08/2025;4,94;RAIZEN;4,94;0,0;0,0;4,709830508474576;4,75;0,1900000000000004;4,965;-0,024999999999999467;-0,503524672708952;99;False
L. V. COMERCIO DE COMBUSTIVEIS LTDA;11433769000110;GETULIO VARGAS;ETANOL;02/09/2025;4,94;RAIZEN;4,94;0,0;0,0;4,713666666666667;4,775;0,16500000000000004;4,95;-0,009999999999999787;-0,20202020202019771;99;False
L. V. COMERCIO DE COMBUSTIVEIS LTDA;11433769000110;GETULIO VARGAS;ETANOL;09/09/2025;4,94;RAIZEN;4,94;0,0;0,0;4,717377049180327;4,8;0,14000000000000057;4,965;-0,024999999999999467;-0,503524672708952;99;False
L. V. COMERCIO DE COMBUSTIVEIS LTDA;11433769000110;GETULIO VARGAS;ETANOL;17/09/2025;4,94;RAIZEN;4,94;0,0;0,0;4,720967741935484;4,82;0,1200000000000001;4,98;-0,040000000000000036;-0,8032128514056232;99;False
L. V. COMERCIO DE COMBUSTIVEIS LTDA;11433769000110;GETULIO VARGAS;ETANOL;22/09/2025;4,94;RAIZEN;4,94;0,0;0,0;4,724444444444444;4,84;0,10000000000000053;4,965;-0,024999999999999467;-0,503524672708952;99;False
L. V. COMERCIO DE COMBUSTIVEIS LTDA;11433769000110;GETULIO VARGAS;ETANOL;30/09/2025;4,94;RAIZEN;4,94;0,0;0,0;4,7278125;4,84;0,10000000000000053;4,965;-0,024999999999999467;-0,503524672708952;99;False
L. V. COMERCIO DE COMBUSTIVEIS LTDA;11433769000110;GETULIO VARGAS;ETANOL;06/10/2025;4,94;RAIZEN;4,94;0,0;0,0;4,731076923076923;4,84;0,10000000000000053;4,965;-0,024999999999999467;-0,503524672708952;99;False
L. V. COMERCIO DE COMBUSTIVEIS LTDA;11433769000110;GETULIO VARGAS;ETANOL;13/10/2025;4,94;RAIZEN;4,94;0,0;0,0;4,734242424242424;4,84;0,10000000000000053;4,965;-0,024999999999999467;-0,503524672708952;99;False
L. V. COMERCIO DE COMBUSTIVEIS LTDA;11433769000110;GETULIO VARGAS;ETANOL;20/10/2025;4,94;RAIZEN;4,94;0,0;0,0;4,737313432835822;4,84;0,10000000000000053;4,95;-0,009999999999999787;-0,20202020202019771;99;False
L. V. COMERCIO DE COMBUSTIVEIS LTDA;11433769000110;GETULIO VARGAS;ETANOL;28/10/2025;4,84;RAIZEN;4,94;-0,10000000000000053;-2,024291497975719;4,74029411764706;4,84;0,0;4,82;0,019999999999999574;0,41493775933609073;99;False
L. V. COMERCIO DE COMBUSTIVEIS LTDA;11433769000110;GETULIO VARGAS;ETANOL;04/11/2025;4,84;RAIZEN;4,84;0,0;0,0;4,741739130434783;4,84;0,0;4,8;0,040000000000000036;0,8333333333333341;99;False
L. V. COMERCIO DE COMBUSTIVEIS LTDA;11433769000110;GETULIO VARGAS;ETANOL;11/11/2025;4,84;RAIZEN;4,84;0,0;0,0;4,743142857142857;4,84;0,0;4,8;0,040000000000000036;0,8333333333333341;99;False
L. V. COMERCIO DE COMBUSTIVEIS LTDA;11433769000110;GETULIO VARGAS;ETANOL;18/11/2025;4,84;RAIZEN;4,84;0,0;0,0;4,744507042253521;4,84;0,0;4,8;0,040000000000000036;0,8333333333333341;99;False
L. V. COMERCIO DE COMBUSTIVEIS LTDA;11433769000110;GETULIO VARGAS;ETANOL;25/11/2025;4,84;RAIZEN;4,84;0,0;0,0;4,745833333333334;4,84;0,0;4,8;0,040000000000000036;0,8333333333333341;99;False
L. V. COMERCIO DE COMBUSTIVEIS LTDA;11433769000110;GETULIO VARGAS;ETANOL;08/12/2025;4,84;RAIZEN;4,84;0,0;0,0;4,747123287671233;4,84;0,0;4,82;0,019999999999999574;0,41493775933609073;99;False
L. V. COMERCIO DE COMBUSTIVEIS LTDA;11433769000110;GETULIO VARGAS;ETANOL;15/12/2025;4,84;RAIZEN;4,84;0,0;0,0;4,748378378378378;4,84;0,0;4,82;0,019999999999999574;0,41493775933609073;99;False
L. V. COMERCIO DE COMBUSTIVEIS LTDA;11433769000110;GETULIO VARGAS;ETANOL;23/12/2025;4,84;RAIZEN;4,84;0,0;0,0;4,7496;4,84;0,0;4,82;0,019999999999999574;0,41493775933609073;99;False
L. V. COMERCIO DE COMBUSTIVEIS LTDA;11433769000110;GETULIO VARGAS;ETANOL;29/12/2025;4,84;RAIZEN;4,84;0,0;0,0;4,75078947368421;4,84;0,0;4,8;0,040000000000000036;0,8333333333333341;99;False
L. V. COMERCIO DE COMBUSTIVEIS LTDA;11433769000110;GETULIO VARGAS;ETANOL;20/01/2026;4,94;RAIZEN;4,84;0,10000000000000053;2,06611570247935;4,751948051948053;4,84;0,10000000000000053;4,8;0,14000000000000057;2,9166666666666785;99;False
L. V. COMERCIO DE COMBUSTIVEIS LTDA;11433769000110;GETULIO VARGAS;ETANOL;27/01/2026;4,94;RAIZEN;4,94;0,0;0,0;4,754358974358975;4,84;0,10000000000000053;4,85;0,09000000000000075;1,8556701030927991;99;False
L. V. COMERCIO DE COMBUSTIVEIS LTDA;11433769000110;GETULIO VARGAS;ETANOL;09/02/2026;4,94;RAIZEN;4,94;0,0;0,0;4,756708860759494;4,84;0,10000000000000053;4,8;0,14000000000000057;2,9166666666666785;99;False
L. V. COMERCIO DE COMBUSTIVEIS LTDA;11433769000110;GETULIO VARGAS;ETANOL;24/02/2026;4,94;RAIZEN;4,94;0,0;0,0;4,759;4,84;0,10000000000000053;4,87;0,07000000000000028;1,437371663244359;99;False
L. V. COMERCIO DE COMBUSTIVEIS LTDA;11433769000110;GETULIO VARGAS;ETANOL;04/03/2026;4,94;RAIZEN;4,94;0,0;0,0;4,7612345679012344;4,84;0,10000000000000053;4,88;0,0600000000000005;1,2295081967213217;99;False
L. V. COMERCIO DE COMBUSTIVEIS LTDA;11433769000110;GETULIO VARGAS;ETANOL;09/03/2026;5,09;RAIZEN;4,94;0,14999999999999947;3,0364372469635517;4,763414634146342;4,84;0,25;4,970000000000001;0,11999999999999922;2,414486921529159;99;False
L. V. COMERCIO DE COMBUSTIVEIS LTDA;11433769000110;GETULIO VARGAS;ETANOL;20/03/2026;4,99;RAIZEN;5,09;-0,09999999999999964;-1,9646365422396788;4,767349397590362;4,84;0,15000000000000036;4,95;0,040000000000000036;0,8080808080808087;99;False
L. V. COMERCIO DE COMBUSTIVEIS LTDA;11433769000110;GETULIO VARGAS;ETANOL;25/03/2026;5,19;RAIZEN;4,99;0,20000000000000018;4,008016032064131;4,7700000000000005;4,84;0,35000000000000053;5,12;0,07000000000000028;1,3671875000000056;99;False
L. V. COMERCIO DE COMBUSTIVEIS LTDA;11433769000110;GETULIO VARGAS;ETANOL;31/03/2026;5,19;RAIZEN;5,19;0,0;0,0;4,7749411764705885;4,84;0,35000000000000053;5,140000000000001;0,04999999999999982;0,9727626459143932;99;False
L. V. COMERCIO DE COMBUSTIVEIS LTDA;11433769000110;GETULIO VARGAS;ETANOL;09/04/2026;5,09;RAIZEN;5,19;-0,10000000000000053;-1,926782273603093;4,779767441860465;4,84;0,25;5,07;0,019999999999999574;0,3944773175542322;99;False
L. V. COMERCIO DE COMBUSTIVEIS LTDA;11433769000110;GETULIO VARGAS;ETANOL;15/04/2026;5,69;RAIZEN;5,09;0,6000000000000005;11,787819253438126;4,783333333333334;4,84;0,8500000000000005;5,6;0,09000000000000075;1,6071428571428705;99;False
L. V. COMERCIO DE COMBUSTIVEIS LTDA;11433769000110;GETULIO VARGAS;ETANOL;24/04/2026;5,69;RAIZEN;5,69;0,0;0,0;4,793636363636364;4,84;0,8500000000000005;5,6;0,09000000000000075;1,6071428571428705;99;False
L. V. COMERCIO DE COMBUSTIVEIS LTDA;11433769000110;GETULIO VARGAS;ETANOL;29/04/2026;5,69;RAIZEN;5,69;0,0;0,0;4,80370786516854;4,84;0,8500000000000005;5,62;0,07000000000000028;1,2455516014234926;99;False
L. V. COMERCIO DE COMBUSTIVEIS LTDA;11433769000110;GETULIO VARGAS;ETANOL;07/05/2026;5,69;RAIZEN;5,69;0,0;0,0;4,813555555555556;4,84;0,8500000000000005;5,6;0,09000000000000075;1,6071428571428705;99;False
L. V. COMERCIO DE COMBUSTIVEIS LTDA;11433769000110;GETULIO VARGAS;ETANOL;13/05/2026;5,69;RAIZEN;5,69;0,0;0,0;4,823186813186814;4,84;0,8500000000000005;5,655;0,03500000000000014;0,6189213085764835;99;False
L. V. COMERCIO DE COMBUSTIVEIS LTDA;11433769000110;GETULIO VARGAS;ETANOL;20/05/2026;5,69;RAIZEN;5,69;0,0;0,0;4,8326086956521745;4,84;0,8500000000000005;5,62;0,07000000000000028;1,2455516014234926;99;False
L. V. COMERCIO DE COMBUSTIVEIS LTDA;11433769000110;GETULIO VARGAS;ETANOL;26/05/2026;5,69;RAIZEN;5,69;0,0;0,0;4,841827956989247;4,84;0,8500000000000005;5,5;0,1900000000000004;3,4545454545454617;99;False
L. V. COMERCIO DE COMBUSTIVEIS LTDA;11433769000110;GETULIO VARGAS;ETANOL;03/06/2026;5,69;RAIZEN;5,69;0,0;0,0;4,850851063829787;4,84;0,8500000000000005;5,69;0,0;0,0;99;False
L. V. COMERCIO DE COMBUSTIVEIS LTDA;11433769000110;GETULIO VARGAS;ETANOL;09/06/2026;5,69;RAIZEN;5,69;0,0;0,0;4,859684210526316;4,84;0,8500000000000005;5,5;0,1900000000000004;3,4545454545454617;99;False
L. V. COMERCIO DE COMBUSTIVEIS LTDA;11433769000110;GETULIO VARGAS;ETANOL;16/06/2026;5,69;RAIZEN;5,69;0,0;0,0;4,868333333333333;4,84;0,8500000000000005;5,5;0,1900000000000004;3,4545454545454617;99;False
L. V. COMERCIO DE COMBUSTIVEIS LTDA;11433769000110;GETULIO VARGAS;ETANOL;23/06/2026;5,69;RAIZEN;5,69;0,0;0,0;4,876804123711341;4,84;0,8500000000000005;5,5;0,1900000000000004;3,4545454545454617;99;False
L. V. COMERCIO DE COMBUSTIVEIS LTDA;11433769000110;GETULIO VARGAS;ETANOL;30/06/2026;5,69;RAIZEN;5,69;0,0;0,0;4,885102040816327;4,84;0,8500000000000005;5,5;0,1900000000000004;3,4545454545454617;99;False
L. V. COMERCIO DE COMBUSTIVEIS LTDA;11433769000110;GETULIO VARGAS;GASOLINA;10/07/2024;6,34;BRANCA;;;;;;;6,37;-0,03000000000000025;-0,47095761381476053;99;False
L. V. COMERCIO DE COMBUSTIVEIS LTDA;11433769000110;GETULIO VARGAS;GASOLINA;17/07/2024;6,34;BRANCA;6,34;0,0;0,0;6,34;6,34;0,0;6,375;-0,03500000000000014;-0,5490196078431395;99;False
L. V. COMERCIO DE COMBUSTIVEIS LTDA;11433769000110;GETULIO VARGAS;GASOLINA;22/07/2024;6,34;BRANCA;6,34;0,0;0,0;6,34;6,34;0,0;6,32;0,019999999999999574;0,3164556962025249;99;False
L. V. COMERCIO DE COMBUSTIVEIS LTDA;11433769000110;GETULIO VARGAS;GASOLINA;29/07/2024;6,52;BRANCA;6,34;0,17999999999999972;2,839116719242898;6,34;6,34;0,17999999999999972;6,51;0,009999999999999787;0,1536098310291826;99;False
L. V. COMERCIO DE COMBUSTIVEIS LTDA;11433769000110;GETULIO VARGAS;GASOLINA;06/08/2024;6,48;BRANCA;6,52;-0,03999999999999915;-0,6134969325153244;6,385;6,34;0,14000000000000057;6,49;-0,009999999999999787;-0,15408320493065927;99;False
L. V. COMERCIO DE COMBUSTIVEIS LTDA;11433769000110;GETULIO VARGAS;GASOLINA;12/08/2024;6,45;BRANCA;6,48;-0,03000000000000025;-0,46296296296296674;6,403999999999999;6,34;0,11000000000000032;6,47;-0,019999999999999574;-0,30911901081915877;99;False
L. V. COMERCIO DE COMBUSTIVEIS LTDA;11433769000110;GETULIO VARGAS;GASOLINA;19/08/2024;6,45;BRANCA;6,45;0,0;0,0;6,411666666666666;6,395;0,055000000000000604;6,47;-0,019999999999999574;-0,30911901081915877;99;False
L. V. COMERCIO DE COMBUSTIVEIS LTDA;11433769000110;GETULIO VARGAS;GASOLINA;26/08/2024;6,45;BRANCA;6,45;0,0;0,0;6,417142857142857;6,45;0,0;6,47;-0,019999999999999574;-0,30911901081915877;99;False
L. V. COMERCIO DE COMBUSTIVEIS LTDA;11433769000110;GETULIO VARGAS;GASOLINA;03/09/2024;6,41;BRANCA;6,45;-0,040000000000000036;-0,6201550387596905;6,42125;6,45;-0,040000000000000036;6,47;-0,05999999999999961;-0,9273570324574901;99;False
L. V. COMERCIO DE COMBUSTIVEIS LTDA;11433769000110;GETULIO VARGAS;GASOLINA;09/09/2024;6,41;BRANCA;6,41;0,0;0,0;6,42;6,45;-0,040000000000000036;6,47;-0,05999999999999961;-0,9273570324574901;99;False
L. V. COMERCIO DE COMBUSTIVEIS LTDA;11433769000110;GETULIO VARGAS;GASOLINA;17/09/2024;6,2;BRANCA;6,41;-0,20999999999999996;-3,276131045241809;6,419;6,43;-0,22999999999999954;6,27;-0,0699999999999994;-1,1164274322168963;99;False
L. V. COMERCIO DE COMBUSTIVEIS LTDA;11433769000110;GETULIO VARGAS;GASOLINA;24/09/2024;6,2;BRANCA;6,2;0,0;0,0;6,399090909090909;6,41;-0,20999999999999996;6,27;-0,0699999999999994;-1,1164274322168963;99;False
L. V. COMERCIO DE COMBUSTIVEIS LTDA;11433769000110;GETULIO VARGAS;GASOLINA;30/09/2024;6,2;BRANCA;6,2;0,0;0,0;6,3825;6,41;-0,20999999999999996;6,27;-0,0699999999999994;-1,1164274322168963;99;False
L. V. COMERCIO DE COMBUSTIVEIS LTDA;11433769000110;GETULIO VARGAS;GASOLINA;07/10/2024;6,2;BRANCA;6,2;0,0;0,0;6,368461538461539;6,41;-0,20999999999999996;6,27;-0,0699999999999994;-1,1164274322168963;99;False
L. V. COMERCIO DE COMBUSTIVEIS LTDA;11433769000110;GETULIO VARGAS;GASOLINA;15/10/2024;6,2;BRANCA;6,2;0,0;0,0;6,356428571428571;6,375;-0,17499999999999982;6,22;-0,019999999999999574;-0,32154340836012174;99;False
L. V. COMERCIO DE COMBUSTIVEIS LTDA;11433769000110;GETULIO VARGAS;GASOLINA;21/10/2024;5,9;BRANCA;6,2;-0,2999999999999998;-4,838709677419352;6,346;6,34;-0,4399999999999995;5,95;-0,04999999999999982;-0,8403361344537785;99;False
L. V. COMERCIO DE COMBUSTIVEIS LTDA;11433769000110;GETULIO VARGAS;GASOLINA;28/10/2024;5,92;BRANCA;5,9;0,019999999999999574;0,3389830508474504;6,318125;6,34;-0,41999999999999993;5,92;0,0;0,0;99;False
L. V. COMERCIO DE COMBUSTIVEIS LTDA;11433769000110;GETULIO VARGAS;GASOLINA;04/11/2024;5,92;BRANCA;5,92;0,0;0,0;6,294705882352941;6,34;-0,41999999999999993;5,92;0,0;0,0;99;False
L. V. COMERCIO DE COMBUSTIVEIS LTDA;11433769000110;GETULIO VARGAS;GASOLINA;11/11/2024;5,92;BRANCA;5,92;0,0;0,0;6,273888888888889;6,34;-0,41999999999999993;5,9;0,019999999999999574;0,3389830508474504;99;False
L. V. COMERCIO DE COMBUSTIVEIS LTDA;11433769000110;GETULIO VARGAS;GASOLINA;18/11/2024;6,32;BRANCA;5,92;0,40000000000000036;6,756756756756762;6,255263157894737;6,34;-0,019999999999999574;6,32;0,0;0,0;99;False
L. V. COMERCIO DE COMBUSTIVEIS LTDA;11433769000110;GETULIO VARGAS;GASOLINA;25/11/2024;6,32;BRANCA;6,32;0,0;0,0;6,2585;6,33;-0,009999999999999787;6,32;0,0;0,0;99;False
L. V. COMERCIO DE COMBUSTIVEIS LTDA;11433769000110;GETULIO VARGAS;GASOLINA;03/12/2024;6,32;BRANCA;6,32;0,0;0,0;6,261428571428572;6,32;0,0;6,32;0,0;0,0;99;False
L. V. COMERCIO DE COMBUSTIVEIS LTDA;11433769000110;GETULIO VARGAS;GASOLINA;09/12/2024;6,32;BRANCA;6,32;0,0;0,0;6,26409090909091;6,32;0,0;6,32;0,0;0,0;99;False
L. V. COMERCIO DE COMBUSTIVEIS LTDA;11433769000110;GETULIO VARGAS;GASOLINA;16/12/2024;6,32;BRANCA;6,32;0,0;0,0;6,266521739130434;6,32;0,0;6,32;0,0;0,0;99;False
L. V. COMERCIO DE COMBUSTIVEIS LTDA;11433769000110;GETULIO VARGAS;GASOLINA;23/12/2024;6,32;BRANCA;6,32;0,0;0,0;6,26875;6,32;0,0;6,32;0,0;0,0;99;False
L. V. COMERCIO DE COMBUSTIVEIS LTDA;11433769000110;GETULIO VARGAS;GASOLINA;30/12/2024;6,32;BRANCA;6,32;0,0;0,0;6,2708;6,32;0,0;6,32;0,0;0,0;99;False
L. V. COMERCIO DE COMBUSTIVEIS LTDA;11433769000110;GETULIO VARGAS;GASOLINA;06/01/2025;6,32;BRANCA;6,32;0,0;0,0;6,272692307692308;6,32;0,0;6,32;0,0;0,0;99;False
L. V. COMERCIO DE COMBUSTIVEIS LTDA;11433769000110;GETULIO VARGAS;GASOLINA;13/01/2025;6,42;BRANCA;6,32;0,09999999999999964;1,5822784810126524;6,274444444444445;6,32;0,09999999999999964;6,42;0,0;0,0;99;False
L. V. COMERCIO DE COMBUSTIVEIS LTDA;11433769000110;GETULIO VARGAS;GASOLINA;20/01/2025;6,42;BRANCA;6,42;0,0;0,0;6,279642857142858;6,32;0,09999999999999964;6,42;0,0;0,0;99;False
L. V. COMERCIO DE COMBUSTIVEIS LTDA;11433769000110;GETULIO VARGAS;GASOLINA;28/01/2025;6,42;BRANCA;6,42;0,0;0,0;6,2844827586206895;6,32;0,09999999999999964;6,42;0,0;0,0;99;False
L. V. COMERCIO DE COMBUSTIVEIS LTDA;11433769000110;GETULIO VARGAS;GASOLINA;03/02/2025;6,52;BRANCA;6,42;0,09999999999999964;1,5576323987538885;6,289000000000001;6,32;0,1999999999999993;6,49;0,02999999999999936;0,46224961479197785;99;False
L. V. COMERCIO DE COMBUSTIVEIS LTDA;11433769000110;GETULIO VARGAS;GASOLINA;11/02/2025;6,64;BRANCA;6,52;0,1200000000000001;1,840490797546014;6,296451612903225;6,32;0,3199999999999994;6,62;0,019999999999999574;0,3021148036253712;99;False
L. V. COMERCIO DE COMBUSTIVEIS LTDA;11433769000110;GETULIO VARGAS;GASOLINA;18/02/2025;6,64;BRANCA;6,64;0,0;0,0;6,3071875;6,32;0,3199999999999994;6,62;0,019999999999999574;0,3021148036253712;99;False
L. V. COMERCIO DE COMBUSTIVEIS LTDA;11433769000110;GETULIO VARGAS;GASOLINA;25/02/2025;6,64;BRANCA;6,64;0,0;0,0;6,317272727272727;6,32;0,3199999999999994;6,62;0,019999999999999574;0,3021148036253712;99;False
L. V. COMERCIO DE COMBUSTIVEIS LTDA;11433769000110;GETULIO VARGAS;GASOLINA;03/03/2025;6,64;BRANCA;6,64;0,0;0,0;6,326764705882353;6,33;0,3099999999999996;6,62;0,019999999999999574;0,3021148036253712;99;False
L. V. COMERCIO DE COMBUSTIVEIS LTDA;11433769000110;GETULIO VARGAS;GASOLINA;11/03/2025;6,64;BRANCA;6,64;0,0;0,0;6,335714285714285;6,34;0,2999999999999998;6,62;0,019999999999999574;0,3021148036253712;99;False
L. V. COMERCIO DE COMBUSTIVEIS LTDA;11433769000110;GETULIO VARGAS;GASOLINA;18/03/2025;6,64;BRANCA;6,64;0,0;0,0;6,344166666666667;6,34;0,2999999999999998;6,62;0,019999999999999574;0,3021148036253712;99;False
L. V. COMERCIO DE COMBUSTIVEIS LTDA;11433769000110;GETULIO VARGAS;GASOLINA;25/03/2025;6,64;BRANCA;6,64;0,0;0,0;6,352162162162162;6,34;0,2999999999999998;6,62;0,019999999999999574;0,3021148036253712;99;False
L. V. COMERCIO DE COMBUSTIVEIS LTDA;11433769000110;GETULIO VARGAS;GASOLINA;31/03/2025;6,64;BRANCA;6,64;0,0;0,0;6,359736842105263;6,34;0,2999999999999998;6,62;0,019999999999999574;0,3021148036253712;99;False
L. V. COMERCIO DE COMBUSTIVEIS LTDA;11433769000110;GETULIO VARGAS;GASOLINA;08/04/2025;6,64;BRANCA;6,64;0,0;0,0;6,366923076923077;6,34;0,2999999999999998;6,62;0,019999999999999574;0,3021148036253712;99;False
L. V. COMERCIO DE COMBUSTIVEIS LTDA;11433769000110;GETULIO VARGAS;GASOLINA;15/04/2025;6,52;BRANCA;6,64;-0,1200000000000001;-1,8072289156626522;6,373749999999999;6,375;0,14499999999999957;6,52;0,0;0,0;99;False
L. V. COMERCIO DE COMBUSTIVEIS LTDA;11433769000110;GETULIO VARGAS;GASOLINA;22/04/2025;6,52;BRANCA;6,52;0,0;0,0;6,377317073170732;6,41;0,10999999999999943;6,539999999999999;-0,019999999999999574;-0,30581039755351036;99;False
L. V. COMERCIO DE COMBUSTIVEIS LTDA;11433769000110;GETULIO VARGAS;GASOLINA;29/04/2025;6,62;BRANCA;6,52;0,10000000000000053;1,5337423312883518;6,380714285714286;6,41;0,20999999999999996;6,62;0,0;0,0;99;False
L. V. COMERCIO DE COMBUSTIVEIS LTDA;11433769000110;GETULIO VARGAS;GASOLINA;05/05/2025;6,62;BRANCA;6,62;0,0;0,0;6,3862790697674425;6,41;0,20999999999999996;6,62;0,0;0,0;99;False
L. V. COMERCIO DE COMBUSTIVEIS LTDA;11433769000110;GETULIO VARGAS;GASOLINA;12/05/2025;6,62;BRANCA;6,62;0,0;0,0;6,391590909090909;6,415;0,20500000000000007;6,62;0,0;0,0;99;False
L. V. COMERCIO DE COMBUSTIVEIS LTDA;11433769000110;GETULIO VARGAS;GASOLINA;19/05/2025;6,62;BRANCA;6,62;0,0;0,0;6,396666666666667;6,42;0,20000000000000018;6,62;0,0;0,0;99;False
L. V. COMERCIO DE COMBUSTIVEIS LTDA;11433769000110;GETULIO VARGAS;GASOLINA;27/05/2025;6,62;BRANCA;6,62;0,0;0,0;6,401521739130436;6,42;0,20000000000000018;6,62;0,0;0,0;99;False
L. V. COMERCIO DE COMBUSTIVEIS LTDA;11433769000110;GETULIO VARGAS;GASOLINA;03/06/2025;6,62;RAIZEN;6,62;0,0;0,0;6,406170212765957;6,42;0,20000000000000018;6,62;0,0;0,0;99;False
L. V. COMERCIO DE COMBUSTIVEIS LTDA;11433769000110;GETULIO VARGAS;GASOLINA;09/06/2025;6,62;RAIZEN;6,62;0,0;0,0;6,410625;6,42;0,20000000000000018;6,62;0,0;0,0;99;False
L. V. COMERCIO DE COMBUSTIVEIS LTDA;11433769000110;GETULIO VARGAS;GASOLINA;16/06/2025;6,62;RAIZEN;6,62;0,0;0,0;6,414897959183673;6,42;0,20000000000000018;6,62;0,0;0,0;99;False
L. V. COMERCIO DE COMBUSTIVEIS LTDA;11433769000110;GETULIO VARGAS;GASOLINA;24/06/2025;6,62;RAIZEN;6,62;0,0;0,0;6,419;6,4350000000000005;0,1849999999999996;6,62;0,0;0,0;99;False
L. V. COMERCIO DE COMBUSTIVEIS LTDA;11433769000110;GETULIO VARGAS;GASOLINA;30/06/2025;6,62;RAIZEN;6,62;0,0;0,0;6,422941176470588;6,45;0,16999999999999993;6,62;0,0;0,0;99;False
L. V. COMERCIO DE COMBUSTIVEIS LTDA;11433769000110;GETULIO VARGAS;GASOLINA;08/07/2025;6,62;RAIZEN;6,62;0,0;0,0;6,426730769230769;6,45;0,16999999999999993;6,62;0,0;0,0;99;False
L. V. COMERCIO DE COMBUSTIVEIS LTDA;11433769000110;GETULIO VARGAS;GASOLINA;15/07/2025;6,62;RAIZEN;6,62;0,0;0,0;6,430377358490566;6,45;0,16999999999999993;6,62;0,0;0,0;99;False
L. V. COMERCIO DE COMBUSTIVEIS LTDA;11433769000110;GETULIO VARGAS;GASOLINA;22/07/2025;6,62;RAIZEN;6,62;0,0;0,0;6,433888888888889;6,45;0,16999999999999993;6,62;0,0;0,0;99;False
L. V. COMERCIO DE COMBUSTIVEIS LTDA;11433769000110;GETULIO VARGAS;GASOLINA;28/07/2025;6,62;RAIZEN;6,62;0,0;0,0;6,4372727272727275;6,45;0,16999999999999993;6,62;0,0;0,0;99;False
L. V. COMERCIO DE COMBUSTIVEIS LTDA;11433769000110;GETULIO VARGAS;GASOLINA;05/08/2025;6,62;RAIZEN;6,62;0,0;0,0;6,440535714285715;6,465;0,15500000000000025;6,62;0,0;0,0;99;False
L. V. COMERCIO DE COMBUSTIVEIS LTDA;11433769000110;GETULIO VARGAS;GASOLINA;12/08/2025;6,62;RAIZEN;6,62;0,0;0,0;6,443684210526317;6,48;0,13999999999999968;6,62;0,0;0,0;99;False
L. V. COMERCIO DE COMBUSTIVEIS LTDA;11433769000110;GETULIO VARGAS;GASOLINA;19/08/2025;6,62;RAIZEN;6,62;0,0;0,0;6,446724137931035;6,5;0,1200000000000001;6,62;0,0;0,0;99;False
L. V. COMERCIO DE COMBUSTIVEIS LTDA;11433769000110;GETULIO VARGAS;GASOLINA;27/08/2025;6,62;RAIZEN;6,62;0,0;0,0;6,449661016949152;6,52;0,10000000000000053;6,62;0,0;0,0;99;False
L. V. COMERCIO DE COMBUSTIVEIS LTDA;11433769000110;GETULIO VARGAS;GASOLINA;02/09/2025;6,62;RAIZEN;6,62;0,0;0,0;6,4525;6,52;0,10000000000000053;6,62;0,0;0,0;99;False
L. V. COMERCIO DE COMBUSTIVEIS LTDA;11433769000110;GETULIO VARGAS;GASOLINA;09/09/2025;6,62;RAIZEN;6,62;0,0;0,0;6,455245901639344;6,52;0,10000000000000053;6,62;0,0;0,0;99;False
L. V. COMERCIO DE COMBUSTIVEIS LTDA;11433769000110;GETULIO VARGAS;GASOLINA;17/09/2025;6,69;RAIZEN;6,62;0,07000000000000028;1,057401812688826;6,457903225806452;6,52;0,17000000000000082;6,62;0,07000000000000028;1,057401812688826;99;False
L. V. COMERCIO DE COMBUSTIVEIS LTDA;11433769000110;GETULIO VARGAS;GASOLINA;22/09/2025;6,69;RAIZEN;6,69;0,0;0,0;6,4615873015873015;6,52;0,17000000000000082;6,62;0,07000000000000028;1,057401812688826;99;False
L. V. COMERCIO DE COMBUSTIVEIS LTDA;11433769000110;GETULIO VARGAS;GASOLINA;30/09/2025;6,69;RAIZEN;6,69;0,0;0,0;6,46515625;6,52;0,17000000000000082;6,62;0,07000000000000028;1,057401812688826;99;False
L. V. COMERCIO DE COMBUSTIVEIS LTDA;11433769000110;GETULIO VARGAS;GASOLINA;06/10/2025;6,69;RAIZEN;6,69;0,0;0,0;6,468615384615385;6,52;0,17000000000000082;6,62;0,07000000000000028;1,057401812688826;99;False
L. V. COMERCIO DE COMBUSTIVEIS LTDA;11433769000110;GETULIO VARGAS;GASOLINA;13/10/2025;6,69;RAIZEN;6,69;0,0;0,0;6,471969696969697;6,57;0,1200000000000001;6,62;0,07000000000000028;1,057401812688826;99;False
L. V. COMERCIO DE COMBUSTIVEIS LTDA;11433769000110;GETULIO VARGAS;GASOLINA;20/10/2025;6,69;RAIZEN;6,69;0,0;0,0;6,4752238805970155;6,62;0,07000000000000028;6,62;0,07000000000000028;1,057401812688826;99;False
L. V. COMERCIO DE COMBUSTIVEIS LTDA;11433769000110;GETULIO VARGAS;GASOLINA;28/10/2025;6,59;RAIZEN;6,69;-0,10000000000000053;-1,4947683109118166;6,478382352941177;6,62;-0,03000000000000025;6,545;0,04499999999999993;0,6875477463712747;99;False
L. V. COMERCIO DE COMBUSTIVEIS LTDA;11433769000110;GETULIO VARGAS;GASOLINA;04/11/2025;6,59;RAIZEN;6,59;0,0;0,0;6,48;6,62;-0,03000000000000025;6,57;0,019999999999999574;0,3044140030441335;99;False
L. V. COMERCIO DE COMBUSTIVEIS LTDA;11433769000110;GETULIO VARGAS;GASOLINA;11/11/2025;6,59;RAIZEN;6,59;0,0;0,0;6,481571428571428;6,605;-0,015000000000000568;6,52;0,07000000000000028;1,073619631901845;99;False
L. V. COMERCIO DE COMBUSTIVEIS LTDA;11433769000110;GETULIO VARGAS;GASOLINA;18/11/2025;6,59;RAIZEN;6,59;0,0;0,0;6,483098591549296;6,59;0,0;6,52;0,07000000000000028;1,073619631901845;99;False
L. V. COMERCIO DE COMBUSTIVEIS LTDA;11433769000110;GETULIO VARGAS;GASOLINA;25/11/2025;6,59;RAIZEN;6,59;0,0;0,0;6,484583333333333;6,59;0,0;6,52;0,07000000000000028;1,073619631901845;99;False
L. V. COMERCIO DE COMBUSTIVEIS LTDA;11433769000110;GETULIO VARGAS;GASOLINA;08/12/2025;6,59;RAIZEN;6,59;0,0;0,0;6,486027397260274;6,59;0,0;6,585;0,004999999999999893;0,07593014426727249;99;False
L. V. COMERCIO DE COMBUSTIVEIS LTDA;11433769000110;GETULIO VARGAS;GASOLINA;15/12/2025;6,59;RAIZEN;6,59;0,0;0,0;6,487432432432432;6,59;0,0;6,585;0,004999999999999893;0,07593014426727249;99;False
L. V. COMERCIO DE COMBUSTIVEIS LTDA;11433769000110;GETULIO VARGAS;GASOLINA;23/12/2025;6,59;RAIZEN;6,59;0,0;0,0;6,4888;6,59;0,0;6,59;0,0;0,0;99;False
L. V. COMERCIO DE COMBUSTIVEIS LTDA;11433769000110;GETULIO VARGAS;GASOLINA;29/12/2025;6,59;RAIZEN;6,59;0,0;0,0;6,490131578947368;6,59;0,0;6,58;0,009999999999999787;0,15197568389057428;99;False
L. V. COMERCIO DE COMBUSTIVEIS LTDA;11433769000110;GETULIO VARGAS;GASOLINA;20/01/2026;6,59;RAIZEN;6,59;0,0;0,0;6,491428571428571;6,59;0,0;6,58;0,009999999999999787;0,15197568389057428;99;False
L. V. COMERCIO DE COMBUSTIVEIS LTDA;11433769000110;GETULIO VARGAS;GASOLINA;27/01/2026;6,59;RAIZEN;6,59;0,0;0,0;6,492692307692308;6,59;0,0;6,57;0,019999999999999574;0,3044140030441335;99;False
L. V. COMERCIO DE COMBUSTIVEIS LTDA;11433769000110;GETULIO VARGAS;GASOLINA;09/02/2026;6,55;RAIZEN;6,59;-0,040000000000000036;-0,6069802731411235;6,493924050632911;6,59;-0,040000000000000036;6,52;0,03000000000000025;0,4601226993865069;99;False
L. V. COMERCIO DE COMBUSTIVEIS LTDA;11433769000110;GETULIO VARGAS;GASOLINA;24/02/2026;6,59;RAIZEN;6,55;0,040000000000000036;0,6106870229007639;6,494625000000001;6,59;0,0;6,539999999999999;0,05000000000000071;0,764525993883803;99;False
L. V. COMERCIO DE COMBUSTIVEIS LTDA;11433769000110;GETULIO VARGAS;GASOLINA;04/03/2026;6,59;RAIZEN;6,59;0,0;0,0;6,4958024691358025;6,59;0,0;6,5649999999999995;0,025000000000000355;0,3808073115003862;99;False
L. V. COMERCIO DE COMBUSTIVEIS LTDA;11433769000110;GETULIO VARGAS;GASOLINA;09/03/2026;6,89;RAIZEN;6,59;0,2999999999999998;4,5523520485584195;6,496951219512195;6,59;0,2999999999999998;6,82;0,0699999999999994;1,026392961876824;99;False
L. V. COMERCIO DE COMBUSTIVEIS LTDA;11433769000110;GETULIO VARGAS;GASOLINA;20/03/2026;6,99;RAIZEN;6,89;0,10000000000000053;1,4513788098693838;6,501686746987952;6,59;0,40000000000000036;7,29;-0,2999999999999998;-4,115226337448557;99;False
L. V. COMERCIO DE COMBUSTIVEIS LTDA;11433769000110;GETULIO VARGAS;GASOLINA;25/03/2026;7,29;RAIZEN;6,99;0,2999999999999998;4,291845493562229;6,5075;6,59;0,7000000000000002;7,29;0,0;0,0;99;False
L. V. COMERCIO DE COMBUSTIVEIS LTDA;11433769000110;GETULIO VARGAS;GASOLINA;31/03/2026;7,29;RAIZEN;7,29;0,0;0,0;6,516705882352941;6,59;0,7000000000000002;7,29;0,0;0,0;99;False
L. V. COMERCIO DE COMBUSTIVEIS LTDA;11433769000110;GETULIO VARGAS;GASOLINA;09/04/2026;7,29;RAIZEN;7,29;0,0;0,0;6,5256976744186055;6,59;0,7000000000000002;7,29;0,0;0,0;99;False
L. V. COMERCIO DE COMBUSTIVEIS LTDA;11433769000110;GETULIO VARGAS;GASOLINA;15/04/2026;7,29;RAIZEN;7,29;0,0;0,0;6,5344827586206895;6,59;0,7000000000000002;7,29;0,0;0,0;99;False
L. V. COMERCIO DE COMBUSTIVEIS LTDA;11433769000110;GETULIO VARGAS;GASOLINA;24/04/2026;7,29;RAIZEN;7,29;0,0;0,0;6,543068181818182;6,59;0,7000000000000002;7,23;0,05999999999999961;0,8298755186721938;99;False
L. V. COMERCIO DE COMBUSTIVEIS LTDA;11433769000110;GETULIO VARGAS;GASOLINA;29/04/2026;7,29;RAIZEN;7,29;0,0;0,0;6,551460674157304;6,59;0,7000000000000002;7,265000000000001;0,024999999999999467;0,34411562284927;99;False
L. V. COMERCIO DE COMBUSTIVEIS LTDA;11433769000110;GETULIO VARGAS;GASOLINA;07/05/2026;7,59;RAIZEN;7,29;0,2999999999999998;4,115226337448557;6,559666666666667;6,59;1,0;7,58;0,009999999999999787;0,13192612137202883;99;False
L. V. COMERCIO DE COMBUSTIVEIS LTDA;11433769000110;GETULIO VARGAS;GASOLINA;13/05/2026;7,59;RAIZEN;7,59;0,0;0,0;6,5709890109890114;6,59;1,0;7,59;0,0;0,0;99;False
L. V. COMERCIO DE COMBUSTIVEIS LTDA;11433769000110;GETULIO VARGAS;GASOLINA;20/05/2026;7,19;RAIZEN;7,59;-0,39999999999999947;-5,270092226613959;6,582065217391304;6,59;0,6000000000000005;7,19;0,0;0,0;99;False
L. V. COMERCIO DE COMBUSTIVEIS LTDA;11433769000110;GETULIO VARGAS;GASOLINA;26/05/2026;7,19;RAIZEN;7,19;0,0;0,0;6,588602150537635;6,59;0,6000000000000005;7,135;0,055000000000000604;0,770847932726007;99;False
L. V. COMERCIO DE COMBUSTIVEIS LTDA;11433769000110;GETULIO VARGAS;GASOLINA;03/06/2026;7,19;RAIZEN;7,19;0,0;0,0;6,595;6,605;0,585;7,19;0,0;0,0;99;False
L. V. COMERCIO DE COMBUSTIVEIS LTDA;11433769000110;GETULIO VARGAS;GASOLINA;09/06/2026;7,19;RAIZEN;7,19;0,0;0,0;6,601263157894737;6,62;0,5700000000000003;7,155;0,03500000000000014;0,4891684136967176;99;False
L. V. COMERCIO DE COMBUSTIVEIS LTDA;11433769000110;GETULIO VARGAS;GASOLINA;16/06/2026;7,19;RAIZEN;7,19;0,0;0,0;6,607395833333334;6,62;0,5700000000000003;7,12;0,07000000000000028;0,9831460674157343;99;False
L. V. COMERCIO DE COMBUSTIVEIS LTDA;11433769000110;GETULIO VARGAS;GASOLINA;23/06/2026;7,19;RAIZEN;7,19;0,0;0,0;6,61340206185567;6,62;0,5700000000000003;7,12;0,07000000000000028;0,9831460674157343;99;False
L. V. COMERCIO DE COMBUSTIVEIS LTDA;11433769000110;GETULIO VARGAS;GASOLINA;30/06/2026;7,19;RAIZEN;7,19;0,0;0,0;6,619285714285715;6,62;0,5700000000000003;7,12;0,07000000000000028;0,9831460674157343;99;False
L. V. COMERCIO DE COMBUSTIVEIS LTDA;11433769000110;GETULIO VARGAS;GASOLINA ADITIVADA;09/06/2025;6,62;RAIZEN;;;;;;;6,76;-0,13999999999999968;-2,071005917159759;41;False
L. V. COMERCIO DE COMBUSTIVEIS LTDA;11433769000110;GETULIO VARGAS;GASOLINA ADITIVADA;27/08/2025;6,62;RAIZEN;6,62;0,0;0,0;6,62;6,62;0,0;6,72;-0,09999999999999964;-1,4880952380952328;41;False
L. V. COMERCIO DE COMBUSTIVEIS LTDA;11433769000110;GETULIO VARGAS;GASOLINA ADITIVADA;02/09/2025;6,79;RAIZEN;6,62;0,16999999999999993;2,567975830815709;6,62;6,62;0,16999999999999993;6,795;-0,004999999999999893;-0,07358351729212499;41;False
L. V. COMERCIO DE COMBUSTIVEIS LTDA;11433769000110;GETULIO VARGAS;GASOLINA ADITIVADA;09/09/2025;6,79;RAIZEN;6,79;0,0;0,0;6,676666666666667;6,62;0,16999999999999993;6,795;-0,004999999999999893;-0,07358351729212499;41;False
L. V. COMERCIO DE COMBUSTIVEIS LTDA;11433769000110;GETULIO VARGAS;GASOLINA ADITIVADA;17/09/2025;6,88;RAIZEN;6,79;0,08999999999999986;1,3254786450662719;6,705;6,705;0,17499999999999982;6,76;0,1200000000000001;1,7751479289940846;41;False
L. V. COMERCIO DE COMBUSTIVEIS LTDA;11433769000110;GETULIO VARGAS;GASOLINA ADITIVADA;22/09/2025;6,88;RAIZEN;6,88;0,0;0,0;6,74;6,79;0,08999999999999986;6,8149999999999995;0,06500000000000039;0,953778429933975;41;False
L. V. COMERCIO DE COMBUSTIVEIS LTDA;11433769000110;GETULIO VARGAS;GASOLINA ADITIVADA;30/09/2025;6,88;RAIZEN;6,88;0,0;0,0;6,763333333333333;6,79;0,08999999999999986;6,8149999999999995;0,06500000000000039;0,953778429933975;41;False
L. V. COMERCIO DE COMBUSTIVEIS LTDA;11433769000110;GETULIO VARGAS;GASOLINA ADITIVADA;06/10/2025;6,88;RAIZEN;6,88;0,0;0,0;6,78;6,79;0,08999999999999986;6,8149999999999995;0,06500000000000039;0,953778429933975;41;False
L. V. COMERCIO DE COMBUSTIVEIS LTDA;11433769000110;GETULIO VARGAS;GASOLINA ADITIVADA;13/10/2025;6,88;RAIZEN;6,88;0,0;0,0;6,7925;6,835;0,04499999999999993;6,76;0,1200000000000001;1,7751479289940846;41;False
L. V. COMERCIO DE COMBUSTIVEIS LTDA;11433769000110;GETULIO VARGAS;GASOLINA ADITIVADA;20/10/2025;6,91;RAIZEN;6,88;0,03000000000000025;0,43604651162791064;6,802222222222222;6,88;0,03000000000000025;6,72;0,1900000000000004;2,8273809523809583;41;False
L. V. COMERCIO DE COMBUSTIVEIS LTDA;11433769000110;GETULIO VARGAS;GASOLINA ADITIVADA;28/10/2025;6,86;RAIZEN;6,91;-0,04999999999999982;-0,7235890014471754;6,813;6,88;-0,019999999999999574;6,74;0,1200000000000001;1,7804154302670638;41;False
L. V. COMERCIO DE COMBUSTIVEIS LTDA;11433769000110;GETULIO VARGAS;GASOLINA ADITIVADA;04/11/2025;6,86;RAIZEN;6,86;0,0;0,0;6,8172727272727265;6,88;-0,019999999999999574;6,765000000000001;0,09499999999999975;1,404286770140425;41;False
L. V. COMERCIO DE COMBUSTIVEIS LTDA;11433769000110;GETULIO VARGAS;GASOLINA ADITIVADA;11/11/2025;6,86;RAIZEN;6,86;0,0;0,0;6,820833333333333;6,87;-0,009999999999999787;6,65;0,20999999999999996;3,157894736842105;41;False
L. V. COMERCIO DE COMBUSTIVEIS LTDA;11433769000110;GETULIO VARGAS;GASOLINA ADITIVADA;18/11/2025;6,88;RAIZEN;6,86;0,019999999999999574;0,2915451895043669;6,823846153846154;6,86;0,019999999999999574;6,71;0,16999999999999993;2,533532041728762;41;False
L. V. COMERCIO DE COMBUSTIVEIS LTDA;11433769000110;GETULIO VARGAS;GASOLINA ADITIVADA;25/11/2025;6,88;RAIZEN;6,88;0,0;0,0;6,827857142857143;6,87;0,009999999999999787;6,71;0,16999999999999993;2,533532041728762;41;False
L. V. COMERCIO DE COMBUSTIVEIS LTDA;11433769000110;GETULIO VARGAS;GASOLINA ADITIVADA;08/12/2025;6,88;RAIZEN;6,88;0,0;0,0;6,831333333333333;6,88;0,0;6,79;0,08999999999999986;1,3254786450662719;41;False
L. V. COMERCIO DE COMBUSTIVEIS LTDA;11433769000110;GETULIO VARGAS;GASOLINA ADITIVADA;15/12/2025;6,88;RAIZEN;6,88;0,0;0,0;6,834375;6,88;0,0;6,79;0,08999999999999986;1,3254786450662719;41;False
L. V. COMERCIO DE COMBUSTIVEIS LTDA;11433769000110;GETULIO VARGAS;GASOLINA ADITIVADA;23/12/2025;6,88;RAIZEN;6,88;0,0;0,0;6,837058823529412;6,88;0,0;6,79;0,08999999999999986;1,3254786450662719;41;False
L. V. COMERCIO DE COMBUSTIVEIS LTDA;11433769000110;GETULIO VARGAS;GASOLINA ADITIVADA;29/12/2025;6,88;RAIZEN;6,88;0,0;0,0;6,839444444444444;6,88;0,0;6,654999999999999;0,22500000000000053;3,3809166040571084;41;False
L. V. COMERCIO DE COMBUSTIVEIS LTDA;11433769000110;GETULIO VARGAS;GASOLINA ADITIVADA;20/01/2026;6,88;RAIZEN;6,88;0,0;0,0;6,841578947368421;6,88;0,0;6,654999999999999;0,22500000000000053;3,3809166040571084;41;False
L. V. COMERCIO DE COMBUSTIVEIS LTDA;11433769000110;GETULIO VARGAS;GASOLINA ADITIVADA;27/01/2026;6,88;RAIZEN;6,88;0,0;0,0;6,843500000000001;6,88;0,0;6,79;0,08999999999999986;1,3254786450662719;41;False
L. V. COMERCIO DE COMBUSTIVEIS LTDA;11433769000110;GETULIO VARGAS;GASOLINA ADITIVADA;09/02/2026;6,86;RAIZEN;6,88;-0,019999999999999574;-0,29069767441859845;6,845238095238095;6,88;-0,019999999999999574;6,62;0,2400000000000002;3,625377643504535;41;False
L. V. COMERCIO DE COMBUSTIVEIS LTDA;11433769000110;GETULIO VARGAS;GASOLINA ADITIVADA;24/02/2026;6,88;RAIZEN;6,86;0,019999999999999574;0,2915451895043669;6,845909090909092;6,88;0,0;6,555;0,3250000000000002;4,958047292143405;41;False
L. V. COMERCIO DE COMBUSTIVEIS LTDA;11433769000110;GETULIO VARGAS;GASOLINA ADITIVADA;04/03/2026;6,88;RAIZEN;6,88;0,0;0,0;6,847391304347826;6,88;0,0;6,74;0,13999999999999968;2,0771513353115676;41;False
L. V. COMERCIO DE COMBUSTIVEIS LTDA;11433769000110;GETULIO VARGAS;GASOLINA ADITIVADA;09/03/2026;7,18;RAIZEN;6,88;0,2999999999999998;4,360465116279067;6,84875;6,88;0,2999999999999998;6,93;0,25;3,6075036075036078;41;False
L. V. COMERCIO DE COMBUSTIVEIS LTDA;11433769000110;GETULIO VARGAS;GASOLINA ADITIVADA;20/03/2026;7,29;RAIZEN;7,18;0,11000000000000032;1,5320334261838484;6,862;6,88;0,41000000000000014;7,29;0,0;0,0;41;False
L. V. COMERCIO DE COMBUSTIVEIS LTDA;11433769000110;GETULIO VARGAS;GASOLINA ADITIVADA;25/03/2026;7,58;RAIZEN;7,29;0,29000000000000004;3,9780521262002746;6,878461538461538;6,88;0,7000000000000002;7,49;0,08999999999999986;1,2016021361815736;41;False
L. V. COMERCIO DE COMBUSTIVEIS LTDA;11433769000110;GETULIO VARGAS;GASOLINA ADITIVADA;31/03/2026;7,5;RAIZEN;7,58;-0,08000000000000007;-1,0554089709762544;6,904444444444444;6,88;0,6200000000000001;7,49;0,009999999999999787;0,13351134846461665;41;False
L. V. COMERCIO DE COMBUSTIVEIS LTDA;11433769000110;GETULIO VARGAS;GASOLINA ADITIVADA;09/04/2026;7,58;RAIZEN;7,5;0,08000000000000007;1,0666666666666678;6,925714285714285;6,88;0,7000000000000002;7,4399999999999995;0,14000000000000057;1,8817204301075345;41;False
L. V. COMERCIO DE COMBUSTIVEIS LTDA;11433769000110;GETULIO VARGAS;GASOLINA ADITIVADA;15/04/2026;7,58;RAIZEN;7,58;0,0;0,0;6,948275862068965;6,88;0,7000000000000002;7,49;0,08999999999999986;1,2016021361815736;41;False
L. V. COMERCIO DE COMBUSTIVEIS LTDA;11433769000110;GETULIO VARGAS;GASOLINA ADITIVADA;24/04/2026;7,58;RAIZEN;7,58;0,0;0,0;6,969333333333334;6,88;0,7000000000000002;7,29;0,29000000000000004;3,9780521262002746;41;False
L. V. COMERCIO DE COMBUSTIVEIS LTDA;11433769000110;GETULIO VARGAS;GASOLINA ADITIVADA;29/04/2026;7,58;RAIZEN;7,58;0,0;0,0;6,989032258064516;6,88;0,7000000000000002;7,39;0,1900000000000004;2,5710419485791665;41;False
L. V. COMERCIO DE COMBUSTIVEIS LTDA;11433769000110;GETULIO VARGAS;GASOLINA ADITIVADA;07/05/2026;7,88;RAIZEN;7,58;0,2999999999999998;3,9577836411609475;7,0075;6,88;1,0;7,6899999999999995;0,1900000000000004;2,470741222366715;41;False
L. V. COMERCIO DE COMBUSTIVEIS LTDA;11433769000110;GETULIO VARGAS;GASOLINA ADITIVADA;13/05/2026;7,88;RAIZEN;7,88;0,0;0,0;7,033939393939394;6,88;1,0;7,79;0,08999999999999986;1,1553273427471098;41;False
L. V. COMERCIO DE COMBUSTIVEIS LTDA;11433769000110;GETULIO VARGAS;GASOLINA ADITIVADA;20/05/2026;7,68;RAIZEN;7,88;-0,20000000000000018;-2,53807106598985;7,0588235294117645;6,88;0,7999999999999998;7,34;0,33999999999999986;4,632152588555857;41;False
L. V. COMERCIO DE COMBUSTIVEIS LTDA;11433769000110;GETULIO VARGAS;GASOLINA ADITIVADA;26/05/2026;7,49;RAIZEN;7,68;-0,1899999999999995;-2,473958333333327;7,0765714285714285;6,88;0,6100000000000003;7,28;0,20999999999999996;2,884615384615384;41;False
L. V. COMERCIO DE COMBUSTIVEIS LTDA;11433769000110;GETULIO VARGAS;GASOLINA ADITIVADA;03/06/2026;7,49;RAIZEN;7,49;0,0;0,0;7,088055555555555;6,88;0,6100000000000003;7,39;0,10000000000000053;1,3531799729364078;41;False
L. V. COMERCIO DE COMBUSTIVEIS LTDA;11433769000110;GETULIO VARGAS;GASOLINA ADITIVADA;09/06/2026;7,52;RAIZEN;7,49;0,02999999999999936;0,4005340453938499;7,09891891891892;6,88;0,6399999999999997;7,19;0,3299999999999992;4,589707927677318;41;False
L. V. COMERCIO DE COMBUSTIVEIS LTDA;11433769000110;GETULIO VARGAS;GASOLINA ADITIVADA;16/06/2026;7,52;RAIZEN;7,52;0,0;0,0;7,11;6,88;0,6399999999999997;7,28;0,23999999999999932;3,296703296703287;41;False
L. V. COMERCIO DE COMBUSTIVEIS LTDA;11433769000110;GETULIO VARGAS;GASOLINA ADITIVADA;23/06/2026;7,52;RAIZEN;7,52;0,0;0,0;7,12051282051282;6,88;0,6399999999999997;7,26;0,2599999999999998;3,5812672176308515;41;False
L. V. COMERCIO DE COMBUSTIVEIS LTDA;11433769000110;GETULIO VARGAS;GASOLINA ADITIVADA;30/06/2026;7,52;RAIZEN;7,52;0,0;0,0;7,1305000000000005;6,88;0,6399999999999997;7,17;0,34999999999999964;4,8814504881450445;41;False
GAMA E CIA LTDA;13007752000126;DISTRITO INDUSTRIAL DE ARACAJU;ETANOL;10/07/2024;4,69;VIBRA;;;;;;;4,735;-0,04499999999999993;-0,9503695881731768;27;False
GAMA E CIA LTDA;13007752000126;DISTRITO INDUSTRIAL DE ARACAJU;ETANOL;17/07/2024;4,69;VIBRA;4,69;0,0;0,0;4,69;4,69;0,0;4,78;-0,08999999999999986;-1,8828451882845159;27;False
GAMA E CIA LTDA;13007752000126;DISTRITO INDUSTRIAL DE ARACAJU;ETANOL;30/07/2024;4,78;VIBRA;4,69;0,08999999999999986;1,918976545842214;4,69;4,69;0,08999999999999986;4,89;-0,10999999999999943;-2,2494887525562257;27;False
GAMA E CIA LTDA;13007752000126;DISTRITO INDUSTRIAL DE ARACAJU;ETANOL;06/08/2024;4,75;VIBRA;4,78;-0,03000000000000025;-0,6276150627615115;4,72;4,69;0,05999999999999961;4,89;-0,13999999999999968;-2,8629856850715685;27;False
GAMA E CIA LTDA;13007752000126;DISTRITO INDUSTRIAL DE ARACAJU;ETANOL;12/08/2024;4,75;VIBRA;4,75;0,0;0,0;4,7275;4,720000000000001;0,02999999999999936;4,89;-0,13999999999999968;-2,8629856850715685;27;False
GAMA E CIA LTDA;13007752000126;DISTRITO INDUSTRIAL DE ARACAJU;ETANOL;19/08/2024;4,75;VIBRA;4,75;0,0;0,0;4,732;4,75;0,0;4,89;-0,13999999999999968;-2,8629856850715685;27;False
GAMA E CIA LTDA;13007752000126;DISTRITO INDUSTRIAL DE ARACAJU;ETANOL;26/08/2024;4,75;VIBRA;4,75;0,0;0,0;4,735;4,75;0,0;4,89;-0,13999999999999968;-2,8629856850715685;27;False
GAMA E CIA LTDA;13007752000126;DISTRITO INDUSTRIAL DE ARACAJU;ETANOL;03/09/2024;4,75;VIBRA;4,75;0,0;0,0;4,7371428571428575;4,75;0,0;4,89;-0,13999999999999968;-2,8629856850715685;27;False
GAMA E CIA LTDA;13007752000126;DISTRITO INDUSTRIAL DE ARACAJU;ETANOL;09/09/2024;4,79;VIBRA;4,75;0,040000000000000036;0,8421052631578954;4,7387500000000005;4,75;0,040000000000000036;4,89;-0,09999999999999964;-2,0449897750511177;27;False
GAMA E CIA LTDA;13007752000126;DISTRITO INDUSTRIAL DE ARACAJU;ETANOL;17/09/2024;4,79;VIBRA;4,79;0,0;0,0;4,7444444444444445;4,75;0,040000000000000036;4,79;0,0;0,0;27;False
GAMA E CIA LTDA;13007752000126;DISTRITO INDUSTRIAL DE ARACAJU;ETANOL;24/09/2024;4,75;VIBRA;4,79;-0,040000000000000036;-0,835073068893529;4,7490000000000006;4,75;0,0;4,75;0,0;0,0;27;False
GAMA E CIA LTDA;13007752000126;DISTRITO INDUSTRIAL DE ARACAJU;ETANOL;30/09/2024;4,59;VIBRA;4,75;-0,16000000000000014;-3,3684210526315814;4,749090909090909;4,75;-0,16000000000000014;4,75;-0,16000000000000014;-3,3684210526315814;27;False
GAMA E CIA LTDA;13007752000126;DISTRITO INDUSTRIAL DE ARACAJU;ETANOL;07/10/2024;4,59;VIBRA;4,59;0,0;0,0;4,735833333333333;4,75;-0,16000000000000014;4,59;0,0;0,0;27;False
GAMA E CIA LTDA;13007752000126;DISTRITO INDUSTRIAL DE ARACAJU;ETANOL;15/10/2024;4,55;VIBRA;4,59;-0,040000000000000036;-0,8714596949891076;4,724615384615385;4,75;-0,20000000000000018;4,5600000000000005;-0,010000000000000675;-0,21929824561404987;27;False
GAMA E CIA LTDA;13007752000126;DISTRITO INDUSTRIAL DE ARACAJU;ETANOL;21/10/2024;4,39;VIBRA;4,55;-0,16000000000000014;-3,51648351648352;4,712142857142857;4,75;-0,3600000000000003;4,49;-0,10000000000000053;-2,2271714922049117;27;False
GAMA E CIA LTDA;13007752000126;DISTRITO INDUSTRIAL DE ARACAJU;ETANOL;28/10/2024;4,39;VIBRA;4,39;0,0;0,0;4,690666666666667;4,75;-0,3600000000000003;4,39;0,0;0,0;27;False
GAMA E CIA LTDA;13007752000126;DISTRITO INDUSTRIAL DE ARACAJU;ETANOL;04/11/2024;4,39;VIBRA;4,39;0,0;0,0;4,671875;4,75;-0,3600000000000003;4,39;0,0;0,0;27;False
GAMA E CIA LTDA;13007752000126;DISTRITO INDUSTRIAL DE ARACAJU;ETANOL;11/11/2024;4,39;VIBRA;4,39;0,0;0,0;4,655294117647059;4,75;-0,3600000000000003;4,39;0,0;0,0;27;False
GAMA E CIA LTDA;13007752000126;DISTRITO INDUSTRIAL DE ARACAJU;ETANOL;18/11/2024;4,39;VIBRA;4,39;0,0;0,0;4,640555555555555;4,720000000000001;-0,33000000000000096;4,39;0,0;0,0;27;False
GAMA E CIA LTDA;13007752000126;DISTRITO INDUSTRIAL DE ARACAJU;ETANOL;25/11/2024;4,39;VIBRA;4,39;0,0;0,0;4,627368421052632;4,69;-0,3000000000000007;4,39;0,0;0,0;27;False
GAMA E CIA LTDA;13007752000126;DISTRITO INDUSTRIAL DE ARACAJU;ETANOL;03/12/2024;4,29;VIBRA;4,39;-0,09999999999999964;-2,2779043280182156;4,6155;4,69;-0,40000000000000036;4,295;-0,004999999999999893;-0,11641443538998589;27;False
GAMA E CIA LTDA;13007752000126;DISTRITO INDUSTRIAL DE ARACAJU;ETANOL;09/12/2024;4,29;VIBRA;4,29;0,0;0,0;4,6;4,69;-0,40000000000000036;4,295;-0,004999999999999893;-0,11641443538998589;27;False
GAMA E CIA LTDA;13007752000126;DISTRITO INDUSTRIAL DE ARACAJU;ETANOL;16/12/2024;4,2;VIBRA;4,29;-0,08999999999999986;-2,0979020979020944;4,585909090909091;4,640000000000001;-0,4400000000000004;4,29;-0,08999999999999986;-2,0979020979020944;27;False
GAMA E CIA LTDA;13007752000126;DISTRITO INDUSTRIAL DE ARACAJU;ETANOL;23/12/2024;4,2;VIBRA;4,2;0,0;0,0;4,5691304347826085;4,59;-0,3899999999999997;4,29;-0,08999999999999986;-2,0979020979020944;27;False
GAMA E CIA LTDA;13007752000126;DISTRITO INDUSTRIAL DE ARACAJU;ETANOL;30/12/2024;4,29;VIBRA;4,2;0,08999999999999986;2,1428571428571392;4,55375;4,59;-0,2999999999999998;4,29;0,0;0,0;27;False
GAMA E CIA LTDA;13007752000126;DISTRITO INDUSTRIAL DE ARACAJU;ETANOL;10/02/2026;4,89;VIBRA;4,29;0,5999999999999996;13,98601398601398;4,5432;4,59;0,2999999999999998;4,89;0,0;0,0;27;False
GAMA E CIA LTDA;13007752000126;DISTRITO INDUSTRIAL DE ARACAJU;ETANOL;24/02/2026;4,89;VIBRA;4,89;0,0;0,0;4,556538461538461;4,59;0,2999999999999998;4,87;0,019999999999999574;0,41067761806980646;27;False
GAMA E CIA LTDA;13007752000126;DISTRITO INDUSTRIAL DE ARACAJU;GASOLINA;10/07/2024;6,3;VIBRA;;;;;;;6,37;-0,07000000000000028;-1,0989010989011034;78;False
GAMA E CIA LTDA;13007752000126;DISTRITO INDUSTRIAL DE ARACAJU;GASOLINA;17/07/2024;6,3;VIBRA;6,3;0,0;0,0;6,3;6,3;0,0;6,375;-0,07500000000000018;-1,1764705882352968;78;False
GAMA E CIA LTDA;13007752000126;DISTRITO INDUSTRIAL DE ARACAJU;GASOLINA;30/07/2024;6,48;VIBRA;6,3;0,1800000000000006;2,857142857142867;6,3;6,3;0,1800000000000006;6,5;-0,019999999999999574;-0,30769230769230116;78;False
GAMA E CIA LTDA;13007752000126;DISTRITO INDUSTRIAL DE ARACAJU;GASOLINA;06/08/2024;6,45;VIBRA;6,48;-0,03000000000000025;-0,46296296296296674;6,359999999999999;6,3;0,15000000000000036;6,49;-0,040000000000000036;-0,6163328197226507;78;False
GAMA E CIA LTDA;13007752000126;DISTRITO INDUSTRIAL DE ARACAJU;GASOLINA;12/08/2024;6,4;VIBRA;6,45;-0,04999999999999982;-0,7751937984496096;6,3825;6,375;0,025000000000000355;6,47;-0,0699999999999994;-1,0819165378670696;78;False
GAMA E CIA LTDA;13007752000126;DISTRITO INDUSTRIAL DE ARACAJU;GASOLINA;19/08/2024;6,4;VIBRA;6,4;0,0;0,0;6,386;6,4;0,0;6,47;-0,0699999999999994;-1,0819165378670696;78;False
GAMA E CIA LTDA;13007752000126;DISTRITO INDUSTRIAL DE ARACAJU;GASOLINA;26/08/2024;6,4;VIBRA;6,4;0,0;0,0;6,388333333333333;6,4;0,0;6,47;-0,0699999999999994;-1,0819165378670696;78;False
GAMA E CIA LTDA;13007752000126;DISTRITO INDUSTRIAL DE ARACAJU;GASOLINA;03/09/2024;6,4;VIBRA;6,4;0,0;0,0;6,390000000000001;6,4;0,0;6,47;-0,0699999999999994;-1,0819165378670696;78;False
GAMA E CIA LTDA;13007752000126;DISTRITO INDUSTRIAL DE ARACAJU;GASOLINA;09/09/2024;6,4;VIBRA;6,4;0,0;0,0;6,39125;6,4;0,0;6,47;-0,0699999999999994;-1,0819165378670696;78;False
GAMA E CIA LTDA;13007752000126;DISTRITO INDUSTRIAL DE ARACAJU;GASOLINA;17/09/2024;6,2;VIBRA;6,4;-0,20000000000000018;-3,1250000000000027;6,392222222222222;6,4;-0,20000000000000018;6,27;-0,0699999999999994;-1,1164274322168963;78;False
GAMA E CIA LTDA;13007752000126;DISTRITO INDUSTRIAL DE ARACAJU;GASOLINA;24/09/2024;6,2;VIBRA;6,2;0,0;0,0;6,373;6,4;-0,20000000000000018;6,27;-0,0699999999999994;-1,1164274322168963;78;False
GAMA E CIA LTDA;13007752000126;DISTRITO INDUSTRIAL DE ARACAJU;GASOLINA;30/09/2024;6,2;VIBRA;6,2;0,0;0,0;6,357272727272728;6,4;-0,20000000000000018;6,27;-0,0699999999999994;-1,1164274322168963;78;False
GAMA E CIA LTDA;13007752000126;DISTRITO INDUSTRIAL DE ARACAJU;GASOLINA;07/10/2024;6,2;VIBRA;6,2;0,0;0,0;6,344166666666666;6,4;-0,20000000000000018;6,27;-0,0699999999999994;-1,1164274322168963;78;False
GAMA E CIA LTDA;13007752000126;DISTRITO INDUSTRIAL DE ARACAJU;GASOLINA;15/10/2024;6,2;VIBRA;6,2;0,0;0,0;6,333076923076923;6,4;-0,20000000000000018;6,22;-0,019999999999999574;-0,32154340836012174;78;False
GAMA E CIA LTDA;13007752000126;DISTRITO INDUSTRIAL DE ARACAJU;GASOLINA;21/10/2024;5,9;VIBRA;6,2;-0,2999999999999998;-4,838709677419352;6,323571428571428;6,35;-0,4499999999999993;5,95;-0,04999999999999982;-0,8403361344537785;78;False
GAMA E CIA LTDA;13007752000126;DISTRITO INDUSTRIAL DE ARACAJU;GASOLINA;28/10/2024;5,9;VIBRA;5,9;0,0;0,0;6,295333333333334;6,3;-0,39999999999999947;5,92;-0,019999999999999574;-0,33783783783783067;78;False
GAMA E CIA LTDA;13007752000126;DISTRITO INDUSTRIAL DE ARACAJU;GASOLINA;04/11/2024;5,9;VIBRA;5,9;0,0;0,0;6,270625;6,3;-0,39999999999999947;5,92;-0,019999999999999574;-0,33783783783783067;78;False
GAMA E CIA LTDA;13007752000126;DISTRITO INDUSTRIAL DE ARACAJU;GASOLINA;11/11/2024;5,9;VIBRA;5,9;0,0;0,0;6,248823529411765;6,3;-0,39999999999999947;5,9;0,0;0,0;78;False
GAMA E CIA LTDA;13007752000126;DISTRITO INDUSTRIAL DE ARACAJU;GASOLINA;18/11/2024;6,3;VIBRA;5,9;0,39999999999999947;6,7796610169491425;6,229444444444445;6,25;0,04999999999999982;6,32;-0,020000000000000462;-0,31645569620253894;78;False
GAMA E CIA LTDA;13007752000126;DISTRITO INDUSTRIAL DE ARACAJU;GASOLINA;25/11/2024;6,3;VIBRA;6,3;0,0;0,0;6,233157894736842;6,3;0,0;6,32;-0,020000000000000462;-0,31645569620253894;78;False
GAMA E CIA LTDA;13007752000126;DISTRITO INDUSTRIAL DE ARACAJU;GASOLINA;03/12/2024;6,3;VIBRA;6,3;0,0;0,0;6,2365;6,3;0,0;6,32;-0,020000000000000462;-0,31645569620253894;78;False
GAMA E CIA LTDA;13007752000126;DISTRITO INDUSTRIAL DE ARACAJU;GASOLINA;09/12/2024;6,3;VIBRA;6,3;0,0;0,0;6,23952380952381;6,3;0,0;6,32;-0,020000000000000462;-0,31645569620253894;78;False
GAMA E CIA LTDA;13007752000126;DISTRITO INDUSTRIAL DE ARACAJU;GASOLINA;16/12/2024;6,3;VIBRA;6,3;0,0;0,0;6,242272727272728;6,3;0,0;6,32;-0,020000000000000462;-0,31645569620253894;78;False
GAMA E CIA LTDA;13007752000126;DISTRITO INDUSTRIAL DE ARACAJU;GASOLINA;23/12/2024;6,3;VIBRA;6,3;0,0;0,0;6,244782608695652;6,3;0,0;6,32;-0,020000000000000462;-0,31645569620253894;78;False
GAMA E CIA LTDA;13007752000126;DISTRITO INDUSTRIAL DE ARACAJU;GASOLINA;30/12/2024;6,3;VIBRA;6,3;0,0;0,0;6,247083333333333;6,3;0,0;6,32;-0,020000000000000462;-0,31645569620253894;78;False
GAMA E CIA LTDA;13007752000126;DISTRITO INDUSTRIAL DE ARACAJU;GASOLINA;06/01/2025;6,3;VIBRA;6,3;0,0;0,0;6,249199999999999;6,3;0,0;6,32;-0,020000000000000462;-0,31645569620253894;78;False
GAMA E CIA LTDA;13007752000126;DISTRITO INDUSTRIAL DE ARACAJU;GASOLINA;13/01/2025;6,42;VIBRA;6,3;0,1200000000000001;1,9047619047619067;6,251153846153846;6,3;0,1200000000000001;6,42;0,0;0,0;78;False
GAMA E CIA LTDA;13007752000126;DISTRITO INDUSTRIAL DE ARACAJU;GASOLINA;20/01/2025;6,42;VIBRA;6,42;0,0;0,0;6,257407407407407;6,3;0,1200000000000001;6,42;0,0;0,0;78;False
GAMA E CIA LTDA;13007752000126;DISTRITO INDUSTRIAL DE ARACAJU;GASOLINA;28/01/2025;6,42;VIBRA;6,42;0,0;0,0;6,263214285714286;6,3;0,1200000000000001;6,42;0,0;0,0;78;False
GAMA E CIA LTDA;13007752000126;DISTRITO INDUSTRIAL DE ARACAJU;GASOLINA;03/02/2025;6,42;VIBRA;6,42;0,0;0,0;6,268620689655172;6,3;0,1200000000000001;6,49;-0,07000000000000028;-1,0785824345146422;78;False
GAMA E CIA LTDA;13007752000126;DISTRITO INDUSTRIAL DE ARACAJU;GASOLINA;11/02/2025;6,62;VIBRA;6,42;0,20000000000000018;3,1152647975077907;6,273666666666667;6,3;0,3200000000000003;6,62;0,0;0,0;78;False
GAMA E CIA LTDA;13007752000126;DISTRITO INDUSTRIAL DE ARACAJU;GASOLINA;18/02/2025;6,62;VIBRA;6,62;0,0;0,0;6,28483870967742;6,3;0,3200000000000003;6,62;0,0;0,0;78;False
GAMA E CIA LTDA;13007752000126;DISTRITO INDUSTRIAL DE ARACAJU;GASOLINA;25/02/2025;6,62;VIBRA;6,62;0,0;0,0;6,2953125;6,3;0,3200000000000003;6,62;0,0;0,0;78;False
GAMA E CIA LTDA;13007752000126;DISTRITO INDUSTRIAL DE ARACAJU;GASOLINA;03/03/2025;6,62;VIBRA;6,62;0,0;0,0;6,305151515151515;6,3;0,3200000000000003;6,62;0,0;0,0;78;False
GAMA E CIA LTDA;13007752000126;DISTRITO INDUSTRIAL DE ARACAJU;GASOLINA;11/03/2025;6,62;VIBRA;6,62;0,0;0,0;6,314411764705882;6,3;0,3200000000000003;6,62;0,0;0,0;78;False
GAMA E CIA LTDA;13007752000126;DISTRITO INDUSTRIAL DE ARACAJU;GASOLINA;18/03/2025;6,62;VIBRA;6,62;0,0;0,0;6,323142857142857;6,3;0,3200000000000003;6,62;0,0;0,0;78;False
GAMA E CIA LTDA;13007752000126;DISTRITO INDUSTRIAL DE ARACAJU;GASOLINA;25/03/2025;6,62;VIBRA;6,62;0,0;0,0;6,331388888888889;6,3;0,3200000000000003;6,62;0,0;0,0;78;False
GAMA E CIA LTDA;13007752000126;DISTRITO INDUSTRIAL DE ARACAJU;GASOLINA;31/03/2025;6,62;VIBRA;6,62;0,0;0,0;6,33918918918919;6,3;0,3200000000000003;6,62;0,0;0,0;78;False
GAMA E CIA LTDA;13007752000126;DISTRITO INDUSTRIAL DE ARACAJU;GASOLINA;08/04/2025;6,62;VIBRA;6,62;0,0;0,0;6,346578947368421;6,35;0,27000000000000046;6,62;0,0;0,0;78;False
GAMA E CIA LTDA;13007752000126;DISTRITO INDUSTRIAL DE ARACAJU;GASOLINA;15/04/2025;6,52;VIBRA;6,62;-0,10000000000000053;-1,5105740181268963;6,353589743589743;6,4;0,11999999999999922;6,52;0,0;0,0;78;False
GAMA E CIA LTDA;13007752000126;DISTRITO INDUSTRIAL DE ARACAJU;GASOLINA;22/04/2025;6,52;VIBRA;6,52;0,0;0,0;6,35775;6,4;0,11999999999999922;6,539999999999999;-0,019999999999999574;-0,30581039755351036;78;False
GAMA E CIA LTDA;13007752000126;DISTRITO INDUSTRIAL DE ARACAJU;GASOLINA;29/04/2025;6,52;VIBRA;6,52;0,0;0,0;6,36170731707317;6,4;0,11999999999999922;6,62;-0,10000000000000053;-1,5105740181268963;78;False
GAMA E CIA LTDA;13007752000126;DISTRITO INDUSTRIAL DE ARACAJU;GASOLINA;05/05/2025;6,62;VIBRA;6,52;0,10000000000000053;1,5337423312883518;6,365476190476191;6,4;0,21999999999999975;6,62;0,0;0,0;78;False
GAMA E CIA LTDA;13007752000126;DISTRITO INDUSTRIAL DE ARACAJU;GASOLINA;12/05/2025;6,62;VIBRA;6,62;0,0;0,0;6,37139534883721;6,4;0,21999999999999975;6,62;0,0;0,0;78;False
GAMA E CIA LTDA;13007752000126;DISTRITO INDUSTRIAL DE ARACAJU;GASOLINA;19/05/2025;6,62;VIBRA;6,62;0,0;0,0;6,377045454545454;6,4;0,21999999999999975;6,62;0,0;0,0;78;False
GAMA E CIA LTDA;13007752000126;DISTRITO INDUSTRIAL DE ARACAJU;GASOLINA;27/05/2025;6,62;VIBRA;6,62;0,0;0,0;6,382444444444444;6,4;0,21999999999999975;6,62;0,0;0,0;78;False
GAMA E CIA LTDA;13007752000126;DISTRITO INDUSTRIAL DE ARACAJU;GASOLINA;03/06/2025;6,62;VIBRA;6,62;0,0;0,0;6,387608695652173;6,4;0,21999999999999975;6,62;0,0;0,0;78;False
GAMA E CIA LTDA;13007752000126;DISTRITO INDUSTRIAL DE ARACAJU;GASOLINA;09/06/2025;6,62;VIBRA;6,62;0,0;0,0;6,392553191489362;6,4;0,21999999999999975;6,62;0,0;0,0;78;False
GAMA E CIA LTDA;13007752000126;DISTRITO INDUSTRIAL DE ARACAJU;GASOLINA;16/06/2025;6,62;VIBRA;6,62;0,0;0,0;6,397291666666667;6,41;0,20999999999999996;6,62;0,0;0,0;78;False
GAMA E CIA LTDA;13007752000126;DISTRITO INDUSTRIAL DE ARACAJU;GASOLINA;24/06/2025;6,62;VIBRA;6,62;0,0;0,0;6,401836734693878;6,42;0,20000000000000018;6,62;0,0;0,0;78;False
GAMA E CIA LTDA;13007752000126;DISTRITO INDUSTRIAL DE ARACAJU;GASOLINA;30/06/2025;6,62;VIBRA;6,62;0,0;0,0;6,4062;6,42;0,20000000000000018;6,62;0,0;0,0;78;False
GAMA E CIA LTDA;13007752000126;DISTRITO INDUSTRIAL DE ARACAJU;GASOLINA;08/07/2025;6,62;VIBRA;6,62;0,0;0,0;6,410392156862745;6,42;0,20000000000000018;6,62;0,0;0,0;78;False
GAMA E CIA LTDA;13007752000126;DISTRITO INDUSTRIAL DE ARACAJU;GASOLINA;15/07/2025;6,62;VIBRA;6,62;0,0;0,0;6,414423076923077;6,42;0,20000000000000018;6,62;0,0;0,0;78;False
GAMA E CIA LTDA;13007752000126;DISTRITO INDUSTRIAL DE ARACAJU;GASOLINA;22/07/2025;6,62;VIBRA;6,62;0,0;0,0;6,418301886792453;6,42;0,20000000000000018;6,62;0,0;0,0;78;False
GAMA E CIA LTDA;13007752000126;DISTRITO INDUSTRIAL DE ARACAJU;GASOLINA;28/07/2025;6,62;VIBRA;6,62;0,0;0,0;6,422037037037037;6,42;0,20000000000000018;6,62;0,0;0,0;78;False
GAMA E CIA LTDA;13007752000126;DISTRITO INDUSTRIAL DE ARACAJU;GASOLINA;05/08/2025;6,62;VIBRA;6,62;0,0;0,0;6,4256363636363645;6,42;0,20000000000000018;6,62;0,0;0,0;78;False
GAMA E CIA LTDA;13007752000126;DISTRITO INDUSTRIAL DE ARACAJU;GASOLINA;12/08/2025;6,62;VIBRA;6,62;0,0;0,0;6,429107142857143;6,4350000000000005;0,1849999999999996;6,62;0,0;0,0;78;False
GAMA E CIA LTDA;13007752000126;DISTRITO INDUSTRIAL DE ARACAJU;GASOLINA;19/08/2025;6,62;VIBRA;6,62;0,0;0,0;6,432456140350877;6,45;0,16999999999999993;6,62;0,0;0,0;78;False
GAMA E CIA LTDA;13007752000126;DISTRITO INDUSTRIAL DE ARACAJU;GASOLINA;27/08/2025;6,62;VIBRA;6,62;0,0;0,0;6,435689655172413;6,465;0,15500000000000025;6,62;0,0;0,0;78;False
GAMA E CIA LTDA;13007752000126;DISTRITO INDUSTRIAL DE ARACAJU;GASOLINA;02/09/2025;6,62;VIBRA;6,62;0,0;0,0;6,438813559322034;6,48;0,13999999999999968;6,62;0,0;0,0;78;False
GAMA E CIA LTDA;13007752000126;DISTRITO INDUSTRIAL DE ARACAJU;GASOLINA;09/09/2025;6,62;VIBRA;6,62;0,0;0,0;6,441833333333333;6,5;0,1200000000000001;6,62;0,0;0,0;78;False
GAMA E CIA LTDA;13007752000126;DISTRITO INDUSTRIAL DE ARACAJU;GASOLINA;16/09/2025;6,62;VIBRA;6,62;0,0;0,0;6,444754098360655;6,52;0,10000000000000053;6,645;-0,024999999999999467;-0,3762227238525127;78;False
GAMA E CIA LTDA;13007752000126;DISTRITO INDUSTRIAL DE ARACAJU;GASOLINA;22/09/2025;6,62;VIBRA;6,62;0,0;0,0;6,44758064516129;6,52;0,10000000000000053;6,62;0,0;0,0;78;False
GAMA E CIA LTDA;13007752000126;DISTRITO INDUSTRIAL DE ARACAJU;GASOLINA;30/09/2025;6,62;VIBRA;6,62;0,0;0,0;6,450317460317461;6,52;0,10000000000000053;6,62;0,0;0,0;78;False
GAMA E CIA LTDA;13007752000126;DISTRITO INDUSTRIAL DE ARACAJU;GASOLINA;06/10/2025;6,62;VIBRA;6,62;0,0;0,0;6,45296875;6,52;0,10000000000000053;6,62;0,0;0,0;78;False
GAMA E CIA LTDA;13007752000126;DISTRITO INDUSTRIAL DE ARACAJU;GASOLINA;13/10/2025;6,62;VIBRA;6,62;0,0;0,0;6,4555384615384614;6,52;0,10000000000000053;6,62;0,0;0,0;78;False
GAMA E CIA LTDA;13007752000126;DISTRITO INDUSTRIAL DE ARACAJU;GASOLINA;20/10/2025;6,62;VIBRA;6,62;0,0;0,0;6,458030303030303;6,57;0,04999999999999982;6,62;0,0;0,0;78;False
GAMA E CIA LTDA;13007752000126;DISTRITO INDUSTRIAL DE ARACAJU;GASOLINA;28/10/2025;6,52;VIBRA;6,62;-0,10000000000000053;-1,5105740181268963;6,46044776119403;6,62;-0,10000000000000053;6,545;-0,025000000000000355;-0,38197097020626974;78;False
GAMA E CIA LTDA;13007752000126;DISTRITO INDUSTRIAL DE ARACAJU;GASOLINA;04/11/2025;6,52;VIBRA;6,52;0,0;0,0;6,461323529411764;6,57;-0,05000000000000071;6,57;-0,05000000000000071;-0,7610350076103609;78;False
GAMA E CIA LTDA;13007752000126;DISTRITO INDUSTRIAL DE ARACAJU;GASOLINA;11/11/2025;6,52;VIBRA;6,52;0,0;0,0;6,462173913043478;6,52;0,0;6,52;0,0;0,0;78;False
GAMA E CIA LTDA;13007752000126;DISTRITO INDUSTRIAL DE ARACAJU;GASOLINA;18/11/2025;6,52;VIBRA;6,52;0,0;0,0;6,463;6,52;0,0;6,52;0,0;0,0;78;False
GAMA E CIA LTDA;13007752000126;DISTRITO INDUSTRIAL DE ARACAJU;GASOLINA;25/11/2025;6,52;VIBRA;6,52;0,0;0,0;6,463802816901408;6,52;0,0;6,52;0,0;0,0;78;False
GAMA E CIA LTDA;13007752000126;DISTRITO INDUSTRIAL DE ARACAJU;GASOLINA;10/02/2026;6,52;VIBRA;6,52;0,0;0,0;6,464583333333334;6,52;0,0;6,539999999999999;-0,019999999999999574;-0,30581039755351036;78;False
GAMA E CIA LTDA;13007752000126;DISTRITO INDUSTRIAL DE ARACAJU;GASOLINA;24/02/2026;6,52;VIBRA;6,52;0,0;0,0;6,465342465753425;6,52;0,0;6,539999999999999;-0,019999999999999574;-0,30581039755351036;78;False
GAMA E CIA LTDA;13007752000126;DISTRITO INDUSTRIAL DE ARACAJU;GASOLINA;04/03/2026;6,52;VIBRA;6,52;0,0;0,0;6,466081081081081;6,52;0,0;6,5649999999999995;-0,04499999999999993;-0,6854531607006844;78;False
GAMA E CIA LTDA;13007752000126;DISTRITO INDUSTRIAL DE ARACAJU;GASOLINA;09/03/2026;6,82;VIBRA;6,52;0,3000000000000007;4,601226993865041;6,4668;6,52;0,3000000000000007;6,82;0,0;0,0;78;False
GAMA E CIA LTDA;13007752000126;DISTRITO INDUSTRIAL DE ARACAJU;GASOLINA;24/03/2026;7,22;VIBRA;6,82;0,39999999999999947;5,86510263929618;6,471447368421052;6,52;0,7000000000000002;7,22;0,0;0,0;78;False
GAMA E CIA LTDA;13007752000126;DISTRITO INDUSTRIAL DE ARACAJU;GASOLINA;30/03/2026;7,22;VIBRA;7,22;0,0;0,0;6,481168831168831;6,52;0,7000000000000002;7,22;0,0;0,0;78;False
GAMA E CIA LTDA;13007752000126;DISTRITO INDUSTRIAL DE ARACAJU;GASOLINA ADITIVADA;04/03/2026;6,52;VIBRA;;;;;;;6,74;-0,22000000000000064;-3,2640949554896235;1;True
GAMA E CIA LTDA;13007752000207;PONTO NOVO;ETANOL;10/07/2024;4,69;VIBRA;;;;;;;4,735;-0,04499999999999993;-0,9503695881731768;43;False
GAMA E CIA LTDA;13007752000207;PONTO NOVO;ETANOL;17/07/2024;4,69;VIBRA;4,69;0,0;0,0;4,69;4,69;0,0;4,78;-0,08999999999999986;-1,8828451882845159;43;False
GAMA E CIA LTDA;13007752000207;PONTO NOVO;ETANOL;23/07/2024;4,69;VIBRA;4,69;0,0;0,0;4,69;4,69;0,0;4,99;-0,2999999999999998;-6,012024048096189;43;False
GAMA E CIA LTDA;13007752000207;PONTO NOVO;ETANOL;30/07/2024;4,78;VIBRA;4,69;0,08999999999999986;1,918976545842214;4,69;4,69;0,08999999999999986;4,89;-0,10999999999999943;-2,2494887525562257;43;False
GAMA E CIA LTDA;13007752000207;PONTO NOVO;ETANOL;06/08/2024;4,75;VIBRA;4,78;-0,03000000000000025;-0,6276150627615115;4,7125;4,69;0,05999999999999961;4,89;-0,13999999999999968;-2,8629856850715685;43;False
GAMA E CIA LTDA;13007752000207;PONTO NOVO;ETANOL;12/08/2024;4,75;VIBRA;4,75;0,0;0,0;4,720000000000001;4,69;0,05999999999999961;4,89;-0,13999999999999968;-2,8629856850715685;43;False
GAMA E CIA LTDA;13007752000207;PONTO NOVO;ETANOL;19/08/2024;4,75;VIBRA;4,75;0,0;0,0;4,7250000000000005;4,720000000000001;0,02999999999999936;4,89;-0,13999999999999968;-2,8629856850715685;43;False
GAMA E CIA LTDA;13007752000207;PONTO NOVO;ETANOL;26/08/2024;4,75;VIBRA;4,75;0,0;0,0;4,728571428571429;4,75;0,0;4,89;-0,13999999999999968;-2,8629856850715685;43;False
GAMA E CIA LTDA;13007752000207;PONTO NOVO;ETANOL;03/09/2024;4,75;VIBRA;4,75;0,0;0,0;4,73125;4,75;0,0;4,89;-0,13999999999999968;-2,8629856850715685;43;False
GAMA E CIA LTDA;13007752000207;PONTO NOVO;ETANOL;09/09/2024;4,79;VIBRA;4,75;0,040000000000000036;0,8421052631578954;4,733333333333333;4,75;0,040000000000000036;4,89;-0,09999999999999964;-2,0449897750511177;43;False
GAMA E CIA LTDA;13007752000207;PONTO NOVO;ETANOL;17/09/2024;4,79;VIBRA;4,79;0,0;0,0;4,739;4,75;0,040000000000000036;4,79;0,0;0,0;43;False
GAMA E CIA LTDA;13007752000207;PONTO NOVO;ETANOL;24/09/2024;4,75;VIBRA;4,79;-0,040000000000000036;-0,835073068893529;4,743636363636363;4,75;0,0;4,75;0,0;0,0;43;False
GAMA E CIA LTDA;13007752000207;PONTO NOVO;ETANOL;30/09/2024;4,59;VIBRA;4,75;-0,16000000000000014;-3,3684210526315814;4,744166666666667;4,75;-0,16000000000000014;4,75;-0,16000000000000014;-3,3684210526315814;43;False
GAMA E CIA LTDA;13007752000207;PONTO NOVO;ETANOL;07/10/2024;4,59;VIBRA;4,59;0,0;0,0;4,7323076923076925;4,75;-0,16000000000000014;4,59;0,0;0,0;43;False
GAMA E CIA LTDA;13007752000207;PONTO NOVO;ETANOL;15/10/2024;4,55;VIBRA;4,59;-0,040000000000000036;-0,8714596949891076;4,722142857142857;4,75;-0,20000000000000018;4,5600000000000005;-0,010000000000000675;-0,21929824561404987;43;False
GAMA E CIA LTDA;13007752000207;PONTO NOVO;ETANOL;21/10/2024;4,39;VIBRA;4,55;-0,16000000000000014;-3,51648351648352;4,710666666666667;4,75;-0,3600000000000003;4,49;-0,10000000000000053;-2,2271714922049117;43;False
GAMA E CIA LTDA;13007752000207;PONTO NOVO;ETANOL;28/10/2024;4,39;VIBRA;4,39;0,0;0,0;4,690625;4,75;-0,3600000000000003;4,39;0,0;0,0;43;False
GAMA E CIA LTDA;13007752000207;PONTO NOVO;ETANOL;04/11/2024;4,39;VIBRA;4,39;0,0;0,0;4,672941176470588;4,75;-0,3600000000000003;4,39;0,0;0,0;43;False
GAMA E CIA LTDA;13007752000207;PONTO NOVO;ETANOL;11/11/2024;4,39;VIBRA;4,39;0,0;0,0;4,657222222222222;4,720000000000001;-0,33000000000000096;4,39;0,0;0,0;43;False
GAMA E CIA LTDA;13007752000207;PONTO NOVO;ETANOL;18/11/2024;4,39;VIBRA;4,39;0,0;0,0;4,643157894736842;4,69;-0,3000000000000007;4,39;0,0;0,0;43;False
GAMA E CIA LTDA;13007752000207;PONTO NOVO;ETANOL;25/11/2024;4,39;VIBRA;4,39;0,0;0,0;4,6305;4,69;-0,3000000000000007;4,39;0,0;0,0;43;False
GAMA E CIA LTDA;13007752000207;PONTO NOVO;ETANOL;03/12/2024;4,29;VIBRA;4,39;-0,09999999999999964;-2,2779043280182156;4,619047619047619;4,69;-0,40000000000000036;4,295;-0,004999999999999893;-0,11641443538998589;43;False
GAMA E CIA LTDA;13007752000207;PONTO NOVO;ETANOL;09/12/2024;4,29;VIBRA;4,29;0,0;0,0;4,604090909090909;4,69;-0,40000000000000036;4,295;-0,004999999999999893;-0,11641443538998589;43;False
GAMA E CIA LTDA;13007752000207;PONTO NOVO;ETANOL;16/12/2024;4,2;VIBRA;4,29;-0,08999999999999986;-2,0979020979020944;4,590434782608695;4,69;-0,4900000000000002;4,29;-0,08999999999999986;-2,0979020979020944;43;False
GAMA E CIA LTDA;13007752000207;PONTO NOVO;ETANOL;23/12/2024;4,2;VIBRA;4,2;0,0;0,0;4,574166666666667;4,640000000000001;-0,4400000000000004;4,29;-0,08999999999999986;-2,0979020979020944;43;False
GAMA E CIA LTDA;13007752000207;PONTO NOVO;ETANOL;30/12/2024;4,29;VIBRA;4,2;0,08999999999999986;2,1428571428571392;4,559200000000001;4,59;-0,2999999999999998;4,29;0,0;0,0;43;False
GAMA E CIA LTDA;13007752000207;PONTO NOVO;ETANOL;10/02/2026;4,89;VIBRA;4,29;0,5999999999999996;13,98601398601398;4,548846153846154;4,59;0,2999999999999998;4,89;0,0;0,0;43;False
GAMA E CIA LTDA;13007752000207;PONTO NOVO;ETANOL;24/02/2026;4,89;VIBRA;4,89;0,0;0,0;4,561481481481481;4,59;0,2999999999999998;4,87;0,019999999999999574;0,41067761806980646;43;False
GAMA E CIA LTDA;13007752000207;PONTO NOVO;ETANOL;04/03/2026;4,89;VIBRA;4,89;0,0;0,0;4,573214285714286;4,640000000000001;0,2499999999999991;4,88;0,009999999999999787;0,20491803278688087;43;False
GAMA E CIA LTDA;13007752000207;PONTO NOVO;ETANOL;24/03/2026;5,05;VIBRA;4,89;0,16000000000000014;3,2719836400818028;4,5841379310344825;4,69;0,35999999999999943;5,05;0,0;0,0;43;False
GAMA E CIA LTDA;13007752000207;PONTO NOVO;ETANOL;30/03/2026;5,05;VIBRA;5,05;0,0;0,0;4,599666666666667;4,69;0,35999999999999943;5,05;0,0;0,0;43;False
GAMA E CIA LTDA;13007752000207;PONTO NOVO;ETANOL;07/04/2026;5,09;VIBRA;5,05;0,040000000000000036;0,7920792079207928;4,614193548387097;4,69;0,39999999999999947;5,12;-0,03000000000000025;-0,5859375000000049;43;False
GAMA E CIA LTDA;13007752000207;PONTO NOVO;ETANOL;14/04/2026;5,5;VIBRA;5,09;0,41000000000000014;8,055009823182715;4,6290625;4,69;0,8099999999999996;5,545;-0,04499999999999993;-0,8115419296663648;43;False
GAMA E CIA LTDA;13007752000207;PONTO NOVO;ETANOL;24/04/2026;5,6;VIBRA;5,5;0,09999999999999964;1,818181818181812;4,655454545454545;4,69;0,9099999999999993;5,6;0,0;0,0;43;False
GAMA E CIA LTDA;13007752000207;PONTO NOVO;ETANOL;27/04/2026;5,6;VIBRA;5,6;0,0;0,0;4,6832352941176465;4,720000000000001;0,879999999999999;5,6;0,0;0,0;43;False
GAMA E CIA LTDA;13007752000207;PONTO NOVO;ETANOL;04/05/2026;5,6;VIBRA;5,6;0,0;0,0;4,709428571428571;4,75;0,8499999999999996;5,6;0,0;0,0;43;False
GAMA E CIA LTDA;13007752000207;PONTO NOVO;ETANOL;12/05/2026;5,6;VIBRA;5,6;0,0;0,0;4,734166666666667;4,75;0,8499999999999996;5,6;0,0;0,0;43;False
GAMA E CIA LTDA;13007752000207;PONTO NOVO;ETANOL;18/05/2026;5,6;VIBRA;5,6;0,0;0,0;4,757567567567568;4,75;0,8499999999999996;5,6;0,0;0,0;43;False
GAMA E CIA LTDA;13007752000207;PONTO NOVO;ETANOL;26/05/2026;5,5;VIBRA;5,6;-0,09999999999999964;-1,7857142857142794;4,779736842105263;4,75;0,75;5,5;0,0;0,0;43;False
GAMA E CIA LTDA;13007752000207;PONTO NOVO;ETANOL;02/06/2026;5,5;VIBRA;5,5;0,0;0,0;4,798205128205128;4,75;0,75;5,5;0,0;0,0;43;False
GAMA E CIA LTDA;13007752000207;PONTO NOVO;ETANOL;08/06/2026;5,5;VIBRA;5,5;0,0;0,0;4,8157499999999995;4,75;0,75;5,5;0,0;0,0;43;False
GAMA E CIA LTDA;13007752000207;PONTO NOVO;ETANOL;16/06/2026;5,5;VIBRA;5,5;0,0;0,0;4,8324390243902435;4,75;0,75;5,5;0,0;0,0;43;False
GAMA E CIA LTDA;13007752000207;PONTO NOVO;ETANOL;29/06/2026;5,5;VIBRA;5,5;0,0;0,0;4,848333333333334;4,75;0,75;5,5;0,0;0,0;43;False
GAMA E CIA LTDA;13007752000207;PONTO NOVO;GASOLINA;10/07/2024;6,32;VIBRA;;;;;;;6,37;-0,04999999999999982;-0,7849293563579249;92;False
GAMA E CIA LTDA;13007752000207;PONTO NOVO;GASOLINA;17/07/2024;6,32;VIBRA;6,32;0,0;0,0;6,32;6,32;0,0;6,375;-0,054999999999999716;-0,8627450980392113;92;False
GAMA E CIA LTDA;13007752000207;PONTO NOVO;GASOLINA;23/07/2024;6,32;VIBRA;6,32;0,0;0,0;6,32;6,32;0,0;6,575;-0,2549999999999999;-3,8783269961977167;92;False
GAMA E CIA LTDA;13007752000207;PONTO NOVO;GASOLINA;30/07/2024;6,49;VIBRA;6,32;0,16999999999999993;2,689873417721518;6,32;6,32;0,16999999999999993;6,5;-0,009999999999999787;-0,15384615384615058;92;False
GAMA E CIA LTDA;13007752000207;PONTO NOVO;GASOLINA;06/08/2024;6,45;VIBRA;6,49;-0,040000000000000036;-0,6163328197226507;6,362500000000001;6,32;0,1299999999999999;6,49;-0,040000000000000036;-0,6163328197226507;92;False
GAMA E CIA LTDA;13007752000207;PONTO NOVO;GASOLINA;12/08/2024;6,42;VIBRA;6,45;-0,03000000000000025;-0,46511627906977127;6,380000000000001;6,32;0,09999999999999964;6,47;-0,04999999999999982;-0,7727975270479107;92;False
GAMA E CIA LTDA;13007752000207;PONTO NOVO;GASOLINA;19/08/2024;6,42;VIBRA;6,42;0,0;0,0;6,386666666666667;6,37;0,04999999999999982;6,47;-0,04999999999999982;-0,7727975270479107;92;False
GAMA E CIA LTDA;13007752000207;PONTO NOVO;GASOLINA;26/08/2024;6,4;VIBRA;6,42;-0,019999999999999574;-0,3115264797507722;6,3914285714285715;6,42;-0,019999999999999574;6,47;-0,0699999999999994;-1,0819165378670696;92;False
GAMA E CIA LTDA;13007752000207;PONTO NOVO;GASOLINA;03/09/2024;6,4;VIBRA;6,4;0,0;0,0;6,3925;6,41;-0,009999999999999787;6,47;-0,0699999999999994;-1,0819165378670696;92;False
GAMA E CIA LTDA;13007752000207;PONTO NOVO;GASOLINA;09/09/2024;6,4;VIBRA;6,4;0,0;0,0;6,3933333333333335;6,4;0,0;6,47;-0,0699999999999994;-1,0819165378670696;92;False
GAMA E CIA LTDA;13007752000207;PONTO NOVO;GASOLINA;17/09/2024;6,2;VIBRA;6,4;-0,20000000000000018;-3,1250000000000027;6,394;6,4;-0,20000000000000018;6,27;-0,0699999999999994;-1,1164274322168963;92;False
GAMA E CIA LTDA;13007752000207;PONTO NOVO;GASOLINA;24/09/2024;6,2;VIBRA;6,2;0,0;0,0;6,376363636363636;6,4;-0,20000000000000018;6,27;-0,0699999999999994;-1,1164274322168963;92;False
GAMA E CIA LTDA;13007752000207;PONTO NOVO;GASOLINA;30/09/2024;6,2;VIBRA;6,2;0,0;0,0;6,361666666666667;6,4;-0,20000000000000018;6,27;-0,0699999999999994;-1,1164274322168963;92;False
GAMA E CIA LTDA;13007752000207;PONTO NOVO;GASOLINA;07/10/2024;6,2;VIBRA;6,2;0,0;0,0;6,34923076923077;6,4;-0,20000000000000018;6,27;-0,0699999999999994;-1,1164274322168963;92;False
GAMA E CIA LTDA;13007752000207;PONTO NOVO;GASOLINA;15/10/2024;6,2;VIBRA;6,2;0,0;0,0;6,338571428571429;6,36;-0,16000000000000014;6,22;-0,019999999999999574;-0,32154340836012174;92;False
GAMA E CIA LTDA;13007752000207;PONTO NOVO;GASOLINA;21/10/2024;5,9;VIBRA;6,2;-0,2999999999999998;-4,838709677419352;6,3293333333333335;6,32;-0,41999999999999993;5,95;-0,04999999999999982;-0,8403361344537785;92;False
GAMA E CIA LTDA;13007752000207;PONTO NOVO;GASOLINA;28/10/2024;5,9;VIBRA;5,9;0,0;0,0;6,3025;6,32;-0,41999999999999993;5,92;-0,019999999999999574;-0,33783783783783067;92;False
GAMA E CIA LTDA;13007752000207;PONTO NOVO;GASOLINA;04/11/2024;5,9;VIBRA;5,9;0,0;0,0;6,278823529411765;6,32;-0,41999999999999993;5,92;-0,019999999999999574;-0,33783783783783067;92;False
GAMA E CIA LTDA;13007752000207;PONTO NOVO;GASOLINA;11/11/2024;5,9;VIBRA;5,9;0,0;0,0;6,257777777777778;6,32;-0,41999999999999993;5,9;0,0;0,0;92;False
GAMA E CIA LTDA;13007752000207;PONTO NOVO;GASOLINA;18/11/2024;6,3;VIBRA;5,9;0,39999999999999947;6,7796610169491425;6,238947368421053;6,32;-0,020000000000000462;6,32;-0,020000000000000462;-0,31645569620253894;92;False
GAMA E CIA LTDA;13007752000207;PONTO NOVO;GASOLINA;25/11/2024;6,3;VIBRA;6,3;0,0;0,0;6,242;6,3100000000000005;-0,010000000000000675;6,32;-0,020000000000000462;-0,31645569620253894;92;False
GAMA E CIA LTDA;13007752000207;PONTO NOVO;GASOLINA;03/12/2024;6,3;VIBRA;6,3;0,0;0,0;6,244761904761906;6,3;0,0;6,32;-0,020000000000000462;-0,31645569620253894;92;False
GAMA E CIA LTDA;13007752000207;PONTO NOVO;GASOLINA;09/12/2024;6,3;VIBRA;6,3;0,0;0,0;6,247272727272727;6,3;0,0;6,32;-0,020000000000000462;-0,31645569620253894;92;False
GAMA E CIA LTDA;13007752000207;PONTO NOVO;GASOLINA;16/12/2024;6,3;VIBRA;6,3;0,0;0,0;6,2495652173913046;6,3;0,0;6,32;-0,020000000000000462;-0,31645569620253894;92;False
GAMA E CIA LTDA;13007752000207;PONTO NOVO;GASOLINA;23/12/2024;6,3;VIBRA;6,3;0,0;0,0;6,251666666666666;6,3;0,0;6,32;-0,020000000000000462;-0,31645569620253894;92;False
GAMA E CIA LTDA;13007752000207;PONTO NOVO;GASOLINA;30/12/2024;6,3;VIBRA;6,3;0,0;0,0;6,2536000000000005;6,3;0,0;6,32;-0,020000000000000462;-0,31645569620253894;92;False
GAMA E CIA LTDA;13007752000207;PONTO NOVO;GASOLINA;06/01/2025;6,3;VIBRA;6,3;0,0;0,0;6,2553846153846155;6,3;0,0;6,32;-0,020000000000000462;-0,31645569620253894;92;False
GAMA E CIA LTDA;13007752000207;PONTO NOVO;GASOLINA;13/01/2025;6,42;VIBRA;6,3;0,1200000000000001;1,9047619047619067;6,257037037037037;6,3;0,1200000000000001;6,42;0,0;0,0;92;False
GAMA E CIA LTDA;13007752000207;PONTO NOVO;GASOLINA;20/01/2025;6,42;VIBRA;6,42;0,0;0,0;6,262857142857143;6,3;0,1200000000000001;6,42;0,0;0,0;92;False
GAMA E CIA LTDA;13007752000207;PONTO NOVO;GASOLINA;28/01/2025;6,42;VIBRA;6,42;0,0;0,0;6,268275862068966;6,3;0,1200000000000001;6,42;0,0;0,0;92;False
GAMA E CIA LTDA;13007752000207;PONTO NOVO;GASOLINA;03/02/2025;6,42;VIBRA;6,42;0,0;0,0;6,2733333333333325;6,3;0,1200000000000001;6,49;-0,07000000000000028;-1,0785824345146422;92;False
GAMA E CIA LTDA;13007752000207;PONTO NOVO;GASOLINA;11/02/2025;6,62;VIBRA;6,42;0,20000000000000018;3,1152647975077907;6,2780645161290325;6,3;0,3200000000000003;6,62;0,0;0,0;92;False
GAMA E CIA LTDA;13007752000207;PONTO NOVO;GASOLINA;18/02/2025;6,62;VIBRA;6,62;0,0;0,0;6,28875;6,3;0,3200000000000003;6,62;0,0;0,0;92;False
GAMA E CIA LTDA;13007752000207;PONTO NOVO;GASOLINA;25/02/2025;6,62;VIBRA;6,62;0,0;0,0;6,298787878787879;6,3;0,3200000000000003;6,62;0,0;0,0;92;False
GAMA E CIA LTDA;13007752000207;PONTO NOVO;GASOLINA;03/03/2025;6,62;VIBRA;6,62;0,0;0,0;6,3082352941176465;6,3100000000000005;0,3099999999999996;6,62;0,0;0,0;92;False
GAMA E CIA LTDA;13007752000207;PONTO NOVO;GASOLINA;11/03/2025;6,62;VIBRA;6,62;0,0;0,0;6,317142857142857;6,32;0,2999999999999998;6,62;0,0;0,0;92;False
GAMA E CIA LTDA;13007752000207;PONTO NOVO;GASOLINA;18/03/2025;6,62;VIBRA;6,62;0,0;0,0;6,325555555555556;6,32;0,2999999999999998;6,62;0,0;0,0;92;False
GAMA E CIA LTDA;13007752000207;PONTO NOVO;GASOLINA;25/03/2025;6,62;VIBRA;6,62;0,0;0,0;6,333513513513513;6,32;0,2999999999999998;6,62;0,0;0,0;92;False
GAMA E CIA LTDA;13007752000207;PONTO NOVO;GASOLINA;31/03/2025;6,62;VIBRA;6,62;0,0;0,0;6,341052631578948;6,32;0,2999999999999998;6,62;0,0;0,0;92;False
GAMA E CIA LTDA;13007752000207;PONTO NOVO;GASOLINA;08/04/2025;6,62;VIBRA;6,62;0,0;0,0;6,348205128205128;6,32;0,2999999999999998;6,62;0,0;0,0;92;False
GAMA E CIA LTDA;13007752000207;PONTO NOVO;GASOLINA;15/04/2025;6,52;VIBRA;6,62;-0,10000000000000053;-1,5105740181268963;6,355;6,36;0,15999999999999925;6,52;0,0;0,0;92;False
GAMA E CIA LTDA;13007752000207;PONTO NOVO;GASOLINA;22/04/2025;6,62;VIBRA;6,52;0,10000000000000053;1,5337423312883518;6,359024390243903;6,4;0,21999999999999975;6,539999999999999;0,08000000000000096;1,223241590214082;92;False
GAMA E CIA LTDA;13007752000207;PONTO NOVO;GASOLINA;29/04/2025;6,52;VIBRA;6,62;-0,10000000000000053;-1,5105740181268963;6,365238095238096;6,4;0,11999999999999922;6,62;-0,10000000000000053;-1,5105740181268963;92;False
GAMA E CIA LTDA;13007752000207;PONTO NOVO;GASOLINA;05/05/2025;6,62;VIBRA;6,52;0,10000000000000053;1,5337423312883518;6,368837209302326;6,4;0,21999999999999975;6,62;0,0;0,0;92;False
GAMA E CIA LTDA;13007752000207;PONTO NOVO;GASOLINA;12/05/2025;6,62;VIBRA;6,62;0,0;0,0;6,374545454545455;6,4;0,21999999999999975;6,62;0,0;0,0;92;False
GAMA E CIA LTDA;13007752000207;PONTO NOVO;GASOLINA;19/05/2025;6,62;VIBRA;6,62;0,0;0,0;6,380000000000001;6,4;0,21999999999999975;6,62;0,0;0,0;92;False
GAMA E CIA LTDA;13007752000207;PONTO NOVO;GASOLINA;27/05/2025;6,62;VIBRA;6,62;0,0;0,0;6,385217391304349;6,41;0,20999999999999996;6,62;0,0;0,0;92;False
GAMA E CIA LTDA;13007752000207;PONTO NOVO;GASOLINA;03/06/2025;6,62;VIBRA;6,62;0,0;0,0;6,390212765957448;6,42;0,20000000000000018;6,62;0,0;0,0;92;False
GAMA E CIA LTDA;13007752000207;PONTO NOVO;GASOLINA;09/06/2025;6,62;VIBRA;6,62;0,0;0,0;6,395;6,42;0,20000000000000018;6,62;0,0;0,0;92;False
GAMA E CIA LTDA;13007752000207;PONTO NOVO;GASOLINA;16/06/2025;6,62;VIBRA;6,62;0,0;0,0;6,399591836734693;6,42;0,20000000000000018;6,62;0,0;0,0;92;False
GAMA E CIA LTDA;13007752000207;PONTO NOVO;GASOLINA;24/06/2025;6,62;VIBRA;6,62;0,0;0,0;6,404;6,42;0,20000000000000018;6,62;0,0;0,0;92;False
GAMA E CIA LTDA;13007752000207;PONTO NOVO;GASOLINA;30/06/2025;6,62;VIBRA;6,62;0,0;0,0;6,408235294117647;6,42;0,20000000000000018;6,62;0,0;0,0;92;False
GAMA E CIA LTDA;13007752000207;PONTO NOVO;GASOLINA;08/07/2025;6,62;VIBRA;6,62;0,0;0,0;6,412307692307692;6,42;0,20000000000000018;6,62;0,0;0,0;92;False
GAMA E CIA LTDA;13007752000207;PONTO NOVO;GASOLINA;15/07/2025;6,62;VIBRA;6,62;0,0;0,0;6,416226415094339;6,42;0,20000000000000018;6,62;0,0;0,0;92;False
GAMA E CIA LTDA;13007752000207;PONTO NOVO;GASOLINA;22/07/2025;6,62;VIBRA;6,62;0,0;0,0;6,42;6,42;0,20000000000000018;6,62;0,0;0,0;92;False
GAMA E CIA LTDA;13007752000207;PONTO NOVO;GASOLINA;28/07/2025;6,62;VIBRA;6,62;0,0;0,0;6,423636363636364;6,42;0,20000000000000018;6,62;0,0;0,0;92;False
GAMA E CIA LTDA;13007752000207;PONTO NOVO;GASOLINA;05/08/2025;6,62;VIBRA;6,62;0,0;0,0;6,427142857142857;6,42;0,20000000000000018;6,62;0,0;0,0;92;False
GAMA E CIA LTDA;13007752000207;PONTO NOVO;GASOLINA;12/08/2025;6,62;VIBRA;6,62;0,0;0,0;6,430526315789474;6,42;0,20000000000000018;6,62;0,0;0,0;92;False
GAMA E CIA LTDA;13007752000207;PONTO NOVO;GASOLINA;19/08/2025;6,62;VIBRA;6,62;0,0;0,0;6,433793103448276;6,4350000000000005;0,1849999999999996;6,62;0,0;0,0;92;False
GAMA E CIA LTDA;13007752000207;PONTO NOVO;GASOLINA;27/08/2025;6,62;VIBRA;6,62;0,0;0,0;6,436949152542374;6,45;0,16999999999999993;6,62;0,0;0,0;92;False
GAMA E CIA LTDA;13007752000207;PONTO NOVO;GASOLINA;02/09/2025;6,62;VIBRA;6,62;0,0;0,0;6,4399999999999995;6,470000000000001;0,14999999999999947;6,62;0,0;0,0;92;False
GAMA E CIA LTDA;13007752000207;PONTO NOVO;GASOLINA;09/09/2025;6,62;VIBRA;6,62;0,0;0,0;6,442950819672131;6,49;0,1299999999999999;6,62;0,0;0,0;92;False
GAMA E CIA LTDA;13007752000207;PONTO NOVO;GASOLINA;16/09/2025;6,62;VIBRA;6,62;0,0;0,0;6,445806451612903;6,505;0,11500000000000021;6,645;-0,024999999999999467;-0,3762227238525127;92;False
GAMA E CIA LTDA;13007752000207;PONTO NOVO;GASOLINA;22/09/2025;6,62;VIBRA;6,62;0,0;0,0;6,448571428571428;6,52;0,10000000000000053;6,62;0,0;0,0;92;False
GAMA E CIA LTDA;13007752000207;PONTO NOVO;GASOLINA;30/09/2025;6,62;VIBRA;6,62;0,0;0,0;6,45125;6,52;0,10000000000000053;6,62;0,0;0,0;92;False
GAMA E CIA LTDA;13007752000207;PONTO NOVO;GASOLINA;06/10/2025;6,62;VIBRA;6,62;0,0;0,0;6,453846153846154;6,52;0,10000000000000053;6,62;0,0;0,0;92;False
GAMA E CIA LTDA;13007752000207;PONTO NOVO;GASOLINA;13/10/2025;6,62;VIBRA;6,62;0,0;0,0;6,456363636363636;6,57;0,04999999999999982;6,62;0,0;0,0;92;False
GAMA E CIA LTDA;13007752000207;PONTO NOVO;GASOLINA;20/10/2025;6,62;VIBRA;6,62;0,0;0,0;6,458805970149254;6,62;0,0;6,62;0,0;0,0;92;False
GAMA E CIA LTDA;13007752000207;PONTO NOVO;GASOLINA;28/10/2025;6,52;VIBRA;6,62;-0,10000000000000053;-1,5105740181268963;6,461176470588235;6,62;-0,10000000000000053;6,545;-0,025000000000000355;-0,38197097020626974;92;False
GAMA E CIA LTDA;13007752000207;PONTO NOVO;GASOLINA;04/11/2025;6,52;VIBRA;6,52;0,0;0,0;6,462028985507247;6,62;-0,10000000000000053;6,57;-0,05000000000000071;-0,7610350076103609;92;False
GAMA E CIA LTDA;13007752000207;PONTO NOVO;GASOLINA;11/11/2025;6,52;VIBRA;6,52;0,0;0,0;6,462857142857143;6,57;-0,05000000000000071;6,52;0,0;0,0;92;False
GAMA E CIA LTDA;13007752000207;PONTO NOVO;GASOLINA;18/11/2025;6,52;VIBRA;6,52;0,0;0,0;6,4636619718309865;6,52;0,0;6,52;0,0;0,0;92;False
GAMA E CIA LTDA;13007752000207;PONTO NOVO;GASOLINA;25/11/2025;6,52;VIBRA;6,52;0,0;0,0;6,464444444444444;6,52;0,0;6,52;0,0;0,0;92;False
GAMA E CIA LTDA;13007752000207;PONTO NOVO;GASOLINA;10/02/2026;6,52;VIBRA;6,52;0,0;0,0;6,465205479452054;6,52;0,0;6,539999999999999;-0,019999999999999574;-0,30581039755351036;92;False
GAMA E CIA LTDA;13007752000207;PONTO NOVO;GASOLINA;24/02/2026;6,52;VIBRA;6,52;0,0;0,0;6,465945945945946;6,52;0,0;6,539999999999999;-0,019999999999999574;-0,30581039755351036;92;False
GAMA E CIA LTDA;13007752000207;PONTO NOVO;GASOLINA;04/03/2026;6,52;VIBRA;6,52;0,0;0,0;6,466666666666667;6,52;0,0;6,5649999999999995;-0,04499999999999993;-0,6854531607006844;92;False
GAMA E CIA LTDA;13007752000207;PONTO NOVO;GASOLINA;09/03/2026;6,82;VIBRA;6,52;0,3000000000000007;4,601226993865041;6,467368421052631;6,52;0,3000000000000007;6,82;0,0;0,0;92;False
GAMA E CIA LTDA;13007752000207;PONTO NOVO;GASOLINA;24/03/2026;7,22;VIBRA;6,82;0,39999999999999947;5,86510263929618;6,4719480519480515;6,52;0,7000000000000002;7,22;0,0;0,0;92;False
GAMA E CIA LTDA;13007752000207;PONTO NOVO;GASOLINA;30/03/2026;7,22;VIBRA;7,22;0,0;0,0;6,481538461538461;6,52;0,7000000000000002;7,22;0,0;0,0;92;False
GAMA E CIA LTDA;13007752000207;PONTO NOVO;GASOLINA;07/04/2026;7,22;VIBRA;7,22;0,0;0,0;6,4908860759493665;6,52;0,7000000000000002;7,22;0,0;0,0;92;False
GAMA E CIA LTDA;13007752000207;PONTO NOVO;GASOLINA;14/04/2026;7,22;VIBRA;7,22;0,0;0,0;6,5;6,52;0,7000000000000002;7,22;0,0;0,0;92;False
GAMA E CIA LTDA;13007752000207;PONTO NOVO;GASOLINA;24/04/2026;7,22;VIBRA;7,22;0,0;0,0;6,508888888888889;6,52;0,7000000000000002;7,23;-0,010000000000000675;-0,13831258644537586;92;False
GAMA E CIA LTDA;13007752000207;PONTO NOVO;GASOLINA;27/04/2026;7,22;VIBRA;7,22;0,0;0,0;6,517560975609757;6,57;0,6499999999999995;7,22;0,0;0,0;92;False
GAMA E CIA LTDA;13007752000207;PONTO NOVO;GASOLINA;04/05/2026;7,22;VIBRA;7,22;0,0;0,0;6,526024096385542;6,62;0,5999999999999996;7,22;0,0;0,0;92;False
GAMA E CIA LTDA;13007752000207;PONTO NOVO;GASOLINA;12/05/2026;7,52;VIBRA;7,22;0,2999999999999998;4,15512465373961;6,534285714285714;6,62;0,8999999999999995;7,52;0,0;0,0;92;False
GAMA E CIA LTDA;13007752000207;PONTO NOVO;GASOLINA;18/05/2026;7,52;VIBRA;7,52;0,0;0,0;6,5458823529411765;6,62;0,8999999999999995;7,52;0,0;0,0;92;False
GAMA E CIA LTDA;13007752000207;PONTO NOVO;GASOLINA;26/05/2026;7,12;VIBRA;7,52;-0,39999999999999947;-5,319148936170206;6,557209302325581;6,62;0,5;7,135;-0,01499999999999968;-0,2102312543798133;92;False
GAMA E CIA LTDA;13007752000207;PONTO NOVO;GASOLINA;02/06/2026;7,12;VIBRA;7,12;0,0;0,0;6,563678160919539;6,62;0,5;7,12;0,0;0,0;92;False
GAMA E CIA LTDA;13007752000207;PONTO NOVO;GASOLINA;08/06/2026;7,12;VIBRA;7,12;0,0;0,0;6,569999999999999;6,62;0,5;7,12;0,0;0,0;92;False
GAMA E CIA LTDA;13007752000207;PONTO NOVO;GASOLINA;16/06/2026;7,12;VIBRA;7,12;0,0;0,0;6,576179775280899;6,62;0,5;7,12;0,0;0,0;92;False
GAMA E CIA LTDA;13007752000207;PONTO NOVO;GASOLINA;23/06/2026;7,12;VIBRA;7,12;0,0;0,0;6,582222222222222;6,62;0,5;7,12;0,0;0,0;92;False
GAMA E CIA LTDA;13007752000207;PONTO NOVO;GASOLINA;29/06/2026;7,12;VIBRA;7,12;0,0;0,0;6,588131868131868;6,62;0,5;7,12;0,0;0,0;92;False
TYRESOLES DE SERGIPE INDUSTRIA COMERCIO E SERVICOS LTDA;13007828001004;LUZIA;ETANOL;10/07/2024;4,69;RAIZEN;;;;;;;4,735;-0,04499999999999993;-0,9503695881731768;98;False
TYRESOLES DE SERGIPE INDUSTRIA COMERCIO E SERVICOS LTDA;13007828001004;LUZIA;ETANOL;17/07/2024;4,69;RAIZEN;4,69;0,0;0,0;4,69;4,69;0,0;4,78;-0,08999999999999986;-1,8828451882845159;98;False
TYRESOLES DE SERGIPE INDUSTRIA COMERCIO E SERVICOS LTDA;13007828001004;LUZIA;ETANOL;23/07/2024;4,84;RAIZEN;4,69;0,14999999999999947;3,1982942430703507;4,69;4,69;0,14999999999999947;4,99;-0,15000000000000036;-3,006012024048103;98;False
TYRESOLES DE SERGIPE INDUSTRIA COMERCIO E SERVICOS LTDA;13007828001004;LUZIA;ETANOL;30/07/2024;4,89;RAIZEN;4,84;0,04999999999999982;1,0330578512396658;4,74;4,69;0,1999999999999993;4,89;0,0;0,0;98;False
TYRESOLES DE SERGIPE INDUSTRIA COMERCIO E SERVICOS LTDA;13007828001004;LUZIA;ETANOL;06/08/2024;4,89;RAIZEN;4,89;0,0;0,0;4,7775;4,765000000000001;0,12499999999999911;4,89;0,0;0,0;98;False
TYRESOLES DE SERGIPE INDUSTRIA COMERCIO E SERVICOS LTDA;13007828001004;LUZIA;ETANOL;12/08/2024;4,89;RAIZEN;4,89;0,0;0,0;4,8;4,84;0,04999999999999982;4,89;0,0;0,0;98;False
TYRESOLES DE SERGIPE INDUSTRIA COMERCIO E SERVICOS LTDA;13007828001004;LUZIA;ETANOL;19/08/2024;4,89;RAIZEN;4,89;0,0;0,0;4,815;4,865;0,024999999999999467;4,89;0,0;0,0;98;False
TYRESOLES DE SERGIPE INDUSTRIA COMERCIO E SERVICOS LTDA;13007828001004;LUZIA;ETANOL;26/08/2024;4,89;RAIZEN;4,89;0,0;0,0;4,825714285714286;4,89;0,0;4,89;0,0;0,0;98;False
TYRESOLES DE SERGIPE INDUSTRIA COMERCIO E SERVICOS LTDA;13007828001004;LUZIA;ETANOL;03/09/2024;4,89;RAIZEN;4,89;0,0;0,0;4,83375;4,89;0,0;4,89;0,0;0,0;98;False
TYRESOLES DE SERGIPE INDUSTRIA COMERCIO E SERVICOS LTDA;13007828001004;LUZIA;ETANOL;09/09/2024;4,89;RAIZEN;4,89;0,0;0,0;4,84;4,89;0,0;4,89;0,0;0,0;98;False
TYRESOLES DE SERGIPE INDUSTRIA COMERCIO E SERVICOS LTDA;13007828001004;LUZIA;ETANOL;17/09/2024;4,89;RAIZEN;4,89;0,0;0,0;4,845;4,89;0,0;4,79;0,09999999999999964;2,087682672233813;98;False
TYRESOLES DE SERGIPE INDUSTRIA COMERCIO E SERVICOS LTDA;13007828001004;LUZIA;ETANOL;24/09/2024;4,69;RAIZEN;4,89;-0,1999999999999993;-4,089979550102235;4,849090909090909;4,89;-0,1999999999999993;4,75;-0,05999999999999961;-1,2631578947368338;98;False
TYRESOLES DE SERGIPE INDUSTRIA COMERCIO E SERVICOS LTDA;13007828001004;LUZIA;ETANOL;30/09/2024;4,69;RAIZEN;4,69;0,0;0,0;4,835833333333333;4,89;-0,1999999999999993;4,75;-0,05999999999999961;-1,2631578947368338;98;False
TYRESOLES DE SERGIPE INDUSTRIA COMERCIO E SERVICOS LTDA;13007828001004;LUZIA;ETANOL;07/10/2024;4,69;RAIZEN;4,69;0,0;0,0;4,8246153846153845;4,89;-0,1999999999999993;4,59;0,10000000000000053;2,1786492374727784;98;False
TYRESOLES DE SERGIPE INDUSTRIA COMERCIO E SERVICOS LTDA;13007828001004;LUZIA;ETANOL;15/10/2024;4,59;RAIZEN;4,69;-0,10000000000000053;-2,1321961620469194;4,8149999999999995;4,89;-0,2999999999999998;4,5600000000000005;0,02999999999999936;0,6578947368420912;98;False
TYRESOLES DE SERGIPE INDUSTRIA COMERCIO E SERVICOS LTDA;13007828001004;LUZIA;ETANOL;21/10/2024;4,49;RAIZEN;4,59;-0,09999999999999964;-2,1786492374727593;4,8;4,89;-0,39999999999999947;4,49;0,0;0,0;98;False
TYRESOLES DE SERGIPE INDUSTRIA COMERCIO E SERVICOS LTDA;13007828001004;LUZIA;ETANOL;28/10/2024;4,49;RAIZEN;4,49;0,0;0,0;4,780625;4,865;-0,375;4,39;0,10000000000000053;2,2779043280182356;98;False
TYRESOLES DE SERGIPE INDUSTRIA COMERCIO E SERVICOS LTDA;13007828001004;LUZIA;ETANOL;04/11/2024;4,38;RAIZEN;4,49;-0,11000000000000032;-2,449888641425397;4,763529411764706;4,84;-0,45999999999999996;4,39;-0,009999999999999787;-0,2277904328018175;98;False
TYRESOLES DE SERGIPE INDUSTRIA COMERCIO E SERVICOS LTDA;13007828001004;LUZIA;ETANOL;11/11/2024;4,38;RAIZEN;4,38;0,0;0,0;4,742222222222222;4,765000000000001;-0,3850000000000007;4,39;-0,009999999999999787;-0,2277904328018175;98;False
TYRESOLES DE SERGIPE INDUSTRIA COMERCIO E SERVICOS LTDA;13007828001004;LUZIA;ETANOL;18/11/2024;4,38;RAIZEN;4,38;0,0;0,0;4,7231578947368416;4,69;-0,3100000000000005;4,39;-0,009999999999999787;-0,2277904328018175;98;False
TYRESOLES DE SERGIPE INDUSTRIA COMERCIO E SERVICOS LTDA;13007828001004;LUZIA;ETANOL;25/11/2024;4,38;RAIZEN;4,38;0,0;0,0;4,706;4,69;-0,3100000000000005;4,39;-0,009999999999999787;-0,2277904328018175;98;False
TYRESOLES DE SERGIPE INDUSTRIA COMERCIO E SERVICOS LTDA;13007828001004;LUZIA;ETANOL;03/12/2024;4,38;RAIZEN;4,38;0,0;0,0;4,690476190476191;4,69;-0,3100000000000005;4,295;0,08499999999999996;1,9790454016298014;98;False
TYRESOLES DE SERGIPE INDUSTRIA COMERCIO E SERVICOS LTDA;13007828001004;LUZIA;ETANOL;09/12/2024;4,38;RAIZEN;4,38;0,0;0,0;4,676363636363636;4,69;-0,3100000000000005;4,295;0,08499999999999996;1,9790454016298014;98;False
TYRESOLES DE SERGIPE INDUSTRIA COMERCIO E SERVICOS LTDA;13007828001004;LUZIA;ETANOL;16/12/2024;4,38;RAIZEN;4,38;0,0;0,0;4,6634782608695655;4,69;-0,3100000000000005;4,29;0,08999999999999986;2,0979020979020944;98;False
TYRESOLES DE SERGIPE INDUSTRIA COMERCIO E SERVICOS LTDA;13007828001004;LUZIA;ETANOL;23/12/2024;4,38;RAIZEN;4,38;0,0;0,0;4,651666666666666;4,69;-0,3100000000000005;4,29;0,08999999999999986;2,0979020979020944;98;False
TYRESOLES DE SERGIPE INDUSTRIA COMERCIO E SERVICOS LTDA;13007828001004;LUZIA;ETANOL;30/12/2024;4,38;RAIZEN;4,38;0,0;0,0;4,6408;4,69;-0,3100000000000005;4,29;0,08999999999999986;2,0979020979020944;98;False
TYRESOLES DE SERGIPE INDUSTRIA COMERCIO E SERVICOS LTDA;13007828001004;LUZIA;ETANOL;06/01/2025;4,38;RAIZEN;4,38;0,0;0,0;4,630769230769231;4,69;-0,3100000000000005;4,295;0,08499999999999996;1,9790454016298014;98;False
TYRESOLES DE SERGIPE INDUSTRIA COMERCIO E SERVICOS LTDA;13007828001004;LUZIA;ETANOL;13/01/2025;4,59;RAIZEN;4,38;0,20999999999999996;4,794520547945204;4,6214814814814815;4,69;-0,10000000000000053;4,59;0,0;0,0;98;False
TYRESOLES DE SERGIPE INDUSTRIA COMERCIO E SERVICOS LTDA;13007828001004;LUZIA;ETANOL;20/01/2025;4,59;RAIZEN;4,59;0,0;0,0;4,620357142857143;4,640000000000001;-0,05000000000000071;4,625;-0,03500000000000014;-0,7567567567567599;98;False
TYRESOLES DE SERGIPE INDUSTRIA COMERCIO E SERVICOS LTDA;13007828001004;LUZIA;ETANOL;28/01/2025;4,59;RAIZEN;4,59;0,0;0,0;4,6193103448275865;4,59;0,0;4,66;-0,07000000000000028;-1,5021459227467873;98;False
TYRESOLES DE SERGIPE INDUSTRIA COMERCIO E SERVICOS LTDA;13007828001004;LUZIA;ETANOL;03/02/2025;4,59;RAIZEN;4,59;0,0;0,0;4,618333333333334;4,59;0,0;4,74;-0,15000000000000036;-3,1645569620253235;98;False
TYRESOLES DE SERGIPE INDUSTRIA COMERCIO E SERVICOS LTDA;13007828001004;LUZIA;ETANOL;11/02/2025;4,8;RAIZEN;4,59;0,20999999999999996;4,57516339869281;4,6174193548387095;4,59;0,20999999999999996;4,845;-0,04499999999999993;-0,9287925696594413;98;False
TYRESOLES DE SERGIPE INDUSTRIA COMERCIO E SERVICOS LTDA;13007828001004;LUZIA;ETANOL;18/02/2025;4,8;RAIZEN;4,8;0,0;0,0;4,623125;4,59;0,20999999999999996;4,89;-0,08999999999999986;-1,8404907975460096;98;False
TYRESOLES DE SERGIPE INDUSTRIA COMERCIO E SERVICOS LTDA;13007828001004;LUZIA;ETANOL;25/02/2025;4,8;RAIZEN;4,8;0,0;0,0;4,628484848484849;4,59;0,20999999999999996;4,89;-0,08999999999999986;-1,8404907975460096;98;False
TYRESOLES DE SERGIPE INDUSTRIA COMERCIO E SERVICOS LTDA;13007828001004;LUZIA;ETANOL;03/03/2025;4,8;RAIZEN;4,8;0,0;0,0;4,633529411764705;4,640000000000001;0,15999999999999925;4,89;-0,08999999999999986;-1,8404907975460096;98;False
TYRESOLES DE SERGIPE INDUSTRIA COMERCIO E SERVICOS LTDA;13007828001004;LUZIA;ETANOL;11/03/2025;4,8;RAIZEN;4,8;0,0;0,0;4,638285714285715;4,69;0,10999999999999943;4,89;-0,08999999999999986;-1,8404907975460096;98;False
TYRESOLES DE SERGIPE INDUSTRIA COMERCIO E SERVICOS LTDA;13007828001004;LUZIA;ETANOL;18/03/2025;4,8;RAIZEN;4,8;0,0;0,0;4,642777777777777;4,69;0,10999999999999943;4,89;-0,08999999999999986;-1,8404907975460096;98;False
TYRESOLES DE SERGIPE INDUSTRIA COMERCIO E SERVICOS LTDA;13007828001004;LUZIA;ETANOL;25/03/2025;4,8;RAIZEN;4,8;0,0;0,0;4,647027027027027;4,69;0,10999999999999943;4,89;-0,08999999999999986;-1,8404907975460096;98;False
TYRESOLES DE SERGIPE INDUSTRIA COMERCIO E SERVICOS LTDA;13007828001004;LUZIA;ETANOL;31/03/2025;4,8;RAIZEN;4,8;0,0;0,0;4,651052631578947;4,69;0,10999999999999943;4,865;-0,06500000000000039;-1,3360739979445095;98;False
TYRESOLES DE SERGIPE INDUSTRIA COMERCIO E SERVICOS LTDA;13007828001004;LUZIA;ETANOL;08/04/2025;4,8;RAIZEN;4,8;0,0;0,0;4,654871794871795;4,69;0,10999999999999943;4,865;-0,06500000000000039;-1,3360739979445095;98;False
TYRESOLES DE SERGIPE INDUSTRIA COMERCIO E SERVICOS LTDA;13007828001004;LUZIA;ETANOL;15/04/2025;4,8;RAIZEN;4,8;0,0;0,0;4,6585;4,69;0,10999999999999943;4,89;-0,08999999999999986;-1,8404907975460096;98;False
TYRESOLES DE SERGIPE INDUSTRIA COMERCIO E SERVICOS LTDA;13007828001004;LUZIA;ETANOL;22/04/2025;4,8;RAIZEN;4,8;0,0;0,0;4,661951219512194;4,69;0,10999999999999943;4,89;-0,08999999999999986;-1,8404907975460096;98;False
TYRESOLES DE SERGIPE INDUSTRIA COMERCIO E SERVICOS LTDA;13007828001004;LUZIA;ETANOL;29/04/2025;4,8;RAIZEN;4,8;0,0;0,0;4,665238095238095;4,69;0,10999999999999943;4,89;-0,08999999999999986;-1,8404907975460096;98;False
TYRESOLES DE SERGIPE INDUSTRIA COMERCIO E SERVICOS LTDA;13007828001004;LUZIA;ETANOL;05/05/2025;4,8;RAIZEN;4,8;0,0;0,0;4,668372093023256;4,69;0,10999999999999943;4,89;-0,08999999999999986;-1,8404907975460096;98;False
TYRESOLES DE SERGIPE INDUSTRIA COMERCIO E SERVICOS LTDA;13007828001004;LUZIA;ETANOL;12/05/2025;4,8;RAIZEN;4,8;0,0;0,0;4,671363636363636;4,745;0,054999999999999716;4,869999999999999;-0,0699999999999994;-1,437371663244341;98;False
TYRESOLES DE SERGIPE INDUSTRIA COMERCIO E SERVICOS LTDA;13007828001004;LUZIA;ETANOL;19/05/2025;4,8;RAIZEN;4,8;0,0;0,0;4,674222222222222;4,8;0,0;4,94;-0,14000000000000057;-2,834008097166003;98;False
TYRESOLES DE SERGIPE INDUSTRIA COMERCIO E SERVICOS LTDA;13007828001004;LUZIA;ETANOL;27/05/2025;4,95;RAIZEN;4,8;0,15000000000000036;3,1250000000000075;4,67695652173913;4,8;0,15000000000000036;4,965;-0,01499999999999968;-0,30211480362537124;98;False
TYRESOLES DE SERGIPE INDUSTRIA COMERCIO E SERVICOS LTDA;13007828001004;LUZIA;ETANOL;03/06/2025;4,95;RAIZEN;4,95;0,0;0,0;4,682765957446809;4,8;0,15000000000000036;4,95;0,0;0,0;98;False
TYRESOLES DE SERGIPE INDUSTRIA COMERCIO E SERVICOS LTDA;13007828001004;LUZIA;ETANOL;09/06/2025;4,95;RAIZEN;4,95;0,0;0,0;4,6883333333333335;4,8;0,15000000000000036;4,95;0,0;0,0;98;False
TYRESOLES DE SERGIPE INDUSTRIA COMERCIO E SERVICOS LTDA;13007828001004;LUZIA;ETANOL;16/06/2025;4,95;RAIZEN;4,95;0,0;0,0;4,693673469387755;4,8;0,15000000000000036;4,95;0,0;0,0;98;False
TYRESOLES DE SERGIPE INDUSTRIA COMERCIO E SERVICOS LTDA;13007828001004;LUZIA;ETANOL;24/06/2025;4,95;RAIZEN;4,95;0,0;0,0;4,6988;4,8;0,15000000000000036;4,95;0,0;0,0;98;False
TYRESOLES DE SERGIPE INDUSTRIA COMERCIO E SERVICOS LTDA;13007828001004;LUZIA;ETANOL;30/06/2025;4,95;RAIZEN;4,95;0,0;0,0;4,703725490196078;4,8;0,15000000000000036;4,95;0,0;0,0;98;False
TYRESOLES DE SERGIPE INDUSTRIA COMERCIO E SERVICOS LTDA;13007828001004;LUZIA;ETANOL;08/07/2025;4,95;RAIZEN;4,95;0,0;0,0;4,708461538461538;4,8;0,15000000000000036;4,95;0,0;0,0;98;False
TYRESOLES DE SERGIPE INDUSTRIA COMERCIO E SERVICOS LTDA;13007828001004;LUZIA;ETANOL;15/07/2025;4,95;RAIZEN;4,95;0,0;0,0;4,713018867924528;4,8;0,15000000000000036;4,95;0,0;0,0;98;False
TYRESOLES DE SERGIPE INDUSTRIA COMERCIO E SERVICOS LTDA;13007828001004;LUZIA;ETANOL;22/07/2025;4,95;RAIZEN;4,95;0,0;0,0;4,717407407407408;4,8;0,15000000000000036;4,95;0,0;0,0;98;False
TYRESOLES DE SERGIPE INDUSTRIA COMERCIO E SERVICOS LTDA;13007828001004;LUZIA;ETANOL;28/07/2025;4,95;RAIZEN;4,95;0,0;0,0;4,721636363636364;4,8;0,15000000000000036;4,95;0,0;0,0;98;False
TYRESOLES DE SERGIPE INDUSTRIA COMERCIO E SERVICOS LTDA;13007828001004;LUZIA;ETANOL;05/08/2025;4,95;RAIZEN;4,95;0,0;0,0;4,725714285714285;4,8;0,15000000000000036;4,95;0,0;0,0;98;False
TYRESOLES DE SERGIPE INDUSTRIA COMERCIO E SERVICOS LTDA;13007828001004;LUZIA;ETANOL;12/08/2025;4,95;RAIZEN;4,95;0,0;0,0;4,729649122807017;4,8;0,15000000000000036;4,95;0,0;0,0;98;False
TYRESOLES DE SERGIPE INDUSTRIA COMERCIO E SERVICOS LTDA;13007828001004;LUZIA;ETANOL;19/08/2025;4,95;RAIZEN;4,95;0,0;0,0;4,733448275862069;4,8;0,15000000000000036;4,965;-0,01499999999999968;-0,30211480362537124;98;False
TYRESOLES DE SERGIPE INDUSTRIA COMERCIO E SERVICOS LTDA;13007828001004;LUZIA;ETANOL;27/08/2025;4,95;RAIZEN;4,95;0,0;0,0;4,737118644067797;4,8;0,15000000000000036;4,965;-0,01499999999999968;-0,30211480362537124;98;False
TYRESOLES DE SERGIPE INDUSTRIA COMERCIO E SERVICOS LTDA;13007828001004;LUZIA;ETANOL;02/09/2025;4,95;RAIZEN;4,95;0,0;0,0;4,740666666666667;4,8;0,15000000000000036;4,95;0,0;0,0;98;False
TYRESOLES DE SERGIPE INDUSTRIA COMERCIO E SERVICOS LTDA;13007828001004;LUZIA;ETANOL;09/09/2025;4,95;RAIZEN;4,95;0,0;0,0;4,744098360655737;4,8;0,15000000000000036;4,965;-0,01499999999999968;-0,30211480362537124;98;False
TYRESOLES DE SERGIPE INDUSTRIA COMERCIO E SERVICOS LTDA;13007828001004;LUZIA;ETANOL;16/09/2025;4,95;RAIZEN;4,95;0,0;0,0;4,747419354838709;4,8;0,15000000000000036;4,95;0,0;0,0;98;False
TYRESOLES DE SERGIPE INDUSTRIA COMERCIO E SERVICOS LTDA;13007828001004;LUZIA;ETANOL;22/09/2025;4,95;RAIZEN;4,95;0,0;0,0;4,750634920634921;4,8;0,15000000000000036;4,965;-0,01499999999999968;-0,30211480362537124;98;False
TYRESOLES DE SERGIPE INDUSTRIA COMERCIO E SERVICOS LTDA;13007828001004;LUZIA;ETANOL;30/09/2025;4,95;RAIZEN;4,95;0,0;0,0;4,75375;4,8;0,15000000000000036;4,965;-0,01499999999999968;-0,30211480362537124;98;False
TYRESOLES DE SERGIPE INDUSTRIA COMERCIO E SERVICOS LTDA;13007828001004;LUZIA;ETANOL;06/10/2025;4,95;RAIZEN;4,95;0,0;0,0;4,756769230769231;4,8;0,15000000000000036;4,965;-0,01499999999999968;-0,30211480362537124;98;False
TYRESOLES DE SERGIPE INDUSTRIA COMERCIO E SERVICOS LTDA;13007828001004;LUZIA;ETANOL;13/10/2025;4,95;RAIZEN;4,95;0,0;0,0;4,75969696969697;4,8;0,15000000000000036;4,965;-0,01499999999999968;-0,30211480362537124;98;False
TYRESOLES DE SERGIPE INDUSTRIA COMERCIO E SERVICOS LTDA;13007828001004;LUZIA;ETANOL;20/10/2025;4,95;RAIZEN;4,95;0,0;0,0;4,762537313432835;4,8;0,15000000000000036;4,95;0,0;0,0;98;False
TYRESOLES DE SERGIPE INDUSTRIA COMERCIO E SERVICOS LTDA;13007828001004;LUZIA;ETANOL;28/10/2025;4,85;RAIZEN;4,95;-0,10000000000000053;-2,020202020202031;4,765294117647059;4,8;0,04999999999999982;4,82;0,02999999999999936;0,6224066390041361;98;False
TYRESOLES DE SERGIPE INDUSTRIA COMERCIO E SERVICOS LTDA;13007828001004;LUZIA;ETANOL;04/11/2025;4,8;RAIZEN;4,85;-0,04999999999999982;-1,0309278350515427;4,766521739130434;4,8;0,0;4,8;0,0;0,0;98;False
TYRESOLES DE SERGIPE INDUSTRIA COMERCIO E SERVICOS LTDA;13007828001004;LUZIA;ETANOL;11/11/2025;4,8;RAIZEN;4,8;0,0;0,0;4,767;4,8;0,0;4,8;0,0;0,0;98;False
TYRESOLES DE SERGIPE INDUSTRIA COMERCIO E SERVICOS LTDA;13007828001004;LUZIA;ETANOL;18/11/2025;4,8;RAIZEN;4,8;0,0;0,0;4,767464788732394;4,8;0,0;4,8;0,0;0,0;98;False
TYRESOLES DE SERGIPE INDUSTRIA COMERCIO E SERVICOS LTDA;13007828001004;LUZIA;ETANOL;25/11/2025;4,8;RAIZEN;4,8;0,0;0,0;4,767916666666667;4,8;0,0;4,8;0,0;0,0;98;False
TYRESOLES DE SERGIPE INDUSTRIA COMERCIO E SERVICOS LTDA;13007828001004;LUZIA;ETANOL;17/12/2025;4,8;RAIZEN;4,8;0,0;0,0;4,768356164383562;4,8;0,0;4,8;0,0;0,0;98;False
TYRESOLES DE SERGIPE INDUSTRIA COMERCIO E SERVICOS LTDA;13007828001004;LUZIA;ETANOL;24/12/2025;4,8;RAIZEN;4,8;0,0;0,0;4,768783783783784;4,8;0,0;4,8;0,0;0,0;98;False
TYRESOLES DE SERGIPE INDUSTRIA COMERCIO E SERVICOS LTDA;13007828001004;LUZIA;ETANOL;13/01/2026;4,8;RAIZEN;4,8;0,0;0,0;4,7692;4,8;0,0;4,8;0,0;0,0;98;False
TYRESOLES DE SERGIPE INDUSTRIA COMERCIO E SERVICOS LTDA;13007828001004;LUZIA;ETANOL;22/01/2026;4,85;RAIZEN;4,8;0,04999999999999982;1,041666666666663;4,769605263157895;4,8;0,04999999999999982;4,824999999999999;0,025000000000000355;0,5181347150259142;98;False
TYRESOLES DE SERGIPE INDUSTRIA COMERCIO E SERVICOS LTDA;13007828001004;LUZIA;ETANOL;27/01/2026;4,85;RAIZEN;4,85;0,0;0,0;4,77064935064935;4,8;0,04999999999999982;4,85;0,0;0,0;98;False
TYRESOLES DE SERGIPE INDUSTRIA COMERCIO E SERVICOS LTDA;13007828001004;LUZIA;ETANOL;10/02/2026;4,85;RAIZEN;4,85;0,0;0,0;4,7716666666666665;4,8;0,04999999999999982;4,89;-0,040000000000000036;-0,8179959100204507;98;False
TYRESOLES DE SERGIPE INDUSTRIA COMERCIO E SERVICOS LTDA;13007828001004;LUZIA;ETANOL;24/02/2026;4,85;RAIZEN;4,85;0,0;0,0;4,772658227848101;4,8;0,04999999999999982;4,87;-0,020000000000000462;-0,41067761806982467;98;False
TYRESOLES DE SERGIPE INDUSTRIA COMERCIO E SERVICOS LTDA;13007828001004;LUZIA;ETANOL;04/03/2026;4,85;RAIZEN;4,85;0,0;0,0;4,773625;4,8;0,04999999999999982;4,88;-0,03000000000000025;-0,6147540983606609;98;False
TYRESOLES DE SERGIPE INDUSTRIA COMERCIO E SERVICOS LTDA;13007828001004;LUZIA;ETANOL;09/03/2026;4,99;RAIZEN;4,85;0,14000000000000057;2,886597938144342;4,774567901234568;4,8;0,1900000000000004;4,970000000000001;0,019999999999999574;0,40241448692152054;98;False
TYRESOLES DE SERGIPE INDUSTRIA COMERCIO E SERVICOS LTDA;13007828001004;LUZIA;ETANOL;20/03/2026;5,16;RAIZEN;4,99;0,16999999999999993;3,4068136272545075;4,77719512195122;4,8;0,3600000000000003;4,95;0,20999999999999996;4,242424242424241;98;False
TYRESOLES DE SERGIPE INDUSTRIA COMERCIO E SERVICOS LTDA;13007828001004;LUZIA;ETANOL;24/03/2026;5,19;RAIZEN;5,16;0,03000000000000025;0,5813953488372141;4,781807228915662;4,8;0,39000000000000057;5,05;0,14000000000000057;2,7722772277227836;98;False
TYRESOLES DE SERGIPE INDUSTRIA COMERCIO E SERVICOS LTDA;13007828001004;LUZIA;ETANOL;30/03/2026;5,19;RAIZEN;5,19;0,0;0,0;4,786666666666666;4,8;0,39000000000000057;5,05;0,14000000000000057;2,7722772277227836;98;False
TYRESOLES DE SERGIPE INDUSTRIA COMERCIO E SERVICOS LTDA;13007828001004;LUZIA;ETANOL;07/04/2026;5,19;RAIZEN;5,19;0,0;0,0;4,791411764705882;4,8;0,39000000000000057;5,12;0,07000000000000028;1,3671875000000056;98;False
TYRESOLES DE SERGIPE INDUSTRIA COMERCIO E SERVICOS LTDA;13007828001004;LUZIA;ETANOL;14/04/2026;5,59;RAIZEN;5,19;0,39999999999999947;7,707129094412321;4,796046511627907;4,8;0,79;5,545;0,04499999999999993;0,8115419296663648;98;False
TYRESOLES DE SERGIPE INDUSTRIA COMERCIO E SERVICOS LTDA;13007828001004;LUZIA;ETANOL;24/04/2026;5,69;RAIZEN;5,59;0,10000000000000053;1,7889087656529614;4,805172413793104;4,8;0,8900000000000006;5,6;0,09000000000000075;1,6071428571428705;98;False
TYRESOLES DE SERGIPE INDUSTRIA COMERCIO E SERVICOS LTDA;13007828001004;LUZIA;ETANOL;27/04/2026;5,69;RAIZEN;5,69;0,0;0,0;4,815227272727273;4,82;0,8700000000000001;5,6;0,09000000000000075;1,6071428571428705;98;False
TYRESOLES DE SERGIPE INDUSTRIA COMERCIO E SERVICOS LTDA;13007828001004;LUZIA;ETANOL;04/05/2026;5,69;RAIZEN;5,69;0,0;0,0;4,825056179775281;4,84;0,8500000000000005;5,6;0,09000000000000075;1,6071428571428705;98;False
TYRESOLES DE SERGIPE INDUSTRIA COMERCIO E SERVICOS LTDA;13007828001004;LUZIA;ETANOL;12/05/2026;5,69;RAIZEN;5,69;0,0;0,0;4,834666666666667;4,845;0,8450000000000006;5,6;0,09000000000000075;1,6071428571428705;98;False
TYRESOLES DE SERGIPE INDUSTRIA COMERCIO E SERVICOS LTDA;13007828001004;LUZIA;ETANOL;18/05/2026;5,69;RAIZEN;5,69;0,0;0,0;4,844065934065934;4,85;0,8400000000000007;5,6;0,09000000000000075;1,6071428571428705;98;False
TYRESOLES DE SERGIPE INDUSTRIA COMERCIO E SERVICOS LTDA;13007828001004;LUZIA;ETANOL;26/05/2026;5,69;RAIZEN;5,69;0,0;0,0;4,853260869565218;4,85;0,8400000000000007;5,5;0,1900000000000004;3,4545454545454617;98;False
TYRESOLES DE SERGIPE INDUSTRIA COMERCIO E SERVICOS LTDA;13007828001004;LUZIA;ETANOL;02/06/2026;5,69;RAIZEN;5,69;0,0;0,0;4,862258064516129;4,85;0,8400000000000007;5,5;0,1900000000000004;3,4545454545454617;98;False
TYRESOLES DE SERGIPE INDUSTRIA COMERCIO E SERVICOS LTDA;13007828001004;LUZIA;ETANOL;08/06/2026;5,69;RAIZEN;5,69;0,0;0,0;4,871063829787234;4,85;0,8400000000000007;5,5;0,1900000000000004;3,4545454545454617;98;False
TYRESOLES DE SERGIPE INDUSTRIA COMERCIO E SERVICOS LTDA;13007828001004;LUZIA;ETANOL;16/06/2026;5,69;RAIZEN;5,69;0,0;0,0;4,879684210526316;4,85;0,8400000000000007;5,5;0,1900000000000004;3,4545454545454617;98;False
TYRESOLES DE SERGIPE INDUSTRIA COMERCIO E SERVICOS LTDA;13007828001004;LUZIA;ETANOL;23/06/2026;5,69;RAIZEN;5,69;0,0;0,0;4,888125;4,85;0,8400000000000007;5,5;0,1900000000000004;3,4545454545454617;98;False
TYRESOLES DE SERGIPE INDUSTRIA COMERCIO E SERVICOS LTDA;13007828001004;LUZIA;ETANOL;29/06/2026;5,69;RAIZEN;5,69;0,0;0,0;4,896391752577319;4,85;0,8400000000000007;5,5;0,1900000000000004;3,4545454545454617;98;False
TYRESOLES DE SERGIPE INDUSTRIA COMERCIO E SERVICOS LTDA;13007828001004;LUZIA;GASOLINA;10/07/2024;6,37;RAIZEN;;;;;;;6,37;0,0;0,0;98;False
TYRESOLES DE SERGIPE INDUSTRIA COMERCIO E SERVICOS LTDA;13007828001004;LUZIA;GASOLINA;17/07/2024;6,37;RAIZEN;6,37;0,0;0,0;6,37;6,37;0,0;6,375;-0,004999999999999893;-0,07843137254901794;98;False
TYRESOLES DE SERGIPE INDUSTRIA COMERCIO E SERVICOS LTDA;13007828001004;LUZIA;GASOLINA;23/07/2024;6,37;RAIZEN;6,37;0,0;0,0;6,37;6,37;0,0;6,575;-0,20500000000000007;-3,117870722433461;98;False
TYRESOLES DE SERGIPE INDUSTRIA COMERCIO E SERVICOS LTDA;13007828001004;LUZIA;GASOLINA;30/07/2024;6,53;RAIZEN;6,37;0,16000000000000014;2,511773940345371;6,37;6,37;0,16000000000000014;6,5;0,03000000000000025;0,4615384615384654;98;False
TYRESOLES DE SERGIPE INDUSTRIA COMERCIO E SERVICOS LTDA;13007828001004;LUZIA;GASOLINA;06/08/2024;6,53;RAIZEN;6,53;0,0;0,0;6,41;6,37;0,16000000000000014;6,49;0,040000000000000036;0,6163328197226507;98;False
TYRESOLES DE SERGIPE INDUSTRIA COMERCIO E SERVICOS LTDA;13007828001004;LUZIA;GASOLINA;12/08/2024;6,47;RAIZEN;6,53;-0,0600000000000005;-0,9188361408882159;6,434;6,37;0,09999999999999964;6,47;0,0;0,0;98;False
TYRESOLES DE SERGIPE INDUSTRIA COMERCIO E SERVICOS LTDA;13007828001004;LUZIA;GASOLINA;19/08/2024;6,47;RAIZEN;6,47;0,0;0,0;6,44;6,42;0,04999999999999982;6,47;0,0;0,0;98;False
TYRESOLES DE SERGIPE INDUSTRIA COMERCIO E SERVICOS LTDA;13007828001004;LUZIA;GASOLINA;26/08/2024;6,47;RAIZEN;6,47;0,0;0,0;6,444285714285714;6,47;0,0;6,47;0,0;0,0;98;False
TYRESOLES DE SERGIPE INDUSTRIA COMERCIO E SERVICOS LTDA;13007828001004;LUZIA;GASOLINA;03/09/2024;6,47;RAIZEN;6,47;0,0;0,0;6,4475;6,47;0,0;6,47;0,0;0,0;98;False
TYRESOLES DE SERGIPE INDUSTRIA COMERCIO E SERVICOS LTDA;13007828001004;LUZIA;GASOLINA;09/09/2024;6,47;RAIZEN;6,47;0,0;0,0;6,449999999999999;6,47;0,0;6,47;0,0;0,0;98;False
TYRESOLES DE SERGIPE INDUSTRIA COMERCIO E SERVICOS LTDA;13007828001004;LUZIA;GASOLINA;17/09/2024;6,27;RAIZEN;6,47;-0,20000000000000018;-3,0911901081916566;6,452;6,47;-0,20000000000000018;6,27;0,0;0,0;98;False
TYRESOLES DE SERGIPE INDUSTRIA COMERCIO E SERVICOS LTDA;13007828001004;LUZIA;GASOLINA;24/09/2024;6,27;RAIZEN;6,27;0,0;0,0;6,435454545454545;6,47;-0,20000000000000018;6,27;0,0;0,0;98;False
TYRESOLES DE SERGIPE INDUSTRIA COMERCIO E SERVICOS LTDA;13007828001004;LUZIA;GASOLINA;30/09/2024;6,27;RAIZEN;6,27;0,0;0,0;6,421666666666667;6,47;-0,20000000000000018;6,27;0,0;0,0;98;False
TYRESOLES DE SERGIPE INDUSTRIA COMERCIO E SERVICOS LTDA;13007828001004;LUZIA;GASOLINA;07/10/2024;6,27;RAIZEN;6,27;0,0;0,0;6,41;6,47;-0,20000000000000018;6,27;0,0;0,0;98;False
TYRESOLES DE SERGIPE INDUSTRIA COMERCIO E SERVICOS LTDA;13007828001004;LUZIA;GASOLINA;15/10/2024;6,27;RAIZEN;6,27;0,0;0,0;6,3999999999999995;6,42;-0,15000000000000036;6,22;0,04999999999999982;0,8038585209003187;98;False
TYRESOLES DE SERGIPE INDUSTRIA COMERCIO E SERVICOS LTDA;13007828001004;LUZIA;GASOLINA;21/10/2024;5,95;RAIZEN;6,27;-0,3199999999999994;-5,10366826156299;6,391333333333334;6,37;-0,41999999999999993;5,95;0,0;0,0;98;False
TYRESOLES DE SERGIPE INDUSTRIA COMERCIO E SERVICOS LTDA;13007828001004;LUZIA;GASOLINA;28/10/2024;5,95;RAIZEN;5,95;0,0;0,0;6,36375;6,37;-0,41999999999999993;5,92;0,03000000000000025;0,5067567567567609;98;False
TYRESOLES DE SERGIPE INDUSTRIA COMERCIO E SERVICOS LTDA;13007828001004;LUZIA;GASOLINA;04/11/2024;5,95;RAIZEN;5,95;0,0;0,0;6,339411764705882;6,37;-0,41999999999999993;5,92;0,03000000000000025;0,5067567567567609;98;False
TYRESOLES DE SERGIPE INDUSTRIA COMERCIO E SERVICOS LTDA;13007828001004;LUZIA;GASOLINA;11/11/2024;5,95;RAIZEN;5,95;0,0;0,0;6,317777777777778;6,37;-0,41999999999999993;5,9;0,04999999999999982;0,8474576271186409;98;False
TYRESOLES DE SERGIPE INDUSTRIA COMERCIO E SERVICOS LTDA;13007828001004;LUZIA;GASOLINA;18/11/2024;6,35;RAIZEN;5,95;0,39999999999999947;6,722689075630243;6,298421052631579;6,37;-0,020000000000000462;6,32;0,02999999999999936;0,47468354430378734;98;False
TYRESOLES DE SERGIPE INDUSTRIA COMERCIO E SERVICOS LTDA;13007828001004;LUZIA;GASOLINA;25/11/2024;6,35;RAIZEN;6,35;0,0;0,0;6,301;6,359999999999999;-0,009999999999999787;6,32;0,02999999999999936;0,47468354430378734;98;False
TYRESOLES DE SERGIPE INDUSTRIA COMERCIO E SERVICOS LTDA;13007828001004;LUZIA;GASOLINA;03/12/2024;6,35;RAIZEN;6,35;0,0;0,0;6,303333333333334;6,35;0,0;6,32;0,02999999999999936;0,47468354430378734;98;False
TYRESOLES DE SERGIPE INDUSTRIA COMERCIO E SERVICOS LTDA;13007828001004;LUZIA;GASOLINA;09/12/2024;6,35;RAIZEN;6,35;0,0;0,0;6,305454545454546;6,35;0,0;6,32;0,02999999999999936;0,47468354430378734;98;False
TYRESOLES DE SERGIPE INDUSTRIA COMERCIO E SERVICOS LTDA;13007828001004;LUZIA;GASOLINA;16/12/2024;6,35;RAIZEN;6,35;0,0;0,0;6,307391304347826;6,35;0,0;6,32;0,02999999999999936;0,47468354430378734;98;False
TYRESOLES DE SERGIPE INDUSTRIA COMERCIO E SERVICOS LTDA;13007828001004;LUZIA;GASOLINA;23/12/2024;6,35;RAIZEN;6,35;0,0;0,0;6,309166666666666;6,35;0,0;6,32;0,02999999999999936;0,47468354430378734;98;False
TYRESOLES DE SERGIPE INDUSTRIA COMERCIO E SERVICOS LTDA;13007828001004;LUZIA;GASOLINA;30/12/2024;6,35;RAIZEN;6,35;0,0;0,0;6,3107999999999995;6,35;0,0;6,32;0,02999999999999936;0,47468354430378734;98;False
TYRESOLES DE SERGIPE INDUSTRIA COMERCIO E SERVICOS LTDA;13007828001004;LUZIA;GASOLINA;06/01/2025;6,35;RAIZEN;6,35;0,0;0,0;6,312307692307693;6,35;0,0;6,32;0,02999999999999936;0,47468354430378734;98;False
TYRESOLES DE SERGIPE INDUSTRIA COMERCIO E SERVICOS LTDA;13007828001004;LUZIA;GASOLINA;13/01/2025;6,47;RAIZEN;6,35;0,1200000000000001;1,8897637795275608;6,313703703703704;6,35;0,1200000000000001;6,42;0,04999999999999982;0,7788161993769442;98;False
TYRESOLES DE SERGIPE INDUSTRIA COMERCIO E SERVICOS LTDA;13007828001004;LUZIA;GASOLINA;20/01/2025;6,47;RAIZEN;6,47;0,0;0,0;6,319285714285714;6,35;0,1200000000000001;6,42;0,04999999999999982;0,7788161993769442;98;False
TYRESOLES DE SERGIPE INDUSTRIA COMERCIO E SERVICOS LTDA;13007828001004;LUZIA;GASOLINA;28/01/2025;6,47;RAIZEN;6,47;0,0;0,0;6,3244827586206895;6,35;0,1200000000000001;6,42;0,04999999999999982;0,7788161993769442;98;False
TYRESOLES DE SERGIPE INDUSTRIA COMERCIO E SERVICOS LTDA;13007828001004;LUZIA;GASOLINA;03/02/2025;6,63;RAIZEN;6,47;0,16000000000000014;2,472952086553325;6,3293333333333335;6,35;0,28000000000000025;6,49;0,13999999999999968;2,1571648690292706;98;False
TYRESOLES DE SERGIPE INDUSTRIA COMERCIO E SERVICOS LTDA;13007828001004;LUZIA;GASOLINA;11/02/2025;6,67;RAIZEN;6,63;0,040000000000000036;0,6033182503770744;6,339032258064516;6,35;0,3200000000000003;6,62;0,04999999999999982;0,7552870090634414;98;False
TYRESOLES DE SERGIPE INDUSTRIA COMERCIO E SERVICOS LTDA;13007828001004;LUZIA;GASOLINA;18/02/2025;6,67;RAIZEN;6,67;0,0;0,0;6,349375;6,35;0,3200000000000003;6,62;0,04999999999999982;0,7552870090634414;98;False
TYRESOLES DE SERGIPE INDUSTRIA COMERCIO E SERVICOS LTDA;13007828001004;LUZIA;GASOLINA;25/02/2025;6,67;RAIZEN;6,67;0,0;0,0;6,359090909090909;6,35;0,3200000000000003;6,62;0,04999999999999982;0,7552870090634414;98;False
TYRESOLES DE SERGIPE INDUSTRIA COMERCIO E SERVICOS LTDA;13007828001004;LUZIA;GASOLINA;03/03/2025;6,67;RAIZEN;6,67;0,0;0,0;6,368235294117646;6,359999999999999;0,3100000000000005;6,62;0,04999999999999982;0,7552870090634414;98;False
TYRESOLES DE SERGIPE INDUSTRIA COMERCIO E SERVICOS LTDA;13007828001004;LUZIA;GASOLINA;11/03/2025;6,67;RAIZEN;6,67;0,0;0,0;6,376857142857143;6,37;0,2999999999999998;6,62;0,04999999999999982;0,7552870090634414;98;False
TYRESOLES DE SERGIPE INDUSTRIA COMERCIO E SERVICOS LTDA;13007828001004;LUZIA;GASOLINA;18/03/2025;6,67;RAIZEN;6,67;0,0;0,0;6,385;6,37;0,2999999999999998;6,62;0,04999999999999982;0,7552870090634414;98;False
TYRESOLES DE SERGIPE INDUSTRIA COMERCIO E SERVICOS LTDA;13007828001004;LUZIA;GASOLINA;25/03/2025;6,67;RAIZEN;6,67;0,0;0,0;6,392702702702703;6,37;0,2999999999999998;6,62;0,04999999999999982;0,7552870090634414;98;False
TYRESOLES DE SERGIPE INDUSTRIA COMERCIO E SERVICOS LTDA;13007828001004;LUZIA;GASOLINA;31/03/2025;6,67;RAIZEN;6,67;0,0;0,0;6,3999999999999995;6,37;0,2999999999999998;6,62;0,04999999999999982;0,7552870090634414;98;False
TYRESOLES DE SERGIPE INDUSTRIA COMERCIO E SERVICOS LTDA;13007828001004;LUZIA;GASOLINA;08/04/2025;6,67;RAIZEN;6,67;0,0;0,0;6,406923076923077;6,37;0,2999999999999998;6,62;0,04999999999999982;0,7552870090634414;98;False
TYRESOLES DE SERGIPE INDUSTRIA COMERCIO E SERVICOS LTDA;13007828001004;LUZIA;GASOLINA;15/04/2025;6,57;RAIZEN;6,67;-0,09999999999999964;-1,4992503748125883;6,413500000000001;6,42;0,15000000000000036;6,52;0,05000000000000071;0,7668711656441827;98;False
TYRESOLES DE SERGIPE INDUSTRIA COMERCIO E SERVICOS LTDA;13007828001004;LUZIA;GASOLINA;22/04/2025;6,57;RAIZEN;6,57;0,0;0,0;6,417317073170732;6,47;0,10000000000000053;6,539999999999999;0,030000000000001137;0,4587155963302927;98;False
TYRESOLES DE SERGIPE INDUSTRIA COMERCIO E SERVICOS LTDA;13007828001004;LUZIA;GASOLINA;29/04/2025;6,57;RAIZEN;6,57;0,0;0,0;6,420952380952381;6,47;0,10000000000000053;6,62;-0,04999999999999982;-0,7552870090634414;98;False
TYRESOLES DE SERGIPE INDUSTRIA COMERCIO E SERVICOS LTDA;13007828001004;LUZIA;GASOLINA;05/05/2025;6,67;RAIZEN;6,57;0,09999999999999964;1,5220700152206947;6,424418604651163;6,47;0,20000000000000018;6,62;0,04999999999999982;0,7552870090634414;98;False
TYRESOLES DE SERGIPE INDUSTRIA COMERCIO E SERVICOS LTDA;13007828001004;LUZIA;GASOLINA;12/05/2025;6,67;RAIZEN;6,67;0,0;0,0;6,430000000000001;6,47;0,20000000000000018;6,62;0,04999999999999982;0,7552870090634414;98;False
TYRESOLES DE SERGIPE INDUSTRIA COMERCIO E SERVICOS LTDA;13007828001004;LUZIA;GASOLINA;19/05/2025;6,67;RAIZEN;6,67;0,0;0,0;6,4353333333333325;6,47;0,20000000000000018;6,62;0,04999999999999982;0,7552870090634414;98;False
TYRESOLES DE SERGIPE INDUSTRIA COMERCIO E SERVICOS LTDA;13007828001004;LUZIA;GASOLINA;27/05/2025;6,67;RAIZEN;6,67;0,0;0,0;6,440434782608696;6,47;0,20000000000000018;6,62;0,04999999999999982;0,7552870090634414;98;False
TYRESOLES DE SERGIPE INDUSTRIA COMERCIO E SERVICOS LTDA;13007828001004;LUZIA;GASOLINA;03/06/2025;6,67;RAIZEN;6,67;0,0;0,0;6,4453191489361705;6,47;0,20000000000000018;6,62;0,04999999999999982;0,7552870090634414;98;False
TYRESOLES DE SERGIPE INDUSTRIA COMERCIO E SERVICOS LTDA;13007828001004;LUZIA;GASOLINA;09/06/2025;6,67;RAIZEN;6,67;0,0;0,0;6,45;6,47;0,20000000000000018;6,62;0,04999999999999982;0,7552870090634414;98;False
TYRESOLES DE SERGIPE INDUSTRIA COMERCIO E SERVICOS LTDA;13007828001004;LUZIA;GASOLINA;16/06/2025;6,67;RAIZEN;6,67;0,0;0,0;6,454489795918367;6,47;0,20000000000000018;6,62;0,04999999999999982;0,7552870090634414;98;False
TYRESOLES DE SERGIPE INDUSTRIA COMERCIO E SERVICOS LTDA;13007828001004;LUZIA;GASOLINA;24/06/2025;6,67;RAIZEN;6,67;0,0;0,0;6,4588;6,47;0,20000000000000018;6,62;0,04999999999999982;0,7552870090634414;98;False
TYRESOLES DE SERGIPE INDUSTRIA COMERCIO E SERVICOS LTDA;13007828001004;LUZIA;GASOLINA;30/06/2025;6,67;RAIZEN;6,67;0,0;0,0;6,462941176470588;6,47;0,20000000000000018;6,62;0,04999999999999982;0,7552870090634414;98;False
TYRESOLES DE SERGIPE INDUSTRIA COMERCIO E SERVICOS LTDA;13007828001004;LUZIA;GASOLINA;08/07/2025;6,67;RAIZEN;6,67;0,0;0,0;6,466923076923076;6,47;0,20000000000000018;6,62;0,04999999999999982;0,7552870090634414;98;False
TYRESOLES DE SERGIPE INDUSTRIA COMERCIO E SERVICOS LTDA;13007828001004;LUZIA;GASOLINA;15/07/2025;6,67;RAIZEN;6,67;0,0;0,0;6,470754716981132;6,47;0,20000000000000018;6,62;0,04999999999999982;0,7552870090634414;98;False
TYRESOLES DE SERGIPE INDUSTRIA COMERCIO E SERVICOS LTDA;13007828001004;LUZIA;GASOLINA;22/07/2025;6,67;RAIZEN;6,67;0,0;0,0;6,474444444444445;6,47;0,20000000000000018;6,62;0,04999999999999982;0,7552870090634414;98;False
TYRESOLES DE SERGIPE INDUSTRIA COMERCIO E SERVICOS LTDA;13007828001004;LUZIA;GASOLINA;28/07/2025;6,67;RAIZEN;6,67;0,0;0,0;6,478000000000001;6,47;0,20000000000000018;6,62;0,04999999999999982;0,7552870090634414;98;False
TYRESOLES DE SERGIPE INDUSTRIA COMERCIO E SERVICOS LTDA;13007828001004;LUZIA;GASOLINA;05/08/2025;6,67;RAIZEN;6,67;0,0;0,0;6,481428571428571;6,5;0,16999999999999993;6,62;0,04999999999999982;0,7552870090634414;98;False
TYRESOLES DE SERGIPE INDUSTRIA COMERCIO E SERVICOS LTDA;13007828001004;LUZIA;GASOLINA;12/08/2025;6,67;RAIZEN;6,67;0,0;0,0;6,484736842105263;6,53;0,13999999999999968;6,62;0,04999999999999982;0,7552870090634414;98;False
TYRESOLES DE SERGIPE INDUSTRIA COMERCIO E SERVICOS LTDA;13007828001004;LUZIA;GASOLINA;19/08/2025;6,67;RAIZEN;6,67;0,0;0,0;6,4879310344827585;6,53;0,13999999999999968;6,62;0,04999999999999982;0,7552870090634414;98;False
TYRESOLES DE SERGIPE INDUSTRIA COMERCIO E SERVICOS LTDA;13007828001004;LUZIA;GASOLINA;27/08/2025;6,67;RAIZEN;6,67;0,0;0,0;6,491016949152542;6,53;0,13999999999999968;6,62;0,04999999999999982;0,7552870090634414;98;False
TYRESOLES DE SERGIPE INDUSTRIA COMERCIO E SERVICOS LTDA;13007828001004;LUZIA;GASOLINA;02/09/2025;6,67;RAIZEN;6,67;0,0;0,0;6,494;6,550000000000001;0,11999999999999922;6,62;0,04999999999999982;0,7552870090634414;98;False
TYRESOLES DE SERGIPE INDUSTRIA COMERCIO E SERVICOS LTDA;13007828001004;LUZIA;GASOLINA;09/09/2025;6,67;RAIZEN;6,67;0,0;0,0;6,496885245901639;6,57;0,09999999999999964;6,62;0,04999999999999982;0,7552870090634414;98;False
TYRESOLES DE SERGIPE INDUSTRIA COMERCIO E SERVICOS LTDA;13007828001004;LUZIA;GASOLINA;16/09/2025;6,67;RAIZEN;6,67;0,0;0,0;6,499677419354839;6,57;0,09999999999999964;6,645;0,025000000000000355;0,3762227238525261;98;False
TYRESOLES DE SERGIPE INDUSTRIA COMERCIO E SERVICOS LTDA;13007828001004;LUZIA;GASOLINA;22/09/2025;6,67;RAIZEN;6,67;0,0;0,0;6,502380952380952;6,57;0,09999999999999964;6,62;0,04999999999999982;0,7552870090634414;98;False
TYRESOLES DE SERGIPE INDUSTRIA COMERCIO E SERVICOS LTDA;13007828001004;LUZIA;GASOLINA;30/09/2025;6,67;RAIZEN;6,67;0,0;0,0;6,505;6,57;0,09999999999999964;6,62;0,04999999999999982;0,7552870090634414;98;False
TYRESOLES DE SERGIPE INDUSTRIA COMERCIO E SERVICOS LTDA;13007828001004;LUZIA;GASOLINA;06/10/2025;6,67;RAIZEN;6,67;0,0;0,0;6,507538461538462;6,57;0,09999999999999964;6,62;0,04999999999999982;0,7552870090634414;98;False
TYRESOLES DE SERGIPE INDUSTRIA COMERCIO E SERVICOS LTDA;13007828001004;LUZIA;GASOLINA;13/10/2025;6,67;RAIZEN;6,67;0,0;0,0;6,51;6,6;0,07000000000000028;6,62;0,04999999999999982;0,7552870090634414;98;False
TYRESOLES DE SERGIPE INDUSTRIA COMERCIO E SERVICOS LTDA;13007828001004;LUZIA;GASOLINA;20/10/2025;6,67;RAIZEN;6,67;0,0;0,0;6,512388059701492;6,63;0,040000000000000036;6,62;0,04999999999999982;0,7552870090634414;98;False
TYRESOLES DE SERGIPE INDUSTRIA COMERCIO E SERVICOS LTDA;13007828001004;LUZIA;GASOLINA;28/10/2025;6,57;RAIZEN;6,67;-0,09999999999999964;-1,4992503748125883;6,514705882352941;6,65;-0,08000000000000007;6,545;0,025000000000000355;0,38197097020626974;98;False
TYRESOLES DE SERGIPE INDUSTRIA COMERCIO E SERVICOS LTDA;13007828001004;LUZIA;GASOLINA;04/11/2025;6,57;RAIZEN;6,57;0,0;0,0;6,515507246376812;6,63;-0,05999999999999961;6,57;0,0;0,0;98;False
TYRESOLES DE SERGIPE INDUSTRIA COMERCIO E SERVICOS LTDA;13007828001004;LUZIA;GASOLINA;11/11/2025;6,57;RAIZEN;6,57;0,0;0,0;6,516285714285714;6,6;-0,02999999999999936;6,52;0,05000000000000071;0,7668711656441827;98;False
TYRESOLES DE SERGIPE INDUSTRIA COMERCIO E SERVICOS LTDA;13007828001004;LUZIA;GASOLINA;18/11/2025;6,57;RAIZEN;6,57;0,0;0,0;6,517042253521127;6,57;0,0;6,52;0,05000000000000071;0,7668711656441827;98;False
TYRESOLES DE SERGIPE INDUSTRIA COMERCIO E SERVICOS LTDA;13007828001004;LUZIA;GASOLINA;25/11/2025;6,57;RAIZEN;6,57;0,0;0,0;6,517777777777777;6,57;0,0;6,52;0,05000000000000071;0,7668711656441827;98;False
TYRESOLES DE SERGIPE INDUSTRIA COMERCIO E SERVICOS LTDA;13007828001004;LUZIA;GASOLINA;17/12/2025;6,57;RAIZEN;6,57;0,0;0,0;6,5184931506849315;6,57;0,0;6,52;0,05000000000000071;0,7668711656441827;98;False
TYRESOLES DE SERGIPE INDUSTRIA COMERCIO E SERVICOS LTDA;13007828001004;LUZIA;GASOLINA;24/12/2025;6,57;RAIZEN;6,57;0,0;0,0;6,5191891891891895;6,57;0,0;6,545;0,025000000000000355;0,38197097020626974;98;False
TYRESOLES DE SERGIPE INDUSTRIA COMERCIO E SERVICOS LTDA;13007828001004;LUZIA;GASOLINA;13/01/2026;6,57;RAIZEN;6,57;0,0;0,0;6,519866666666667;6,57;0,0;6,52;0,05000000000000071;0,7668711656441827;98;False
TYRESOLES DE SERGIPE INDUSTRIA COMERCIO E SERVICOS LTDA;13007828001004;LUZIA;GASOLINA;22/01/2026;6,57;RAIZEN;6,57;0,0;0,0;6,520526315789474;6,57;0,0;6,5649999999999995;0,005000000000000782;0,07616146230008806;98;False
TYRESOLES DE SERGIPE INDUSTRIA COMERCIO E SERVICOS LTDA;13007828001004;LUZIA;GASOLINA;27/01/2026;6,57;RAIZEN;6,57;0,0;0,0;6,521168831168831;6,57;0,0;6,57;0,0;0,0;98;False
TYRESOLES DE SERGIPE INDUSTRIA COMERCIO E SERVICOS LTDA;13007828001004;LUZIA;GASOLINA;10/02/2026;6,57;RAIZEN;6,57;0,0;0,0;6,521794871794872;6,57;0,0;6,539999999999999;0,030000000000001137;0,4587155963302927;98;False
TYRESOLES DE SERGIPE INDUSTRIA COMERCIO E SERVICOS LTDA;13007828001004;LUZIA;GASOLINA;24/02/2026;6,57;RAIZEN;6,57;0,0;0,0;6,5224050632911394;6,57;0,0;6,539999999999999;0,030000000000001137;0,4587155963302927;98;False
TYRESOLES DE SERGIPE INDUSTRIA COMERCIO E SERVICOS LTDA;13007828001004;LUZIA;GASOLINA;04/03/2026;6,57;RAIZEN;6,57;0,0;0,0;6,523000000000001;6,57;0,0;6,5649999999999995;0,005000000000000782;0,07616146230008806;98;False
TYRESOLES DE SERGIPE INDUSTRIA COMERCIO E SERVICOS LTDA;13007828001004;LUZIA;GASOLINA;09/03/2026;6,87;RAIZEN;6,57;0,2999999999999998;4,566210045662097;6,52358024691358;6,57;0,2999999999999998;6,82;0,04999999999999982;0,7331378299120208;98;False
TYRESOLES DE SERGIPE INDUSTRIA COMERCIO E SERVICOS LTDA;13007828001004;LUZIA;GASOLINA;20/03/2026;7,29;RAIZEN;6,87;0,41999999999999993;6,113537117903929;6,52780487804878;6,57;0,7199999999999998;7,29;0,0;0,0;98;False
TYRESOLES DE SERGIPE INDUSTRIA COMERCIO E SERVICOS LTDA;13007828001004;LUZIA;GASOLINA;24/03/2026;7,29;RAIZEN;7,29;0,0;0,0;6,536987951807229;6,57;0,7199999999999998;7,22;0,07000000000000028;0,9695290858725801;98;False
TYRESOLES DE SERGIPE INDUSTRIA COMERCIO E SERVICOS LTDA;13007828001004;LUZIA;GASOLINA;30/03/2026;7,29;RAIZEN;7,29;0,0;0,0;6,545952380952381;6,57;0,7199999999999998;7,22;0,07000000000000028;0,9695290858725801;98;False
TYRESOLES DE SERGIPE INDUSTRIA COMERCIO E SERVICOS LTDA;13007828001004;LUZIA;GASOLINA;07/04/2026;7,29;RAIZEN;7,29;0,0;0,0;6,554705882352941;6,57;0,7199999999999998;7,22;0,07000000000000028;0,9695290858725801;98;False
TYRESOLES DE SERGIPE INDUSTRIA COMERCIO E SERVICOS LTDA;13007828001004;LUZIA;GASOLINA;14/04/2026;7,29;RAIZEN;7,29;0,0;0,0;6,563255813953488;6,57;0,7199999999999998;7,22;0,07000000000000028;0,9695290858725801;98;False
TYRESOLES DE SERGIPE INDUSTRIA COMERCIO E SERVICOS LTDA;13007828001004;LUZIA;GASOLINA;24/04/2026;7,29;RAIZEN;7,29;0,0;0,0;6,571609195402299;6,57;0,7199999999999998;7,23;0,05999999999999961;0,8298755186721938;98;False
TYRESOLES DE SERGIPE INDUSTRIA COMERCIO E SERVICOS LTDA;13007828001004;LUZIA;GASOLINA;27/04/2026;7,29;RAIZEN;7,29;0,0;0,0;6,579772727272727;6,57;0,7199999999999998;7,22;0,07000000000000028;0,9695290858725801;98;False
TYRESOLES DE SERGIPE INDUSTRIA COMERCIO E SERVICOS LTDA;13007828001004;LUZIA;GASOLINA;04/05/2026;7,29;RAIZEN;7,29;0,0;0,0;6,587752808988763;6,57;0,7199999999999998;7,22;0,07000000000000028;0,9695290858725801;98;False
TYRESOLES DE SERGIPE INDUSTRIA COMERCIO E SERVICOS LTDA;13007828001004;LUZIA;GASOLINA;12/05/2026;7,59;RAIZEN;7,29;0,2999999999999998;4,115226337448557;6,595555555555555;6,57;1,0199999999999996;7,52;0,07000000000000028;0,930851063829791;98;False
TYRESOLES DE SERGIPE INDUSTRIA COMERCIO E SERVICOS LTDA;13007828001004;LUZIA;GASOLINA;18/05/2026;7,59;RAIZEN;7,59;0,0;0,0;6,606483516483515;6,57;1,0199999999999996;7,52;0,07000000000000028;0,930851063829791;98;False
TYRESOLES DE SERGIPE INDUSTRIA COMERCIO E SERVICOS LTDA;13007828001004;LUZIA;GASOLINA;26/05/2026;7,19;RAIZEN;7,59;-0,39999999999999947;-5,270092226613959;6,617173913043478;6,6;0,5900000000000007;7,135;0,055000000000000604;0,770847932726007;98;False
TYRESOLES DE SERGIPE INDUSTRIA COMERCIO E SERVICOS LTDA;13007828001004;LUZIA;GASOLINA;02/06/2026;7,19;RAIZEN;7,19;0,0;0,0;6,623333333333334;6,63;0,5600000000000005;7,12;0,07000000000000028;0,9831460674157343;98;False
TYRESOLES DE SERGIPE INDUSTRIA COMERCIO E SERVICOS LTDA;13007828001004;LUZIA;GASOLINA;08/06/2026;7,19;RAIZEN;7,19;0,0;0,0;6,629361702127659;6,65;0,54;7,12;0,07000000000000028;0,9831460674157343;98;False
TYRESOLES DE SERGIPE INDUSTRIA COMERCIO E SERVICOS LTDA;13007828001004;LUZIA;GASOLINA;16/06/2026;7,19;RAIZEN;7,19;0,0;0,0;6,635263157894737;6,67;0,5200000000000005;7,12;0,07000000000000028;0,9831460674157343;98;False
TYRESOLES DE SERGIPE INDUSTRIA COMERCIO E SERVICOS LTDA;13007828001004;LUZIA;GASOLINA;23/06/2026;7,19;RAIZEN;7,19;0,0;0,0;6,641041666666666;6,67;0,5200000000000005;7,12;0,07000000000000028;0,9831460674157343;98;False
TYRESOLES DE SERGIPE INDUSTRIA COMERCIO E SERVICOS LTDA;13007828001004;LUZIA;GASOLINA;29/06/2026;7,19;RAIZEN;7,19;0,0;0,0;6,646701030927836;6,67;0,5200000000000005;7,12;0,07000000000000028;0,9831460674157343;98;False
TYRESOLES DE SERGIPE INDUSTRIA COMERCIO E SERVICOS LTDA;13007828001004;LUZIA;GASOLINA ADITIVADA;10/07/2024;6,63;RAIZEN;;;;;;;6,51;0,1200000000000001;1,8433179723502322;93;False
TYRESOLES DE SERGIPE INDUSTRIA COMERCIO E SERVICOS LTDA;13007828001004;LUZIA;GASOLINA ADITIVADA;17/07/2024;6,63;RAIZEN;6,63;0,0;0,0;6,63;6,63;0,0;6,57;0,05999999999999961;0,9132420091324142;93;False
TYRESOLES DE SERGIPE INDUSTRIA COMERCIO E SERVICOS LTDA;13007828001004;LUZIA;GASOLINA ADITIVADA;23/07/2024;6,63;RAIZEN;6,63;0,0;0,0;6,63;6,63;0,0;6,63;0,0;0,0;93;False
TYRESOLES DE SERGIPE INDUSTRIA COMERCIO E SERVICOS LTDA;13007828001004;LUZIA;GASOLINA ADITIVADA;30/07/2024;6,79;RAIZEN;6,63;0,16000000000000014;2,4132730015082977;6,63;6,63;0,16000000000000014;6,69;0,09999999999999964;1,4947683109118033;93;False
TYRESOLES DE SERGIPE INDUSTRIA COMERCIO E SERVICOS LTDA;13007828001004;LUZIA;GASOLINA ADITIVADA;06/08/2024;6,79;RAIZEN;6,79;0,0;0,0;6,67;6,63;0,16000000000000014;6,5600000000000005;0,22999999999999954;3,5060975609756024;93;False
TYRESOLES DE SERGIPE INDUSTRIA COMERCIO E SERVICOS LTDA;13007828001004;LUZIA;GASOLINA ADITIVADA;12/08/2024;6,73;RAIZEN;6,79;-0,05999999999999961;-0,8836524300441769;6,694;6,63;0,10000000000000053;6,535;0,19500000000000028;2,9839326702371887;93;False
TYRESOLES DE SERGIPE INDUSTRIA COMERCIO E SERVICOS LTDA;13007828001004;LUZIA;GASOLINA ADITIVADA;19/08/2024;6,73;RAIZEN;6,73;0,0;0,0;6,7;6,68;0,05000000000000071;6,52;0,21000000000000085;3,220858895705535;93;False
TYRESOLES DE SERGIPE INDUSTRIA COMERCIO E SERVICOS LTDA;13007828001004;LUZIA;GASOLINA ADITIVADA;26/08/2024;6,73;RAIZEN;6,73;0,0;0,0;6,704285714285715;6,73;0,0;6,52;0,21000000000000085;3,220858895705535;93;False
TYRESOLES DE SERGIPE INDUSTRIA COMERCIO E SERVICOS LTDA;13007828001004;LUZIA;GASOLINA ADITIVADA;03/09/2024;6,73;RAIZEN;6,73;0,0;0,0;6,7075000000000005;6,73;0,0;6,52;0,21000000000000085;3,220858895705535;93;False
TYRESOLES DE SERGIPE INDUSTRIA COMERCIO E SERVICOS LTDA;13007828001004;LUZIA;GASOLINA ADITIVADA;09/09/2024;6,73;RAIZEN;6,73;0,0;0,0;6,71;6,73;0,0;6,52;0,21000000000000085;3,220858895705535;93;False
TYRESOLES DE SERGIPE INDUSTRIA COMERCIO E SERVICOS LTDA;13007828001004;LUZIA;GASOLINA ADITIVADA;17/09/2024;6,53;RAIZEN;6,73;-0,20000000000000018;-2,97176820208024;6,712000000000001;6,73;-0,20000000000000018;6,32;0,20999999999999996;3,3227848101265813;93;False
TYRESOLES DE SERGIPE INDUSTRIA COMERCIO E SERVICOS LTDA;13007828001004;LUZIA;GASOLINA ADITIVADA;24/09/2024;6,53;RAIZEN;6,53;0,0;0,0;6,695454545454546;6,73;-0,20000000000000018;6,324999999999999;0,20500000000000096;3,2411067193676044;93;False
TYRESOLES DE SERGIPE INDUSTRIA COMERCIO E SERVICOS LTDA;13007828001004;LUZIA;GASOLINA ADITIVADA;30/09/2024;6,53;RAIZEN;6,53;0,0;0,0;6,6816666666666675;6,73;-0,20000000000000018;6,324999999999999;0,20500000000000096;3,2411067193676044;93;False
TYRESOLES DE SERGIPE INDUSTRIA COMERCIO E SERVICOS LTDA;13007828001004;LUZIA;GASOLINA ADITIVADA;07/10/2024;6,53;RAIZEN;6,53;0,0;0,0;6,670000000000001;6,73;-0,20000000000000018;6,324999999999999;0,20500000000000096;3,2411067193676044;93;False
TYRESOLES DE SERGIPE INDUSTRIA COMERCIO E SERVICOS LTDA;13007828001004;LUZIA;GASOLINA ADITIVADA;15/10/2024;6,53;RAIZEN;6,53;0,0;0,0;6,660000000000001;6,68;-0,14999999999999947;6,27;0,2600000000000007;4,1467304625199475;93;False
TYRESOLES DE SERGIPE INDUSTRIA COMERCIO E SERVICOS LTDA;13007828001004;LUZIA;GASOLINA ADITIVADA;21/10/2024;6,21;RAIZEN;6,53;-0,3200000000000003;-4,900459418070448;6,651333333333334;6,63;-0,41999999999999993;5,99;0,21999999999999975;3,6727879799666066;93;False
TYRESOLES DE SERGIPE INDUSTRIA COMERCIO E SERVICOS LTDA;13007828001004;LUZIA;GASOLINA ADITIVADA;28/10/2024;6,21;RAIZEN;6,21;0,0;0,0;6,62375;6,63;-0,41999999999999993;5,99;0,21999999999999975;3,6727879799666066;93;False
TYRESOLES DE SERGIPE INDUSTRIA COMERCIO E SERVICOS LTDA;13007828001004;LUZIA;GASOLINA ADITIVADA;04/11/2024;6,21;RAIZEN;6,21;0,0;0,0;6,5994117647058825;6,63;-0,41999999999999993;6,09;0,1200000000000001;1,9704433497536964;93;False
TYRESOLES DE SERGIPE INDUSTRIA COMERCIO E SERVICOS LTDA;13007828001004;LUZIA;GASOLINA ADITIVADA;11/11/2024;6,21;RAIZEN;6,21;0,0;0,0;6,577777777777778;6,63;-0,41999999999999993;6,08;0,1299999999999999;2,1381578947368403;93;False
TYRESOLES DE SERGIPE INDUSTRIA COMERCIO E SERVICOS LTDA;13007828001004;LUZIA;GASOLINA ADITIVADA;18/11/2024;6,61;RAIZEN;6,21;0,40000000000000036;6,441223832528187;6,558421052631579;6,63;-0,019999999999999574;6,45;0,16000000000000014;2,480620155038762;93;False
TYRESOLES DE SERGIPE INDUSTRIA COMERCIO E SERVICOS LTDA;13007828001004;LUZIA;GASOLINA ADITIVADA;25/11/2024;6,61;RAIZEN;6,61;0,0;0,0;6,561;6,62;-0,009999999999999787;6,45;0,16000000000000014;2,480620155038762;93;False
TYRESOLES DE SERGIPE INDUSTRIA COMERCIO E SERVICOS LTDA;13007828001004;LUZIA;GASOLINA ADITIVADA;03/12/2024;6,61;RAIZEN;6,61;0,0;0,0;6,563333333333334;6,61;0,0;6,45;0,16000000000000014;2,480620155038762;93;False
TYRESOLES DE SERGIPE INDUSTRIA COMERCIO E SERVICOS LTDA;13007828001004;LUZIA;GASOLINA ADITIVADA;09/12/2024;6,61;RAIZEN;6,61;0,0;0,0;6,565454545454545;6,61;0,0;6,45;0,16000000000000014;2,480620155038762;93;False
TYRESOLES DE SERGIPE INDUSTRIA COMERCIO E SERVICOS LTDA;13007828001004;LUZIA;GASOLINA ADITIVADA;16/12/2024;6,61;RAIZEN;6,61;0,0;0,0;6,567391304347827;6,61;0,0;6,45;0,16000000000000014;2,480620155038762;93;False
TYRESOLES DE SERGIPE INDUSTRIA COMERCIO E SERVICOS LTDA;13007828001004;LUZIA;GASOLINA ADITIVADA;23/12/2024;6,61;RAIZEN;6,61;0,0;0,0;6,569166666666667;6,61;0,0;6,45;0,16000000000000014;2,480620155038762;93;False
TYRESOLES DE SERGIPE INDUSTRIA COMERCIO E SERVICOS LTDA;13007828001004;LUZIA;GASOLINA ADITIVADA;30/12/2024;6,61;RAIZEN;6,61;0,0;0,0;6,5708;6,61;0,0;6,45;0,16000000000000014;2,480620155038762;93;False
TYRESOLES DE SERGIPE INDUSTRIA COMERCIO E SERVICOS LTDA;13007828001004;LUZIA;GASOLINA ADITIVADA;06/01/2025;6,69;RAIZEN;6,61;0,08000000000000007;1,2102874432677773;6,572307692307692;6,61;0,08000000000000007;6,45;0,2400000000000002;3,720930232558143;93;False
TYRESOLES DE SERGIPE INDUSTRIA COMERCIO E SERVICOS LTDA;13007828001004;LUZIA;GASOLINA ADITIVADA;13/01/2025;6,81;RAIZEN;6,69;0,11999999999999922;1,7937219730941585;6,576666666666666;6,61;0,1999999999999993;6,55;0,2599999999999998;3,9694656488549587;93;False
TYRESOLES DE SERGIPE INDUSTRIA COMERCIO E SERVICOS LTDA;13007828001004;LUZIA;GASOLINA ADITIVADA;20/01/2025;6,81;RAIZEN;6,81;0,0;0,0;6,585;6,61;0,1999999999999993;6,55;0,2599999999999998;3,9694656488549587;93;False
TYRESOLES DE SERGIPE INDUSTRIA COMERCIO E SERVICOS LTDA;13007828001004;LUZIA;GASOLINA ADITIVADA;28/01/2025;6,81;RAIZEN;6,81;0,0;0,0;6,592758620689655;6,61;0,1999999999999993;6,55;0,2599999999999998;3,9694656488549587;93;False
TYRESOLES DE SERGIPE INDUSTRIA COMERCIO E SERVICOS LTDA;13007828001004;LUZIA;GASOLINA ADITIVADA;03/02/2025;6,97;RAIZEN;6,81;0,16000000000000014;2,349486049926581;6,6;6,61;0,35999999999999943;6,55;0,41999999999999993;6,412213740458014;93;False
TYRESOLES DE SERGIPE INDUSTRIA COMERCIO E SERVICOS LTDA;13007828001004;LUZIA;GASOLINA ADITIVADA;11/02/2025;7,01;RAIZEN;6,97;0,040000000000000036;0,5738880918220952;6,611935483870968;6,61;0,39999999999999947;6,75;0,2599999999999998;3,8518518518518485;93;False
TYRESOLES DE SERGIPE INDUSTRIA COMERCIO E SERVICOS LTDA;13007828001004;LUZIA;GASOLINA ADITIVADA;18/02/2025;7,01;RAIZEN;7,01;0,0;0,0;6,624375000000001;6,62;0,3899999999999997;6,75;0,2599999999999998;3,8518518518518485;93;False
TYRESOLES DE SERGIPE INDUSTRIA COMERCIO E SERVICOS LTDA;13007828001004;LUZIA;GASOLINA ADITIVADA;25/02/2025;7,01;RAIZEN;7,01;0,0;0,0;6,636060606060607;6,63;0,3799999999999999;6,75;0,2599999999999998;3,8518518518518485;93;False
TYRESOLES DE SERGIPE INDUSTRIA COMERCIO E SERVICOS LTDA;13007828001004;LUZIA;GASOLINA ADITIVADA;03/03/2025;7,01;RAIZEN;7,01;0,0;0,0;6,647058823529412;6,63;0,3799999999999999;6,75;0,2599999999999998;3,8518518518518485;93;False
TYRESOLES DE SERGIPE INDUSTRIA COMERCIO E SERVICOS LTDA;13007828001004;LUZIA;GASOLINA ADITIVADA;11/03/2025;7,01;RAIZEN;7,01;0,0;0,0;6,6574285714285715;6,63;0,3799999999999999;6,75;0,2599999999999998;3,8518518518518485;93;False
TYRESOLES DE SERGIPE INDUSTRIA COMERCIO E SERVICOS LTDA;13007828001004;LUZIA;GASOLINA ADITIVADA;18/03/2025;7,01;RAIZEN;7,01;0,0;0,0;6,667222222222223;6,63;0,3799999999999999;6,75;0,2599999999999998;3,8518518518518485;93;False
TYRESOLES DE SERGIPE INDUSTRIA COMERCIO E SERVICOS LTDA;13007828001004;LUZIA;GASOLINA ADITIVADA;25/03/2025;7,01;RAIZEN;7,01;0,0;0,0;6,676486486486486;6,63;0,3799999999999999;6,75;0,2599999999999998;3,8518518518518485;93;False
TYRESOLES DE SERGIPE INDUSTRIA COMERCIO E SERVICOS LTDA;13007828001004;LUZIA;GASOLINA ADITIVADA;31/03/2025;7,01;RAIZEN;7,01;0,0;0,0;6,685263157894736;6,66;0,34999999999999964;6,75;0,2599999999999998;3,8518518518518485;93;False
TYRESOLES DE SERGIPE INDUSTRIA COMERCIO E SERVICOS LTDA;13007828001004;LUZIA;GASOLINA ADITIVADA;08/04/2025;7,01;RAIZEN;7,01;0,0;0,0;6,693589743589744;6,69;0,3199999999999994;6,75;0,2599999999999998;3,8518518518518485;93;False
TYRESOLES DE SERGIPE INDUSTRIA COMERCIO E SERVICOS LTDA;13007828001004;LUZIA;GASOLINA ADITIVADA;15/04/2025;6,91;RAIZEN;7,01;-0,09999999999999964;-1,426533523537798;6,7015;6,710000000000001;0,1999999999999993;6,65;0,2599999999999998;3,9097744360902222;93;False
TYRESOLES DE SERGIPE INDUSTRIA COMERCIO E SERVICOS LTDA;13007828001004;LUZIA;GASOLINA ADITIVADA;22/04/2025;6,91;RAIZEN;6,91;0,0;0,0;6,706585365853659;6,73;0,17999999999999972;6,695;0,21499999999999986;3,2113517550410733;93;False
TYRESOLES DE SERGIPE INDUSTRIA COMERCIO E SERVICOS LTDA;13007828001004;LUZIA;GASOLINA ADITIVADA;29/04/2025;6,91;RAIZEN;6,91;0,0;0,0;6,711428571428572;6,73;0,17999999999999972;6,75;0,16000000000000014;2,3703703703703725;93;False
TYRESOLES DE SERGIPE INDUSTRIA COMERCIO E SERVICOS LTDA;13007828001004;LUZIA;GASOLINA ADITIVADA;05/05/2025;7,01;RAIZEN;6,91;0,09999999999999964;1,4471780028943508;6,716046511627908;6,73;0,27999999999999936;6,75;0,2599999999999998;3,8518518518518485;93;False
TYRESOLES DE SERGIPE INDUSTRIA COMERCIO E SERVICOS LTDA;13007828001004;LUZIA;GASOLINA ADITIVADA;12/05/2025;7,01;RAIZEN;7,01;0,0;0,0;6,722727272727273;6,73;0,27999999999999936;6,734999999999999;0,27500000000000036;4,083147735708988;93;False
TYRESOLES DE SERGIPE INDUSTRIA COMERCIO E SERVICOS LTDA;13007828001004;LUZIA;GASOLINA ADITIVADA;19/05/2025;7,01;RAIZEN;7,01;0,0;0,0;6,729111111111111;6,73;0,27999999999999936;6,775;0,23499999999999943;3,4686346863468547;93;False
TYRESOLES DE SERGIPE INDUSTRIA COMERCIO E SERVICOS LTDA;13007828001004;LUZIA;GASOLINA ADITIVADA;27/05/2025;7,01;RAIZEN;7,01;0,0;0,0;6,735217391304348;6,73;0,27999999999999936;6,8;0,20999999999999996;3,0882352941176463;93;False
TYRESOLES DE SERGIPE INDUSTRIA COMERCIO E SERVICOS LTDA;13007828001004;LUZIA;GASOLINA ADITIVADA;03/06/2025;7,01;RAIZEN;7,01;0,0;0,0;6,741063829787234;6,73;0,27999999999999936;6,8;0,20999999999999996;3,0882352941176463;93;False
TYRESOLES DE SERGIPE INDUSTRIA COMERCIO E SERVICOS LTDA;13007828001004;LUZIA;GASOLINA ADITIVADA;09/06/2025;7,01;RAIZEN;7,01;0,0;0,0;6,746666666666666;6,73;0,27999999999999936;6,76;0,25;3,698224852071006;93;False
TYRESOLES DE SERGIPE INDUSTRIA COMERCIO E SERVICOS LTDA;13007828001004;LUZIA;GASOLINA ADITIVADA;16/06/2025;7,01;RAIZEN;7,01;0,0;0,0;6,752040816326531;6,73;0,27999999999999936;6,8;0,20999999999999996;3,0882352941176463;93;False
TYRESOLES DE SERGIPE INDUSTRIA COMERCIO E SERVICOS LTDA;13007828001004;LUZIA;GASOLINA ADITIVADA;24/06/2025;7,01;RAIZEN;7,01;0,0;0,0;6,7572;6,76;0,25;6,8;0,20999999999999996;3,0882352941176463;93;False
TYRESOLES DE SERGIPE INDUSTRIA COMERCIO E SERVICOS LTDA;13007828001004;LUZIA;GASOLINA ADITIVADA;30/06/2025;7,01;RAIZEN;7,01;0,0;0,0;6,7621568627450985;6,79;0,21999999999999975;6,8;0,20999999999999996;3,0882352941176463;93;False
TYRESOLES DE SERGIPE INDUSTRIA COMERCIO E SERVICOS LTDA;13007828001004;LUZIA;GASOLINA ADITIVADA;08/07/2025;7,01;RAIZEN;7,01;0,0;0,0;6,766923076923077;6,79;0,21999999999999975;6,8;0,20999999999999996;3,0882352941176463;93;False
TYRESOLES DE SERGIPE INDUSTRIA COMERCIO E SERVICOS LTDA;13007828001004;LUZIA;GASOLINA ADITIVADA;15/07/2025;7,01;RAIZEN;7,01;0,0;0,0;6,7715094339622635;6,79;0,21999999999999975;6,8;0,20999999999999996;3,0882352941176463;93;False
TYRESOLES DE SERGIPE INDUSTRIA COMERCIO E SERVICOS LTDA;13007828001004;LUZIA;GASOLINA ADITIVADA;22/07/2025;7,01;RAIZEN;7,01;0,0;0,0;6,775925925925925;6,8;0,20999999999999996;6,8;0,20999999999999996;3,0882352941176463;93;False
TYRESOLES DE SERGIPE INDUSTRIA COMERCIO E SERVICOS LTDA;13007828001004;LUZIA;GASOLINA ADITIVADA;28/07/2025;7,01;RAIZEN;7,01;0,0;0,0;6,780181818181819;6,81;0,20000000000000018;6,8;0,20999999999999996;3,0882352941176463;93;False
TYRESOLES DE SERGIPE INDUSTRIA COMERCIO E SERVICOS LTDA;13007828001004;LUZIA;GASOLINA ADITIVADA;05/08/2025;7,01;RAIZEN;7,01;0,0;0,0;6,784285714285715;6,81;0,20000000000000018;6,8;0,20999999999999996;3,0882352941176463;93;False
TYRESOLES DE SERGIPE INDUSTRIA COMERCIO E SERVICOS LTDA;13007828001004;LUZIA;GASOLINA ADITIVADA;12/08/2025;7,01;RAIZEN;7,01;0,0;0,0;6,7882456140350875;6,81;0,20000000000000018;6,76;0,25;3,698224852071006;93;False
TYRESOLES DE SERGIPE INDUSTRIA COMERCIO E SERVICOS LTDA;13007828001004;LUZIA;GASOLINA ADITIVADA;19/08/2025;7,01;RAIZEN;7,01;0,0;0,0;6,792068965517242;6,81;0,20000000000000018;6,8;0,20999999999999996;3,0882352941176463;93;False
TYRESOLES DE SERGIPE INDUSTRIA COMERCIO E SERVICOS LTDA;13007828001004;LUZIA;GASOLINA ADITIVADA;27/08/2025;7,01;RAIZEN;7,01;0,0;0,0;6,795762711864406;6,81;0,20000000000000018;6,72;0,29000000000000004;4,315476190476191;93;False
TYRESOLES DE SERGIPE INDUSTRIA COMERCIO E SERVICOS LTDA;13007828001004;LUZIA;GASOLINA ADITIVADA;02/09/2025;7,01;RAIZEN;7,01;0,0;0,0;6,799333333333333;6,859999999999999;0,15000000000000036;6,795;0,21499999999999986;3,16409124356144;93;False
TYRESOLES DE SERGIPE INDUSTRIA COMERCIO E SERVICOS LTDA;13007828001004;LUZIA;GASOLINA ADITIVADA;09/09/2025;7,01;RAIZEN;7,01;0,0;0,0;6,802786885245902;6,91;0,09999999999999964;6,795;0,21499999999999986;3,16409124356144;93;False
TYRESOLES DE SERGIPE INDUSTRIA COMERCIO E SERVICOS LTDA;13007828001004;LUZIA;GASOLINA ADITIVADA;16/09/2025;7,01;RAIZEN;7,01;0,0;0,0;6,806129032258065;6,91;0,09999999999999964;6,89;0,1200000000000001;1,7416545718432528;93;False
TYRESOLES DE SERGIPE INDUSTRIA COMERCIO E SERVICOS LTDA;13007828001004;LUZIA;GASOLINA ADITIVADA;22/09/2025;7,01;RAIZEN;7,01;0,0;0,0;6,8093650793650795;6,91;0,09999999999999964;6,8149999999999995;0,19500000000000028;2,8613352898019118;93;False
TYRESOLES DE SERGIPE INDUSTRIA COMERCIO E SERVICOS LTDA;13007828001004;LUZIA;GASOLINA ADITIVADA;30/09/2025;7,01;RAIZEN;7,01;0,0;0,0;6,8125;6,91;0,09999999999999964;6,8149999999999995;0,19500000000000028;2,8613352898019118;93;False
TYRESOLES DE SERGIPE INDUSTRIA COMERCIO E SERVICOS LTDA;13007828001004;LUZIA;GASOLINA ADITIVADA;06/10/2025;7,01;RAIZEN;7,01;0,0;0,0;6,815538461538462;6,91;0,09999999999999964;6,8149999999999995;0,19500000000000028;2,8613352898019118;93;False
TYRESOLES DE SERGIPE INDUSTRIA COMERCIO E SERVICOS LTDA;13007828001004;LUZIA;GASOLINA ADITIVADA;13/10/2025;7,01;RAIZEN;7,01;0,0;0,0;6,818484848484848;6,9399999999999995;0,07000000000000028;6,76;0,25;3,698224852071006;93;False
TYRESOLES DE SERGIPE INDUSTRIA COMERCIO E SERVICOS LTDA;13007828001004;LUZIA;GASOLINA ADITIVADA;20/10/2025;7,01;RAIZEN;7,01;0,0;0,0;6,821343283582089;6,97;0,040000000000000036;6,72;0,29000000000000004;4,315476190476191;93;False
TYRESOLES DE SERGIPE INDUSTRIA COMERCIO E SERVICOS LTDA;13007828001004;LUZIA;GASOLINA ADITIVADA;28/10/2025;6,91;RAIZEN;7,01;-0,09999999999999964;-1,426533523537798;6,824117647058824;6,99;-0,08000000000000007;6,74;0,16999999999999993;2,522255192878337;93;False
TYRESOLES DE SERGIPE INDUSTRIA COMERCIO E SERVICOS LTDA;13007828001004;LUZIA;GASOLINA ADITIVADA;04/11/2025;6,91;RAIZEN;6,91;0,0;0,0;6,82536231884058;6,97;-0,05999999999999961;6,765000000000001;0,14499999999999957;2,143385070214332;93;False
TYRESOLES DE SERGIPE INDUSTRIA COMERCIO E SERVICOS LTDA;13007828001004;LUZIA;GASOLINA ADITIVADA;11/11/2025;6,91;RAIZEN;6,91;0,0;0,0;6,8265714285714285;6,9399999999999995;-0,02999999999999936;6,65;0,2599999999999998;3,9097744360902222;93;False
TYRESOLES DE SERGIPE INDUSTRIA COMERCIO E SERVICOS LTDA;13007828001004;LUZIA;GASOLINA ADITIVADA;18/11/2025;6,91;RAIZEN;6,91;0,0;0,0;6,827746478873239;6,91;0,0;6,71;0,20000000000000018;2,9806259314456063;93;False
TYRESOLES DE SERGIPE INDUSTRIA COMERCIO E SERVICOS LTDA;13007828001004;LUZIA;GASOLINA ADITIVADA;25/11/2025;6,91;RAIZEN;6,91;0,0;0,0;6,828888888888889;6,91;0,0;6,71;0,20000000000000018;2,9806259314456063;93;False
TYRESOLES DE SERGIPE INDUSTRIA COMERCIO E SERVICOS LTDA;13007828001004;LUZIA;GASOLINA ADITIVADA;17/12/2025;6,91;RAIZEN;6,91;0,0;0,0;6,83;6,91;0,0;6,74;0,16999999999999993;2,522255192878337;93;False
TYRESOLES DE SERGIPE INDUSTRIA COMERCIO E SERVICOS LTDA;13007828001004;LUZIA;GASOLINA ADITIVADA;24/12/2025;6,91;RAIZEN;6,91;0,0;0,0;6,831081081081081;6,91;0,0;6,74;0,16999999999999993;2,522255192878337;93;False
TYRESOLES DE SERGIPE INDUSTRIA COMERCIO E SERVICOS LTDA;13007828001004;LUZIA;GASOLINA ADITIVADA;13/01/2026;6,91;RAIZEN;6,91;0,0;0,0;6,832133333333333;6,91;0,0;6,74;0,16999999999999993;2,522255192878337;93;False
TYRESOLES DE SERGIPE INDUSTRIA COMERCIO E SERVICOS LTDA;13007828001004;LUZIA;GASOLINA ADITIVADA;22/01/2026;6,91;RAIZEN;6,91;0,0;0,0;6,833157894736843;6,91;0,0;6,765000000000001;0,14499999999999957;2,143385070214332;93;False
TYRESOLES DE SERGIPE INDUSTRIA COMERCIO E SERVICOS LTDA;13007828001004;LUZIA;GASOLINA ADITIVADA;27/01/2026;6,91;RAIZEN;6,91;0,0;0,0;6,834155844155845;6,91;0,0;6,79;0,1200000000000001;1,767304860088367;93;False
TYRESOLES DE SERGIPE INDUSTRIA COMERCIO E SERVICOS LTDA;13007828001004;LUZIA;GASOLINA ADITIVADA;10/02/2026;6,91;RAIZEN;6,91;0,0;0,0;6,835128205128205;6,91;0,0;6,79;0,1200000000000001;1,767304860088367;93;False
TYRESOLES DE SERGIPE INDUSTRIA COMERCIO E SERVICOS LTDA;13007828001004;LUZIA;GASOLINA ADITIVADA;04/03/2026;6,57;RAIZEN;6,91;-0,33999999999999986;-4,920405209840808;6,836075949367088;6,91;-0,33999999999999986;6,74;-0,16999999999999993;-2,522255192878337;93;False
TYRESOLES DE SERGIPE INDUSTRIA COMERCIO E SERVICOS LTDA;13007828001004;LUZIA;GASOLINA ADITIVADA;09/03/2026;6,87;RAIZEN;6,57;0,2999999999999998;4,566210045662097;6,83275;6,91;-0,040000000000000036;6,93;-0,05999999999999961;-0,8658008658008602;93;False
TYRESOLES DE SERGIPE INDUSTRIA COMERCIO E SERVICOS LTDA;13007828001004;LUZIA;GASOLINA ADITIVADA;20/03/2026;7,39;RAIZEN;6,87;0,5199999999999996;7,569141193595335;6,83320987654321;6,91;0,47999999999999954;7,29;0,09999999999999964;1,3717421124828484;93;False
TYRESOLES DE SERGIPE INDUSTRIA COMERCIO E SERVICOS LTDA;13007828001004;LUZIA;GASOLINA ADITIVADA;30/03/2026;7,39;RAIZEN;7,39;0,0;0,0;6,84;6,91;0,47999999999999954;7,34;0,04999999999999982;0,6811989100817415;93;False
TYRESOLES DE SERGIPE INDUSTRIA COMERCIO E SERVICOS LTDA;13007828001004;LUZIA;GASOLINA ADITIVADA;07/04/2026;7,49;RAIZEN;7,39;0,10000000000000053;1,3531799729364078;6,846626506024096;6,91;0,5800000000000001;7,29;0,20000000000000018;2,7434842249657088;93;False
TYRESOLES DE SERGIPE INDUSTRIA COMERCIO E SERVICOS LTDA;13007828001004;LUZIA;GASOLINA ADITIVADA;04/05/2026;7,63;RAIZEN;7,49;0,13999999999999968;1,8691588785046687;6,854285714285714;6,91;0,7199999999999998;7,34;0,29000000000000004;3,9509536784741153;93;False
TYRESOLES DE SERGIPE INDUSTRIA COMERCIO E SERVICOS LTDA;13007828001004;LUZIA;GASOLINA ADITIVADA;12/05/2026;7,93;RAIZEN;7,63;0,2999999999999998;3,931847968545214;6,863411764705882;6,91;1,0199999999999996;7,57;0,35999999999999943;4,755614266842793;93;False
TYRESOLES DE SERGIPE INDUSTRIA COMERCIO E SERVICOS LTDA;13007828001004;LUZIA;GASOLINA ADITIVADA;18/05/2026;7,93;RAIZEN;7,93;0,0;0,0;6,875813953488373;6,91;1,0199999999999996;7,555;0,375;4,963600264725348;93;False
TYRESOLES DE SERGIPE INDUSTRIA COMERCIO E SERVICOS LTDA;13007828001004;LUZIA;GASOLINA ADITIVADA;26/05/2026;7,53;RAIZEN;7,93;-0,39999999999999947;-5,044136191677169;6,887931034482759;6,91;0,6200000000000001;7,28;0,25;3,434065934065934;93;False
TYRESOLES DE SERGIPE INDUSTRIA COMERCIO E SERVICOS LTDA;13007828001004;LUZIA;GASOLINA ADITIVADA;02/06/2026;7,53;RAIZEN;7,53;0,0;0,0;6,895227272727272;6,91;0,6200000000000001;7,22;0,3100000000000005;4,2936288088642725;93;False
TYRESOLES DE SERGIPE INDUSTRIA COMERCIO E SERVICOS LTDA;13007828001004;LUZIA;GASOLINA ADITIVADA;08/06/2026;7,53;RAIZEN;7,53;0,0;0,0;6,902359550561797;6,91;0,6200000000000001;7,205;0,3250000000000002;4,510756419153368;93;False
TYRESOLES DE SERGIPE INDUSTRIA COMERCIO E SERVICOS LTDA;13007828001004;LUZIA;GASOLINA ADITIVADA;16/06/2026;7,53;RAIZEN;7,53;0,0;0,0;6,9093333333333335;6,91;0,6200000000000001;7,28;0,25;3,434065934065934;93;False
TYRESOLES DE SERGIPE INDUSTRIA COMERCIO E SERVICOS LTDA;13007828001004;LUZIA;GASOLINA ADITIVADA;23/06/2026;7,53;RAIZEN;7,53;0,0;0,0;6,916153846153846;6,91;0,6200000000000001;7,26;0,27000000000000046;3,719008264462816;93;False
TYRESOLES DE SERGIPE INDUSTRIA COMERCIO E SERVICOS LTDA;13007828001004;LUZIA;GASOLINA ADITIVADA;29/06/2026;7,53;RAIZEN;7,53;0,0;0,0;6,922826086956522;6,9399999999999995;0,5900000000000007;7,26;0,27000000000000046;3,719008264462816;93;False
AMARAL & CIA LTDA;13008610000183;SIQUEIRA CAMPOS;DIESEL S10;10/07/2024;6,38;VIBRA;;;;;;;5,895;0,4850000000000003;8,2273112807464;91;False
AMARAL & CIA LTDA;13008610000183;SIQUEIRA CAMPOS;DIESEL S10;17/07/2024;6,38;VIBRA;6,38;0,0;0,0;6,38;6,38;0,0;5,99;0,3899999999999997;6,510851419031714;91;False
AMARAL & CIA LTDA;13008610000183;SIQUEIRA CAMPOS;DIESEL S10;23/07/2024;6,38;VIBRA;6,38;0,0;0,0;6,38;6,38;0,0;6,1850000000000005;0,1949999999999994;3,1527890056588417;91;False
AMARAL & CIA LTDA;13008610000183;SIQUEIRA CAMPOS;DIESEL S10;30/07/2024;6,38;VIBRA;6,38;0,0;0,0;6,38;6,38;0,0;6,335;0,04499999999999993;0,7103393843725324;91;False
AMARAL & CIA LTDA;13008610000183;SIQUEIRA CAMPOS;DIESEL S10;06/08/2024;6,38;VIBRA;6,38;0,0;0,0;6,38;6,38;0,0;6,275;0,10499999999999954;1,6733067729083588;91;False
AMARAL & CIA LTDA;13008610000183;SIQUEIRA CAMPOS;DIESEL S10;12/08/2024;6,38;VIBRA;6,38;0,0;0,0;6,38;6,38;0,0;6,275;0,10499999999999954;1,6733067729083588;91;False
AMARAL & CIA LTDA;13008610000183;SIQUEIRA CAMPOS;DIESEL S10;19/08/2024;6,38;VIBRA;6,38;0,0;0,0;6,38;6,38;0,0;6,275;0,10499999999999954;1,6733067729083588;91;False
AMARAL & CIA LTDA;13008610000183;SIQUEIRA CAMPOS;DIESEL S10;26/08/2024;6,38;VIBRA;6,38;0,0;0,0;6,38;6,38;0,0;6,275;0,10499999999999954;1,6733067729083588;91;False
AMARAL & CIA LTDA;13008610000183;SIQUEIRA CAMPOS;DIESEL S10;03/09/2024;6,38;VIBRA;6,38;0,0;0,0;6,38;6,38;0,0;6,275;0,10499999999999954;1,6733067729083588;91;False
AMARAL & CIA LTDA;13008610000183;SIQUEIRA CAMPOS;DIESEL S10;09/09/2024;6,38;VIBRA;6,38;0,0;0,0;6,38;6,38;0,0;6,275;0,10499999999999954;1,6733067729083588;91;False
AMARAL & CIA LTDA;13008610000183;SIQUEIRA CAMPOS;DIESEL S10;17/09/2024;6,28;VIBRA;6,38;-0,09999999999999964;-1,5673981191222515;6,38;6,38;-0,09999999999999964;6,08;0,20000000000000018;3,2894736842105288;91;False
AMARAL & CIA LTDA;13008610000183;SIQUEIRA CAMPOS;DIESEL S10;24/09/2024;6,28;VIBRA;6,28;0,0;0,0;6,370909090909091;6,38;-0,09999999999999964;6,08;0,20000000000000018;3,2894736842105288;91;False
AMARAL & CIA LTDA;13008610000183;SIQUEIRA CAMPOS;DIESEL S10;30/09/2024;6,28;VIBRA;6,28;0,0;0,0;6,363333333333333;6,38;-0,09999999999999964;6,08;0,20000000000000018;3,2894736842105288;91;False
AMARAL & CIA LTDA;13008610000183;SIQUEIRA CAMPOS;DIESEL S10;07/10/2024;6,28;VIBRA;6,28;0,0;0,0;6,356923076923077;6,38;-0,09999999999999964;6,08;0,20000000000000018;3,2894736842105288;91;False
AMARAL & CIA LTDA;13008610000183;SIQUEIRA CAMPOS;DIESEL S10;15/10/2024;6,28;VIBRA;6,28;0,0;0,0;6,351428571428571;6,38;-0,09999999999999964;6,08;0,20000000000000018;3,2894736842105288;91;False
AMARAL & CIA LTDA;13008610000183;SIQUEIRA CAMPOS;DIESEL S10;21/10/2024;6,19;VIBRA;6,28;-0,08999999999999986;-1,433121019108278;6,346666666666667;6,38;-0,1899999999999995;5,970000000000001;0,21999999999999975;3,685092127303178;91;False
AMARAL & CIA LTDA;13008610000183;SIQUEIRA CAMPOS;DIESEL S10;28/10/2024;6,19;VIBRA;6,19;0,0;0,0;6,336875;6,38;-0,1899999999999995;5,95;0,2400000000000002;4,033613445378155;91;False
AMARAL & CIA LTDA;13008610000183;SIQUEIRA CAMPOS;DIESEL S10;04/11/2024;6,19;VIBRA;6,19;0,0;0,0;6,328235294117647;6,38;-0,1899999999999995;5,890000000000001;0,2999999999999998;5,093378607809844;91;False
AMARAL & CIA LTDA;13008610000183;SIQUEIRA CAMPOS;DIESEL S10;11/11/2024;6,19;VIBRA;6,19;0,0;0,0;6,320555555555555;6,38;-0,1899999999999995;5,890000000000001;0,2999999999999998;5,093378607809844;91;False
AMARAL & CIA LTDA;13008610000183;SIQUEIRA CAMPOS;DIESEL S10;18/11/2024;6,19;VIBRA;6,19;0,0;0,0;6,313684210526316;6,38;-0,1899999999999995;5,915;0,27500000000000036;4,649196956889271;91;False
AMARAL & CIA LTDA;13008610000183;SIQUEIRA CAMPOS;DIESEL S10;25/11/2024;6,19;VIBRA;6,19;0,0;0,0;6,3075;6,33;-0,13999999999999968;5,915;0,27500000000000036;4,649196956889271;91;False
AMARAL & CIA LTDA;13008610000183;SIQUEIRA CAMPOS;DIESEL S10;03/12/2024;6,19;VIBRA;6,19;0,0;0,0;6,301904761904762;6,28;-0,08999999999999986;5,99;0,20000000000000018;3,3388981636060127;91;False
AMARAL & CIA LTDA;13008610000183;SIQUEIRA CAMPOS;DIESEL S10;09/12/2024;6,19;VIBRA;6,19;0,0;0,0;6,296818181818182;6,28;-0,08999999999999986;5,99;0,20000000000000018;3,3388981636060127;91;False
AMARAL & CIA LTDA;13008610000183;SIQUEIRA CAMPOS;DIESEL S10;16/12/2024;6,19;VIBRA;6,19;0,0;0,0;6,292173913043478;6,28;-0,08999999999999986;5,89;0,3000000000000007;5,09337860780986;91;False
AMARAL & CIA LTDA;13008610000183;SIQUEIRA CAMPOS;DIESEL S10;23/12/2024;6,29;VIBRA;6,19;0,09999999999999964;1,6155088852988633;6,287916666666667;6,28;0,009999999999999787;6,029999999999999;0,2600000000000007;4,311774461028204;91;False
AMARAL & CIA LTDA;13008610000183;SIQUEIRA CAMPOS;DIESEL S10;30/12/2024;6,29;VIBRA;6,29;0,0;0,0;6,288;6,28;0,009999999999999787;6,029999999999999;0,2600000000000007;4,311774461028204;91;False
AMARAL & CIA LTDA;13008610000183;SIQUEIRA CAMPOS;DIESEL S10;06/01/2025;6,29;VIBRA;6,29;0,0;0,0;6,288076923076924;6,28;0,009999999999999787;6,029999999999999;0,2600000000000007;4,311774461028204;91;False
AMARAL & CIA LTDA;13008610000183;SIQUEIRA CAMPOS;DIESEL S10;13/01/2025;6,29;VIBRA;6,29;0,0;0,0;6,2881481481481485;6,28;0,009999999999999787;6,17;0,1200000000000001;1,94489465153971;91;False
AMARAL & CIA LTDA;13008610000183;SIQUEIRA CAMPOS;DIESEL S10;20/01/2025;6,29;VIBRA;6,29;0,0;0,0;6,288214285714285;6,285;0,004999999999999893;6,05;0,2400000000000002;3,9669421487603342;91;False
AMARAL & CIA LTDA;13008610000183;SIQUEIRA CAMPOS;DIESEL S10;28/01/2025;6,29;VIBRA;6,29;0,0;0,0;6,288275862068966;6,29;0,0;6,17;0,1200000000000001;1,94489465153971;91;False
AMARAL & CIA LTDA;13008610000183;SIQUEIRA CAMPOS;DIESEL S10;03/02/2025;6,29;VIBRA;6,29;0,0;0,0;6,288333333333333;6,29;0,0;6,17;0,1200000000000001;1,94489465153971;91;False
AMARAL & CIA LTDA;13008610000183;SIQUEIRA CAMPOS;DIESEL S10;11/02/2025;6,62;VIBRA;6,29;0,33000000000000007;5,246422893481719;6,288387096774193;6,29;0,33000000000000007;6,36;0,2599999999999998;4,088050314465405;91;False
AMARAL & CIA LTDA;13008610000183;SIQUEIRA CAMPOS;DIESEL S10;18/02/2025;6,62;VIBRA;6,62;0,0;0,0;6,29875;6,29;0,33000000000000007;6,36;0,2599999999999998;4,088050314465405;91;False
AMARAL & CIA LTDA;13008610000183;SIQUEIRA CAMPOS;DIESEL S10;25/02/2025;6,62;VIBRA;6,62;0,0;0,0;6,308484848484849;6,29;0,33000000000000007;6,36;0,2599999999999998;4,088050314465405;91;False
AMARAL & CIA LTDA;13008610000183;SIQUEIRA CAMPOS;DIESEL S10;03/03/2025;6,62;VIBRA;6,62;0,0;0,0;6,31764705882353;6,29;0,33000000000000007;6,36;0,2599999999999998;4,088050314465405;91;False
AMARAL & CIA LTDA;13008610000183;SIQUEIRA CAMPOS;DIESEL S10;11/03/2025;6,62;VIBRA;6,62;0,0;0,0;6,3262857142857145;6,29;0,33000000000000007;6,36;0,2599999999999998;4,088050314465405;91;False
AMARAL & CIA LTDA;13008610000183;SIQUEIRA CAMPOS;DIESEL S10;18/03/2025;6,62;VIBRA;6,62;0,0;0,0;6,334444444444444;6,29;0,33000000000000007;6,36;0,2599999999999998;4,088050314465405;91;False
AMARAL & CIA LTDA;13008610000183;SIQUEIRA CAMPOS;DIESEL S10;25/03/2025;6,62;VIBRA;6,62;0,0;0,0;6,342162162162162;6,29;0,33000000000000007;6,36;0,2599999999999998;4,088050314465405;91;False
AMARAL & CIA LTDA;13008610000183;SIQUEIRA CAMPOS;DIESEL S10;31/03/2025;6,62;VIBRA;6,62;0,0;0,0;6,349473684210526;6,29;0,33000000000000007;6,36;0,2599999999999998;4,088050314465405;91;False
AMARAL & CIA LTDA;13008610000183;SIQUEIRA CAMPOS;DIESEL S10;08/04/2025;6,62;VIBRA;6,62;0,0;0,0;6,356410256410257;6,29;0,33000000000000007;6,24;0,3799999999999999;6,089743589743588;91;False
AMARAL & CIA LTDA;13008610000183;SIQUEIRA CAMPOS;DIESEL S10;15/04/2025;6,62;VIBRA;6,62;0,0;0,0;6,363;6,29;0,33000000000000007;6,135;0,4850000000000003;7,9054604726976425;91;False
AMARAL & CIA LTDA;13008610000183;SIQUEIRA CAMPOS;DIESEL S10;22/04/2025;6,62;VIBRA;6,62;0,0;0,0;6,369268292682927;6,29;0,33000000000000007;6,035;0,585;9,693454846727423;91;False
AMARAL & CIA LTDA;13008610000183;SIQUEIRA CAMPOS;DIESEL S10;29/04/2025;6,62;VIBRA;6,62;0,0;0,0;6,375238095238095;6,335;0,28500000000000014;6,035;0,585;9,693454846727423;91;False
AMARAL & CIA LTDA;13008610000183;SIQUEIRA CAMPOS;DIESEL S10;05/05/2025;6,62;VIBRA;6,62;0,0;0,0;6,380930232558139;6,38;0,2400000000000002;6,035;0,585;9,693454846727423;91;False
AMARAL & CIA LTDA;13008610000183;SIQUEIRA CAMPOS;DIESEL S10;12/05/2025;6,62;VIBRA;6,62;0,0;0,0;6,386363636363637;6,38;0,2400000000000002;5,965;0,6550000000000002;10,98072087175189;91;False
AMARAL & CIA LTDA;13008610000183;SIQUEIRA CAMPOS;DIESEL S10;19/05/2025;6,28;VIBRA;6,62;-0,33999999999999986;-5,135951661631418;6,391555555555556;6,38;-0,09999999999999964;5,64;0,6400000000000006;11,347517730496465;91;False
AMARAL & CIA LTDA;13008610000183;SIQUEIRA CAMPOS;DIESEL S10;27/05/2025;6,28;VIBRA;6,28;0,0;0,0;6,389130434782608;6,38;-0,09999999999999964;5,96;0,3200000000000003;5,369127516778528;91;False
AMARAL & CIA LTDA;13008610000183;SIQUEIRA CAMPOS;DIESEL S10;03/06/2025;6,28;VIBRA;6,28;0,0;0,0;6,386808510638298;6,38;-0,09999999999999964;5,96;0,3200000000000003;5,369127516778528;91;False
AMARAL & CIA LTDA;13008610000183;SIQUEIRA CAMPOS;DIESEL S10;09/06/2025;6,28;VIBRA;6,28;0,0;0,0;6,384583333333333;6,335;-0,054999999999999716;5,64;0,6400000000000006;11,347517730496465;91;False
AMARAL & CIA LTDA;13008610000183;SIQUEIRA CAMPOS;DIESEL S10;16/06/2025;6,28;VIBRA;6,28;0,0;0,0;6,382448979591837;6,29;-0,009999999999999787;5,64;0,6400000000000006;11,347517730496465;91;False
AMARAL & CIA LTDA;13008610000183;SIQUEIRA CAMPOS;DIESEL S10;24/06/2025;6,28;VIBRA;6,28;0,0;0,0;6,3804;6,29;-0,009999999999999787;5,96;0,3200000000000003;5,369127516778528;91;False
AMARAL & CIA LTDA;13008610000183;SIQUEIRA CAMPOS;DIESEL S10;30/06/2025;6,28;VIBRA;6,28;0,0;0,0;6,37843137254902;6,29;-0,009999999999999787;5,96;0,3200000000000003;5,369127516778528;91;False
AMARAL & CIA LTDA;13008610000183;SIQUEIRA CAMPOS;DIESEL S10;08/07/2025;6,28;VIBRA;6,28;0,0;0,0;6,376538461538461;6,29;-0,009999999999999787;5,96;0,3200000000000003;5,369127516778528;91;False
AMARAL & CIA LTDA;13008610000183;SIQUEIRA CAMPOS;DIESEL S10;15/07/2025;6,28;VIBRA;6,28;0,0;0,0;6,374716981132075;6,29;-0,009999999999999787;5,96;0,3200000000000003;5,369127516778528;91;False
AMARAL & CIA LTDA;13008610000183;SIQUEIRA CAMPOS;DIESEL S10;22/07/2025;6,28;VIBRA;6,28;0,0;0,0;6,372962962962963;6,29;-0,009999999999999787;5,96;0,3200000000000003;5,369127516778528;91;False
AMARAL & CIA LTDA;13008610000183;SIQUEIRA CAMPOS;DIESEL S10;28/07/2025;6,28;VIBRA;6,28;0,0;0,0;6,371272727272728;6,29;-0,009999999999999787;5,98;0,2999999999999998;5,0167224080267525;91;False
AMARAL & CIA LTDA;13008610000183;SIQUEIRA CAMPOS;DIESEL S10;05/08/2025;6,28;VIBRA;6,28;0,0;0,0;6,369642857142857;6,29;-0,009999999999999787;5,98;0,2999999999999998;5,0167224080267525;91;False
AMARAL & CIA LTDA;13008610000183;SIQUEIRA CAMPOS;DIESEL S10;12/08/2025;6,28;VIBRA;6,28;0,0;0,0;6,368070175438596;6,29;-0,009999999999999787;5,68;0,6000000000000005;10,56338028169015;91;False
AMARAL & CIA LTDA;13008610000183;SIQUEIRA CAMPOS;DIESEL S10;19/08/2025;6,28;VIBRA;6,28;0,0;0,0;6,366551724137931;6,29;-0,009999999999999787;5,68;0,6000000000000005;10,56338028169015;91;False
AMARAL & CIA LTDA;13008610000183;SIQUEIRA CAMPOS;DIESEL S10;27/08/2025;6,28;VIBRA;6,28;0,0;0,0;6,365084745762712;6,29;-0,009999999999999787;5,68;0,6000000000000005;10,56338028169015;91;False
AMARAL & CIA LTDA;13008610000183;SIQUEIRA CAMPOS;DIESEL S10;02/09/2025;6,28;VIBRA;6,28;0,0;0,0;6,363666666666666;6,29;-0,009999999999999787;6,135;0,14500000000000046;2,3634881825590948;91;False
AMARAL & CIA LTDA;13008610000183;SIQUEIRA CAMPOS;DIESEL S10;09/09/2025;6,28;VIBRA;6,28;0,0;0,0;6,362295081967213;6,29;-0,009999999999999787;6,135;0,14500000000000046;2,3634881825590948;91;False
AMARAL & CIA LTDA;13008610000183;SIQUEIRA CAMPOS;DIESEL S10;17/09/2025;6,28;VIBRA;6,28;0,0;0,0;6,360967741935484;6,285;-0,004999999999999893;6,28;0,0;0,0;91;False
AMARAL & CIA LTDA;13008610000183;SIQUEIRA CAMPOS;DIESEL S10;22/09/2025;6,28;VIBRA;6,28;0,0;0,0;6,35968253968254;6,28;0,0;6,135;0,14500000000000046;2,3634881825590948;91;False
AMARAL & CIA LTDA;13008610000183;SIQUEIRA CAMPOS;DIESEL S10;30/09/2025;6,28;VIBRA;6,28;0,0;0,0;6,3584375;6,28;0,0;6,135;0,14500000000000046;2,3634881825590948;91;False
AMARAL & CIA LTDA;13008610000183;SIQUEIRA CAMPOS;DIESEL S10;06/10/2025;6,28;VIBRA;6,28;0,0;0,0;6,357230769230769;6,28;0,0;6,135;0,14500000000000046;2,3634881825590948;91;False
AMARAL & CIA LTDA;13008610000183;SIQUEIRA CAMPOS;DIESEL S10;13/10/2025;6,28;VIBRA;6,28;0,0;0,0;6,356060606060606;6,28;0,0;6,135;0,14500000000000046;2,3634881825590948;91;False
AMARAL & CIA LTDA;13008610000183;SIQUEIRA CAMPOS;DIESEL S10;20/10/2025;6,28;VIBRA;6,28;0,0;0,0;6,3549253731343285;6,28;0,0;6,28;0,0;0,0;91;False
AMARAL & CIA LTDA;13008610000183;SIQUEIRA CAMPOS;DIESEL S10;28/10/2025;6,28;VIBRA;6,28;0,0;0,0;6,353823529411764;6,28;0,0;6,28;0,0;0,0;91;False
AMARAL & CIA LTDA;13008610000183;SIQUEIRA CAMPOS;DIESEL S10;04/11/2025;6,28;VIBRA;6,28;0,0;0,0;6,3527536231884065;6,28;0,0;6,28;0,0;0,0;91;False
AMARAL & CIA LTDA;13008610000183;SIQUEIRA CAMPOS;DIESEL S10;11/11/2025;6,28;VIBRA;6,28;0,0;0,0;6,351714285714285;6,28;0,0;6,28;0,0;0,0;91;False
AMARAL & CIA LTDA;13008610000183;SIQUEIRA CAMPOS;DIESEL S10;18/11/2025;6,28;VIBRA;6,28;0,0;0,0;6,350704225352113;6,28;0,0;6,02;0,2600000000000007;4,318936877076424;91;False
AMARAL & CIA LTDA;13008610000183;SIQUEIRA CAMPOS;DIESEL S10;25/11/2025;6,28;VIBRA;6,28;0,0;0,0;6,349722222222223;6,28;0,0;6,28;0,0;0,0;91;False
AMARAL & CIA LTDA;13008610000183;SIQUEIRA CAMPOS;DIESEL S10;02/12/2025;6,28;VIBRA;6,28;0,0;0,0;6,348767123287672;6,28;0,0;6,02;0,2600000000000007;4,318936877076424;91;False
AMARAL & CIA LTDA;13008610000183;SIQUEIRA CAMPOS;DIESEL S10;09/12/2025;6,28;VIBRA;6,28;0,0;0,0;6,347837837837838;6,28;0,0;6,02;0,2600000000000007;4,318936877076424;91;False
AMARAL & CIA LTDA;13008610000183;SIQUEIRA CAMPOS;DIESEL S10;17/12/2025;6,28;VIBRA;6,28;0,0;0,0;6,346933333333334;6,28;0,0;6,02;0,2600000000000007;4,318936877076424;91;False
AMARAL & CIA LTDA;13008610000183;SIQUEIRA CAMPOS;DIESEL S10;24/12/2025;6,28;VIBRA;6,28;0,0;0,0;6,346052631578948;6,28;0,0;6,02;0,2600000000000007;4,318936877076424;91;False
AMARAL & CIA LTDA;13008610000183;SIQUEIRA CAMPOS;DIESEL S10;30/12/2025;6,28;VIBRA;6,28;0,0;0,0;6,345194805194806;6,28;0,0;6,28;0,0;0,0;91;False
AMARAL & CIA LTDA;13008610000183;SIQUEIRA CAMPOS;DIESEL S10;06/01/2026;6,28;VIBRA;6,28;0,0;0,0;6,344358974358975;6,28;0,0;6,02;0,2600000000000007;4,318936877076424;91;False
AMARAL & CIA LTDA;13008610000183;SIQUEIRA CAMPOS;DIESEL S10;13/01/2026;6,28;VIBRA;6,28;0,0;0,0;6,343544303797469;6,28;0,0;6,28;0,0;0,0;91;False
AMARAL & CIA LTDA;13008610000183;SIQUEIRA CAMPOS;DIESEL S10;22/01/2026;6,28;VIBRA;6,28;0,0;0,0;6,3427500000000006;6,28;0,0;6,28;0,0;0,0;91;False
AMARAL & CIA LTDA;13008610000183;SIQUEIRA CAMPOS;DIESEL S10;27/01/2026;6,28;VIBRA;6,28;0,0;0,0;6,341975308641976;6,28;0,0;6,28;0,0;0,0;91;False
AMARAL & CIA LTDA;13008610000183;SIQUEIRA CAMPOS;DIESEL S10;09/02/2026;6,28;VIBRA;6,28;0,0;0,0;6,3412195121951225;6,28;0,0;5,76;0,5200000000000005;9,027777777777786;91;False
AMARAL & CIA LTDA;13008610000183;SIQUEIRA CAMPOS;DIESEL S10;24/02/2026;6,28;VIBRA;6,28;0,0;0,0;6,340481927710843;6,28;0,0;6,02;0,2600000000000007;4,318936877076424;91;False
AMARAL & CIA LTDA;13008610000183;SIQUEIRA CAMPOS;DIESEL S10;03/03/2026;6,28;VIBRA;6,28;0,0;0,0;6,339761904761905;6,28;0,0;6,28;0,0;0,0;91;False
AMARAL & CIA LTDA;13008610000183;SIQUEIRA CAMPOS;DIESEL S10;09/03/2026;6,28;VIBRA;6,28;0,0;0,0;6,339058823529412;6,28;0,0;6,5;-0,21999999999999975;-3,384615384615381;91;False
AMARAL & CIA LTDA;13008610000183;SIQUEIRA CAMPOS;DIESEL S10;09/04/2026;7,3;VIBRA;6,28;1,0199999999999996;16,242038216560502;6,338372093023256;6,28;1,0199999999999996;7,3;0,0;0,0;91;False
AMARAL & CIA LTDA;13008610000183;SIQUEIRA CAMPOS;DIESEL S10;15/04/2026;7,3;VIBRA;7,3;0,0;0,0;6,349425287356322;6,28;1,0199999999999996;7,3;0,0;0,0;91;False
AMARAL & CIA LTDA;13008610000183;SIQUEIRA CAMPOS;DIESEL S10;23/04/2026;7,3;VIBRA;7,3;0,0;0,0;6,360227272727273;6,28;1,0199999999999996;7,3;0,0;0,0;91;False
AMARAL & CIA LTDA;13008610000183;SIQUEIRA CAMPOS;DIESEL S10;29/04/2026;7,3;VIBRA;7,3;0,0;0,0;6,370786516853933;6,28;1,0199999999999996;7,295;0,004999999999999893;0,06854009595613288;91;False
AMARAL & CIA LTDA;13008610000183;SIQUEIRA CAMPOS;DIESEL S10;07/05/2026;7,09;VIBRA;7,3;-0,20999999999999996;-2,876712328767123;6,381111111111112;6,28;0,8099999999999996;7,09;0,0;0,0;91;False
AMARAL & CIA LTDA;13008610000183;SIQUEIRA CAMPOS;ETANOL;10/07/2024;4,78;VIBRA;;;;;;;4,735;0,04499999999999993;0,9503695881731768;88;False
AMARAL & CIA LTDA;13008610000183;SIQUEIRA CAMPOS;ETANOL;17/07/2024;4,78;VIBRA;4,78;0,0;0,0;4,78;4,78;0,0;4,78;0,0;0,0;88;False
AMARAL & CIA LTDA;13008610000183;SIQUEIRA CAMPOS;ETANOL;23/07/2024;4,78;VIBRA;4,78;0,0;0,0;4,78;4,78;0,0;4,99;-0,20999999999999996;-4,208416833667334;88;False
AMARAL & CIA LTDA;13008610000183;SIQUEIRA CAMPOS;ETANOL;30/07/2024;4,88;VIBRA;4,78;0,09999999999999964;2,0920502092050137;4,78;4,78;0,09999999999999964;4,89;-0,009999999999999787;-0,20449897750510812;88;False
AMARAL & CIA LTDA;13008610000183;SIQUEIRA CAMPOS;ETANOL;06/08/2024;4,88;VIBRA;4,88;0,0;0,0;4,805;4,78;0,09999999999999964;4,89;-0,009999999999999787;-0,20449897750510812;88;False
AMARAL & CIA LTDA;13008610000183;SIQUEIRA CAMPOS;ETANOL;12/08/2024;4,88;VIBRA;4,88;0,0;0,0;4,82;4,78;0,09999999999999964;4,89;-0,009999999999999787;-0,20449897750510812;88;False
AMARAL & CIA LTDA;13008610000183;SIQUEIRA CAMPOS;ETANOL;19/08/2024;4,88;VIBRA;4,88;0,0;0,0;4,83;4,83;0,04999999999999982;4,89;-0,009999999999999787;-0,20449897750510812;88;False
AMARAL & CIA LTDA;13008610000183;SIQUEIRA CAMPOS;ETANOL;26/08/2024;4,88;VIBRA;4,88;0,0;0,0;4,837142857142857;4,88;0,0;4,89;-0,009999999999999787;-0,20449897750510812;88;False
AMARAL & CIA LTDA;13008610000183;SIQUEIRA CAMPOS;ETANOL;03/09/2024;4,88;VIBRA;4,88;0,0;0,0;4,8425;4,88;0,0;4,89;-0,009999999999999787;-0,20449897750510812;88;False
AMARAL & CIA LTDA;13008610000183;SIQUEIRA CAMPOS;ETANOL;09/09/2024;4,88;VIBRA;4,88;0,0;0,0;4,846666666666667;4,88;0,0;4,89;-0,009999999999999787;-0,20449897750510812;88;False
AMARAL & CIA LTDA;13008610000183;SIQUEIRA CAMPOS;ETANOL;17/09/2024;4,88;VIBRA;4,88;0,0;0,0;4,85;4,88;0,0;4,79;0,08999999999999986;1,8789144050104356;88;False
AMARAL & CIA LTDA;13008610000183;SIQUEIRA CAMPOS;ETANOL;24/09/2024;4,88;VIBRA;4,88;0,0;0,0;4,852727272727273;4,88;0,0;4,75;0,1299999999999999;2,7368421052631557;88;False
AMARAL & CIA LTDA;13008610000183;SIQUEIRA CAMPOS;ETANOL;30/09/2024;4,79;VIBRA;4,88;-0,08999999999999986;-1,8442622950819645;4,8549999999999995;4,88;-0,08999999999999986;4,75;0,040000000000000036;0,8421052631578954;88;False
AMARAL & CIA LTDA;13008610000183;SIQUEIRA CAMPOS;ETANOL;07/10/2024;4,79;VIBRA;4,79;0,0;0,0;4,85;4,88;-0,08999999999999986;4,59;0,20000000000000018;4,357298474945537;88;False
AMARAL & CIA LTDA;13008610000183;SIQUEIRA CAMPOS;ETANOL;15/10/2024;4,79;VIBRA;4,79;0,0;0,0;4,845714285714286;4,88;-0,08999999999999986;4,5600000000000005;0,22999999999999954;5,043859649122797;88;False
AMARAL & CIA LTDA;13008610000183;SIQUEIRA CAMPOS;ETANOL;21/10/2024;4,49;VIBRA;4,79;-0,2999999999999998;-6,2630480167014575;4,842;4,88;-0,3899999999999997;4,49;0,0;0,0;88;False
AMARAL & CIA LTDA;13008610000183;SIQUEIRA CAMPOS;ETANOL;28/10/2024;4,49;VIBRA;4,49;0,0;0,0;4,82;4,88;-0,3899999999999997;4,39;0,10000000000000053;2,2779043280182356;88;False
AMARAL & CIA LTDA;13008610000183;SIQUEIRA CAMPOS;ETANOL;04/11/2024;4,49;VIBRA;4,49;0,0;0,0;4,800588235294118;4,88;-0,3899999999999997;4,39;0,10000000000000053;2,2779043280182356;88;False
AMARAL & CIA LTDA;13008610000183;SIQUEIRA CAMPOS;ETANOL;11/11/2024;4,49;VIBRA;4,49;0,0;0,0;4,783333333333333;4,835;-0,34499999999999975;4,39;0,10000000000000053;2,2779043280182356;88;False
AMARAL & CIA LTDA;13008610000183;SIQUEIRA CAMPOS;ETANOL;18/11/2024;4,49;VIBRA;4,49;0,0;0,0;4,767894736842106;4,79;-0,2999999999999998;4,39;0,10000000000000053;2,2779043280182356;88;False
AMARAL & CIA LTDA;13008610000183;SIQUEIRA CAMPOS;ETANOL;25/11/2024;4,49;VIBRA;4,49;0,0;0,0;4,754;4,79;-0,2999999999999998;4,39;0,10000000000000053;2,2779043280182356;88;False
AMARAL & CIA LTDA;13008610000183;SIQUEIRA CAMPOS;ETANOL;03/12/2024;4,49;VIBRA;4,49;0,0;0,0;4,741428571428572;4,79;-0,2999999999999998;4,295;0,19500000000000028;4,540162980209553;88;False
AMARAL & CIA LTDA;13008610000183;SIQUEIRA CAMPOS;ETANOL;09/12/2024;4,49;VIBRA;4,49;0,0;0,0;4,73;4,79;-0,2999999999999998;4,295;0,19500000000000028;4,540162980209553;88;False
AMARAL & CIA LTDA;13008610000183;SIQUEIRA CAMPOS;ETANOL;16/12/2024;4,39;VIBRA;4,49;-0,10000000000000053;-2,2271714922049117;4,719565217391304;4,79;-0,40000000000000036;4,29;0,09999999999999964;2,3310023310023227;88;False
AMARAL & CIA LTDA;13008610000183;SIQUEIRA CAMPOS;ETANOL;23/12/2024;4,39;VIBRA;4,39;0,0;0,0;4,7058333333333335;4,785;-0,39500000000000046;4,29;0,09999999999999964;2,3310023310023227;88;False
AMARAL & CIA LTDA;13008610000183;SIQUEIRA CAMPOS;ETANOL;30/12/2024;4,39;VIBRA;4,39;0,0;0,0;4,6932;4,78;-0,39000000000000057;4,29;0,09999999999999964;2,3310023310023227;88;False
AMARAL & CIA LTDA;13008610000183;SIQUEIRA CAMPOS;ETANOL;06/01/2025;4,39;VIBRA;4,39;0,0;0,0;4,681538461538461;4,78;-0,39000000000000057;4,295;0,09499999999999975;2,211874272409773;88;False
AMARAL & CIA LTDA;13008610000183;SIQUEIRA CAMPOS;ETANOL;13/01/2025;4,59;VIBRA;4,39;0,20000000000000018;4,555808656036451;4,670740740740741;4,78;-0,1900000000000004;4,59;0,0;0,0;88;False
AMARAL & CIA LTDA;13008610000183;SIQUEIRA CAMPOS;ETANOL;20/01/2025;4,59;VIBRA;4,59;0,0;0,0;4,667857142857143;4,78;-0,1900000000000004;4,625;-0,03500000000000014;-0,7567567567567599;88;False
AMARAL & CIA LTDA;13008610000183;SIQUEIRA CAMPOS;ETANOL;28/01/2025;4,59;VIBRA;4,59;0,0;0,0;4,665172413793103;4,78;-0,1900000000000004;4,66;-0,07000000000000028;-1,5021459227467873;88;False
AMARAL & CIA LTDA;13008610000183;SIQUEIRA CAMPOS;ETANOL;03/02/2025;4,59;VIBRA;4,59;0,0;0,0;4,6626666666666665;4,6850000000000005;-0,09500000000000064;4,74;-0,15000000000000036;-3,1645569620253235;88;False
AMARAL & CIA LTDA;13008610000183;SIQUEIRA CAMPOS;ETANOL;11/02/2025;4,89;VIBRA;4,59;0,2999999999999998;6,535947712418297;4,660322580645161;4,59;0,2999999999999998;4,845;0,04499999999999993;0,9287925696594413;88;False
AMARAL & CIA LTDA;13008610000183;SIQUEIRA CAMPOS;ETANOL;18/02/2025;4,89;VIBRA;4,89;0,0;0,0;4,6675;4,6850000000000005;0,20499999999999918;4,89;0,0;0,0;88;False
AMARAL & CIA LTDA;13008610000183;SIQUEIRA CAMPOS;ETANOL;25/02/2025;4,89;VIBRA;4,89;0,0;0,0;4,674242424242424;4,78;0,10999999999999943;4,89;0,0;0,0;88;False
AMARAL & CIA LTDA;13008610000183;SIQUEIRA CAMPOS;ETANOL;03/03/2025;4,89;VIBRA;4,89;0,0;0,0;4,680588235294117;4,78;0,10999999999999943;4,89;0,0;0,0;88;False
AMARAL & CIA LTDA;13008610000183;SIQUEIRA CAMPOS;ETANOL;11/03/2025;4,89;VIBRA;4,89;0,0;0,0;4,686571428571429;4,78;0,10999999999999943;4,89;0,0;0,0;88;False
AMARAL & CIA LTDA;13008610000183;SIQUEIRA CAMPOS;ETANOL;18/03/2025;4,89;VIBRA;4,89;0,0;0,0;4,692222222222222;4,78;0,10999999999999943;4,89;0,0;0,0;88;False
AMARAL & CIA LTDA;13008610000183;SIQUEIRA CAMPOS;ETANOL;25/03/2025;4,89;VIBRA;4,89;0,0;0,0;4,697567567567567;4,78;0,10999999999999943;4,89;0,0;0,0;88;False
AMARAL & CIA LTDA;13008610000183;SIQUEIRA CAMPOS;ETANOL;31/03/2025;4,89;VIBRA;4,89;0,0;0,0;4,7026315789473685;4,785;0,10499999999999954;4,865;0,024999999999999467;0,5138746145940282;88;False
AMARAL & CIA LTDA;13008610000183;SIQUEIRA CAMPOS;ETANOL;08/04/2025;4,89;VIBRA;4,89;0,0;0,0;4,707435897435897;4,79;0,09999999999999964;4,865;0,024999999999999467;0,5138746145940282;88;False
AMARAL & CIA LTDA;13008610000183;SIQUEIRA CAMPOS;ETANOL;15/04/2025;4,89;VIBRA;4,89;0,0;0,0;4,712;4,79;0,09999999999999964;4,89;0,0;0,0;88;False
AMARAL & CIA LTDA;13008610000183;SIQUEIRA CAMPOS;ETANOL;22/04/2025;4,89;VIBRA;4,89;0,0;0,0;4,716341463414635;4,79;0,09999999999999964;4,89;0,0;0,0;88;False
AMARAL & CIA LTDA;13008610000183;SIQUEIRA CAMPOS;ETANOL;29/04/2025;4,89;VIBRA;4,89;0,0;0,0;4,72047619047619;4,79;0,09999999999999964;4,89;0,0;0,0;88;False
AMARAL & CIA LTDA;13008610000183;SIQUEIRA CAMPOS;ETANOL;05/05/2025;4,89;VIBRA;4,89;0,0;0,0;4,724418604651163;4,79;0,09999999999999964;4,89;0,0;0,0;88;False
AMARAL & CIA LTDA;13008610000183;SIQUEIRA CAMPOS;ETANOL;12/05/2025;4,89;VIBRA;4,89;0,0;0,0;4,728181818181818;4,835;0,054999999999999716;4,869999999999999;0,020000000000000462;0,4106776180698247;88;False
AMARAL & CIA LTDA;13008610000183;SIQUEIRA CAMPOS;ETANOL;19/05/2025;4,98;VIBRA;4,89;0,09000000000000075;1,8404907975460276;4,731777777777778;4,88;0,10000000000000053;4,94;0,040000000000000036;0,8097165991902842;88;False
AMARAL & CIA LTDA;13008610000183;SIQUEIRA CAMPOS;ETANOL;27/05/2025;4,98;VIBRA;4,98;0,0;0,0;4,7371739130434785;4,88;0,10000000000000053;4,965;0,015000000000000568;0,3021148036253891;88;False
AMARAL & CIA LTDA;13008610000183;SIQUEIRA CAMPOS;ETANOL;03/06/2025;4,98;VIBRA;4,98;0,0;0,0;4,742340425531915;4,88;0,10000000000000053;4,95;0,03000000000000025;0,6060606060606111;88;False
AMARAL & CIA LTDA;13008610000183;SIQUEIRA CAMPOS;ETANOL;09/06/2025;4,98;VIBRA;4,98;0,0;0,0;4,7472916666666665;4,88;0,10000000000000053;4,95;0,03000000000000025;0,6060606060606111;88;False
AMARAL & CIA LTDA;13008610000183;SIQUEIRA CAMPOS;ETANOL;16/06/2025;4,98;VIBRA;4,98;0,0;0,0;4,752040816326531;4,88;0,10000000000000053;4,95;0,03000000000000025;0,6060606060606111;88;False
AMARAL & CIA LTDA;13008610000183;SIQUEIRA CAMPOS;ETANOL;24/06/2025;4,98;VIBRA;4,98;0,0;0,0;4,7566;4,88;0,10000000000000053;4,95;0,03000000000000025;0,6060606060606111;88;False
AMARAL & CIA LTDA;13008610000183;SIQUEIRA CAMPOS;ETANOL;30/06/2025;4,98;VIBRA;4,98;0,0;0,0;4,7609803921568625;4,88;0,10000000000000053;4,95;0,03000000000000025;0,6060606060606111;88;False
AMARAL & CIA LTDA;13008610000183;SIQUEIRA CAMPOS;ETANOL;08/07/2025;4,98;VIBRA;4,98;0,0;0,0;4,765192307692308;4,88;0,10000000000000053;4,95;0,03000000000000025;0,6060606060606111;88;False
AMARAL & CIA LTDA;13008610000183;SIQUEIRA CAMPOS;ETANOL;15/07/2025;4,98;VIBRA;4,98;0,0;0,0;4,7692452830188685;4,88;0,10000000000000053;4,95;0,03000000000000025;0,6060606060606111;88;False
AMARAL & CIA LTDA;13008610000183;SIQUEIRA CAMPOS;ETANOL;22/07/2025;4,98;VIBRA;4,98;0,0;0,0;4,773148148148148;4,88;0,10000000000000053;4,95;0,03000000000000025;0,6060606060606111;88;False
AMARAL & CIA LTDA;13008610000183;SIQUEIRA CAMPOS;ETANOL;28/07/2025;4,98;VIBRA;4,98;0,0;0,0;4,776909090909092;4,88;0,10000000000000053;4,95;0,03000000000000025;0,6060606060606111;88;False
AMARAL & CIA LTDA;13008610000183;SIQUEIRA CAMPOS;ETANOL;05/08/2025;4,98;VIBRA;4,98;0,0;0,0;4,780535714285714;4,88;0,10000000000000053;4,95;0,03000000000000025;0,6060606060606111;88;False
AMARAL & CIA LTDA;13008610000183;SIQUEIRA CAMPOS;ETANOL;12/08/2025;4,98;VIBRA;4,98;0,0;0,0;4,784035087719298;4,88;0,10000000000000053;4,95;0,03000000000000025;0,6060606060606111;88;False
AMARAL & CIA LTDA;13008610000183;SIQUEIRA CAMPOS;ETANOL;19/08/2025;4,98;VIBRA;4,98;0,0;0,0;4,787413793103449;4,88;0,10000000000000053;4,965;0,015000000000000568;0,3021148036253891;88;False
AMARAL & CIA LTDA;13008610000183;SIQUEIRA CAMPOS;ETANOL;27/08/2025;4,98;VIBRA;4,98;0,0;0,0;4,790677966101694;4,88;0,10000000000000053;4,965;0,015000000000000568;0,3021148036253891;88;False
AMARAL & CIA LTDA;13008610000183;SIQUEIRA CAMPOS;ETANOL;02/09/2025;4,98;VIBRA;4,98;0,0;0,0;4,793833333333334;4,88;0,10000000000000053;4,95;0,03000000000000025;0,6060606060606111;88;False
AMARAL & CIA LTDA;13008610000183;SIQUEIRA CAMPOS;ETANOL;09/09/2025;4,98;VIBRA;4,98;0,0;0,0;4,79688524590164;4,88;0,10000000000000053;4,965;0,015000000000000568;0,3021148036253891;88;False
AMARAL & CIA LTDA;13008610000183;SIQUEIRA CAMPOS;ETANOL;17/09/2025;4,98;VIBRA;4,98;0,0;0,0;4,799838709677419;4,885;0,09500000000000064;4,98;0,0;0,0;88;False
AMARAL & CIA LTDA;13008610000183;SIQUEIRA CAMPOS;ETANOL;22/09/2025;4,98;VIBRA;4,98;0,0;0,0;4,802698412698413;4,89;0,09000000000000075;4,965;0,015000000000000568;0,3021148036253891;88;False
AMARAL & CIA LTDA;13008610000183;SIQUEIRA CAMPOS;ETANOL;30/09/2025;4,98;VIBRA;4,98;0,0;0,0;4,80546875;4,89;0,09000000000000075;4,965;0,015000000000000568;0,3021148036253891;88;False
AMARAL & CIA LTDA;13008610000183;SIQUEIRA CAMPOS;ETANOL;06/10/2025;4,98;VIBRA;4,98;0,0;0,0;4,8081538461538464;4,89;0,09000000000000075;4,965;0,015000000000000568;0,3021148036253891;88;False
AMARAL & CIA LTDA;13008610000183;SIQUEIRA CAMPOS;ETANOL;13/10/2025;4,98;VIBRA;4,98;0,0;0,0;4,810757575757576;4,89;0,09000000000000075;4,965;0,015000000000000568;0,3021148036253891;88;False
AMARAL & CIA LTDA;13008610000183;SIQUEIRA CAMPOS;ETANOL;20/10/2025;4,98;VIBRA;4,98;0,0;0,0;4,813283582089553;4,89;0,09000000000000075;4,95;0,03000000000000025;0,6060606060606111;88;False
AMARAL & CIA LTDA;13008610000183;SIQUEIRA CAMPOS;ETANOL;28/10/2025;4,98;VIBRA;4,98;0,0;0,0;4,815735294117648;4,89;0,09000000000000075;4,82;0,16000000000000014;3,3195020746887995;88;False
AMARAL & CIA LTDA;13008610000183;SIQUEIRA CAMPOS;ETANOL;04/11/2025;4,98;VIBRA;4,98;0,0;0,0;4,818115942028985;4,89;0,09000000000000075;4,8;0,1800000000000006;3,750000000000013;88;False
AMARAL & CIA LTDA;13008610000183;SIQUEIRA CAMPOS;ETANOL;11/11/2025;4,98;VIBRA;4,98;0,0;0,0;4,820428571428572;4,89;0,09000000000000075;4,8;0,1800000000000006;3,750000000000013;88;False
AMARAL & CIA LTDA;13008610000183;SIQUEIRA CAMPOS;ETANOL;25/11/2025;4,8;VIBRA;4,98;-0,1800000000000006;-3,614457831325313;4,822676056338029;4,89;-0,08999999999999986;4,8;0,0;0,0;88;False
AMARAL & CIA LTDA;13008610000183;SIQUEIRA CAMPOS;ETANOL;02/12/2025;4,8;VIBRA;4,8;0,0;0,0;4,82236111111111;4,89;-0,08999999999999986;4,8;0,0;0,0;88;False
AMARAL & CIA LTDA;13008610000183;SIQUEIRA CAMPOS;ETANOL;09/12/2025;4,8;VIBRA;4,8;0,0;0,0;4,822054794520548;4,89;-0,08999999999999986;4,8;0,0;0,0;88;False
AMARAL & CIA LTDA;13008610000183;SIQUEIRA CAMPOS;ETANOL;24/12/2025;4,8;VIBRA;4,8;0,0;0,0;4,8217567567567565;4,89;-0,08999999999999986;4,8;0,0;0,0;88;False
AMARAL & CIA LTDA;13008610000183;SIQUEIRA CAMPOS;ETANOL;30/12/2025;4,8;VIBRA;4,8;0,0;0,0;4,821466666666667;4,89;-0,08999999999999986;4,8;0,0;0,0;88;False
AMARAL & CIA LTDA;13008610000183;SIQUEIRA CAMPOS;ETANOL;06/01/2026;4,8;VIBRA;4,8;0,0;0,0;4,821184210526316;4,89;-0,08999999999999986;4,8;0,0;0,0;88;False
AMARAL & CIA LTDA;13008610000183;SIQUEIRA CAMPOS;ETANOL;13/01/2026;4,8;VIBRA;4,8;0,0;0,0;4,82090909090909;4,89;-0,08999999999999986;4,8;0,0;0,0;88;False
AMARAL & CIA LTDA;13008610000183;SIQUEIRA CAMPOS;ETANOL;22/01/2026;4,8;VIBRA;4,8;0,0;0,0;4,8206410256410255;4,89;-0,08999999999999986;4,824999999999999;-0,024999999999999467;-0,5181347150258957;88;False
AMARAL & CIA LTDA;13008610000183;SIQUEIRA CAMPOS;ETANOL;27/01/2026;4,8;VIBRA;4,8;0,0;0,0;4,820379746835443;4,89;-0,08999999999999986;4,85;-0,04999999999999982;-1,0309278350515427;88;False
AMARAL & CIA LTDA;13008610000183;SIQUEIRA CAMPOS;ETANOL;09/02/2026;4,8;VIBRA;4,8;0,0;0,0;4,820125;4,885;-0,08499999999999996;4,8;0,0;0,0;88;False
AMARAL & CIA LTDA;13008610000183;SIQUEIRA CAMPOS;ETANOL;24/02/2026;4,8;VIBRA;4,8;0,0;0,0;4,819876543209877;4,88;-0,08000000000000007;4,87;-0,07000000000000028;-1,437371663244359;88;False
AMARAL & CIA LTDA;13008610000183;SIQUEIRA CAMPOS;ETANOL;03/03/2026;4,8;VIBRA;4,8;0,0;0,0;4,819634146341463;4,88;-0,08000000000000007;4,8;0,0;0,0;88;False
AMARAL & CIA LTDA;13008610000183;SIQUEIRA CAMPOS;ETANOL;09/04/2026;5,05;VIBRA;4,8;0,25;5,208333333333334;4,819397590361445;4,88;0,16999999999999993;5,07;-0,020000000000000462;-0,39447731755424975;88;False
AMARAL & CIA LTDA;13008610000183;SIQUEIRA CAMPOS;ETANOL;15/04/2026;5,6;VIBRA;5,05;0,5499999999999998;10,891089108910888;4,8221428571428575;4,88;0,7199999999999998;5,6;0,0;0,0;88;False
AMARAL & CIA LTDA;13008610000183;SIQUEIRA CAMPOS;ETANOL;23/04/2026;5,6;VIBRA;5,6;0,0;0,0;4,831294117647059;4,88;0,7199999999999998;5,6;0,0;0,0;88;False
AMARAL & CIA LTDA;13008610000183;SIQUEIRA CAMPOS;ETANOL;29/04/2026;5,6;VIBRA;5,6;0,0;0,0;4,840232558139535;4,885;0,7149999999999999;5,62;-0,020000000000000462;-0,3558718861210047;88;False
AMARAL & CIA LTDA;13008610000183;SIQUEIRA CAMPOS;ETANOL;07/05/2026;5,6;VIBRA;5,6;0,0;0,0;4,848965517241379;4,89;0,71;5,6;0,0;0,0;88;False
AMARAL & CIA LTDA;13008610000183;SIQUEIRA CAMPOS;GASOLINA;10/07/2024;6,35;VIBRA;;;;;;;6,37;-0,020000000000000462;-0,3139717425431784;91;False
AMARAL & CIA LTDA;13008610000183;SIQUEIRA CAMPOS;GASOLINA;17/07/2024;6,35;VIBRA;6,35;0,0;0,0;6,35;6,35;0,0;6,375;-0,025000000000000355;-0,3921568627451036;91;False
AMARAL & CIA LTDA;13008610000183;SIQUEIRA CAMPOS;GASOLINA;23/07/2024;6,35;VIBRA;6,35;0,0;0,0;6,35;6,35;0,0;6,575;-0,22500000000000053;-3,4220532319391714;91;False
AMARAL & CIA LTDA;13008610000183;SIQUEIRA CAMPOS;GASOLINA;30/07/2024;6,48;VIBRA;6,35;0,13000000000000078;2,0472440944882013;6,35;6,35;0,13000000000000078;6,5;-0,019999999999999574;-0,30769230769230116;91;False
AMARAL & CIA LTDA;13008610000183;SIQUEIRA CAMPOS;GASOLINA;06/08/2024;6,48;VIBRA;6,48;0,0;0,0;6,3825;6,35;0,13000000000000078;6,49;-0,009999999999999787;-0,15408320493065927;91;False
AMARAL & CIA LTDA;13008610000183;SIQUEIRA CAMPOS;GASOLINA;12/08/2024;6,48;VIBRA;6,48;0,0;0,0;6,401999999999999;6,35;0,13000000000000078;6,47;0,010000000000000675;0,15455950540959315;91;False
AMARAL & CIA LTDA;13008610000183;SIQUEIRA CAMPOS;GASOLINA;19/08/2024;6,45;VIBRA;6,48;-0,03000000000000025;-0,46296296296296674;6,415;6,415;0,03500000000000014;6,47;-0,019999999999999574;-0,30911901081915877;91;False
AMARAL & CIA LTDA;13008610000183;SIQUEIRA CAMPOS;GASOLINA;26/08/2024;6,45;VIBRA;6,45;0,0;0,0;6,42;6,45;0,0;6,47;-0,019999999999999574;-0,30911901081915877;91;False
AMARAL & CIA LTDA;13008610000183;SIQUEIRA CAMPOS;GASOLINA;03/09/2024;6,45;VIBRA;6,45;0,0;0,0;6,42375;6,45;0,0;6,47;-0,019999999999999574;-0,30911901081915877;91;False
AMARAL & CIA LTDA;13008610000183;SIQUEIRA CAMPOS;GASOLINA;09/09/2024;6,45;VIBRA;6,45;0,0;0,0;6,426666666666667;6,45;0,0;6,47;-0,019999999999999574;-0,30911901081915877;91;False
AMARAL & CIA LTDA;13008610000183;SIQUEIRA CAMPOS;GASOLINA;17/09/2024;6,25;VIBRA;6,45;-0,20000000000000018;-3,1007751937984525;6,429;6,45;-0,20000000000000018;6,27;-0,019999999999999574;-0,31897926634768065;91;False
AMARAL & CIA LTDA;13008610000183;SIQUEIRA CAMPOS;GASOLINA;24/09/2024;6,25;VIBRA;6,25;0,0;0,0;6,412727272727273;6,45;-0,20000000000000018;6,27;-0,019999999999999574;-0,31897926634768065;91;False
AMARAL & CIA LTDA;13008610000183;SIQUEIRA CAMPOS;GASOLINA;30/09/2024;6,25;VIBRA;6,25;0,0;0,0;6,399166666666667;6,45;-0,20000000000000018;6,27;-0,019999999999999574;-0,31897926634768065;91;False
AMARAL & CIA LTDA;13008610000183;SIQUEIRA CAMPOS;GASOLINA;07/10/2024;6,25;VIBRA;6,25;0,0;0,0;6,3876923076923084;6,45;-0,20000000000000018;6,27;-0,019999999999999574;-0,31897926634768065;91;False
AMARAL & CIA LTDA;13008610000183;SIQUEIRA CAMPOS;GASOLINA;15/10/2024;6,25;VIBRA;6,25;0,0;0,0;6,377857142857144;6,4;-0,15000000000000036;6,22;0,03000000000000025;0,48231511254019693;91;False
AMARAL & CIA LTDA;13008610000183;SIQUEIRA CAMPOS;GASOLINA;21/10/2024;5,99;VIBRA;6,25;-0,2599999999999998;-4,159999999999997;6,3693333333333335;6,35;-0,35999999999999943;5,95;0,040000000000000036;0,6722689075630258;91;False
AMARAL & CIA LTDA;13008610000183;SIQUEIRA CAMPOS;GASOLINA;28/10/2024;5,99;VIBRA;5,99;0,0;0,0;6,345625;6,35;-0,35999999999999943;5,92;0,07000000000000028;1,1824324324324371;91;False
AMARAL & CIA LTDA;13008610000183;SIQUEIRA CAMPOS;GASOLINA;04/11/2024;5,99;VIBRA;5,99;0,0;0,0;6,324705882352941;6,35;-0,35999999999999943;5,92;0,07000000000000028;1,1824324324324371;91;False
AMARAL & CIA LTDA;13008610000183;SIQUEIRA CAMPOS;GASOLINA;11/11/2024;5,99;VIBRA;5,99;0,0;0,0;6,306111111111111;6,35;-0,35999999999999943;5,9;0,08999999999999986;1,5254237288135568;91;False
AMARAL & CIA LTDA;13008610000183;SIQUEIRA CAMPOS;GASOLINA;18/11/2024;6,35;VIBRA;5,99;0,35999999999999943;6,010016694490808;6,2894736842105265;6,35;0,0;6,32;0,02999999999999936;0,47468354430378734;91;False
AMARAL & CIA LTDA;13008610000183;SIQUEIRA CAMPOS;GASOLINA;25/11/2024;6,35;VIBRA;6,35;0,0;0,0;6,2924999999999995;6,35;0,0;6,32;0,02999999999999936;0,47468354430378734;91;False
AMARAL & CIA LTDA;13008610000183;SIQUEIRA CAMPOS;GASOLINA;03/12/2024;6,35;VIBRA;6,35;0,0;0,0;6,295238095238095;6,35;0,0;6,32;0,02999999999999936;0,47468354430378734;91;False
AMARAL & CIA LTDA;13008610000183;SIQUEIRA CAMPOS;GASOLINA;09/12/2024;6,35;VIBRA;6,35;0,0;0,0;6,297727272727273;6,35;0,0;6,32;0,02999999999999936;0,47468354430378734;91;False
AMARAL & CIA LTDA;13008610000183;SIQUEIRA CAMPOS;GASOLINA;16/12/2024;6,35;VIBRA;6,35;0,0;0,0;6,3;6,35;0,0;6,32;0,02999999999999936;0,47468354430378734;91;False
AMARAL & CIA LTDA;13008610000183;SIQUEIRA CAMPOS;GASOLINA;23/12/2024;6,35;VIBRA;6,35;0,0;0,0;6,302083333333333;6,35;0,0;6,32;0,02999999999999936;0,47468354430378734;91;False
AMARAL & CIA LTDA;13008610000183;SIQUEIRA CAMPOS;GASOLINA;30/12/2024;6,35;VIBRA;6,35;0,0;0,0;6,303999999999999;6,35;0,0;6,32;0,02999999999999936;0,47468354430378734;91;False
AMARAL & CIA LTDA;13008610000183;SIQUEIRA CAMPOS;GASOLINA;06/01/2025;6,35;VIBRA;6,35;0,0;0,0;6,30576923076923;6,35;0,0;6,32;0,02999999999999936;0,47468354430378734;91;False
AMARAL & CIA LTDA;13008610000183;SIQUEIRA CAMPOS;GASOLINA;13/01/2025;6,42;VIBRA;6,35;0,07000000000000028;1,102362204724414;6,307407407407408;6,35;0,07000000000000028;6,42;0,0;0,0;91;False
AMARAL & CIA LTDA;13008610000183;SIQUEIRA CAMPOS;GASOLINA;20/01/2025;6,42;VIBRA;6,42;0,0;0,0;6,311428571428571;6,35;0,07000000000000028;6,42;0,0;0,0;91;False
AMARAL & CIA LTDA;13008610000183;SIQUEIRA CAMPOS;GASOLINA;28/01/2025;6,42;VIBRA;6,42;0,0;0,0;6,315172413793103;6,35;0,07000000000000028;6,42;0,0;0,0;91;False
AMARAL & CIA LTDA;13008610000183;SIQUEIRA CAMPOS;GASOLINA;03/02/2025;6,42;VIBRA;6,42;0,0;0,0;6,318666666666667;6,35;0,07000000000000028;6,49;-0,07000000000000028;-1,0785824345146422;91;False
AMARAL & CIA LTDA;13008610000183;SIQUEIRA CAMPOS;GASOLINA;11/02/2025;6,62;VIBRA;6,42;0,20000000000000018;3,1152647975077907;6,321935483870967;6,35;0,27000000000000046;6,62;0,0;0,0;91;False
AMARAL & CIA LTDA;13008610000183;SIQUEIRA CAMPOS;GASOLINA;18/02/2025;6,62;VIBRA;6,62;0,0;0,0;6,33125;6,35;0,27000000000000046;6,62;0,0;0,0;91;False
AMARAL & CIA LTDA;13008610000183;SIQUEIRA CAMPOS;GASOLINA;25/02/2025;6,62;VIBRA;6,62;0,0;0,0;6,34;6,35;0,27000000000000046;6,62;0,0;0,0;91;False
AMARAL & CIA LTDA;13008610000183;SIQUEIRA CAMPOS;GASOLINA;03/03/2025;6,62;VIBRA;6,62;0,0;0,0;6,348235294117647;6,35;0,27000000000000046;6,62;0,0;0,0;91;False
AMARAL & CIA LTDA;13008610000183;SIQUEIRA CAMPOS;GASOLINA;11/03/2025;6,62;VIBRA;6,62;0,0;0,0;6,356;6,35;0,27000000000000046;6,62;0,0;0,0;91;False
AMARAL & CIA LTDA;13008610000183;SIQUEIRA CAMPOS;GASOLINA;18/03/2025;6,62;VIBRA;6,62;0,0;0,0;6,363333333333333;6,35;0,27000000000000046;6,62;0,0;0,0;91;False
AMARAL & CIA LTDA;13008610000183;SIQUEIRA CAMPOS;GASOLINA;25/03/2025;6,62;VIBRA;6,62;0,0;0,0;6,37027027027027;6,35;0,27000000000000046;6,62;0,0;0,0;91;False
AMARAL & CIA LTDA;13008610000183;SIQUEIRA CAMPOS;GASOLINA;31/03/2025;6,62;VIBRA;6,62;0,0;0,0;6,376842105263158;6,35;0,27000000000000046;6,62;0,0;0,0;91;False
AMARAL & CIA LTDA;13008610000183;SIQUEIRA CAMPOS;GASOLINA;08/04/2025;6,62;VIBRA;6,62;0,0;0,0;6,383076923076923;6,35;0,27000000000000046;6,62;0,0;0,0;91;False
AMARAL & CIA LTDA;13008610000183;SIQUEIRA CAMPOS;GASOLINA;15/04/2025;6,52;VIBRA;6,62;-0,10000000000000053;-1,5105740181268963;6,389;6,385;0,1349999999999998;6,52;0,0;0,0;91;False
AMARAL & CIA LTDA;13008610000183;SIQUEIRA CAMPOS;GASOLINA;22/04/2025;6,52;VIBRA;6,52;0,0;0,0;6,392195121951219;6,42;0,09999999999999964;6,539999999999999;-0,019999999999999574;-0,30581039755351036;91;False
AMARAL & CIA LTDA;13008610000183;SIQUEIRA CAMPOS;GASOLINA;29/04/2025;6,52;VIBRA;6,52;0,0;0,0;6,395238095238096;6,42;0,09999999999999964;6,62;-0,10000000000000053;-1,5105740181268963;91;False
AMARAL & CIA LTDA;13008610000183;SIQUEIRA CAMPOS;GASOLINA;05/05/2025;6,62;VIBRA;6,52;0,10000000000000053;1,5337423312883518;6,398139534883721;6,42;0,20000000000000018;6,62;0,0;0,0;91;False
AMARAL & CIA LTDA;13008610000183;SIQUEIRA CAMPOS;GASOLINA;12/05/2025;6,62;VIBRA;6,62;0,0;0,0;6,403181818181818;6,42;0,20000000000000018;6,62;0,0;0,0;91;False
AMARAL & CIA LTDA;13008610000183;SIQUEIRA CAMPOS;GASOLINA;19/05/2025;6,62;VIBRA;6,62;0,0;0,0;6,408;6,42;0,20000000000000018;6,62;0,0;0,0;91;False
AMARAL & CIA LTDA;13008610000183;SIQUEIRA CAMPOS;GASOLINA;27/05/2025;6,62;VIBRA;6,62;0,0;0,0;6,412608695652175;6,42;0,20000000000000018;6,62;0,0;0,0;91;False
AMARAL & CIA LTDA;13008610000183;SIQUEIRA CAMPOS;GASOLINA;03/06/2025;6,62;VIBRA;6,62;0,0;0,0;6,4170212765957455;6,42;0,20000000000000018;6,62;0,0;0,0;91;False
AMARAL & CIA LTDA;13008610000183;SIQUEIRA CAMPOS;GASOLINA;09/06/2025;6,62;VIBRA;6,62;0,0;0,0;6,421250000000001;6,4350000000000005;0,1849999999999996;6,62;0,0;0,0;91;False
AMARAL & CIA LTDA;13008610000183;SIQUEIRA CAMPOS;GASOLINA;16/06/2025;6,62;VIBRA;6,62;0,0;0,0;6,425306122448979;6,45;0,16999999999999993;6,62;0,0;0,0;91;False
AMARAL & CIA LTDA;13008610000183;SIQUEIRA CAMPOS;GASOLINA;24/06/2025;6,62;VIBRA;6,62;0,0;0,0;6,4292;6,45;0,16999999999999993;6,62;0,0;0,0;91;False
AMARAL & CIA LTDA;13008610000183;SIQUEIRA CAMPOS;GASOLINA;30/06/2025;6,62;VIBRA;6,62;0,0;0,0;6,432941176470588;6,45;0,16999999999999993;6,62;0,0;0,0;91;False
AMARAL & CIA LTDA;13008610000183;SIQUEIRA CAMPOS;GASOLINA;08/07/2025;6,62;VIBRA;6,62;0,0;0,0;6,436538461538461;6,45;0,16999999999999993;6,62;0,0;0,0;91;False
AMARAL & CIA LTDA;13008610000183;SIQUEIRA CAMPOS;GASOLINA;15/07/2025;6,62;VIBRA;6,62;0,0;0,0;6,4399999999999995;6,45;0,16999999999999993;6,62;0,0;0,0;91;False
AMARAL & CIA LTDA;13008610000183;SIQUEIRA CAMPOS;GASOLINA;22/07/2025;6,62;VIBRA;6,62;0,0;0,0;6,443333333333333;6,45;0,16999999999999993;6,62;0,0;0,0;91;False
AMARAL & CIA LTDA;13008610000183;SIQUEIRA CAMPOS;GASOLINA;28/07/2025;6,62;VIBRA;6,62;0,0;0,0;6,446545454545455;6,45;0,16999999999999993;6,62;0,0;0,0;91;False
AMARAL & CIA LTDA;13008610000183;SIQUEIRA CAMPOS;GASOLINA;05/08/2025;6,62;VIBRA;6,62;0,0;0,0;6,449642857142857;6,465;0,15500000000000025;6,62;0,0;0,0;91;False
AMARAL & CIA LTDA;13008610000183;SIQUEIRA CAMPOS;GASOLINA;12/08/2025;6,62;VIBRA;6,62;0,0;0,0;6,4526315789473685;6,48;0,13999999999999968;6,62;0,0;0,0;91;False
AMARAL & CIA LTDA;13008610000183;SIQUEIRA CAMPOS;GASOLINA;19/08/2025;6,62;VIBRA;6,62;0,0;0,0;6,455517241379311;6,48;0,13999999999999968;6,62;0,0;0,0;91;False
AMARAL & CIA LTDA;13008610000183;SIQUEIRA CAMPOS;GASOLINA;27/08/2025;6,62;VIBRA;6,62;0,0;0,0;6,4583050847457635;6,48;0,13999999999999968;6,62;0,0;0,0;91;False
AMARAL & CIA LTDA;13008610000183;SIQUEIRA CAMPOS;GASOLINA;02/09/2025;6,62;VIBRA;6,62;0,0;0,0;6,461;6,48;0,13999999999999968;6,62;0,0;0,0;91;False
AMARAL & CIA LTDA;13008610000183;SIQUEIRA CAMPOS;GASOLINA;09/09/2025;6,62;VIBRA;6,62;0,0;0,0;6,463606557377049;6,48;0,13999999999999968;6,62;0,0;0,0;91;False
AMARAL & CIA LTDA;13008610000183;SIQUEIRA CAMPOS;GASOLINA;17/09/2025;6,62;VIBRA;6,62;0,0;0,0;6,466129032258064;6,5;0,1200000000000001;6,62;0,0;0,0;91;False
AMARAL & CIA LTDA;13008610000183;SIQUEIRA CAMPOS;GASOLINA;22/09/2025;6,62;VIBRA;6,62;0,0;0,0;6,468571428571428;6,52;0,10000000000000053;6,62;0,0;0,0;91;False
AMARAL & CIA LTDA;13008610000183;SIQUEIRA CAMPOS;GASOLINA;30/09/2025;6,62;VIBRA;6,62;0,0;0,0;6,4709375;6,52;0,10000000000000053;6,62;0,0;0,0;91;False
AMARAL & CIA LTDA;13008610000183;SIQUEIRA CAMPOS;GASOLINA;06/10/2025;6,62;VIBRA;6,62;0,0;0,0;6,473230769230769;6,52;0,10000000000000053;6,62;0,0;0,0;91;False
AMARAL & CIA LTDA;13008610000183;SIQUEIRA CAMPOS;GASOLINA;13/10/2025;6,62;VIBRA;6,62;0,0;0,0;6,475454545454546;6,52;0,10000000000000053;6,62;0,0;0,0;91;False
AMARAL & CIA LTDA;13008610000183;SIQUEIRA CAMPOS;GASOLINA;20/10/2025;6,62;VIBRA;6,62;0,0;0,0;6,477611940298507;6,52;0,10000000000000053;6,62;0,0;0,0;91;False
AMARAL & CIA LTDA;13008610000183;SIQUEIRA CAMPOS;GASOLINA;28/10/2025;6,52;VIBRA;6,62;-0,10000000000000053;-1,5105740181268963;6,479705882352941;6,57;-0,05000000000000071;6,545;-0,025000000000000355;-0,38197097020626974;91;False
AMARAL & CIA LTDA;13008610000183;SIQUEIRA CAMPOS;GASOLINA;04/11/2025;6,52;VIBRA;6,52;0,0;0,0;6,4802898550724635;6,52;0,0;6,57;-0,05000000000000071;-0,7610350076103609;91;False
AMARAL & CIA LTDA;13008610000183;SIQUEIRA CAMPOS;GASOLINA;11/11/2025;6,52;VIBRA;6,52;0,0;0,0;6,480857142857143;6,52;0,0;6,52;0,0;0,0;91;False
AMARAL & CIA LTDA;13008610000183;SIQUEIRA CAMPOS;GASOLINA;18/11/2025;6,52;VIBRA;6,52;0,0;0,0;6,481408450704225;6,52;0,0;6,52;0,0;0,0;91;False
AMARAL & CIA LTDA;13008610000183;SIQUEIRA CAMPOS;GASOLINA;25/11/2025;6,52;VIBRA;6,52;0,0;0,0;6,481944444444444;6,52;0,0;6,52;0,0;0,0;91;False
AMARAL & CIA LTDA;13008610000183;SIQUEIRA CAMPOS;GASOLINA;02/12/2025;6,52;VIBRA;6,52;0,0;0,0;6,482465753424658;6,52;0,0;6,52;0,0;0,0;91;False
AMARAL & CIA LTDA;13008610000183;SIQUEIRA CAMPOS;GASOLINA;09/12/2025;6,52;VIBRA;6,52;0,0;0,0;6,4829729729729735;6,52;0,0;6,52;0,0;0,0;91;False
AMARAL & CIA LTDA;13008610000183;SIQUEIRA CAMPOS;GASOLINA;17/12/2025;6,52;VIBRA;6,52;0,0;0,0;6,483466666666667;6,52;0,0;6,52;0,0;0,0;91;False
AMARAL & CIA LTDA;13008610000183;SIQUEIRA CAMPOS;GASOLINA;24/12/2025;6,52;VIBRA;6,52;0,0;0,0;6,4839473684210525;6,52;0,0;6,545;-0,025000000000000355;-0,38197097020626974;91;False
AMARAL & CIA LTDA;13008610000183;SIQUEIRA CAMPOS;GASOLINA;30/12/2025;6,52;VIBRA;6,52;0,0;0,0;6,484415584415585;6,52;0,0;6,52;0,0;0,0;91;False
AMARAL & CIA LTDA;13008610000183;SIQUEIRA CAMPOS;GASOLINA;06/01/2026;6,52;VIBRA;6,52;0,0;0,0;6,484871794871795;6,52;0,0;6,52;0,0;0,0;91;False
AMARAL & CIA LTDA;13008610000183;SIQUEIRA CAMPOS;GASOLINA;13/01/2026;6,52;VIBRA;6,52;0,0;0,0;6,485316455696203;6,52;0,0;6,52;0,0;0,0;91;False
AMARAL & CIA LTDA;13008610000183;SIQUEIRA CAMPOS;GASOLINA;22/01/2026;6,52;VIBRA;6,52;0,0;0,0;6,48575;6,52;0,0;6,5649999999999995;-0,04499999999999993;-0,6854531607006844;91;False
AMARAL & CIA LTDA;13008610000183;SIQUEIRA CAMPOS;GASOLINA;27/01/2026;6,52;VIBRA;6,52;0,0;0,0;6,486172839506173;6,52;0,0;6,57;-0,05000000000000071;-0,7610350076103609;91;False
AMARAL & CIA LTDA;13008610000183;SIQUEIRA CAMPOS;GASOLINA;09/02/2026;6,52;VIBRA;6,52;0,0;0,0;6,486585365853658;6,52;0,0;6,52;0,0;0,0;91;False
AMARAL & CIA LTDA;13008610000183;SIQUEIRA CAMPOS;GASOLINA;24/02/2026;6,52;VIBRA;6,52;0,0;0,0;6,486987951807229;6,52;0,0;6,539999999999999;-0,019999999999999574;-0,30581039755351036;91;False
AMARAL & CIA LTDA;13008610000183;SIQUEIRA CAMPOS;GASOLINA;03/03/2026;6,52;VIBRA;6,52;0,0;0,0;6,487380952380952;6,52;0,0;6,52;0,0;0,0;91;False
AMARAL & CIA LTDA;13008610000183;SIQUEIRA CAMPOS;GASOLINA;09/03/2026;6,62;VIBRA;6,52;0,10000000000000053;1,5337423312883518;6,487764705882354;6,52;0,10000000000000053;6,82;-0,20000000000000018;-2,9325513196480966;91;False
AMARAL & CIA LTDA;13008610000183;SIQUEIRA CAMPOS;GASOLINA;09/04/2026;7,22;VIBRA;6,62;0,5999999999999996;9,063444108761324;6,489302325581396;6,52;0,7000000000000002;7,29;-0,07000000000000028;-0,9602194787380012;91;False
AMARAL & CIA LTDA;13008610000183;SIQUEIRA CAMPOS;GASOLINA;15/04/2026;7,22;VIBRA;7,22;0,0;0,0;6,4977011494252865;6,52;0,7000000000000002;7,29;-0,07000000000000028;-0,9602194787380012;91;False
AMARAL & CIA LTDA;13008610000183;SIQUEIRA CAMPOS;GASOLINA;23/04/2026;7,22;VIBRA;7,22;0,0;0,0;6,505909090909091;6,52;0,7000000000000002;7,22;0,0;0,0;91;False
AMARAL & CIA LTDA;13008610000183;SIQUEIRA CAMPOS;GASOLINA;29/04/2026;7,22;VIBRA;7,22;0,0;0,0;6,513932584269663;6,52;0,7000000000000002;7,265000000000001;-0,04500000000000082;-0,6194081211287105;91;False
AMARAL & CIA LTDA;13008610000183;SIQUEIRA CAMPOS;GASOLINA;07/05/2026;7,52;VIBRA;7,22;0,2999999999999998;4,15512465373961;6,521777777777778;6,52;1,0;7,58;-0,0600000000000005;-0,7915567282321965;91;False
AMARAL & CIA LTDA;13008610000183;SIQUEIRA CAMPOS;GASOLINA ADITIVADA;10/07/2024;6,45;VIBRA;;;;;;;6,51;-0,05999999999999961;-0,9216589861751093;91;False
AMARAL & CIA LTDA;13008610000183;SIQUEIRA CAMPOS;GASOLINA ADITIVADA;17/07/2024;6,45;VIBRA;6,45;0,0;0,0;6,45;6,45;0,0;6,57;-0,1200000000000001;-1,8264840182648419;91;False
AMARAL & CIA LTDA;13008610000183;SIQUEIRA CAMPOS;GASOLINA ADITIVADA;23/07/2024;6,45;VIBRA;6,45;0,0;0,0;6,45;6,45;0,0;6,63;-0,17999999999999972;-2,7149321266968283;91;False
AMARAL & CIA LTDA;13008610000183;SIQUEIRA CAMPOS;GASOLINA ADITIVADA;30/07/2024;6,58;VIBRA;6,45;0,1299999999999999;2,0155038759689905;6,45;6,45;0,1299999999999999;6,69;-0,11000000000000032;-1,6442451420029942;91;False
AMARAL & CIA LTDA;13008610000183;SIQUEIRA CAMPOS;GASOLINA ADITIVADA;06/08/2024;6,58;VIBRA;6,58;0,0;0,0;6,4825;6,45;0,1299999999999999;6,5600000000000005;0,019999999999999574;0,30487804878048125;91;False
AMARAL & CIA LTDA;13008610000183;SIQUEIRA CAMPOS;GASOLINA ADITIVADA;12/08/2024;6,58;VIBRA;6,58;0,0;0,0;6,502;6,45;0,1299999999999999;6,535;0,04499999999999993;0,6885998469778107;91;False
AMARAL & CIA LTDA;13008610000183;SIQUEIRA CAMPOS;GASOLINA ADITIVADA;19/08/2024;6,55;VIBRA;6,58;-0,03000000000000025;-0,4559270516717363;6,515000000000001;6,515000000000001;0,034999999999999254;6,52;0,03000000000000025;0,4601226993865069;91;False
AMARAL & CIA LTDA;13008610000183;SIQUEIRA CAMPOS;GASOLINA ADITIVADA;26/08/2024;6,55;VIBRA;6,55;0,0;0,0;6,5200000000000005;6,55;0,0;6,52;0,03000000000000025;0,4601226993865069;91;False
AMARAL & CIA LTDA;13008610000183;SIQUEIRA CAMPOS;GASOLINA ADITIVADA;03/09/2024;6,55;VIBRA;6,55;0,0;0,0;6,52375;6,55;0,0;6,52;0,03000000000000025;0,4601226993865069;91;False
AMARAL & CIA LTDA;13008610000183;SIQUEIRA CAMPOS;GASOLINA ADITIVADA;09/09/2024;6,55;VIBRA;6,55;0,0;0,0;6,526666666666667;6,55;0,0;6,52;0,03000000000000025;0,4601226993865069;91;False
AMARAL & CIA LTDA;13008610000183;SIQUEIRA CAMPOS;GASOLINA ADITIVADA;17/09/2024;6,35;VIBRA;6,55;-0,20000000000000018;-3,0534351145038197;6,529000000000001;6,55;-0,20000000000000018;6,32;0,02999999999999936;0,47468354430378734;91;False
AMARAL & CIA LTDA;13008610000183;SIQUEIRA CAMPOS;GASOLINA ADITIVADA;24/09/2024;6,35;VIBRA;6,35;0,0;0,0;6,512727272727273;6,55;-0,20000000000000018;6,324999999999999;0,025000000000000355;0,39525691699605314;91;False
AMARAL & CIA LTDA;13008610000183;SIQUEIRA CAMPOS;GASOLINA ADITIVADA;30/09/2024;6,35;VIBRA;6,35;0,0;0,0;6,4991666666666665;6,55;-0,20000000000000018;6,324999999999999;0,025000000000000355;0,39525691699605314;91;False
AMARAL & CIA LTDA;13008610000183;SIQUEIRA CAMPOS;GASOLINA ADITIVADA;07/10/2024;6,35;VIBRA;6,35;0,0;0,0;6,487692307692308;6,55;-0,20000000000000018;6,324999999999999;0,025000000000000355;0,39525691699605314;91;False
AMARAL & CIA LTDA;13008610000183;SIQUEIRA CAMPOS;GASOLINA ADITIVADA;15/10/2024;6,35;VIBRA;6,35;0,0;0,0;6,477857142857142;6,5;-0,15000000000000036;6,27;0,08000000000000007;1,2759170653907508;91;False
AMARAL & CIA LTDA;13008610000183;SIQUEIRA CAMPOS;GASOLINA ADITIVADA;21/10/2024;6,09;VIBRA;6,35;-0,2599999999999998;-4,094488188976375;6,469333333333333;6,45;-0,3600000000000003;5,99;0,09999999999999964;1,669449081802999;91;False
AMARAL & CIA LTDA;13008610000183;SIQUEIRA CAMPOS;GASOLINA ADITIVADA;28/10/2024;6,09;VIBRA;6,09;0,0;0,0;6,445625;6,45;-0,3600000000000003;5,99;0,09999999999999964;1,669449081802999;91;False
AMARAL & CIA LTDA;13008610000183;SIQUEIRA CAMPOS;GASOLINA ADITIVADA;04/11/2024;6,09;VIBRA;6,09;0,0;0,0;6,424705882352941;6,45;-0,3600000000000003;6,09;0,0;0,0;91;False
AMARAL & CIA LTDA;13008610000183;SIQUEIRA CAMPOS;GASOLINA ADITIVADA;11/11/2024;6,09;VIBRA;6,09;0,0;0,0;6,4061111111111115;6,45;-0,3600000000000003;6,08;0,009999999999999787;0,1644736842105228;91;False
AMARAL & CIA LTDA;13008610000183;SIQUEIRA CAMPOS;GASOLINA ADITIVADA;18/11/2024;6,45;VIBRA;6,09;0,3600000000000003;5,911330049261089;6,389473684210526;6,45;0,0;6,45;0,0;0,0;91;False
AMARAL & CIA LTDA;13008610000183;SIQUEIRA CAMPOS;GASOLINA ADITIVADA;25/11/2024;6,45;VIBRA;6,45;0,0;0,0;6,3925;6,45;0,0;6,45;0,0;0,0;91;False
AMARAL & CIA LTDA;13008610000183;SIQUEIRA CAMPOS;GASOLINA ADITIVADA;03/12/2024;6,45;VIBRA;6,45;0,0;0,0;6,395238095238096;6,45;0,0;6,45;0,0;0,0;91;False
AMARAL & CIA LTDA;13008610000183;SIQUEIRA CAMPOS;GASOLINA ADITIVADA;09/12/2024;6,45;VIBRA;6,45;0,0;0,0;6,3977272727272725;6,45;0,0;6,45;0,0;0,0;91;False
AMARAL & CIA LTDA;13008610000183;SIQUEIRA CAMPOS;GASOLINA ADITIVADA;16/12/2024;6,45;VIBRA;6,45;0,0;0,0;6,3999999999999995;6,45;0,0;6,45;0,0;0,0;91;False
AMARAL & CIA LTDA;13008610000183;SIQUEIRA CAMPOS;GASOLINA ADITIVADA;23/12/2024;6,45;VIBRA;6,45;0,0;0,0;6,402083333333334;6,45;0,0;6,45;0,0;0,0;91;False
AMARAL & CIA LTDA;13008610000183;SIQUEIRA CAMPOS;GASOLINA ADITIVADA;30/12/2024;6,45;VIBRA;6,45;0,0;0,0;6,404;6,45;0,0;6,45;0,0;0,0;91;False
AMARAL & CIA LTDA;13008610000183;SIQUEIRA CAMPOS;GASOLINA ADITIVADA;06/01/2025;6,45;VIBRA;6,45;0,0;0,0;6,4057692307692315;6,45;0,0;6,45;0,0;0,0;91;False
AMARAL & CIA LTDA;13008610000183;SIQUEIRA CAMPOS;GASOLINA ADITIVADA;13/01/2025;6,52;VIBRA;6,45;0,0699999999999994;1,085271317829448;6,407407407407407;6,45;0,0699999999999994;6,55;-0,03000000000000025;-0,45801526717557633;91;False
AMARAL & CIA LTDA;13008610000183;SIQUEIRA CAMPOS;GASOLINA ADITIVADA;20/01/2025;6,52;VIBRA;6,52;0,0;0,0;6,411428571428572;6,45;0,0699999999999994;6,55;-0,03000000000000025;-0,45801526717557633;91;False
AMARAL & CIA LTDA;13008610000183;SIQUEIRA CAMPOS;GASOLINA ADITIVADA;28/01/2025;6,52;VIBRA;6,52;0,0;0,0;6,415172413793103;6,45;0,0699999999999994;6,55;-0,03000000000000025;-0,45801526717557633;91;False
AMARAL & CIA LTDA;13008610000183;SIQUEIRA CAMPOS;GASOLINA ADITIVADA;03/02/2025;6,52;VIBRA;6,52;0,0;0,0;6,418666666666667;6,45;0,0699999999999994;6,55;-0,03000000000000025;-0,45801526717557633;91;False
AMARAL & CIA LTDA;13008610000183;SIQUEIRA CAMPOS;GASOLINA ADITIVADA;11/02/2025;6,72;VIBRA;6,52;0,20000000000000018;3,06748466257669;6,421935483870967;6,45;0,2699999999999996;6,75;-0,03000000000000025;-0,4444444444444481;91;False
AMARAL & CIA LTDA;13008610000183;SIQUEIRA CAMPOS;GASOLINA ADITIVADA;18/02/2025;6,72;VIBRA;6,72;0,0;0,0;6,43125;6,45;0,2699999999999996;6,75;-0,03000000000000025;-0,4444444444444481;91;False
AMARAL & CIA LTDA;13008610000183;SIQUEIRA CAMPOS;GASOLINA ADITIVADA;25/02/2025;6,72;VIBRA;6,72;0,0;0,0;6,44;6,45;0,2699999999999996;6,75;-0,03000000000000025;-0,4444444444444481;91;False
AMARAL & CIA LTDA;13008610000183;SIQUEIRA CAMPOS;GASOLINA ADITIVADA;03/03/2025;6,72;VIBRA;6,72;0,0;0,0;6,448235294117647;6,45;0,2699999999999996;6,75;-0,03000000000000025;-0,4444444444444481;91;False
AMARAL & CIA LTDA;13008610000183;SIQUEIRA CAMPOS;GASOLINA ADITIVADA;11/03/2025;6,72;VIBRA;6,72;0,0;0,0;6,456;6,45;0,2699999999999996;6,75;-0,03000000000000025;-0,4444444444444481;91;False
AMARAL & CIA LTDA;13008610000183;SIQUEIRA CAMPOS;GASOLINA ADITIVADA;18/03/2025;6,72;VIBRA;6,72;0,0;0,0;6,463333333333334;6,45;0,2699999999999996;6,75;-0,03000000000000025;-0,4444444444444481;91;False
AMARAL & CIA LTDA;13008610000183;SIQUEIRA CAMPOS;GASOLINA ADITIVADA;25/03/2025;6,72;VIBRA;6,72;0,0;0,0;6,47027027027027;6,45;0,2699999999999996;6,75;-0,03000000000000025;-0,4444444444444481;91;False
AMARAL & CIA LTDA;13008610000183;SIQUEIRA CAMPOS;GASOLINA ADITIVADA;31/03/2025;6,72;VIBRA;6,72;0,0;0,0;6,476842105263158;6,45;0,2699999999999996;6,75;-0,03000000000000025;-0,4444444444444481;91;False
AMARAL & CIA LTDA;13008610000183;SIQUEIRA CAMPOS;GASOLINA ADITIVADA;08/04/2025;6,72;VIBRA;6,72;0,0;0,0;6,483076923076923;6,45;0,2699999999999996;6,75;-0,03000000000000025;-0,4444444444444481;91;False
AMARAL & CIA LTDA;13008610000183;SIQUEIRA CAMPOS;GASOLINA ADITIVADA;15/04/2025;6,62;VIBRA;6,72;-0,09999999999999964;-1,4880952380952328;6,489;6,484999999999999;0,13500000000000068;6,65;-0,03000000000000025;-0,45112781954887593;91;False
AMARAL & CIA LTDA;13008610000183;SIQUEIRA CAMPOS;GASOLINA ADITIVADA;22/04/2025;6,62;VIBRA;6,62;0,0;0,0;6,4921951219512195;6,52;0,10000000000000053;6,695;-0,07500000000000018;-1,1202389843166567;91;False
AMARAL & CIA LTDA;13008610000183;SIQUEIRA CAMPOS;GASOLINA ADITIVADA;29/04/2025;6,62;VIBRA;6,62;0,0;0,0;6,495238095238095;6,52;0,10000000000000053;6,75;-0,1299999999999999;-1,9259259259259243;91;False
AMARAL & CIA LTDA;13008610000183;SIQUEIRA CAMPOS;GASOLINA ADITIVADA;05/05/2025;6,72;VIBRA;6,62;0,09999999999999964;1,5105740181268827;6,498139534883721;6,52;0,20000000000000018;6,75;-0,03000000000000025;-0,4444444444444481;91;False
AMARAL & CIA LTDA;13008610000183;SIQUEIRA CAMPOS;GASOLINA ADITIVADA;12/05/2025;6,72;VIBRA;6,72;0,0;0,0;6,503181818181818;6,52;0,20000000000000018;6,734999999999999;-0,01499999999999968;-0,22271714922048524;91;False
AMARAL & CIA LTDA;13008610000183;SIQUEIRA CAMPOS;GASOLINA ADITIVADA;19/05/2025;6,72;VIBRA;6,72;0,0;0,0;6,508;6,52;0,20000000000000018;6,775;-0,055000000000000604;-0,8118081180811898;91;False
AMARAL & CIA LTDA;13008610000183;SIQUEIRA CAMPOS;GASOLINA ADITIVADA;27/05/2025;6,72;VIBRA;6,72;0,0;0,0;6,512608695652173;6,52;0,20000000000000018;6,8;-0,08000000000000007;-1,176470588235295;91;False
AMARAL & CIA LTDA;13008610000183;SIQUEIRA CAMPOS;GASOLINA ADITIVADA;03/06/2025;6,72;VIBRA;6,72;0,0;0,0;6,517021276595745;6,52;0,20000000000000018;6,8;-0,08000000000000007;-1,176470588235295;91;False
AMARAL & CIA LTDA;13008610000183;SIQUEIRA CAMPOS;GASOLINA ADITIVADA;09/06/2025;6,72;VIBRA;6,72;0,0;0,0;6,521249999999999;6,535;0,1849999999999996;6,76;-0,040000000000000036;-0,5917159763313614;91;False
AMARAL & CIA LTDA;13008610000183;SIQUEIRA CAMPOS;GASOLINA ADITIVADA;16/06/2025;6,72;VIBRA;6,72;0,0;0,0;6,5253061224489795;6,55;0,16999999999999993;6,8;-0,08000000000000007;-1,176470588235295;91;False
AMARAL & CIA LTDA;13008610000183;SIQUEIRA CAMPOS;GASOLINA ADITIVADA;24/06/2025;6,72;VIBRA;6,72;0,0;0,0;6,5291999999999994;6,55;0,16999999999999993;6,8;-0,08000000000000007;-1,176470588235295;91;False
AMARAL & CIA LTDA;13008610000183;SIQUEIRA CAMPOS;GASOLINA ADITIVADA;30/06/2025;6,72;VIBRA;6,72;0,0;0,0;6,5329411764705885;6,55;0,16999999999999993;6,8;-0,08000000000000007;-1,176470588235295;91;False
AMARAL & CIA LTDA;13008610000183;SIQUEIRA CAMPOS;GASOLINA ADITIVADA;08/07/2025;6,72;VIBRA;6,72;0,0;0,0;6,536538461538461;6,55;0,16999999999999993;6,8;-0,08000000000000007;-1,176470588235295;91;False
AMARAL & CIA LTDA;13008610000183;SIQUEIRA CAMPOS;GASOLINA ADITIVADA;15/07/2025;6,72;VIBRA;6,72;0,0;0,0;6,54;6,55;0,16999999999999993;6,8;-0,08000000000000007;-1,176470588235295;91;False
AMARAL & CIA LTDA;13008610000183;SIQUEIRA CAMPOS;GASOLINA ADITIVADA;22/07/2025;6,72;VIBRA;6,72;0,0;0,0;6,543333333333333;6,55;0,16999999999999993;6,8;-0,08000000000000007;-1,176470588235295;91;False
AMARAL & CIA LTDA;13008610000183;SIQUEIRA CAMPOS;GASOLINA ADITIVADA;28/07/2025;6,72;VIBRA;6,72;0,0;0,0;6,546545454545455;6,55;0,16999999999999993;6,8;-0,08000000000000007;-1,176470588235295;91;False
AMARAL & CIA LTDA;13008610000183;SIQUEIRA CAMPOS;GASOLINA ADITIVADA;05/08/2025;6,72;VIBRA;6,72;0,0;0,0;6,549642857142857;6,5649999999999995;0,15500000000000025;6,8;-0,08000000000000007;-1,176470588235295;91;False
AMARAL & CIA LTDA;13008610000183;SIQUEIRA CAMPOS;GASOLINA ADITIVADA;12/08/2025;6,72;VIBRA;6,72;0,0;0,0;6,552631578947368;6,58;0,13999999999999968;6,76;-0,040000000000000036;-0,5917159763313614;91;False
AMARAL & CIA LTDA;13008610000183;SIQUEIRA CAMPOS;GASOLINA ADITIVADA;19/08/2025;6,72;VIBRA;6,72;0,0;0,0;6,5555172413793095;6,58;0,13999999999999968;6,8;-0,08000000000000007;-1,176470588235295;91;False
AMARAL & CIA LTDA;13008610000183;SIQUEIRA CAMPOS;GASOLINA ADITIVADA;27/08/2025;6,72;VIBRA;6,72;0,0;0,0;6,558305084745762;6,58;0,13999999999999968;6,72;0,0;0,0;91;False
AMARAL & CIA LTDA;13008610000183;SIQUEIRA CAMPOS;GASOLINA ADITIVADA;02/09/2025;6,72;VIBRA;6,72;0,0;0,0;6,560999999999999;6,58;0,13999999999999968;6,795;-0,07500000000000018;-1,1037527593819012;91;False
AMARAL & CIA LTDA;13008610000183;SIQUEIRA CAMPOS;GASOLINA ADITIVADA;09/09/2025;6,72;VIBRA;6,72;0,0;0,0;6,5636065573770495;6,58;0,13999999999999968;6,795;-0,07500000000000018;-1,1037527593819012;91;False
AMARAL & CIA LTDA;13008610000183;SIQUEIRA CAMPOS;GASOLINA ADITIVADA;17/09/2025;6,72;VIBRA;6,72;0,0;0,0;6,566129032258064;6,6;0,1200000000000001;6,76;-0,040000000000000036;-0,5917159763313614;91;False
AMARAL & CIA LTDA;13008610000183;SIQUEIRA CAMPOS;GASOLINA ADITIVADA;22/09/2025;6,72;VIBRA;6,72;0,0;0,0;6,5685714285714285;6,62;0,09999999999999964;6,8149999999999995;-0,09499999999999975;-1,393983859134259;91;False
AMARAL & CIA LTDA;13008610000183;SIQUEIRA CAMPOS;GASOLINA ADITIVADA;30/09/2025;6,72;VIBRA;6,72;0,0;0,0;6,570937499999999;6,62;0,09999999999999964;6,8149999999999995;-0,09499999999999975;-1,393983859134259;91;False
AMARAL & CIA LTDA;13008610000183;SIQUEIRA CAMPOS;GASOLINA ADITIVADA;06/10/2025;6,72;VIBRA;6,72;0,0;0,0;6,573230769230769;6,62;0,09999999999999964;6,8149999999999995;-0,09499999999999975;-1,393983859134259;91;False
AMARAL & CIA LTDA;13008610000183;SIQUEIRA CAMPOS;GASOLINA ADITIVADA;13/10/2025;6,72;VIBRA;6,72;0,0;0,0;6,575454545454546;6,62;0,09999999999999964;6,76;-0,040000000000000036;-0,5917159763313614;91;False
AMARAL & CIA LTDA;13008610000183;SIQUEIRA CAMPOS;GASOLINA ADITIVADA;20/10/2025;6,72;VIBRA;6,72;0,0;0,0;6,577611940298508;6,62;0,09999999999999964;6,72;0,0;0,0;91;False
AMARAL & CIA LTDA;13008610000183;SIQUEIRA CAMPOS;GASOLINA ADITIVADA;28/10/2025;6,62;VIBRA;6,72;-0,09999999999999964;-1,4880952380952328;6,5797058823529415;6,67;-0,04999999999999982;6,74;-0,1200000000000001;-1,7804154302670638;91;False
AMARAL & CIA LTDA;13008610000183;SIQUEIRA CAMPOS;GASOLINA ADITIVADA;04/11/2025;6,62;VIBRA;6,62;0,0;0,0;6,580289855072463;6,62;0,0;6,765000000000001;-0,14500000000000046;-2,1433850702143453;91;False
AMARAL & CIA LTDA;13008610000183;SIQUEIRA CAMPOS;GASOLINA ADITIVADA;11/11/2025;6,62;VIBRA;6,62;0,0;0,0;6,580857142857142;6,62;0,0;6,65;-0,03000000000000025;-0,45112781954887593;91;False
AMARAL & CIA LTDA;13008610000183;SIQUEIRA CAMPOS;GASOLINA ADITIVADA;18/11/2025;6,62;VIBRA;6,62;0,0;0,0;6,581408450704225;6,62;0,0;6,71;-0,08999999999999986;-1,3412816691505194;91;False
AMARAL & CIA LTDA;13008610000183;SIQUEIRA CAMPOS;GASOLINA ADITIVADA;25/11/2025;6,62;VIBRA;6,62;0,0;0,0;6,581944444444444;6,62;0,0;6,71;-0,08999999999999986;-1,3412816691505194;91;False
AMARAL & CIA LTDA;13008610000183;SIQUEIRA CAMPOS;GASOLINA ADITIVADA;02/12/2025;6,62;VIBRA;6,62;0,0;0,0;6,582465753424657;6,62;0,0;6,68;-0,05999999999999961;-0,8982035928143655;91;False
AMARAL & CIA LTDA;13008610000183;SIQUEIRA CAMPOS;GASOLINA ADITIVADA;09/12/2025;6,62;VIBRA;6,62;0,0;0,0;6,582972972972973;6,62;0,0;6,71;-0,08999999999999986;-1,3412816691505194;91;False
AMARAL & CIA LTDA;13008610000183;SIQUEIRA CAMPOS;GASOLINA ADITIVADA;17/12/2025;6,62;VIBRA;6,62;0,0;0,0;6,583466666666666;6,62;0,0;6,74;-0,1200000000000001;-1,7804154302670638;91;False
AMARAL & CIA LTDA;13008610000183;SIQUEIRA CAMPOS;GASOLINA ADITIVADA;24/12/2025;6,62;VIBRA;6,62;0,0;0,0;6,583947368421053;6,62;0,0;6,74;-0,1200000000000001;-1,7804154302670638;91;False
AMARAL & CIA LTDA;13008610000183;SIQUEIRA CAMPOS;GASOLINA ADITIVADA;30/12/2025;6,62;VIBRA;6,62;0,0;0,0;6,584415584415584;6,62;0,0;6,74;-0,1200000000000001;-1,7804154302670638;91;False
AMARAL & CIA LTDA;13008610000183;SIQUEIRA CAMPOS;GASOLINA ADITIVADA;06/01/2026;6,62;VIBRA;6,62;0,0;0,0;6,584871794871795;6,62;0,0;6,62;0,0;0,0;91;False
AMARAL & CIA LTDA;13008610000183;SIQUEIRA CAMPOS;GASOLINA ADITIVADA;13/01/2026;6,62;VIBRA;6,62;0,0;0,0;6,585316455696202;6,62;0,0;6,74;-0,1200000000000001;-1,7804154302670638;91;False
AMARAL & CIA LTDA;13008610000183;SIQUEIRA CAMPOS;GASOLINA ADITIVADA;22/01/2026;6,62;VIBRA;6,62;0,0;0,0;6,58575;6,62;0,0;6,765000000000001;-0,14500000000000046;-2,1433850702143453;91;False
AMARAL & CIA LTDA;13008610000183;SIQUEIRA CAMPOS;GASOLINA ADITIVADA;27/01/2026;6,62;VIBRA;6,62;0,0;0,0;6,586172839506173;6,62;0,0;6,79;-0,16999999999999993;-2,503681885125183;91;False
AMARAL & CIA LTDA;13008610000183;SIQUEIRA CAMPOS;GASOLINA ADITIVADA;09/02/2026;6,62;VIBRA;6,62;0,0;0,0;6,586585365853659;6,62;0,0;6,62;0,0;0,0;91;False
AMARAL & CIA LTDA;13008610000183;SIQUEIRA CAMPOS;GASOLINA ADITIVADA;24/02/2026;6,52;VIBRA;6,62;-0,10000000000000053;-1,5105740181268963;6,586987951807229;6,62;-0,10000000000000053;6,555;-0,03500000000000014;-0,5339435545385224;91;False
AMARAL & CIA LTDA;13008610000183;SIQUEIRA CAMPOS;GASOLINA ADITIVADA;03/03/2026;6,62;VIBRA;6,52;0,10000000000000053;1,5337423312883518;6,586190476190477;6,62;0,0;6,62;0,0;0,0;91;False
AMARAL & CIA LTDA;13008610000183;SIQUEIRA CAMPOS;GASOLINA ADITIVADA;09/03/2026;6,62;VIBRA;6,62;0,0;0,0;6,586588235294117;6,62;0,0;6,93;-0,3099999999999996;-4,473304473304468;91;False
AMARAL & CIA LTDA;13008610000183;SIQUEIRA CAMPOS;GASOLINA ADITIVADA;09/04/2026;7,29;VIBRA;6,62;0,6699999999999999;10,120845921450151;6,586976744186047;6,62;0,6699999999999999;7,4399999999999995;-0,14999999999999947;-2,0161290322580574;91;False
AMARAL & CIA LTDA;13008610000183;SIQUEIRA CAMPOS;GASOLINA ADITIVADA;15/04/2026;7,22;VIBRA;7,29;-0,07000000000000028;-0,9602194787380012;6,595057471264368;6,62;0,5999999999999996;7,49;-0,27000000000000046;-3,604806408544732;91;False
AMARAL & CIA LTDA;13008610000183;SIQUEIRA CAMPOS;GASOLINA ADITIVADA;23/04/2026;7,29;VIBRA;7,22;0,07000000000000028;0,9695290858725801;6,602159090909091;6,62;0,6699999999999999;7,29;0,0;0,0;91;False
AMARAL & CIA LTDA;13008610000183;SIQUEIRA CAMPOS;GASOLINA ADITIVADA;29/04/2026;7,29;VIBRA;7,29;0,0;0,0;6,609887640449438;6,62;0,6699999999999999;7,39;-0,09999999999999964;-1,3531799729363958;91;False
AMARAL & CIA LTDA;13008610000183;SIQUEIRA CAMPOS;GASOLINA ADITIVADA;07/05/2026;7,59;VIBRA;7,29;0,2999999999999998;4,115226337448557;6,617444444444444;6,62;0,9699999999999998;7,6899999999999995;-0,09999999999999964;-1,300390117035106;91;False
AUTO POSTOS ANDRADE LTDA;13017447000115;CENTRO;DIESEL S10;09/07/2024;5,8;BRANCA;;;;;;;6,16;-0,3600000000000003;-5,844155844155849;17;False
AUTO POSTOS ANDRADE LTDA;13017447000115;CENTRO;DIESEL S10;16/07/2024;5,8;BRANCA;5,8;0,0;0,0;5,8;5,8;0,0;6,16;-0,3600000000000003;-5,844155844155849;17;False
AUTO POSTOS ANDRADE LTDA;13017447000115;CENTRO;DIESEL S10;22/07/2024;5,8;BRANCA;5,8;0,0;0,0;5,8;5,8;0,0;5,8;0,0;0,0;17;False
AUTO POSTOS ANDRADE LTDA;13017447000115;CENTRO;DIESEL S10;29/07/2024;5,8;BRANCA;5,8;0,0;0,0;5,8;5,8;0,0;6,029999999999999;-0,22999999999999954;-3,81426202321724;17;False
AUTO POSTOS ANDRADE LTDA;13017447000115;CENTRO;DIESEL S10;06/08/2024;5,8;BRANCA;5,8;0,0;0,0;5,8;5,8;0,0;6,275;-0,47500000000000053;-7,569721115537857;17;False
AUTO POSTOS ANDRADE LTDA;13017447000115;CENTRO;DIESEL S10;12/08/2024;5,8;BRANCA;5,8;0,0;0,0;5,8;5,8;0,0;6,275;-0,47500000000000053;-7,569721115537857;17;False
AUTO POSTOS ANDRADE LTDA;13017447000115;CENTRO;DIESEL S10;19/08/2024;5,8;BRANCA;5,8;0,0;0,0;5,8;5,8;0,0;6,275;-0,47500000000000053;-7,569721115537857;17;False
AUTO POSTOS ANDRADE LTDA;13017447000115;CENTRO;DIESEL S10;26/08/2024;5,8;BRANCA;5,8;0,0;0,0;5,8;5,8;0,0;6,275;-0,47500000000000053;-7,569721115537857;17;False
AUTO POSTOS ANDRADE LTDA;13017447000115;CENTRO;DIESEL S10;03/09/2024;5,8;BRANCA;5,8;0,0;0,0;5,8;5,8;0,0;6,275;-0,47500000000000053;-7,569721115537857;17;False
AUTO POSTOS ANDRADE LTDA;13017447000115;CENTRO;DIESEL S10;09/09/2024;5,8;BRANCA;5,8;0,0;0,0;5,8;5,8;0,0;6,275;-0,47500000000000053;-7,569721115537857;17;False
AUTO POSTOS ANDRADE LTDA;13017447000115;CENTRO;DIESEL S10;17/09/2024;5,69;BRANCA;5,8;-0,10999999999999943;-1,8965517241379213;5,8;5,8;-0,10999999999999943;6,08;-0,3899999999999997;-6,414473684210521;17;False
AUTO POSTOS ANDRADE LTDA;13017447000115;CENTRO;DIESEL S10;24/09/2024;5,69;BRANCA;5,69;0,0;0,0;5,79;5,8;-0,10999999999999943;6,08;-0,3899999999999997;-6,414473684210521;17;False
AUTO POSTOS ANDRADE LTDA;13017447000115;CENTRO;DIESEL S10;30/09/2024;5,69;BRANCA;5,69;0,0;0,0;5,781666666666666;5,8;-0,10999999999999943;6,08;-0,3899999999999997;-6,414473684210521;17;False
AUTO POSTOS ANDRADE LTDA;13017447000115;CENTRO;DIESEL S10;07/10/2024;5,69;BRANCA;5,69;0,0;0,0;5,774615384615384;5,8;-0,10999999999999943;6,08;-0,3899999999999997;-6,414473684210521;17;False
AUTO POSTOS ANDRADE LTDA;13017447000115;CENTRO;DIESEL S10;15/10/2024;5,87;BRANCA;5,69;0,17999999999999972;3,1634446397187994;5,768571428571429;5,8;0,07000000000000028;6,08;-0,20999999999999996;-3,453947368421052;17;False
AUTO POSTOS ANDRADE LTDA;13017447000115;CENTRO;DIESEL S10;21/10/2024;5,69;BRANCA;5,87;-0,17999999999999972;-3,0664395229982917;5,775333333333333;5,8;-0,10999999999999943;5,970000000000001;-0,28000000000000025;-4,690117252931327;17;False
AUTO POSTOS ANDRADE LTDA;13017447000115;CENTRO;DIESEL S10;28/10/2024;5,69;BRANCA;5,69;0,0;0,0;5,77;5,8;-0,10999999999999943;5,95;-0,2599999999999998;-4,36974789915966;17;False
AUTO POSTOS ANDRADE LTDA;13017447000115;CENTRO;ETANOL;09/07/2024;4,69;BRANCA;;;;;;;4,8100000000000005;-0,1200000000000001;-2,4948024948024967;17;False
AUTO POSTOS ANDRADE LTDA;13017447000115;CENTRO;ETANOL;16/07/2024;4,69;BRANCA;4,69;0,0;0,0;4,69;4,69;0,0;4,82;-0,1299999999999999;-2,697095435684645;17;False
AUTO POSTOS ANDRADE LTDA;13017447000115;CENTRO;ETANOL;22/07/2024;4,69;BRANCA;4,69;0,0;0,0;4,69;4,69;0,0;4,8;-0,10999999999999943;-2,291666666666655;17;False
AUTO POSTOS ANDRADE LTDA;13017447000115;CENTRO;ETANOL;29/07/2024;4,8;BRANCA;4,69;0,10999999999999943;2,3454157782515868;4,69;4,69;0,10999999999999943;4,89;-0,08999999999999986;-1,8404907975460096;17;False
AUTO POSTOS ANDRADE LTDA;13017447000115;CENTRO;ETANOL;06/08/2024;4,75;BRANCA;4,8;-0,04999999999999982;-1,041666666666663;4,7175;4,69;0,05999999999999961;4,89;-0,13999999999999968;-2,8629856850715685;17;False
AUTO POSTOS ANDRADE LTDA;13017447000115;CENTRO;ETANOL;12/08/2024;4,75;BRANCA;4,75;0,0;0,0;4,724;4,69;0,05999999999999961;4,89;-0,13999999999999968;-2,8629856850715685;17;False
AUTO POSTOS ANDRADE LTDA;13017447000115;CENTRO;ETANOL;19/08/2024;4,75;BRANCA;4,75;0,0;0,0;4,7283333333333335;4,720000000000001;0,02999999999999936;4,89;-0,13999999999999968;-2,8629856850715685;17;False
AUTO POSTOS ANDRADE LTDA;13017447000115;CENTRO;ETANOL;26/08/2024;4,75;BRANCA;4,75;0,0;0,0;4,731428571428572;4,75;0,0;4,89;-0,13999999999999968;-2,8629856850715685;17;False
AUTO POSTOS ANDRADE LTDA;13017447000115;CENTRO;ETANOL;03/09/2024;4,75;BRANCA;4,75;0,0;0,0;4,733750000000001;4,75;0,0;4,89;-0,13999999999999968;-2,8629856850715685;17;False
AUTO POSTOS ANDRADE LTDA;13017447000115;CENTRO;ETANOL;09/09/2024;4,75;BRANCA;4,75;0,0;0,0;4,735555555555556;4,75;0,0;4,89;-0,13999999999999968;-2,8629856850715685;17;False
AUTO POSTOS ANDRADE LTDA;13017447000115;CENTRO;ETANOL;17/09/2024;4,69;BRANCA;4,75;-0,05999999999999961;-1,2631578947368338;4,737;4,75;-0,05999999999999961;4,79;-0,09999999999999964;-2,087682672233813;17;False
AUTO POSTOS ANDRADE LTDA;13017447000115;CENTRO;ETANOL;24/09/2024;4,59;BRANCA;4,69;-0,10000000000000053;-2,1321961620469194;4,732727272727273;4,75;-0,16000000000000014;4,75;-0,16000000000000014;-3,3684210526315814;17;False
AUTO POSTOS ANDRADE LTDA;13017447000115;CENTRO;ETANOL;30/09/2024;4,49;BRANCA;4,59;-0,09999999999999964;-2,1786492374727593;4,720833333333333;4,75;-0,2599999999999998;4,75;-0,2599999999999998;-5,4736842105263115;17;False
AUTO POSTOS ANDRADE LTDA;13017447000115;CENTRO;ETANOL;07/10/2024;4,49;BRANCA;4,49;0,0;0,0;4,703076923076923;4,75;-0,2599999999999998;4,59;-0,09999999999999964;-2,1786492374727593;17;False
AUTO POSTOS ANDRADE LTDA;13017447000115;CENTRO;ETANOL;15/10/2024;4,49;BRANCA;4,49;0,0;0,0;4,687857142857142;4,720000000000001;-0,23000000000000043;4,5600000000000005;-0,07000000000000028;-1,5350877192982515;17;False
AUTO POSTOS ANDRADE LTDA;13017447000115;CENTRO;ETANOL;21/10/2024;4,39;BRANCA;4,49;-0,10000000000000053;-2,2271714922049117;4,674666666666667;4,69;-0,3000000000000007;4,49;-0,10000000000000053;-2,2271714922049117;17;False
AUTO POSTOS ANDRADE LTDA;13017447000115;CENTRO;ETANOL;28/10/2024;4,29;BRANCA;4,39;-0,09999999999999964;-2,2779043280182156;4,656875;4,69;-0,40000000000000036;4,39;-0,09999999999999964;-2,2779043280182156;17;False
AUTO POSTOS ANDRADE LTDA;13017447000115;CENTRO;GASOLINA;09/07/2024;6,3;BRANCA;;;;;;;6,3100000000000005;-0,010000000000000675;-0,15847860538828326;17;False
AUTO POSTOS ANDRADE LTDA;13017447000115;CENTRO;GASOLINA;16/07/2024;6,3;BRANCA;6,3;0,0;0,0;6,3;6,3;0,0;6,32;-0,020000000000000462;-0,31645569620253894;17;False
AUTO POSTOS ANDRADE LTDA;13017447000115;CENTRO;GASOLINA;22/07/2024;6,3;BRANCA;6,3;0,0;0,0;6,3;6,3;0,0;6,32;-0,020000000000000462;-0,31645569620253894;17;False
AUTO POSTOS ANDRADE LTDA;13017447000115;CENTRO;GASOLINA;29/07/2024;6,48;BRANCA;6,3;0,1800000000000006;2,857142857142867;6,3;6,3;0,1800000000000006;6,51;-0,02999999999999936;-0,4608294930875478;17;False
AUTO POSTOS ANDRADE LTDA;13017447000115;CENTRO;GASOLINA;06/08/2024;6,45;BRANCA;6,48;-0,03000000000000025;-0,46296296296296674;6,345;6,3;0,15000000000000036;6,49;-0,040000000000000036;-0,6163328197226507;17;False
AUTO POSTOS ANDRADE LTDA;13017447000115;CENTRO;GASOLINA;12/08/2024;6,4;BRANCA;6,45;-0,04999999999999982;-0,7751937984496096;6,366;6,3;0,10000000000000053;6,47;-0,0699999999999994;-1,0819165378670696;17;False
AUTO POSTOS ANDRADE LTDA;13017447000115;CENTRO;GASOLINA;19/08/2024;6,4;BRANCA;6,4;0,0;0,0;6,371666666666667;6,35;0,05000000000000071;6,47;-0,0699999999999994;-1,0819165378670696;17;False
AUTO POSTOS ANDRADE LTDA;13017447000115;CENTRO;GASOLINA;26/08/2024;6,4;BRANCA;6,4;0,0;0,0;6,375714285714286;6,4;0,0;6,47;-0,0699999999999994;-1,0819165378670696;17;False
AUTO POSTOS ANDRADE LTDA;13017447000115;CENTRO;GASOLINA;03/09/2024;6,4;BRANCA;6,4;0,0;0,0;6,37875;6,4;0,0;6,47;-0,0699999999999994;-1,0819165378670696;17;False
AUTO POSTOS ANDRADE LTDA;13017447000115;CENTRO;GASOLINA;09/09/2024;6,4;BRANCA;6,4;0,0;0,0;6,381111111111111;6,4;0,0;6,47;-0,0699999999999994;-1,0819165378670696;17;False
AUTO POSTOS ANDRADE LTDA;13017447000115;CENTRO;GASOLINA;17/09/2024;6,2;BRANCA;6,4;-0,20000000000000018;-3,1250000000000027;6,383;6,4;-0,20000000000000018;6,27;-0,0699999999999994;-1,1164274322168963;17;False
AUTO POSTOS ANDRADE LTDA;13017447000115;CENTRO;GASOLINA;24/09/2024;6,2;BRANCA;6,2;0,0;0,0;6,366363636363636;6,4;-0,20000000000000018;6,27;-0,0699999999999994;-1,1164274322168963;17;False
AUTO POSTOS ANDRADE LTDA;13017447000115;CENTRO;GASOLINA;30/09/2024;6,2;BRANCA;6,2;0,0;0,0;6,3525;6,4;-0,20000000000000018;6,27;-0,0699999999999994;-1,1164274322168963;17;False
AUTO POSTOS ANDRADE LTDA;13017447000115;CENTRO;GASOLINA;07/10/2024;6,2;BRANCA;6,2;0,0;0,0;6,340769230769231;6,4;-0,20000000000000018;6,27;-0,0699999999999994;-1,1164274322168963;17;False
AUTO POSTOS ANDRADE LTDA;13017447000115;CENTRO;GASOLINA;15/10/2024;6,2;BRANCA;6,2;0,0;0,0;6,3307142857142855;6,35;-0,14999999999999947;6,22;-0,019999999999999574;-0,32154340836012174;17;False
AUTO POSTOS ANDRADE LTDA;13017447000115;CENTRO;GASOLINA;21/10/2024;5,9;BRANCA;6,2;-0,2999999999999998;-4,838709677419352;6,322;6,3;-0,39999999999999947;5,95;-0,04999999999999982;-0,8403361344537785;17;False
AUTO POSTOS ANDRADE LTDA;13017447000115;CENTRO;GASOLINA;28/10/2024;5,9;BRANCA;5,9;0,0;0,0;6,295625;6,3;-0,39999999999999947;5,92;-0,019999999999999574;-0,33783783783783067;17;False
AUTO POSTOS ANDRADE LTDA;13017447000115;CENTRO;GASOLINA ADITIVADA;09/07/2024;6,3;BRANCA;;;;;;;6,335;-0,03500000000000014;-0,5524861878453061;17;False
AUTO POSTOS ANDRADE LTDA;13017447000115;CENTRO;GASOLINA ADITIVADA;16/07/2024;6,3;BRANCA;6,3;0,0;0,0;6,3;6,3;0,0;6,37;-0,07000000000000028;-1,0989010989011034;17;False
AUTO POSTOS ANDRADE LTDA;13017447000115;CENTRO;GASOLINA ADITIVADA;22/07/2024;6,3;BRANCA;6,3;0,0;0,0;6,3;6,3;0,0;6,335;-0,03500000000000014;-0,5524861878453061;17;False
AUTO POSTOS ANDRADE LTDA;13017447000115;CENTRO;GASOLINA ADITIVADA;29/07/2024;6,48;BRANCA;6,3;0,1800000000000006;2,857142857142867;6,3;6,3;0,1800000000000006;6,53;-0,04999999999999982;-0,7656967840735042;17;False
AUTO POSTOS ANDRADE LTDA;13017447000115;CENTRO;GASOLINA ADITIVADA;06/08/2024;6,45;BRANCA;6,48;-0,03000000000000025;-0,46296296296296674;6,345;6,3;0,15000000000000036;6,5600000000000005;-0,11000000000000032;-1,6768292682926875;17;False
AUTO POSTOS ANDRADE LTDA;13017447000115;CENTRO;GASOLINA ADITIVADA;12/08/2024;6,4;BRANCA;6,45;-0,04999999999999982;-0,7751937984496096;6,366;6,3;0,10000000000000053;6,535;-0,1349999999999998;-2,065799540933432;17;False
AUTO POSTOS ANDRADE LTDA;13017447000115;CENTRO;GASOLINA ADITIVADA;19/08/2024;6,4;BRANCA;6,4;0,0;0,0;6,371666666666667;6,35;0,05000000000000071;6,52;-0,11999999999999922;-1,8404907975460003;17;False
AUTO POSTOS ANDRADE LTDA;13017447000115;CENTRO;GASOLINA ADITIVADA;26/08/2024;6,4;BRANCA;6,4;0,0;0,0;6,375714285714286;6,4;0,0;6,52;-0,11999999999999922;-1,8404907975460003;17;False
AUTO POSTOS ANDRADE LTDA;13017447000115;CENTRO;GASOLINA ADITIVADA;03/09/2024;6,4;BRANCA;6,4;0,0;0,0;6,37875;6,4;0,0;6,52;-0,11999999999999922;-1,8404907975460003;17;False
AUTO POSTOS ANDRADE LTDA;13017447000115;CENTRO;GASOLINA ADITIVADA;09/09/2024;6,4;BRANCA;6,4;0,0;0,0;6,381111111111111;6,4;0,0;6,52;-0,11999999999999922;-1,8404907975460003;17;False
AUTO POSTOS ANDRADE LTDA;13017447000115;CENTRO;GASOLINA ADITIVADA;17/09/2024;6,2;BRANCA;6,4;-0,20000000000000018;-3,1250000000000027;6,383;6,4;-0,20000000000000018;6,32;-0,1200000000000001;-1,8987341772151913;17;False
AUTO POSTOS ANDRADE LTDA;13017447000115;CENTRO;GASOLINA ADITIVADA;24/09/2024;6,2;BRANCA;6,2;0,0;0,0;6,366363636363636;6,4;-0,20000000000000018;6,324999999999999;-0,12499999999999911;-1,9762845849802233;17;False
AUTO POSTOS ANDRADE LTDA;13017447000115;CENTRO;GASOLINA ADITIVADA;30/09/2024;6,2;BRANCA;6,2;0,0;0,0;6,3525;6,4;-0,20000000000000018;6,324999999999999;-0,12499999999999911;-1,9762845849802233;17;False
AUTO POSTOS ANDRADE LTDA;13017447000115;CENTRO;GASOLINA ADITIVADA;07/10/2024;6,2;BRANCA;6,2;0,0;0,0;6,340769230769231;6,4;-0,20000000000000018;6,324999999999999;-0,12499999999999911;-1,9762845849802233;17;False
AUTO POSTOS ANDRADE LTDA;13017447000115;CENTRO;GASOLINA ADITIVADA;15/10/2024;6,2;BRANCA;6,2;0,0;0,0;6,3307142857142855;6,35;-0,14999999999999947;6,27;-0,0699999999999994;-1,1164274322168963;17;False
AUTO POSTOS ANDRADE LTDA;13017447000115;CENTRO;GASOLINA ADITIVADA;21/10/2024;5,9;BRANCA;6,2;-0,2999999999999998;-4,838709677419352;6,322;6,3;-0,39999999999999947;5,99;-0,08999999999999986;-1,502504173622702;17;False
AUTO POSTOS ANDRADE LTDA;13017447000115;CENTRO;GASOLINA ADITIVADA;28/10/2024;5,9;BRANCA;5,9;0,0;0,0;6,295625;6,3;-0,39999999999999947;5,99;-0,08999999999999986;-1,502504173622702;17;False
KLEBER SANTOS BATISTA LTDA;13042882000108;CIRURGIA;DIESEL S10;10/07/2024;5,8;BRANCA;;;;;;;5,895;-0,09499999999999975;-1,6115351993214548;88;False
KLEBER SANTOS BATISTA LTDA;13042882000108;CIRURGIA;DIESEL S10;22/07/2024;5,8;BRANCA;5,8;0,0;0,0;5,8;5,8;0,0;5,8;0,0;0,0;88;False
KLEBER SANTOS BATISTA LTDA;13042882000108;CIRURGIA;DIESEL S10;15/10/2024;5,87;BRANCA;5,8;0,07000000000000028;1,206896551724143;5,8;5,8;0,07000000000000028;6,08;-0,20999999999999996;-3,453947368421052;88;False
KLEBER SANTOS BATISTA LTDA;13042882000108;CIRURGIA;DIESEL S10;21/10/2024;5,69;BRANCA;5,87;-0,17999999999999972;-3,0664395229982917;5,823333333333333;5,8;-0,10999999999999943;5,970000000000001;-0,28000000000000025;-4,690117252931327;88;False
KLEBER SANTOS BATISTA LTDA;13042882000108;CIRURGIA;DIESEL S10;28/10/2024;5,69;BRANCA;5,69;0,0;0,0;5,79;5,8;-0,10999999999999943;5,95;-0,2599999999999998;-4,36974789915966;88;False
KLEBER SANTOS BATISTA LTDA;13042882000108;CIRURGIA;DIESEL S10;04/11/2024;5,69;BRANCA;5,69;0,0;0,0;5,7700000000000005;5,8;-0,10999999999999943;5,890000000000001;-0,20000000000000018;-3,395585738539901;88;False
KLEBER SANTOS BATISTA LTDA;13042882000108;CIRURGIA;DIESEL S10;11/11/2024;5,69;BRANCA;5,69;0,0;0,0;5,756666666666667;5,745;-0,054999999999999716;5,890000000000001;-0,20000000000000018;-3,395585738539901;88;False
KLEBER SANTOS BATISTA LTDA;13042882000108;CIRURGIA;DIESEL S10;18/11/2024;5,69;BRANCA;5,69;0,0;0,0;5,747142857142857;5,69;0,0;5,915;-0,22499999999999964;-3,8038884192730285;88;False
KLEBER SANTOS BATISTA LTDA;13042882000108;CIRURGIA;DIESEL S10;25/11/2024;5,69;BRANCA;5,69;0,0;0,0;5,74;5,69;0,0;5,915;-0,22499999999999964;-3,8038884192730285;88;False
KLEBER SANTOS BATISTA LTDA;13042882000108;CIRURGIA;DIESEL S10;03/12/2024;5,89;BRANCA;5,69;0,1999999999999993;3,514938488576437;5,734444444444445;5,69;0,1999999999999993;5,99;-0,10000000000000053;-1,6694490818030139;88;False
KLEBER SANTOS BATISTA LTDA;13042882000108;CIRURGIA;DIESEL S10;09/12/2024;5,89;BRANCA;5,89;0,0;0,0;5,75;5,69;0,1999999999999993;5,99;-0,10000000000000053;-1,6694490818030139;88;False
KLEBER SANTOS BATISTA LTDA;13042882000108;CIRURGIA;DIESEL S10;16/12/2024;5,89;BRANCA;5,89;0,0;0,0;5,762727272727273;5,69;0,1999999999999993;5,89;0,0;0,0;88;False
KLEBER SANTOS BATISTA LTDA;13042882000108;CIRURGIA;DIESEL S10;23/12/2024;5,97;BRANCA;5,89;0,08000000000000007;1,3582342954159605;5,773333333333333;5,745;0,22499999999999964;6,029999999999999;-0,05999999999999961;-0,9950248756218841;88;False
KLEBER SANTOS BATISTA LTDA;13042882000108;CIRURGIA;DIESEL S10;30/12/2024;5,97;BRANCA;5,97;0,0;0,0;5,788461538461538;5,8;0,16999999999999993;6,029999999999999;-0,05999999999999961;-0,9950248756218841;88;False
KLEBER SANTOS BATISTA LTDA;13042882000108;CIRURGIA;DIESEL S10;06/01/2025;5,97;BRANCA;5,97;0,0;0,0;5,801428571428572;5,8;0,16999999999999993;6,029999999999999;-0,05999999999999961;-0,9950248756218841;88;False
KLEBER SANTOS BATISTA LTDA;13042882000108;CIRURGIA;DIESEL S10;13/01/2025;6,05;BRANCA;5,97;0,08000000000000007;1,3400335008375222;5,812666666666667;5,8;0,25;6,17;-0,1200000000000001;-1,94489465153971;88;False
KLEBER SANTOS BATISTA LTDA;13042882000108;CIRURGIA;DIESEL S10;20/01/2025;6,05;BRANCA;6,05;0,0;0,0;5,8275;5,835;0,21499999999999986;6,05;0,0;0,0;88;False
KLEBER SANTOS BATISTA LTDA;13042882000108;CIRURGIA;DIESEL S10;28/01/2025;6,05;BRANCA;6,05;0,0;0,0;5,840588235294118;5,87;0,17999999999999972;6,17;-0,1200000000000001;-1,94489465153971;88;False
KLEBER SANTOS BATISTA LTDA;13042882000108;CIRURGIA;DIESEL S10;03/02/2025;6,05;BRANCA;6,05;0,0;0,0;5,852222222222222;5,88;0,16999999999999993;6,17;-0,1200000000000001;-1,94489465153971;88;False
KLEBER SANTOS BATISTA LTDA;13042882000108;CIRURGIA;DIESEL S10;11/02/2025;6,23;BRANCA;6,05;0,1800000000000006;2,975206611570258;5,862631578947369;5,89;0,34000000000000075;6,36;-0,1299999999999999;-2,0440251572327024;88;False
KLEBER SANTOS BATISTA LTDA;13042882000108;CIRURGIA;DIESEL S10;18/02/2025;6,23;BRANCA;6,23;0,0;0,0;5,881;5,89;0,34000000000000075;6,36;-0,1299999999999999;-2,0440251572327024;88;False
KLEBER SANTOS BATISTA LTDA;13042882000108;CIRURGIA;DIESEL S10;25/02/2025;6,23;BRANCA;6,23;0,0;0,0;5,897619047619047;5,89;0,34000000000000075;6,36;-0,1299999999999999;-2,0440251572327024;88;False
KLEBER SANTOS BATISTA LTDA;13042882000108;CIRURGIA;DIESEL S10;03/03/2025;6,23;BRANCA;6,23;0,0;0,0;5,912727272727273;5,89;0,34000000000000075;6,36;-0,1299999999999999;-2,0440251572327024;88;False
KLEBER SANTOS BATISTA LTDA;13042882000108;CIRURGIA;DIESEL S10;11/03/2025;6,23;BRANCA;6,23;0,0;0,0;5,926521739130435;5,89;0,34000000000000075;6,36;-0,1299999999999999;-2,0440251572327024;88;False
KLEBER SANTOS BATISTA LTDA;13042882000108;CIRURGIA;DIESEL S10;18/03/2025;6,23;BRANCA;6,23;0,0;0,0;5,939166666666666;5,93;0,3000000000000007;6,36;-0,1299999999999999;-2,0440251572327024;88;False
KLEBER SANTOS BATISTA LTDA;13042882000108;CIRURGIA;DIESEL S10;25/03/2025;6,23;BRANCA;6,23;0,0;0,0;5,9508;5,97;0,2600000000000007;6,36;-0,1299999999999999;-2,0440251572327024;88;False
KLEBER SANTOS BATISTA LTDA;13042882000108;CIRURGIA;DIESEL S10;31/03/2025;6,23;BRANCA;6,23;0,0;0,0;5,961538461538462;5,97;0,2600000000000007;6,36;-0,1299999999999999;-2,0440251572327024;88;False
KLEBER SANTOS BATISTA LTDA;13042882000108;CIRURGIA;DIESEL S10;08/04/2025;5,99;BRANCA;6,23;-0,2400000000000002;-3,852327447833069;5,971481481481481;5,97;0,020000000000000462;6,24;-0,25;-4,006410256410256;88;False
KLEBER SANTOS BATISTA LTDA;13042882000108;CIRURGIA;DIESEL S10;15/04/2025;5,78;BRANCA;5,99;-0,20999999999999996;-3,50584307178631;5,972142857142857;5,97;-0,1899999999999995;6,135;-0,35499999999999954;-5,786471067644654;88;False
KLEBER SANTOS BATISTA LTDA;13042882000108;CIRURGIA;DIESEL S10;22/04/2025;5,78;BRANCA;5,78;0,0;0,0;5,9655172413793105;5,97;-0,1899999999999995;6,035;-0,2549999999999999;-4,225352112676054;88;False
KLEBER SANTOS BATISTA LTDA;13042882000108;CIRURGIA;DIESEL S10;29/04/2025;5,78;BRANCA;5,78;0,0;0,0;5,959333333333333;5,97;-0,1899999999999995;6,035;-0,2549999999999999;-4,225352112676054;88;False
KLEBER SANTOS BATISTA LTDA;13042882000108;CIRURGIA;DIESEL S10;05/05/2025;5,78;BRANCA;5,78;0,0;0,0;5,953548387096775;5,97;-0,1899999999999995;6,035;-0,2549999999999999;-4,225352112676054;88;False
KLEBER SANTOS BATISTA LTDA;13042882000108;CIRURGIA;DIESEL S10;12/05/2025;5,64;BRANCA;5,78;-0,14000000000000057;-2,4221453287197328;5,948125;5,93;-0,29000000000000004;5,965;-0,3250000000000002;-5,448449287510481;88;False
KLEBER SANTOS BATISTA LTDA;13042882000108;CIRURGIA;DIESEL S10;19/05/2025;5,64;BRANCA;5,64;0,0;0,0;5,938787878787879;5,89;-0,25;5,64;0,0;0,0;88;False
KLEBER SANTOS BATISTA LTDA;13042882000108;CIRURGIA;DIESEL S10;27/05/2025;5,64;BRANCA;5,64;0,0;0,0;5,93;5,89;-0,25;5,96;-0,3200000000000003;-5,369127516778528;88;False
KLEBER SANTOS BATISTA LTDA;13042882000108;CIRURGIA;DIESEL S10;03/06/2025;5,64;BRANCA;5,64;0,0;0,0;5,921714285714286;5,89;-0,25;5,96;-0,3200000000000003;-5,369127516778528;88;False
KLEBER SANTOS BATISTA LTDA;13042882000108;CIRURGIA;DIESEL S10;09/06/2025;5,64;BRANCA;5,64;0,0;0,0;5,913888888888889;5,89;-0,25;5,64;0,0;0,0;88;False
KLEBER SANTOS BATISTA LTDA;13042882000108;CIRURGIA;DIESEL S10;16/06/2025;5,64;BRANCA;5,64;0,0;0,0;5,906486486486486;5,89;-0,25;5,64;0,0;0,0;88;False
KLEBER SANTOS BATISTA LTDA;13042882000108;CIRURGIA;DIESEL S10;24/06/2025;5,64;BRANCA;5,64;0,0;0,0;5,899473684210527;5,88;-0,2400000000000002;5,96;-0,3200000000000003;-5,369127516778528;88;False
KLEBER SANTOS BATISTA LTDA;13042882000108;CIRURGIA;DIESEL S10;30/06/2025;5,64;BRANCA;5,64;0,0;0,0;5,892820512820513;5,87;-0,23000000000000043;5,96;-0,3200000000000003;-5,369127516778528;88;False
KLEBER SANTOS BATISTA LTDA;13042882000108;CIRURGIA;DIESEL S10;08/07/2025;5,64;BRANCA;5,64;0,0;0,0;5,8865;5,835;-0,19500000000000028;5,96;-0,3200000000000003;-5,369127516778528;88;False
KLEBER SANTOS BATISTA LTDA;13042882000108;CIRURGIA;DIESEL S10;15/07/2025;5,64;BRANCA;5,64;0,0;0,0;5,880487804878048;5,8;-0,16000000000000014;5,96;-0,3200000000000003;-5,369127516778528;88;False
KLEBER SANTOS BATISTA LTDA;13042882000108;CIRURGIA;DIESEL S10;22/07/2025;5,64;BRANCA;5,64;0,0;0,0;5,874761904761905;5,8;-0,16000000000000014;5,96;-0,3200000000000003;-5,369127516778528;88;False
KLEBER SANTOS BATISTA LTDA;13042882000108;CIRURGIA;DIESEL S10;28/07/2025;5,64;BRANCA;5,64;0,0;0,0;5,869302325581395;5,8;-0,16000000000000014;5,98;-0,34000000000000075;-5,685618729097002;88;False
KLEBER SANTOS BATISTA LTDA;13042882000108;CIRURGIA;DIESEL S10;05/08/2025;5,64;BRANCA;5,64;0,0;0,0;5,864090909090908;5,79;-0,15000000000000036;5,98;-0,34000000000000075;-5,685618729097002;88;False
KLEBER SANTOS BATISTA LTDA;13042882000108;CIRURGIA;DIESEL S10;12/08/2025;5,64;BRANCA;5,64;0,0;0,0;5,859111111111112;5,78;-0,14000000000000057;5,68;-0,040000000000000036;-0,7042253521126767;88;False
KLEBER SANTOS BATISTA LTDA;13042882000108;CIRURGIA;DIESEL S10;19/08/2025;5,64;BRANCA;5,64;0,0;0,0;5,854347826086957;5,78;-0,14000000000000057;5,68;-0,040000000000000036;-0,7042253521126767;88;False
KLEBER SANTOS BATISTA LTDA;13042882000108;CIRURGIA;DIESEL S10;27/08/2025;5,64;BRANCA;5,64;0,0;0,0;5,849787234042553;5,78;-0,14000000000000057;5,68;-0,040000000000000036;-0,7042253521126767;88;False
KLEBER SANTOS BATISTA LTDA;13042882000108;CIRURGIA;DIESEL S10;02/09/2025;5,64;BRANCA;5,64;0,0;0,0;5,845416666666666;5,78;-0,14000000000000057;6,135;-0,4950000000000001;-8,068459657701714;88;False
KLEBER SANTOS BATISTA LTDA;13042882000108;CIRURGIA;DIESEL S10;09/09/2025;5,76;BRANCA;5,64;0,1200000000000001;2,1276595744680873;5,841224489795919;5,78;-0,020000000000000462;6,135;-0,375;-6,112469437652813;88;False
KLEBER SANTOS BATISTA LTDA;13042882000108;CIRURGIA;DIESEL S10;17/09/2025;5,76;BRANCA;5,76;0,0;0,0;5,839600000000001;5,78;-0,020000000000000462;6,28;-0,5200000000000005;-8,28025477707007;88;False
KLEBER SANTOS BATISTA LTDA;13042882000108;CIRURGIA;DIESEL S10;22/09/2025;5,76;BRANCA;5,76;0,0;0,0;5,838039215686274;5,78;-0,020000000000000462;6,135;-0,375;-6,112469437652813;88;False
KLEBER SANTOS BATISTA LTDA;13042882000108;CIRURGIA;DIESEL S10;30/09/2025;5,76;BRANCA;5,76;0,0;0,0;5,836538461538462;5,77;-0,009999999999999787;6,135;-0,375;-6,112469437652813;88;False
KLEBER SANTOS BATISTA LTDA;13042882000108;CIRURGIA;DIESEL S10;06/10/2025;5,76;BRANCA;5,76;0,0;0,0;5,835094339622641;5,76;0,0;6,135;-0,375;-6,112469437652813;88;False
KLEBER SANTOS BATISTA LTDA;13042882000108;CIRURGIA;DIESEL S10;13/10/2025;5,76;BRANCA;5,76;0,0;0,0;5,833703703703703;5,76;0,0;6,135;-0,375;-6,112469437652813;88;False
KLEBER SANTOS BATISTA LTDA;13042882000108;CIRURGIA;DIESEL S10;20/10/2025;5,76;BRANCA;5,76;0,0;0,0;5,8323636363636355;5,76;0,0;6,28;-0,5200000000000005;-8,28025477707007;88;False
KLEBER SANTOS BATISTA LTDA;13042882000108;CIRURGIA;DIESEL S10;28/10/2025;5,76;BRANCA;5,76;0,0;0,0;5,831071428571429;5,76;0,0;6,28;-0,5200000000000005;-8,28025477707007;88;False
KLEBER SANTOS BATISTA LTDA;13042882000108;CIRURGIA;DIESEL S10;04/11/2025;5,76;BRANCA;5,76;0,0;0,0;5,829824561403509;5,76;0,0;6,28;-0,5200000000000005;-8,28025477707007;88;False
KLEBER SANTOS BATISTA LTDA;13042882000108;CIRURGIA;DIESEL S10;11/11/2025;5,76;BRANCA;5,76;0,0;0,0;5,828620689655173;5,76;0,0;6,28;-0,5200000000000005;-8,28025477707007;88;False
KLEBER SANTOS BATISTA LTDA;13042882000108;CIRURGIA;DIESEL S10;18/11/2025;5,76;BRANCA;5,76;0,0;0,0;5,827457627118644;5,76;0,0;6,02;-0,2599999999999998;-4,318936877076409;88;False
KLEBER SANTOS BATISTA LTDA;13042882000108;CIRURGIA;DIESEL S10;25/11/2025;5,76;BRANCA;5,76;0,0;0,0;5,826333333333333;5,76;0,0;6,28;-0,5200000000000005;-8,28025477707007;88;False
KLEBER SANTOS BATISTA LTDA;13042882000108;CIRURGIA;DIESEL S10;08/12/2025;5,76;BRANCA;5,76;0,0;0,0;5,825245901639343;5,76;0,0;6,025;-0,26500000000000057;-4,398340248962665;88;False
KLEBER SANTOS BATISTA LTDA;13042882000108;CIRURGIA;DIESEL S10;15/12/2025;5,76;BRANCA;5,76;0,0;0,0;5,824193548387097;5,76;0,0;6,025;-0,26500000000000057;-4,398340248962665;88;False
KLEBER SANTOS BATISTA LTDA;13042882000108;CIRURGIA;DIESEL S10;23/12/2025;5,76;BRANCA;5,76;0,0;0,0;5,8231746031746034;5,76;0,0;5,76;0,0;0,0;88;False
KLEBER SANTOS BATISTA LTDA;13042882000108;CIRURGIA;DIESEL S10;29/12/2025;5,76;BRANCA;5,76;0,0;0,0;5,8221875;5,76;0,0;5,76;0,0;0,0;88;False
KLEBER SANTOS BATISTA LTDA;13042882000108;CIRURGIA;DIESEL S10;05/01/2026;5,76;BRANCA;5,76;0,0;0,0;5,821230769230769;5,76;0,0;6,025;-0,26500000000000057;-4,398340248962665;88;False
KLEBER SANTOS BATISTA LTDA;13042882000108;CIRURGIA;DIESEL S10;12/01/2026;5,76;BRANCA;5,76;0,0;0,0;5,82030303030303;5,76;0,0;5,76;0,0;0,0;88;False
KLEBER SANTOS BATISTA LTDA;13042882000108;CIRURGIA;DIESEL S10;20/01/2026;5,76;BRANCA;5,76;0,0;0,0;5,8194029850746265;5,76;0,0;5,76;0,0;0,0;88;False
KLEBER SANTOS BATISTA LTDA;13042882000108;CIRURGIA;DIESEL S10;26/01/2026;5,76;BRANCA;5,76;0,0;0,0;5,818529411764706;5,76;0,0;5,76;0,0;0,0;88;False
KLEBER SANTOS BATISTA LTDA;13042882000108;CIRURGIA;DIESEL S10;09/02/2026;5,76;BRANCA;5,76;0,0;0,0;5,81768115942029;5,76;0,0;5,76;0,0;0,0;88;False
KLEBER SANTOS BATISTA LTDA;13042882000108;CIRURGIA;DIESEL S10;24/02/2026;5,76;BRANCA;5,76;0,0;0,0;5,816857142857143;5,76;0,0;6,02;-0,2599999999999998;-4,318936877076409;88;False
KLEBER SANTOS BATISTA LTDA;13042882000108;CIRURGIA;DIESEL S10;09/03/2026;6,5;BRANCA;5,76;0,7400000000000002;12,847222222222227;5,816056338028169;5,76;0,7400000000000002;6,5;0,0;0,0;88;False
KLEBER SANTOS BATISTA LTDA;13042882000108;CIRURGIA;DIESEL S10;20/03/2026;6,79;BRANCA;6,5;0,29000000000000004;4,461538461538462;5,825555555555556;5,76;1,0300000000000002;6,79;0,0;0,0;88;False
KLEBER SANTOS BATISTA LTDA;13042882000108;CIRURGIA;DIESEL S10;25/03/2026;7,13;BRANCA;6,79;0,33999999999999986;5,007363770250366;5,8387671232876714;5,76;1,37;7,13;0,0;0,0;88;False
KLEBER SANTOS BATISTA LTDA;13042882000108;CIRURGIA;DIESEL S10;31/03/2026;7,3;BRANCA;7,13;0,16999999999999993;2,384291725105188;5,856216216216216;5,76;1,54;7,215;0,08499999999999996;1,1781011781011776;88;False
KLEBER SANTOS BATISTA LTDA;13042882000108;CIRURGIA;DIESEL S10;09/04/2026;7,3;BRANCA;7,3;0,0;0,0;5,875466666666666;5,76;1,54;7,3;0,0;0,0;88;False
KLEBER SANTOS BATISTA LTDA;13042882000108;CIRURGIA;DIESEL S10;15/04/2026;7,3;BRANCA;7,3;0,0;0,0;5,894210526315789;5,76;1,54;7,3;0,0;0,0;88;False
KLEBER SANTOS BATISTA LTDA;13042882000108;CIRURGIA;DIESEL S10;24/04/2026;7,3;BRANCA;7,3;0,0;0,0;5,912467532467533;5,76;1,54;7,3;0,0;0,0;88;False
KLEBER SANTOS BATISTA LTDA;13042882000108;CIRURGIA;DIESEL S10;29/04/2026;7,09;BRANCA;7,3;-0,20999999999999996;-2,876712328767123;5,93025641025641;5,76;1,33;7,295;-0,20500000000000007;-2,810143934201509;88;False
KLEBER SANTOS BATISTA LTDA;13042882000108;CIRURGIA;DIESEL S10;07/05/2026;7,09;BRANCA;7,09;0,0;0,0;5,94493670886076;5,76;1,33;7,09;0,0;0,0;88;False
KLEBER SANTOS BATISTA LTDA;13042882000108;CIRURGIA;DIESEL S10;13/05/2026;7,09;BRANCA;7,09;0,0;0,0;5,95925;5,76;1,33;7,1899999999999995;-0,09999999999999964;-1,3908205841446406;88;False
KLEBER SANTOS BATISTA LTDA;13042882000108;CIRURGIA;DIESEL S10;20/05/2026;6,98;BRANCA;7,09;-0,10999999999999943;-1,5514809590973122;5,973209876543209;5,76;1,2200000000000006;6,98;0,0;0,0;88;False
KLEBER SANTOS BATISTA LTDA;13042882000108;CIRURGIA;DIESEL S10;26/05/2026;6,98;BRANCA;6,98;0,0;0,0;5,985487804878049;5,76;1,2200000000000006;7,035;-0,054999999999999716;-0,7818052594171957;88;False
KLEBER SANTOS BATISTA LTDA;13042882000108;CIRURGIA;DIESEL S10;03/06/2026;6,98;BRANCA;6,98;0,0;0,0;5,997469879518072;5,76;1,2200000000000006;7,135;-0,15499999999999936;-2,1723896285914415;88;False
KLEBER SANTOS BATISTA LTDA;13042882000108;CIRURGIA;DIESEL S10;09/06/2026;6,98;BRANCA;6,98;0,0;0,0;6,009166666666666;5,76;1,2200000000000006;6,98;0,0;0,0;88;False
KLEBER SANTOS BATISTA LTDA;13042882000108;CIRURGIA;DIESEL S10;16/06/2026;6,98;BRANCA;6,98;0,0;0,0;6,020588235294118;5,76;1,2200000000000006;6,98;0,0;0,0;88;False
KLEBER SANTOS BATISTA LTDA;13042882000108;CIRURGIA;DIESEL S10;23/06/2026;6,87;BRANCA;6,98;-0,11000000000000032;-1,575931232091695;6,031744186046512;5,76;1,1100000000000003;6,87;0,0;0,0;88;False
KLEBER SANTOS BATISTA LTDA;13042882000108;CIRURGIA;DIESEL S10;30/06/2026;6,87;BRANCA;6,87;0,0;0,0;6,041379310344828;5,76;1,1100000000000003;6,87;0,0;0,0;88;False
KLEBER SANTOS BATISTA LTDA;13042882000108;CIRURGIA;ETANOL;10/07/2024;4,69;BRANCA;;;;;;;4,735;-0,04499999999999993;-0,9503695881731768;88;False
KLEBER SANTOS BATISTA LTDA;13042882000108;CIRURGIA;ETANOL;22/07/2024;4,69;BRANCA;4,69;0,0;0,0;4,69;4,69;0,0;4,8;-0,10999999999999943;-2,291666666666655;88;False
KLEBER SANTOS BATISTA LTDA;13042882000108;CIRURGIA;ETANOL;15/10/2024;4,49;BRANCA;4,69;-0,20000000000000018;-4,26439232409382;4,69;4,69;-0,20000000000000018;4,5600000000000005;-0,07000000000000028;-1,5350877192982515;88;False
KLEBER SANTOS BATISTA LTDA;13042882000108;CIRURGIA;ETANOL;21/10/2024;4,39;BRANCA;4,49;-0,10000000000000053;-2,2271714922049117;4,623333333333334;4,69;-0,3000000000000007;4,49;-0,10000000000000053;-2,2271714922049117;88;False
KLEBER SANTOS BATISTA LTDA;13042882000108;CIRURGIA;ETANOL;28/10/2024;4,29;BRANCA;4,39;-0,09999999999999964;-2,2779043280182156;4,565;4,59;-0,2999999999999998;4,39;-0,09999999999999964;-2,2779043280182156;88;False
KLEBER SANTOS BATISTA LTDA;13042882000108;CIRURGIA;ETANOL;04/11/2024;4,29;BRANCA;4,29;0,0;0,0;4,51;4,49;-0,20000000000000018;4,39;-0,09999999999999964;-2,2779043280182156;88;False
KLEBER SANTOS BATISTA LTDA;13042882000108;CIRURGIA;ETANOL;11/11/2024;4,29;BRANCA;4,29;0,0;0,0;4,473333333333334;4,4399999999999995;-0,14999999999999947;4,39;-0,09999999999999964;-2,2779043280182156;88;False
KLEBER SANTOS BATISTA LTDA;13042882000108;CIRURGIA;ETANOL;18/11/2024;4,2;BRANCA;4,29;-0,08999999999999986;-2,0979020979020944;4,4471428571428575;4,39;-0,1899999999999995;4,39;-0,1899999999999995;-4,328018223234613;88;False
KLEBER SANTOS BATISTA LTDA;13042882000108;CIRURGIA;ETANOL;25/11/2024;4,2;BRANCA;4,2;0,0;0,0;4,41625;4,34;-0,13999999999999968;4,39;-0,1899999999999995;-4,328018223234613;88;False
KLEBER SANTOS BATISTA LTDA;13042882000108;CIRURGIA;ETANOL;03/12/2024;4,2;BRANCA;4,2;0,0;0,0;4,392222222222222;4,29;-0,08999999999999986;4,295;-0,09499999999999975;-2,211874272409773;88;False
KLEBER SANTOS BATISTA LTDA;13042882000108;CIRURGIA;ETANOL;09/12/2024;4,2;BRANCA;4,2;0,0;0,0;4,373;4,29;-0,08999999999999986;4,295;-0,09499999999999975;-2,211874272409773;88;False
KLEBER SANTOS BATISTA LTDA;13042882000108;CIRURGIA;ETANOL;16/12/2024;4,2;BRANCA;4,2;0,0;0,0;4,357272727272727;4,29;-0,08999999999999986;4,29;-0,08999999999999986;-2,0979020979020944;88;False
KLEBER SANTOS BATISTA LTDA;13042882000108;CIRURGIA;ETANOL;23/12/2024;4,2;BRANCA;4,2;0,0;0,0;4,344166666666667;4,29;-0,08999999999999986;4,29;-0,08999999999999986;-2,0979020979020944;88;False
KLEBER SANTOS BATISTA LTDA;13042882000108;CIRURGIA;ETANOL;30/12/2024;4,2;BRANCA;4,2;0,0;0,0;4,333076923076923;4,29;-0,08999999999999986;4,29;-0,08999999999999986;-2,0979020979020944;88;False
KLEBER SANTOS BATISTA LTDA;13042882000108;CIRURGIA;ETANOL;06/01/2025;4,2;BRANCA;4,2;0,0;0,0;4,323571428571428;4,245;-0,04499999999999993;4,295;-0,09499999999999975;-2,211874272409773;88;False
KLEBER SANTOS BATISTA LTDA;13042882000108;CIRURGIA;ETANOL;13/01/2025;4,59;BRANCA;4,2;0,3899999999999997;9,285714285714278;4,315333333333333;4,2;0,3899999999999997;4,59;0,0;0,0;88;False
KLEBER SANTOS BATISTA LTDA;13042882000108;CIRURGIA;ETANOL;20/01/2025;4,59;BRANCA;4,59;0,0;0,0;4,3325000000000005;4,245;0,34499999999999975;4,625;-0,03500000000000014;-0,7567567567567599;88;False
KLEBER SANTOS BATISTA LTDA;13042882000108;CIRURGIA;ETANOL;28/01/2025;4,59;BRANCA;4,59;0,0;0,0;4,347647058823529;4,29;0,2999999999999998;4,66;-0,07000000000000028;-1,5021459227467873;88;False
KLEBER SANTOS BATISTA LTDA;13042882000108;CIRURGIA;ETANOL;03/02/2025;4,59;BRANCA;4,59;0,0;0,0;4,361111111111111;4,29;0,2999999999999998;4,74;-0,15000000000000036;-3,1645569620253235;88;False
KLEBER SANTOS BATISTA LTDA;13042882000108;CIRURGIA;ETANOL;11/02/2025;4,8;BRANCA;4,59;0,20999999999999996;4,57516339869281;4,373157894736842;4,29;0,5099999999999998;4,845;-0,04499999999999993;-0,9287925696594413;88;False
KLEBER SANTOS BATISTA LTDA;13042882000108;CIRURGIA;ETANOL;18/02/2025;4,8;BRANCA;4,8;0,0;0,0;4,3945;4,29;0,5099999999999998;4,89;-0,08999999999999986;-1,8404907975460096;88;False
KLEBER SANTOS BATISTA LTDA;13042882000108;CIRURGIA;ETANOL;25/02/2025;4,8;BRANCA;4,8;0,0;0,0;4,413809523809523;4,29;0,5099999999999998;4,89;-0,08999999999999986;-1,8404907975460096;88;False
KLEBER SANTOS BATISTA LTDA;13042882000108;CIRURGIA;ETANOL;03/03/2025;4,8;BRANCA;4,8;0,0;0,0;4,431363636363636;4,34;0,45999999999999996;4,89;-0,08999999999999986;-1,8404907975460096;88;False
KLEBER SANTOS BATISTA LTDA;13042882000108;CIRURGIA;ETANOL;11/03/2025;4,8;BRANCA;4,8;0,0;0,0;4,447391304347827;4,39;0,41000000000000014;4,89;-0,08999999999999986;-1,8404907975460096;88;False
KLEBER SANTOS BATISTA LTDA;13042882000108;CIRURGIA;ETANOL;18/03/2025;4,8;BRANCA;4,8;0,0;0,0;4,462083333333333;4,4399999999999995;0,3600000000000003;4,89;-0,08999999999999986;-1,8404907975460096;88;False
KLEBER SANTOS BATISTA LTDA;13042882000108;CIRURGIA;ETANOL;25/03/2025;4,8;BRANCA;4,8;0,0;0,0;4,4756;4,49;0,3099999999999996;4,89;-0,08999999999999986;-1,8404907975460096;88;False
KLEBER SANTOS BATISTA LTDA;13042882000108;CIRURGIA;ETANOL;31/03/2025;4,8;BRANCA;4,8;0,0;0,0;4,488076923076923;4,54;0,2599999999999998;4,865;-0,06500000000000039;-1,3360739979445095;88;False
KLEBER SANTOS BATISTA LTDA;13042882000108;CIRURGIA;ETANOL;08/04/2025;4,8;BRANCA;4,8;0,0;0,0;4,49962962962963;4,59;0,20999999999999996;4,865;-0,06500000000000039;-1,3360739979445095;88;False
KLEBER SANTOS BATISTA LTDA;13042882000108;CIRURGIA;ETANOL;15/04/2025;4,8;BRANCA;4,8;0,0;0,0;4,510357142857143;4,59;0,20999999999999996;4,89;-0,08999999999999986;-1,8404907975460096;88;False
KLEBER SANTOS BATISTA LTDA;13042882000108;CIRURGIA;ETANOL;22/04/2025;4,8;BRANCA;4,8;0,0;0,0;4,520344827586207;4,59;0,20999999999999996;4,89;-0,08999999999999986;-1,8404907975460096;88;False
KLEBER SANTOS BATISTA LTDA;13042882000108;CIRURGIA;ETANOL;29/04/2025;4,8;BRANCA;4,8;0,0;0,0;4,5296666666666665;4,59;0,20999999999999996;4,89;-0,08999999999999986;-1,8404907975460096;88;False
KLEBER SANTOS BATISTA LTDA;13042882000108;CIRURGIA;ETANOL;05/05/2025;4,8;BRANCA;4,8;0,0;0,0;4,538387096774193;4,59;0,20999999999999996;4,89;-0,08999999999999986;-1,8404907975460096;88;False
KLEBER SANTOS BATISTA LTDA;13042882000108;CIRURGIA;ETANOL;12/05/2025;4,8;BRANCA;4,8;0,0;0,0;4,5465625;4,59;0,20999999999999996;4,869999999999999;-0,0699999999999994;-1,437371663244341;88;False
KLEBER SANTOS BATISTA LTDA;13042882000108;CIRURGIA;ETANOL;19/05/2025;4,8;BRANCA;4,8;0,0;0,0;4,554242424242424;4,59;0,20999999999999996;4,94;-0,14000000000000057;-2,834008097166003;88;False
KLEBER SANTOS BATISTA LTDA;13042882000108;CIRURGIA;ETANOL;27/05/2025;4,9;BRANCA;4,8;0,10000000000000053;2,0833333333333446;4,561470588235294;4,640000000000001;0,2599999999999998;4,965;-0,0649999999999995;-1,3091641490432933;88;False
KLEBER SANTOS BATISTA LTDA;13042882000108;CIRURGIA;ETANOL;03/06/2025;4,9;BRANCA;4,9;0,0;0,0;4,571142857142857;4,69;0,20999999999999996;4,95;-0,04999999999999982;-1,0101010101010066;88;False
KLEBER SANTOS BATISTA LTDA;13042882000108;CIRURGIA;ETANOL;09/06/2025;4,9;BRANCA;4,9;0,0;0,0;4,580277777777777;4,69;0,20999999999999996;4,95;-0,04999999999999982;-1,0101010101010066;88;False
KLEBER SANTOS BATISTA LTDA;13042882000108;CIRURGIA;ETANOL;16/06/2025;4,9;BRANCA;4,9;0,0;0,0;4,588918918918918;4,69;0,20999999999999996;4,95;-0,04999999999999982;-1,0101010101010066;88;False
KLEBER SANTOS BATISTA LTDA;13042882000108;CIRURGIA;ETANOL;24/06/2025;4,9;BRANCA;4,9;0,0;0,0;4,597105263157895;4,745;0,15500000000000025;4,95;-0,04999999999999982;-1,0101010101010066;88;False
KLEBER SANTOS BATISTA LTDA;13042882000108;CIRURGIA;ETANOL;30/06/2025;4,9;BRANCA;4,9;0,0;0,0;4,604871794871795;4,8;0,10000000000000053;4,95;-0,04999999999999982;-1,0101010101010066;88;False
KLEBER SANTOS BATISTA LTDA;13042882000108;CIRURGIA;ETANOL;08/07/2025;4,9;BRANCA;4,9;0,0;0,0;4,61225;4,8;0,10000000000000053;4,95;-0,04999999999999982;-1,0101010101010066;88;False
KLEBER SANTOS BATISTA LTDA;13042882000108;CIRURGIA;ETANOL;15/07/2025;4,9;BRANCA;4,9;0,0;0,0;4,619268292682928;4,8;0,10000000000000053;4,95;-0,04999999999999982;-1,0101010101010066;88;False
KLEBER SANTOS BATISTA LTDA;13042882000108;CIRURGIA;ETANOL;22/07/2025;4,9;BRANCA;4,9;0,0;0,0;4,625952380952381;4,8;0,10000000000000053;4,95;-0,04999999999999982;-1,0101010101010066;88;False
KLEBER SANTOS BATISTA LTDA;13042882000108;CIRURGIA;ETANOL;28/07/2025;4,9;BRANCA;4,9;0,0;0,0;4,632325581395349;4,8;0,10000000000000053;4,95;-0,04999999999999982;-1,0101010101010066;88;False
KLEBER SANTOS BATISTA LTDA;13042882000108;CIRURGIA;ETANOL;05/08/2025;4,9;BRANCA;4,9;0,0;0,0;4,638409090909091;4,8;0,10000000000000053;4,95;-0,04999999999999982;-1,0101010101010066;88;False
KLEBER SANTOS BATISTA LTDA;13042882000108;CIRURGIA;ETANOL;12/08/2025;4,9;BRANCA;4,9;0,0;0,0;4,644222222222222;4,8;0,10000000000000053;4,95;-0,04999999999999982;-1,0101010101010066;88;False
KLEBER SANTOS BATISTA LTDA;13042882000108;CIRURGIA;ETANOL;19/08/2025;4,9;BRANCA;4,9;0,0;0,0;4,649782608695652;4,8;0,10000000000000053;4,965;-0,0649999999999995;-1,3091641490432933;88;False
KLEBER SANTOS BATISTA LTDA;13042882000108;CIRURGIA;ETANOL;27/08/2025;4,9;BRANCA;4,9;0,0;0,0;4,655106382978723;4,8;0,10000000000000053;4,965;-0,0649999999999995;-1,3091641490432933;88;False
KLEBER SANTOS BATISTA LTDA;13042882000108;CIRURGIA;ETANOL;02/09/2025;4,9;BRANCA;4,9;0,0;0,0;4,660208333333333;4,8;0,10000000000000053;4,95;-0,04999999999999982;-1,0101010101010066;88;False
KLEBER SANTOS BATISTA LTDA;13042882000108;CIRURGIA;ETANOL;09/09/2025;4,9;BRANCA;4,9;0,0;0,0;4,665102040816326;4,8;0,10000000000000053;4,965;-0,0649999999999995;-1,3091641490432933;88;False
KLEBER SANTOS BATISTA LTDA;13042882000108;CIRURGIA;ETANOL;17/09/2025;4,9;BRANCA;4,9;0,0;0,0;4,6698;4,8;0,10000000000000053;4,98;-0,08000000000000007;-1,6064257028112463;88;False
KLEBER SANTOS BATISTA LTDA;13042882000108;CIRURGIA;ETANOL;22/09/2025;4,9;BRANCA;4,9;0,0;0,0;4,6743137254901965;4,8;0,10000000000000053;4,965;-0,0649999999999995;-1,3091641490432933;88;False
KLEBER SANTOS BATISTA LTDA;13042882000108;CIRURGIA;ETANOL;30/09/2025;4,9;BRANCA;4,9;0,0;0,0;4,678653846153846;4,8;0,10000000000000053;4,965;-0,0649999999999995;-1,3091641490432933;88;False
KLEBER SANTOS BATISTA LTDA;13042882000108;CIRURGIA;ETANOL;06/10/2025;4,9;BRANCA;4,9;0,0;0,0;4,682830188679246;4,8;0,10000000000000053;4,965;-0,0649999999999995;-1,3091641490432933;88;False
KLEBER SANTOS BATISTA LTDA;13042882000108;CIRURGIA;ETANOL;13/10/2025;4,9;BRANCA;4,9;0,0;0,0;4,686851851851852;4,8;0,10000000000000053;4,965;-0,0649999999999995;-1,3091641490432933;88;False
KLEBER SANTOS BATISTA LTDA;13042882000108;CIRURGIA;ETANOL;20/10/2025;4,9;BRANCA;4,9;0,0;0,0;4,690727272727273;4,8;0,10000000000000053;4,95;-0,04999999999999982;-1,0101010101010066;88;False
KLEBER SANTOS BATISTA LTDA;13042882000108;CIRURGIA;ETANOL;28/10/2025;4,8;BRANCA;4,9;-0,10000000000000053;-2,040816326530623;4,694464285714285;4,8;0,0;4,82;-0,020000000000000462;-0,4149377593361091;88;False
KLEBER SANTOS BATISTA LTDA;13042882000108;CIRURGIA;ETANOL;04/11/2025;4,8;BRANCA;4,8;0,0;0,0;4,696315789473684;4,8;0,0;4,8;0,0;0,0;88;False
KLEBER SANTOS BATISTA LTDA;13042882000108;CIRURGIA;ETANOL;11/11/2025;4,8;BRANCA;4,8;0,0;0,0;4,698103448275862;4,8;0,0;4,8;0,0;0,0;88;False
KLEBER SANTOS BATISTA LTDA;13042882000108;CIRURGIA;ETANOL;18/11/2025;4,8;BRANCA;4,8;0,0;0,0;4,699830508474577;4,8;0,0;4,8;0,0;0,0;88;False
KLEBER SANTOS BATISTA LTDA;13042882000108;CIRURGIA;ETANOL;25/11/2025;4,8;BRANCA;4,8;0,0;0,0;4,7015;4,8;0,0;4,8;0,0;0,0;88;False
KLEBER SANTOS BATISTA LTDA;13042882000108;CIRURGIA;ETANOL;08/12/2025;4,8;BRANCA;4,8;0,0;0,0;4,70311475409836;4,8;0,0;4,82;-0,020000000000000462;-0,4149377593361091;88;False
KLEBER SANTOS BATISTA LTDA;13042882000108;CIRURGIA;ETANOL;15/12/2025;4,8;BRANCA;4,8;0,0;0,0;4,704677419354839;4,8;0,0;4,82;-0,020000000000000462;-0,4149377593361091;88;False
KLEBER SANTOS BATISTA LTDA;13042882000108;CIRURGIA;ETANOL;23/12/2025;4,8;BRANCA;4,8;0,0;0,0;4,706190476190477;4,8;0,0;4,82;-0,020000000000000462;-0,4149377593361091;88;False
KLEBER SANTOS BATISTA LTDA;13042882000108;CIRURGIA;ETANOL;29/12/2025;4,8;BRANCA;4,8;0,0;0,0;4,70765625;4,8;0,0;4,8;0,0;0,0;88;False
KLEBER SANTOS BATISTA LTDA;13042882000108;CIRURGIA;ETANOL;05/01/2026;4,8;BRANCA;4,8;0,0;0,0;4,709076923076924;4,8;0,0;4,8;0,0;0,0;88;False
KLEBER SANTOS BATISTA LTDA;13042882000108;CIRURGIA;ETANOL;12/01/2026;4,8;BRANCA;4,8;0,0;0,0;4,710454545454545;4,8;0,0;4,8;0,0;0,0;88;False
KLEBER SANTOS BATISTA LTDA;13042882000108;CIRURGIA;ETANOL;20/01/2026;4,8;BRANCA;4,8;0,0;0,0;4,7117910447761195;4,8;0,0;4,8;0,0;0,0;88;False
KLEBER SANTOS BATISTA LTDA;13042882000108;CIRURGIA;ETANOL;26/01/2026;4,8;BRANCA;4,8;0,0;0,0;4,7130882352941175;4,8;0,0;4,8;0,0;0,0;88;False
KLEBER SANTOS BATISTA LTDA;13042882000108;CIRURGIA;ETANOL;09/02/2026;4,8;BRANCA;4,8;0,0;0,0;4,714347826086957;4,8;0,0;4,8;0,0;0,0;88;False
KLEBER SANTOS BATISTA LTDA;13042882000108;CIRURGIA;ETANOL;24/02/2026;4,8;BRANCA;4,8;0,0;0,0;4,715571428571429;4,8;0,0;4,87;-0,07000000000000028;-1,437371663244359;88;False
KLEBER SANTOS BATISTA LTDA;13042882000108;CIRURGIA;ETANOL;09/03/2026;4,95;BRANCA;4,8;0,15000000000000036;3,1250000000000075;4,716760563380282;4,8;0,15000000000000036;4,970000000000001;-0,020000000000000462;-0,4024144869215384;88;False
KLEBER SANTOS BATISTA LTDA;13042882000108;CIRURGIA;ETANOL;20/03/2026;4,95;BRANCA;4,95;0,0;0,0;4,720000000000001;4,8;0,15000000000000036;4,95;0,0;0,0;88;False
KLEBER SANTOS BATISTA LTDA;13042882000108;CIRURGIA;ETANOL;25/03/2026;5,05;BRANCA;4,95;0,09999999999999964;2,0202020202020132;4,7231506849315075;4,8;0,25;5,12;-0,07000000000000028;-1,3671875000000056;88;False
KLEBER SANTOS BATISTA LTDA;13042882000108;CIRURGIA;ETANOL;31/03/2026;5,05;BRANCA;5,05;0,0;0,0;4,727567567567568;4,8;0,25;5,140000000000001;-0,09000000000000075;-1,7509727626459286;88;False
KLEBER SANTOS BATISTA LTDA;13042882000108;CIRURGIA;ETANOL;09/04/2026;5,05;BRANCA;5,05;0,0;0,0;4,731866666666667;4,8;0,25;5,07;-0,020000000000000462;-0,39447731755424975;88;False
KLEBER SANTOS BATISTA LTDA;13042882000108;CIRURGIA;ETANOL;15/04/2026;5,6;BRANCA;5,05;0,5499999999999998;10,891089108910888;4,736052631578947;4,8;0,7999999999999998;5,6;0,0;0,0;88;False
KLEBER SANTOS BATISTA LTDA;13042882000108;CIRURGIA;ETANOL;24/04/2026;5,6;BRANCA;5,6;0,0;0,0;4,747272727272728;4,8;0,7999999999999998;5,6;0,0;0,0;88;False
KLEBER SANTOS BATISTA LTDA;13042882000108;CIRURGIA;ETANOL;29/04/2026;5,6;BRANCA;5,6;0,0;0,0;4,758205128205128;4,8;0,7999999999999998;5,62;-0,020000000000000462;-0,3558718861210047;88;False
KLEBER SANTOS BATISTA LTDA;13042882000108;CIRURGIA;ETANOL;07/05/2026;5,6;BRANCA;5,6;0,0;0,0;4,768860759493671;4,8;0,7999999999999998;5,6;0,0;0,0;88;False
KLEBER SANTOS BATISTA LTDA;13042882000108;CIRURGIA;ETANOL;13/05/2026;5,6;BRANCA;5,6;0,0;0,0;4,779249999999999;4,8;0,7999999999999998;5,655;-0,055000000000000604;-0,9725906277630523;88;False
KLEBER SANTOS BATISTA LTDA;13042882000108;CIRURGIA;ETANOL;20/05/2026;5,6;BRANCA;5,6;0,0;0,0;4,789382716049382;4,8;0,7999999999999998;5,62;-0,020000000000000462;-0,3558718861210047;88;False
KLEBER SANTOS BATISTA LTDA;13042882000108;CIRURGIA;ETANOL;26/05/2026;5,5;BRANCA;5,6;-0,09999999999999964;-1,7857142857142794;4,799268292682927;4,8;0,7000000000000002;5,5;0,0;0,0;88;False
KLEBER SANTOS BATISTA LTDA;13042882000108;CIRURGIA;ETANOL;03/06/2026;5,5;BRANCA;5,5;0,0;0,0;4,807710843373494;4,8;0,7000000000000002;5,69;-0,1900000000000004;-3,339191564147634;88;False
KLEBER SANTOS BATISTA LTDA;13042882000108;CIRURGIA;ETANOL;09/06/2026;5,5;BRANCA;5,5;0,0;0,0;4,815952380952381;4,8;0,7000000000000002;5,5;0,0;0,0;88;False
KLEBER SANTOS BATISTA LTDA;13042882000108;CIRURGIA;ETANOL;16/06/2026;5,5;BRANCA;5,5;0,0;0,0;4,824;4,8;0,7000000000000002;5,5;0,0;0,0;88;False
KLEBER SANTOS BATISTA LTDA;13042882000108;CIRURGIA;ETANOL;23/06/2026;5,5;BRANCA;5,5;0,0;0,0;4,8318604651162795;4,8;0,7000000000000002;5,5;0,0;0,0;88;False
KLEBER SANTOS BATISTA LTDA;13042882000108;CIRURGIA;ETANOL;30/06/2026;5,5;BRANCA;5,5;0,0;0,0;4,839540229885058;4,8;0,7000000000000002;5,5;0,0;0,0;88;False
KLEBER SANTOS BATISTA LTDA;13042882000108;CIRURGIA;GASOLINA;10/07/2024;6,3;BRANCA;;;;;;;6,37;-0,07000000000000028;-1,0989010989011034;88;False
KLEBER SANTOS BATISTA LTDA;13042882000108;CIRURGIA;GASOLINA;22/07/2024;6,3;BRANCA;6,3;0,0;0,0;6,3;6,3;0,0;6,32;-0,020000000000000462;-0,31645569620253894;88;False
KLEBER SANTOS BATISTA LTDA;13042882000108;CIRURGIA;GASOLINA;15/10/2024;6,2;BRANCA;6,3;-0,09999999999999964;-1,5873015873015817;6,3;6,3;-0,09999999999999964;6,22;-0,019999999999999574;-0,32154340836012174;88;False
KLEBER SANTOS BATISTA LTDA;13042882000108;CIRURGIA;GASOLINA;21/10/2024;5,9;BRANCA;6,2;-0,2999999999999998;-4,838709677419352;6,266666666666667;6,3;-0,39999999999999947;5,95;-0,04999999999999982;-0,8403361344537785;88;False
KLEBER SANTOS BATISTA LTDA;13042882000108;CIRURGIA;GASOLINA;28/10/2024;5,9;BRANCA;5,9;0,0;0,0;6,175;6,25;-0,34999999999999964;5,92;-0,019999999999999574;-0,33783783783783067;88;False
KLEBER SANTOS BATISTA LTDA;13042882000108;CIRURGIA;GASOLINA;04/11/2024;5,9;BRANCA;5,9;0,0;0,0;6,12;6,2;-0,2999999999999998;5,92;-0,019999999999999574;-0,33783783783783067;88;False
KLEBER SANTOS BATISTA LTDA;13042882000108;CIRURGIA;GASOLINA;11/11/2024;5,9;BRANCA;5,9;0,0;0,0;6,083333333333333;6,050000000000001;-0,15000000000000036;5,9;0,0;0,0;88;False
KLEBER SANTOS BATISTA LTDA;13042882000108;CIRURGIA;GASOLINA;18/11/2024;6,3;BRANCA;5,9;0,39999999999999947;6,7796610169491425;6,057142857142857;5,9;0,39999999999999947;6,32;-0,020000000000000462;-0,31645569620253894;88;False
KLEBER SANTOS BATISTA LTDA;13042882000108;CIRURGIA;GASOLINA;25/11/2024;6,3;BRANCA;6,3;0,0;0,0;6,0875;6,050000000000001;0,2499999999999991;6,32;-0,020000000000000462;-0,31645569620253894;88;False
KLEBER SANTOS BATISTA LTDA;13042882000108;CIRURGIA;GASOLINA;03/12/2024;6,3;BRANCA;6,3;0,0;0,0;6,111111111111111;6,2;0,09999999999999964;6,32;-0,020000000000000462;-0,31645569620253894;88;False
KLEBER SANTOS BATISTA LTDA;13042882000108;CIRURGIA;GASOLINA;09/12/2024;6,3;BRANCA;6,3;0,0;0,0;6,13;6,25;0,04999999999999982;6,32;-0,020000000000000462;-0,31645569620253894;88;False
KLEBER SANTOS BATISTA LTDA;13042882000108;CIRURGIA;GASOLINA;16/12/2024;6,3;BRANCA;6,3;0,0;0,0;6,145454545454545;6,3;0,0;6,32;-0,020000000000000462;-0,31645569620253894;88;False
KLEBER SANTOS BATISTA LTDA;13042882000108;CIRURGIA;GASOLINA;23/12/2024;6,3;BRANCA;6,3;0,0;0,0;6,158333333333334;6,3;0,0;6,32;-0,020000000000000462;-0,31645569620253894;88;False
KLEBER SANTOS BATISTA LTDA;13042882000108;CIRURGIA;GASOLINA;30/12/2024;6,3;BRANCA;6,3;0,0;0,0;6,1692307692307695;6,3;0,0;6,32;-0,020000000000000462;-0,31645569620253894;88;False
KLEBER SANTOS BATISTA LTDA;13042882000108;CIRURGIA;GASOLINA;06/01/2025;6,3;BRANCA;6,3;0,0;0,0;6,178571428571429;6,3;0,0;6,32;-0,020000000000000462;-0,31645569620253894;88;False
KLEBER SANTOS BATISTA LTDA;13042882000108;CIRURGIA;GASOLINA;13/01/2025;6,42;BRANCA;6,3;0,1200000000000001;1,9047619047619067;6,1866666666666665;6,3;0,1200000000000001;6,42;0,0;0,0;88;False
KLEBER SANTOS BATISTA LTDA;13042882000108;CIRURGIA;GASOLINA;20/01/2025;6,42;BRANCA;6,42;0,0;0,0;6,20125;6,3;0,1200000000000001;6,42;0,0;0,0;88;False
KLEBER SANTOS BATISTA LTDA;13042882000108;CIRURGIA;GASOLINA;28/01/2025;6,42;BRANCA;6,42;0,0;0,0;6,214117647058823;6,3;0,1200000000000001;6,42;0,0;0,0;88;False
KLEBER SANTOS BATISTA LTDA;13042882000108;CIRURGIA;GASOLINA;03/02/2025;6,42;BRANCA;6,42;0,0;0,0;6,225555555555555;6,3;0,1200000000000001;6,49;-0,07000000000000028;-1,0785824345146422;88;False
KLEBER SANTOS BATISTA LTDA;13042882000108;CIRURGIA;GASOLINA;11/02/2025;6,62;BRANCA;6,42;0,20000000000000018;3,1152647975077907;6,2357894736842105;6,3;0,3200000000000003;6,62;0,0;0,0;88;False
KLEBER SANTOS BATISTA LTDA;13042882000108;CIRURGIA;GASOLINA;18/02/2025;6,62;BRANCA;6,62;0,0;0,0;6,255;6,3;0,3200000000000003;6,62;0,0;0,0;88;False
KLEBER SANTOS BATISTA LTDA;13042882000108;CIRURGIA;GASOLINA;25/02/2025;6,62;BRANCA;6,62;0,0;0,0;6,272380952380952;6,3;0,3200000000000003;6,62;0,0;0,0;88;False
KLEBER SANTOS BATISTA LTDA;13042882000108;CIRURGIA;GASOLINA;03/03/2025;6,62;BRANCA;6,62;0,0;0,0;6,288181818181818;6,3;0,3200000000000003;6,62;0,0;0,0;88;False
KLEBER SANTOS BATISTA LTDA;13042882000108;CIRURGIA;GASOLINA;11/03/2025;6,62;BRANCA;6,62;0,0;0,0;6,302608695652174;6,3;0,3200000000000003;6,62;0,0;0,0;88;False
KLEBER SANTOS BATISTA LTDA;13042882000108;CIRURGIA;GASOLINA;18/03/2025;6,62;BRANCA;6,62;0,0;0,0;6,315833333333334;6,3;0,3200000000000003;6,62;0,0;0,0;88;False
KLEBER SANTOS BATISTA LTDA;13042882000108;CIRURGIA;GASOLINA;25/03/2025;6,62;BRANCA;6,62;0,0;0,0;6,327999999999999;6,3;0,3200000000000003;6,62;0,0;0,0;88;False
KLEBER SANTOS BATISTA LTDA;13042882000108;CIRURGIA;GASOLINA;31/03/2025;6,62;BRANCA;6,62;0,0;0,0;6,339230769230769;6,3;0,3200000000000003;6,62;0,0;0,0;88;False
KLEBER SANTOS BATISTA LTDA;13042882000108;CIRURGIA;GASOLINA;08/04/2025;6,62;BRANCA;6,62;0,0;0,0;6,3496296296296295;6,3;0,3200000000000003;6,62;0,0;0,0;88;False
KLEBER SANTOS BATISTA LTDA;13042882000108;CIRURGIA;GASOLINA;15/04/2025;6,52;BRANCA;6,62;-0,10000000000000053;-1,5105740181268963;6,359285714285714;6,3;0,21999999999999975;6,52;0,0;0,0;88;False
KLEBER SANTOS BATISTA LTDA;13042882000108;CIRURGIA;GASOLINA;22/04/2025;6,52;BRANCA;6,52;0,0;0,0;6,364827586206897;6,3;0,21999999999999975;6,539999999999999;-0,019999999999999574;-0,30581039755351036;88;False
KLEBER SANTOS BATISTA LTDA;13042882000108;CIRURGIA;GASOLINA;29/04/2025;6,62;BRANCA;6,52;0,10000000000000053;1,5337423312883518;6,37;6,359999999999999;0,2600000000000007;6,62;0,0;0,0;88;False
KLEBER SANTOS BATISTA LTDA;13042882000108;CIRURGIA;GASOLINA;05/05/2025;6,62;BRANCA;6,62;0,0;0,0;6,378064516129032;6,42;0,20000000000000018;6,62;0,0;0,0;88;False
KLEBER SANTOS BATISTA LTDA;13042882000108;CIRURGIA;GASOLINA;12/05/2025;6,62;BRANCA;6,62;0,0;0,0;6,385625;6,42;0,20000000000000018;6,62;0,0;0,0;88;False
KLEBER SANTOS BATISTA LTDA;13042882000108;CIRURGIA;GASOLINA;19/05/2025;6,62;BRANCA;6,62;0,0;0,0;6,392727272727273;6,42;0,20000000000000018;6,62;0,0;0,0;88;False
KLEBER SANTOS BATISTA LTDA;13042882000108;CIRURGIA;GASOLINA;27/05/2025;6,62;BRANCA;6,62;0,0;0,0;6,399411764705882;6,42;0,20000000000000018;6,62;0,0;0,0;88;False
KLEBER SANTOS BATISTA LTDA;13042882000108;CIRURGIA;GASOLINA;03/06/2025;6,62;BRANCA;6,62;0,0;0,0;6,405714285714286;6,42;0,20000000000000018;6,62;0,0;0,0;88;False
KLEBER SANTOS BATISTA LTDA;13042882000108;CIRURGIA;GASOLINA;09/06/2025;6,62;BRANCA;6,62;0,0;0,0;6,411666666666666;6,42;0,20000000000000018;6,62;0,0;0,0;88;False
KLEBER SANTOS BATISTA LTDA;13042882000108;CIRURGIA;GASOLINA;16/06/2025;6,62;BRANCA;6,62;0,0;0,0;6,4172972972972975;6,42;0,20000000000000018;6,62;0,0;0,0;88;False
KLEBER SANTOS BATISTA LTDA;13042882000108;CIRURGIA;GASOLINA;24/06/2025;6,62;BRANCA;6,62;0,0;0,0;6,422631578947368;6,47;0,15000000000000036;6,62;0,0;0,0;88;False
KLEBER SANTOS BATISTA LTDA;13042882000108;CIRURGIA;GASOLINA;30/06/2025;6,62;BRANCA;6,62;0,0;0,0;6,427692307692308;6,52;0,10000000000000053;6,62;0,0;0,0;88;False
KLEBER SANTOS BATISTA LTDA;13042882000108;CIRURGIA;GASOLINA;08/07/2025;6,62;BRANCA;6,62;0,0;0,0;6,4325;6,52;0,10000000000000053;6,62;0,0;0,0;88;False
KLEBER SANTOS BATISTA LTDA;13042882000108;CIRURGIA;GASOLINA;15/07/2025;6,62;BRANCA;6,62;0,0;0,0;6,437073170731708;6,52;0,10000000000000053;6,62;0,0;0,0;88;False
KLEBER SANTOS BATISTA LTDA;13042882000108;CIRURGIA;GASOLINA;22/07/2025;6,62;BRANCA;6,62;0,0;0,0;6,441428571428572;6,57;0,04999999999999982;6,62;0,0;0,0;88;False
KLEBER SANTOS BATISTA LTDA;13042882000108;CIRURGIA;GASOLINA;28/07/2025;6,62;BRANCA;6,62;0,0;0,0;6,445581395348838;6,62;0,0;6,62;0,0;0,0;88;False
KLEBER SANTOS BATISTA LTDA;13042882000108;CIRURGIA;GASOLINA;05/08/2025;6,62;BRANCA;6,62;0,0;0,0;6,449545454545454;6,62;0,0;6,62;0,0;0,0;88;False
KLEBER SANTOS BATISTA LTDA;13042882000108;CIRURGIA;GASOLINA;12/08/2025;6,62;BRANCA;6,62;0,0;0,0;6,453333333333333;6,62;0,0;6,62;0,0;0,0;88;False
KLEBER SANTOS BATISTA LTDA;13042882000108;CIRURGIA;GASOLINA;19/08/2025;6,62;BRANCA;6,62;0,0;0,0;6,45695652173913;6,62;0,0;6,62;0,0;0,0;88;False
KLEBER SANTOS BATISTA LTDA;13042882000108;CIRURGIA;GASOLINA;27/08/2025;6,62;BRANCA;6,62;0,0;0,0;6,460425531914893;6,62;0,0;6,62;0,0;0,0;88;False
KLEBER SANTOS BATISTA LTDA;13042882000108;CIRURGIA;GASOLINA;02/09/2025;6,62;BRANCA;6,62;0,0;0,0;6,46375;6,62;0,0;6,62;0,0;0,0;88;False
KLEBER SANTOS BATISTA LTDA;13042882000108;CIRURGIA;GASOLINA;09/09/2025;6,62;BRANCA;6,62;0,0;0,0;6,466938775510204;6,62;0,0;6,62;0,0;0,0;88;False
KLEBER SANTOS BATISTA LTDA;13042882000108;CIRURGIA;GASOLINA;17/09/2025;6,62;BRANCA;6,62;0,0;0,0;6,47;6,62;0,0;6,62;0,0;0,0;88;False
KLEBER SANTOS BATISTA LTDA;13042882000108;CIRURGIA;GASOLINA;22/09/2025;6,62;BRANCA;6,62;0,0;0,0;6,472941176470588;6,62;0,0;6,62;0,0;0,0;88;False
KLEBER SANTOS BATISTA LTDA;13042882000108;CIRURGIA;GASOLINA;30/09/2025;6,62;BRANCA;6,62;0,0;0,0;6,475769230769231;6,62;0,0;6,62;0,0;0,0;88;False
KLEBER SANTOS BATISTA LTDA;13042882000108;CIRURGIA;GASOLINA;06/10/2025;6,62;BRANCA;6,62;0,0;0,0;6,4784905660377365;6,62;0,0;6,62;0,0;0,0;88;False
KLEBER SANTOS BATISTA LTDA;13042882000108;CIRURGIA;GASOLINA;13/10/2025;6,62;BRANCA;6,62;0,0;0,0;6,481111111111112;6,62;0,0;6,62;0,0;0,0;88;False
KLEBER SANTOS BATISTA LTDA;13042882000108;CIRURGIA;GASOLINA;20/10/2025;6,62;BRANCA;6,62;0,0;0,0;6,483636363636364;6,62;0,0;6,62;0,0;0,0;88;False
KLEBER SANTOS BATISTA LTDA;13042882000108;CIRURGIA;GASOLINA;28/10/2025;6,52;BRANCA;6,62;-0,10000000000000053;-1,5105740181268963;6,486071428571429;6,62;-0,10000000000000053;6,545;-0,025000000000000355;-0,38197097020626974;88;False
KLEBER SANTOS BATISTA LTDA;13042882000108;CIRURGIA;GASOLINA;04/11/2025;6,52;BRANCA;6,52;0,0;0,0;6,486666666666667;6,62;-0,10000000000000053;6,57;-0,05000000000000071;-0,7610350076103609;88;False
KLEBER SANTOS BATISTA LTDA;13042882000108;CIRURGIA;GASOLINA;11/11/2025;6,52;BRANCA;6,52;0,0;0,0;6,487241379310345;6,62;-0,10000000000000053;6,52;0,0;0,0;88;False
KLEBER SANTOS BATISTA LTDA;13042882000108;CIRURGIA;GASOLINA;18/11/2025;6,52;BRANCA;6,52;0,0;0,0;6,487796610169491;6,62;-0,10000000000000053;6,52;0,0;0,0;88;False
KLEBER SANTOS BATISTA LTDA;13042882000108;CIRURGIA;GASOLINA;25/11/2025;6,52;BRANCA;6,52;0,0;0,0;6,488333333333333;6,62;-0,10000000000000053;6,52;0,0;0,0;88;False
KLEBER SANTOS BATISTA LTDA;13042882000108;CIRURGIA;GASOLINA;08/12/2025;6,52;BRANCA;6,52;0,0;0,0;6,488852459016393;6,62;-0,10000000000000053;6,585;-0,06500000000000039;-0,9870918754745694;88;False
KLEBER SANTOS BATISTA LTDA;13042882000108;CIRURGIA;GASOLINA;15/12/2025;6,52;BRANCA;6,52;0,0;0,0;6,489354838709677;6,62;-0,10000000000000053;6,585;-0,06500000000000039;-0,9870918754745694;88;False
KLEBER SANTOS BATISTA LTDA;13042882000108;CIRURGIA;GASOLINA;23/12/2025;6,52;BRANCA;6,52;0,0;0,0;6,48984126984127;6,62;-0,10000000000000053;6,59;-0,07000000000000028;-1,0622154779969695;88;False
KLEBER SANTOS BATISTA LTDA;13042882000108;CIRURGIA;GASOLINA;29/12/2025;6,52;BRANCA;6,52;0,0;0,0;6,4903125;6,62;-0,10000000000000053;6,58;-0,0600000000000005;-0,9118541033434726;88;False
KLEBER SANTOS BATISTA LTDA;13042882000108;CIRURGIA;GASOLINA;05/01/2026;6,52;BRANCA;6,52;0,0;0,0;6,490769230769231;6,62;-0,10000000000000053;6,58;-0,0600000000000005;-0,9118541033434726;88;False
KLEBER SANTOS BATISTA LTDA;13042882000108;CIRURGIA;GASOLINA;12/01/2026;6,52;BRANCA;6,52;0,0;0,0;6,491212121212121;6,62;-0,10000000000000053;6,52;0,0;0,0;88;False
KLEBER SANTOS BATISTA LTDA;13042882000108;CIRURGIA;GASOLINA;20/01/2026;6,52;BRANCA;6,52;0,0;0,0;6,491641791044776;6,62;-0,10000000000000053;6,58;-0,0600000000000005;-0,9118541033434726;88;False
KLEBER SANTOS BATISTA LTDA;13042882000108;CIRURGIA;GASOLINA;26/01/2026;6,52;BRANCA;6,52;0,0;0,0;6,492058823529412;6,62;-0,10000000000000053;6,52;0,0;0,0;88;False
KLEBER SANTOS BATISTA LTDA;13042882000108;CIRURGIA;GASOLINA;09/02/2026;6,52;BRANCA;6,52;0,0;0,0;6,492463768115942;6,62;-0,10000000000000053;6,52;0,0;0,0;88;False
KLEBER SANTOS BATISTA LTDA;13042882000108;CIRURGIA;GASOLINA;24/02/2026;6,52;BRANCA;6,52;0,0;0,0;6,492857142857143;6,57;-0,05000000000000071;6,539999999999999;-0,019999999999999574;-0,30581039755351036;88;False
KLEBER SANTOS BATISTA LTDA;13042882000108;CIRURGIA;GASOLINA;09/03/2026;6,82;BRANCA;6,52;0,3000000000000007;4,601226993865041;6,493239436619718;6,52;0,3000000000000007;6,82;0,0;0,0;88;False
KLEBER SANTOS BATISTA LTDA;13042882000108;CIRURGIA;GASOLINA;20/03/2026;6,92;BRANCA;6,82;0,09999999999999964;1,4662756598240416;6,497777777777777;6,57;0,34999999999999964;7,29;-0,3700000000000001;-5,0754458161865585;88;False
KLEBER SANTOS BATISTA LTDA;13042882000108;CIRURGIA;GASOLINA;25/03/2026;7,22;BRANCA;6,92;0,2999999999999998;4,335260115606934;6,503561643835616;6,62;0,5999999999999996;7,29;-0,07000000000000028;-0,9602194787380012;88;False
KLEBER SANTOS BATISTA LTDA;13042882000108;CIRURGIA;GASOLINA;31/03/2026;7,22;BRANCA;7,22;0,0;0,0;6,513243243243243;6,62;0,5999999999999996;7,29;-0,07000000000000028;-0,9602194787380012;88;False
KLEBER SANTOS BATISTA LTDA;13042882000108;CIRURGIA;GASOLINA;09/04/2026;7,22;BRANCA;7,22;0,0;0,0;6,522666666666667;6,62;0,5999999999999996;7,29;-0,07000000000000028;-0,9602194787380012;88;False
KLEBER SANTOS BATISTA LTDA;13042882000108;CIRURGIA;GASOLINA;15/04/2026;7,22;BRANCA;7,22;0,0;0,0;6,531842105263158;6,62;0,5999999999999996;7,29;-0,07000000000000028;-0,9602194787380012;88;False
KLEBER SANTOS BATISTA LTDA;13042882000108;CIRURGIA;GASOLINA;24/04/2026;7,22;BRANCA;7,22;0,0;0,0;6,54077922077922;6,62;0,5999999999999996;7,23;-0,010000000000000675;-0,13831258644537586;88;False
KLEBER SANTOS BATISTA LTDA;13042882000108;CIRURGIA;GASOLINA;29/04/2026;7,22;BRANCA;7,22;0,0;0,0;6,54948717948718;6,62;0,5999999999999996;7,265000000000001;-0,04500000000000082;-0,6194081211287105;88;False
KLEBER SANTOS BATISTA LTDA;13042882000108;CIRURGIA;GASOLINA;07/05/2026;7,52;BRANCA;7,22;0,2999999999999998;4,15512465373961;6,5579746835443045;6,62;0,8999999999999995;7,58;-0,0600000000000005;-0,7915567282321965;88;False
KLEBER SANTOS BATISTA LTDA;13042882000108;CIRURGIA;GASOLINA;13/05/2026;7,52;BRANCA;7,52;0,0;0,0;6,57;6,62;0,8999999999999995;7,59;-0,07000000000000028;-0,9222661396574479;88;False
KLEBER SANTOS BATISTA LTDA;13042882000108;CIRURGIA;GASOLINA;20/05/2026;7,17;BRANCA;7,52;-0,34999999999999964;-4,654255319148932;6,581728395061728;6,62;0,5499999999999998;7,19;-0,020000000000000462;-0,2781641168289355;88;False
KLEBER SANTOS BATISTA LTDA;13042882000108;CIRURGIA;GASOLINA;26/05/2026;7,12;BRANCA;7,17;-0,04999999999999982;-0,6973500697350046;6,58890243902439;6,62;0,5;7,135;-0,01499999999999968;-0,2102312543798133;88;False
KLEBER SANTOS BATISTA LTDA;13042882000108;CIRURGIA;GASOLINA;03/06/2026;7,12;BRANCA;7,12;0,0;0,0;6,595301204819276;6,62;0,5;7,19;-0,07000000000000028;-0,9735744089012557;88;False
KLEBER SANTOS BATISTA LTDA;13042882000108;CIRURGIA;GASOLINA;09/06/2026;7,02;BRANCA;7,12;-0,10000000000000053;-1,4044943820224793;6,6015476190476186;6,62;0,39999999999999947;7,155;-0,13500000000000068;-1,886792452830198;88;False
KLEBER SANTOS BATISTA LTDA;13042882000108;CIRURGIA;GASOLINA;16/06/2026;7,12;BRANCA;7,02;0,10000000000000053;1,4245014245014322;6,606470588235293;6,62;0,5;7,12;0,0;0,0;88;False
KLEBER SANTOS BATISTA LTDA;13042882000108;CIRURGIA;GASOLINA;23/06/2026;7,12;BRANCA;7,12;0,0;0,0;6,612441860465116;6,62;0,5;7,12;0,0;0,0;88;False
KLEBER SANTOS BATISTA LTDA;13042882000108;CIRURGIA;GASOLINA;30/06/2026;7,12;BRANCA;7,12;0,0;0,0;6,618275862068965;6,62;0,5;7,12;0,0;0,0;88;False
KLEBER SANTOS BATISTA LTDA;13042882000108;CIRURGIA;GASOLINA ADITIVADA;10/07/2024;6,3;BRANCA;;;;;;;6,51;-0,20999999999999996;-3,2258064516129026;88;False
KLEBER SANTOS BATISTA LTDA;13042882000108;CIRURGIA;GASOLINA ADITIVADA;22/07/2024;6,3;BRANCA;6,3;0,0;0,0;6,3;6,3;0,0;6,335;-0,03500000000000014;-0,5524861878453061;88;False
KLEBER SANTOS BATISTA LTDA;13042882000108;CIRURGIA;GASOLINA ADITIVADA;15/10/2024;6,2;BRANCA;6,3;-0,09999999999999964;-1,5873015873015817;6,3;6,3;-0,09999999999999964;6,27;-0,0699999999999994;-1,1164274322168963;88;False
KLEBER SANTOS BATISTA LTDA;13042882000108;CIRURGIA;GASOLINA ADITIVADA;21/10/2024;5,9;BRANCA;6,2;-0,2999999999999998;-4,838709677419352;6,266666666666667;6,3;-0,39999999999999947;5,99;-0,08999999999999986;-1,502504173622702;88;False
KLEBER SANTOS BATISTA LTDA;13042882000108;CIRURGIA;GASOLINA ADITIVADA;28/10/2024;5,9;BRANCA;5,9;0,0;0,0;6,175;6,25;-0,34999999999999964;5,99;-0,08999999999999986;-1,502504173622702;88;False
KLEBER SANTOS BATISTA LTDA;13042882000108;CIRURGIA;GASOLINA ADITIVADA;04/11/2024;5,9;BRANCA;5,9;0,0;0,0;6,12;6,2;-0,2999999999999998;6,09;-0,1899999999999995;-3,1198686371100086;88;False
KLEBER SANTOS BATISTA LTDA;13042882000108;CIRURGIA;GASOLINA ADITIVADA;11/11/2024;5,9;BRANCA;5,9;0,0;0,0;6,083333333333333;6,050000000000001;-0,15000000000000036;6,08;-0,17999999999999972;-2,960526315789469;88;False
KLEBER SANTOS BATISTA LTDA;13042882000108;CIRURGIA;GASOLINA ADITIVADA;18/11/2024;6,3;BRANCA;5,9;0,39999999999999947;6,7796610169491425;6,057142857142857;5,9;0,39999999999999947;6,45;-0,15000000000000036;-2,3255813953488427;88;False
KLEBER SANTOS BATISTA LTDA;13042882000108;CIRURGIA;GASOLINA ADITIVADA;25/11/2024;6,3;BRANCA;6,3;0,0;0,0;6,0875;6,050000000000001;0,2499999999999991;6,45;-0,15000000000000036;-2,3255813953488427;88;False
KLEBER SANTOS BATISTA LTDA;13042882000108;CIRURGIA;GASOLINA ADITIVADA;03/12/2024;6,3;BRANCA;6,3;0,0;0,0;6,111111111111111;6,2;0,09999999999999964;6,45;-0,15000000000000036;-2,3255813953488427;88;False
KLEBER SANTOS BATISTA LTDA;13042882000108;CIRURGIA;GASOLINA ADITIVADA;09/12/2024;6,3;BRANCA;6,3;0,0;0,0;6,13;6,25;0,04999999999999982;6,45;-0,15000000000000036;-2,3255813953488427;88;False
KLEBER SANTOS BATISTA LTDA;13042882000108;CIRURGIA;GASOLINA ADITIVADA;16/12/2024;6,3;BRANCA;6,3;0,0;0,0;6,145454545454545;6,3;0,0;6,45;-0,15000000000000036;-2,3255813953488427;88;False
KLEBER SANTOS BATISTA LTDA;13042882000108;CIRURGIA;GASOLINA ADITIVADA;23/12/2024;6,3;BRANCA;6,3;0,0;0,0;6,158333333333334;6,3;0,0;6,45;-0,15000000000000036;-2,3255813953488427;88;False
KLEBER SANTOS BATISTA LTDA;13042882000108;CIRURGIA;GASOLINA ADITIVADA;30/12/2024;6,3;BRANCA;6,3;0,0;0,0;6,1692307692307695;6,3;0,0;6,45;-0,15000000000000036;-2,3255813953488427;88;False
KLEBER SANTOS BATISTA LTDA;13042882000108;CIRURGIA;GASOLINA ADITIVADA;06/01/2025;6,3;BRANCA;6,3;0,0;0,0;6,178571428571429;6,3;0,0;6,45;-0,15000000000000036;-2,3255813953488427;88;False
KLEBER SANTOS BATISTA LTDA;13042882000108;CIRURGIA;GASOLINA ADITIVADA;13/01/2025;6,42;BRANCA;6,3;0,1200000000000001;1,9047619047619067;6,1866666666666665;6,3;0,1200000000000001;6,55;-0,1299999999999999;-1,9847328244274793;88;False
KLEBER SANTOS BATISTA LTDA;13042882000108;CIRURGIA;GASOLINA ADITIVADA;20/01/2025;6,42;BRANCA;6,42;0,0;0,0;6,20125;6,3;0,1200000000000001;6,55;-0,1299999999999999;-1,9847328244274793;88;False
KLEBER SANTOS BATISTA LTDA;13042882000108;CIRURGIA;GASOLINA ADITIVADA;28/01/2025;6,42;BRANCA;6,42;0,0;0,0;6,214117647058823;6,3;0,1200000000000001;6,55;-0,1299999999999999;-1,9847328244274793;88;False
KLEBER SANTOS BATISTA LTDA;13042882000108;CIRURGIA;GASOLINA ADITIVADA;03/02/2025;6,42;BRANCA;6,42;0,0;0,0;6,225555555555555;6,3;0,1200000000000001;6,55;-0,1299999999999999;-1,9847328244274793;88;False
KLEBER SANTOS BATISTA LTDA;13042882000108;CIRURGIA;GASOLINA ADITIVADA;11/02/2025;6,62;BRANCA;6,42;0,20000000000000018;3,1152647975077907;6,2357894736842105;6,3;0,3200000000000003;6,75;-0,1299999999999999;-1,9259259259259243;88;False
KLEBER SANTOS BATISTA LTDA;13042882000108;CIRURGIA;GASOLINA ADITIVADA;18/02/2025;6,62;BRANCA;6,62;0,0;0,0;6,255;6,3;0,3200000000000003;6,75;-0,1299999999999999;-1,9259259259259243;88;False
KLEBER SANTOS BATISTA LTDA;13042882000108;CIRURGIA;GASOLINA ADITIVADA;25/02/2025;6,62;BRANCA;6,62;0,0;0,0;6,272380952380952;6,3;0,3200000000000003;6,75;-0,1299999999999999;-1,9259259259259243;88;False
KLEBER SANTOS BATISTA LTDA;13042882000108;CIRURGIA;GASOLINA ADITIVADA;03/03/2025;6,62;BRANCA;6,62;0,0;0,0;6,288181818181818;6,3;0,3200000000000003;6,75;-0,1299999999999999;-1,9259259259259243;88;False
KLEBER SANTOS BATISTA LTDA;13042882000108;CIRURGIA;GASOLINA ADITIVADA;11/03/2025;6,62;BRANCA;6,62;0,0;0,0;6,302608695652174;6,3;0,3200000000000003;6,75;-0,1299999999999999;-1,9259259259259243;88;False
KLEBER SANTOS BATISTA LTDA;13042882000108;CIRURGIA;GASOLINA ADITIVADA;18/03/2025;6,62;BRANCA;6,62;0,0;0,0;6,315833333333334;6,3;0,3200000000000003;6,75;-0,1299999999999999;-1,9259259259259243;88;False
KLEBER SANTOS BATISTA LTDA;13042882000108;CIRURGIA;GASOLINA ADITIVADA;25/03/2025;6,62;BRANCA;6,62;0,0;0,0;6,327999999999999;6,3;0,3200000000000003;6,75;-0,1299999999999999;-1,9259259259259243;88;False
KLEBER SANTOS BATISTA LTDA;13042882000108;CIRURGIA;GASOLINA ADITIVADA;31/03/2025;6,62;BRANCA;6,62;0,0;0,0;6,339230769230769;6,3;0,3200000000000003;6,75;-0,1299999999999999;-1,9259259259259243;88;False
KLEBER SANTOS BATISTA LTDA;13042882000108;CIRURGIA;GASOLINA ADITIVADA;08/04/2025;6,62;BRANCA;6,62;0,0;0,0;6,3496296296296295;6,3;0,3200000000000003;6,75;-0,1299999999999999;-1,9259259259259243;88;False
KLEBER SANTOS BATISTA LTDA;13042882000108;CIRURGIA;GASOLINA ADITIVADA;15/04/2025;6,52;BRANCA;6,62;-0,10000000000000053;-1,5105740181268963;6,359285714285714;6,3;0,21999999999999975;6,65;-0,13000000000000078;-1,9548872180451242;88;False
KLEBER SANTOS BATISTA LTDA;13042882000108;CIRURGIA;GASOLINA ADITIVADA;22/04/2025;6,52;BRANCA;6,52;0,0;0,0;6,364827586206897;6,3;0,21999999999999975;6,695;-0,1750000000000007;-2,6138909634055367;88;False
KLEBER SANTOS BATISTA LTDA;13042882000108;CIRURGIA;GASOLINA ADITIVADA;29/04/2025;6,62;BRANCA;6,52;0,10000000000000053;1,5337423312883518;6,37;6,359999999999999;0,2600000000000007;6,75;-0,1299999999999999;-1,9259259259259243;88;False
KLEBER SANTOS BATISTA LTDA;13042882000108;CIRURGIA;GASOLINA ADITIVADA;05/05/2025;6,62;BRANCA;6,62;0,0;0,0;6,378064516129032;6,42;0,20000000000000018;6,75;-0,1299999999999999;-1,9259259259259243;88;False
KLEBER SANTOS BATISTA LTDA;13042882000108;CIRURGIA;GASOLINA ADITIVADA;12/05/2025;6,62;BRANCA;6,62;0,0;0,0;6,385625;6,42;0,20000000000000018;6,734999999999999;-0,11499999999999932;-1,7074981440237467;88;False
KLEBER SANTOS BATISTA LTDA;13042882000108;CIRURGIA;GASOLINA ADITIVADA;19/05/2025;6,62;BRANCA;6,62;0,0;0,0;6,392727272727273;6,42;0,20000000000000018;6,775;-0,15500000000000025;-2,287822878228786;88;False
KLEBER SANTOS BATISTA LTDA;13042882000108;CIRURGIA;GASOLINA ADITIVADA;27/05/2025;6,62;BRANCA;6,62;0,0;0,0;6,399411764705882;6,42;0,20000000000000018;6,8;-0,17999999999999972;-2,6470588235294077;88;False
KLEBER SANTOS BATISTA LTDA;13042882000108;CIRURGIA;GASOLINA ADITIVADA;03/06/2025;6,62;BRANCA;6,62;0,0;0,0;6,405714285714286;6,42;0,20000000000000018;6,8;-0,17999999999999972;-2,6470588235294077;88;False
KLEBER SANTOS BATISTA LTDA;13042882000108;CIRURGIA;GASOLINA ADITIVADA;09/06/2025;6,62;BRANCA;6,62;0,0;0,0;6,411666666666666;6,42;0,20000000000000018;6,76;-0,13999999999999968;-2,071005917159759;88;False
KLEBER SANTOS BATISTA LTDA;13042882000108;CIRURGIA;GASOLINA ADITIVADA;16/06/2025;6,62;BRANCA;6,62;0,0;0,0;6,4172972972972975;6,42;0,20000000000000018;6,8;-0,17999999999999972;-2,6470588235294077;88;False
KLEBER SANTOS BATISTA LTDA;13042882000108;CIRURGIA;GASOLINA ADITIVADA;24/06/2025;6,62;BRANCA;6,62;0,0;0,0;6,422631578947368;6,47;0,15000000000000036;6,8;-0,17999999999999972;-2,6470588235294077;88;False
KLEBER SANTOS BATISTA LTDA;13042882000108;CIRURGIA;GASOLINA ADITIVADA;30/06/2025;6,62;BRANCA;6,62;0,0;0,0;6,427692307692308;6,52;0,10000000000000053;6,8;-0,17999999999999972;-2,6470588235294077;88;False
KLEBER SANTOS BATISTA LTDA;13042882000108;CIRURGIA;GASOLINA ADITIVADA;08/07/2025;6,62;BRANCA;6,62;0,0;0,0;6,4325;6,52;0,10000000000000053;6,8;-0,17999999999999972;-2,6470588235294077;88;False
KLEBER SANTOS BATISTA LTDA;13042882000108;CIRURGIA;GASOLINA ADITIVADA;15/07/2025;6,62;BRANCA;6,62;0,0;0,0;6,437073170731708;6,52;0,10000000000000053;6,8;-0,17999999999999972;-2,6470588235294077;88;False
KLEBER SANTOS BATISTA LTDA;13042882000108;CIRURGIA;GASOLINA ADITIVADA;22/07/2025;6,62;BRANCA;6,62;0,0;0,0;6,441428571428572;6,57;0,04999999999999982;6,8;-0,17999999999999972;-2,6470588235294077;88;False
KLEBER SANTOS BATISTA LTDA;13042882000108;CIRURGIA;GASOLINA ADITIVADA;28/07/2025;6,62;BRANCA;6,62;0,0;0,0;6,445581395348838;6,62;0,0;6,8;-0,17999999999999972;-2,6470588235294077;88;False
KLEBER SANTOS BATISTA LTDA;13042882000108;CIRURGIA;GASOLINA ADITIVADA;05/08/2025;6,62;BRANCA;6,62;0,0;0,0;6,449545454545454;6,62;0,0;6,8;-0,17999999999999972;-2,6470588235294077;88;False
KLEBER SANTOS BATISTA LTDA;13042882000108;CIRURGIA;GASOLINA ADITIVADA;12/08/2025;6,62;BRANCA;6,62;0,0;0,0;6,453333333333333;6,62;0,0;6,76;-0,13999999999999968;-2,071005917159759;88;False
KLEBER SANTOS BATISTA LTDA;13042882000108;CIRURGIA;GASOLINA ADITIVADA;19/08/2025;6,62;BRANCA;6,62;0,0;0,0;6,45695652173913;6,62;0,0;6,8;-0,17999999999999972;-2,6470588235294077;88;False
KLEBER SANTOS BATISTA LTDA;13042882000108;CIRURGIA;GASOLINA ADITIVADA;27/08/2025;6,62;BRANCA;6,62;0,0;0,0;6,460425531914893;6,62;0,0;6,72;-0,09999999999999964;-1,4880952380952328;88;False
KLEBER SANTOS BATISTA LTDA;13042882000108;CIRURGIA;GASOLINA ADITIVADA;02/09/2025;6,62;BRANCA;6,62;0,0;0,0;6,46375;6,62;0,0;6,795;-0,17499999999999982;-2,575423105224427;88;False
KLEBER SANTOS BATISTA LTDA;13042882000108;CIRURGIA;GASOLINA ADITIVADA;09/09/2025;6,62;BRANCA;6,62;0,0;0,0;6,466938775510204;6,62;0,0;6,795;-0,17499999999999982;-2,575423105224427;88;False
KLEBER SANTOS BATISTA LTDA;13042882000108;CIRURGIA;GASOLINA ADITIVADA;17/09/2025;6,62;BRANCA;6,62;0,0;0,0;6,47;6,62;0,0;6,76;-0,13999999999999968;-2,071005917159759;88;False
KLEBER SANTOS BATISTA LTDA;13042882000108;CIRURGIA;GASOLINA ADITIVADA;22/09/2025;6,62;BRANCA;6,62;0,0;0,0;6,472941176470588;6,62;0,0;6,8149999999999995;-0,1949999999999994;-2,861335289801899;88;False
KLEBER SANTOS BATISTA LTDA;13042882000108;CIRURGIA;GASOLINA ADITIVADA;30/09/2025;6,62;BRANCA;6,62;0,0;0,0;6,475769230769231;6,62;0,0;6,8149999999999995;-0,1949999999999994;-2,861335289801899;88;False
KLEBER SANTOS BATISTA LTDA;13042882000108;CIRURGIA;GASOLINA ADITIVADA;06/10/2025;6,62;BRANCA;6,62;0,0;0,0;6,4784905660377365;6,62;0,0;6,8149999999999995;-0,1949999999999994;-2,861335289801899;88;False
KLEBER SANTOS BATISTA LTDA;13042882000108;CIRURGIA;GASOLINA ADITIVADA;13/10/2025;6,62;BRANCA;6,62;0,0;0,0;6,481111111111112;6,62;0,0;6,76;-0,13999999999999968;-2,071005917159759;88;False
KLEBER SANTOS BATISTA LTDA;13042882000108;CIRURGIA;GASOLINA ADITIVADA;20/10/2025;6,62;BRANCA;6,62;0,0;0,0;6,483636363636364;6,62;0,0;6,72;-0,09999999999999964;-1,4880952380952328;88;False
KLEBER SANTOS BATISTA LTDA;13042882000108;CIRURGIA;GASOLINA ADITIVADA;28/10/2025;6,52;BRANCA;6,62;-0,10000000000000053;-1,5105740181268963;6,486071428571429;6,62;-0,10000000000000053;6,74;-0,22000000000000064;-3,2640949554896235;88;False
KLEBER SANTOS BATISTA LTDA;13042882000108;CIRURGIA;GASOLINA ADITIVADA;04/11/2025;6,52;BRANCA;6,52;0,0;0,0;6,486666666666667;6,62;-0,10000000000000053;6,765000000000001;-0,245000000000001;-3,621581670362173;88;False
KLEBER SANTOS BATISTA LTDA;13042882000108;CIRURGIA;GASOLINA ADITIVADA;11/11/2025;6,52;BRANCA;6,52;0,0;0,0;6,487241379310345;6,62;-0,10000000000000053;6,65;-0,13000000000000078;-1,9548872180451242;88;False
KLEBER SANTOS BATISTA LTDA;13042882000108;CIRURGIA;GASOLINA ADITIVADA;18/11/2025;6,52;BRANCA;6,52;0,0;0,0;6,487796610169491;6,62;-0,10000000000000053;6,71;-0,1900000000000004;-2,8315946348733294;88;False
KLEBER SANTOS BATISTA LTDA;13042882000108;CIRURGIA;GASOLINA ADITIVADA;25/11/2025;6,52;BRANCA;6,52;0,0;0,0;6,488333333333333;6,62;-0,10000000000000053;6,71;-0,1900000000000004;-2,8315946348733294;88;False
KLEBER SANTOS BATISTA LTDA;13042882000108;CIRURGIA;GASOLINA ADITIVADA;08/12/2025;6,52;BRANCA;6,52;0,0;0,0;6,488852459016393;6,62;-0,10000000000000053;6,79;-0,27000000000000046;-3,9764359351988285;88;False
KLEBER SANTOS BATISTA LTDA;13042882000108;CIRURGIA;GASOLINA ADITIVADA;15/12/2025;6,52;BRANCA;6,52;0,0;0,0;6,489354838709677;6,62;-0,10000000000000053;6,79;-0,27000000000000046;-3,9764359351988285;88;False
KLEBER SANTOS BATISTA LTDA;13042882000108;CIRURGIA;GASOLINA ADITIVADA;23/12/2025;6,52;BRANCA;6,52;0,0;0,0;6,48984126984127;6,62;-0,10000000000000053;6,79;-0,27000000000000046;-3,9764359351988285;88;False
KLEBER SANTOS BATISTA LTDA;13042882000108;CIRURGIA;GASOLINA ADITIVADA;29/12/2025;6,52;BRANCA;6,52;0,0;0,0;6,4903125;6,62;-0,10000000000000053;6,654999999999999;-0,1349999999999998;-2,028549962434257;88;False
KLEBER SANTOS BATISTA LTDA;13042882000108;CIRURGIA;GASOLINA ADITIVADA;05/01/2026;6,52;BRANCA;6,52;0,0;0,0;6,490769230769231;6,62;-0,10000000000000053;6,654999999999999;-0,1349999999999998;-2,028549962434257;88;False
KLEBER SANTOS BATISTA LTDA;13042882000108;CIRURGIA;GASOLINA ADITIVADA;12/01/2026;6,52;BRANCA;6,52;0,0;0,0;6,491212121212121;6,62;-0,10000000000000053;6,52;0,0;0,0;88;False
KLEBER SANTOS BATISTA LTDA;13042882000108;CIRURGIA;GASOLINA ADITIVADA;20/01/2026;6,52;BRANCA;6,52;0,0;0,0;6,491641791044776;6,62;-0,10000000000000053;6,654999999999999;-0,1349999999999998;-2,028549962434257;88;False
KLEBER SANTOS BATISTA LTDA;13042882000108;CIRURGIA;GASOLINA ADITIVADA;26/01/2026;6,52;BRANCA;6,52;0,0;0,0;6,492058823529412;6,62;-0,10000000000000053;6,52;0,0;0,0;88;False
KLEBER SANTOS BATISTA LTDA;13042882000108;CIRURGIA;GASOLINA ADITIVADA;09/02/2026;6,52;BRANCA;6,52;0,0;0,0;6,492463768115942;6,62;-0,10000000000000053;6,62;-0,10000000000000053;-1,5105740181268963;88;False
KLEBER SANTOS BATISTA LTDA;13042882000108;CIRURGIA;GASOLINA ADITIVADA;24/02/2026;6,52;BRANCA;6,52;0,0;0,0;6,492857142857143;6,57;-0,05000000000000071;6,555;-0,03500000000000014;-0,5339435545385224;88;False
KLEBER SANTOS BATISTA LTDA;13042882000108;CIRURGIA;GASOLINA ADITIVADA;09/03/2026;6,82;BRANCA;6,52;0,3000000000000007;4,601226993865041;6,493239436619718;6,52;0,3000000000000007;6,93;-0,10999999999999943;-1,5873015873015792;88;False
KLEBER SANTOS BATISTA LTDA;13042882000108;CIRURGIA;GASOLINA ADITIVADA;20/03/2026;6,92;BRANCA;6,82;0,09999999999999964;1,4662756598240416;6,497777777777777;6,57;0,34999999999999964;7,29;-0,3700000000000001;-5,0754458161865585;88;False
KLEBER SANTOS BATISTA LTDA;13042882000108;CIRURGIA;GASOLINA ADITIVADA;25/03/2026;7,22;BRANCA;6,92;0,2999999999999998;4,335260115606934;6,503561643835616;6,62;0,5999999999999996;7,49;-0,27000000000000046;-3,604806408544732;88;False
KLEBER SANTOS BATISTA LTDA;13042882000108;CIRURGIA;GASOLINA ADITIVADA;31/03/2026;7,22;BRANCA;7,22;0,0;0,0;6,513243243243243;6,62;0,5999999999999996;7,49;-0,27000000000000046;-3,604806408544732;88;False
KLEBER SANTOS BATISTA LTDA;13042882000108;CIRURGIA;GASOLINA ADITIVADA;09/04/2026;7,22;BRANCA;7,22;0,0;0,0;6,522666666666667;6,62;0,5999999999999996;7,4399999999999995;-0,21999999999999975;-2,956989247311825;88;False
KLEBER SANTOS BATISTA LTDA;13042882000108;CIRURGIA;GASOLINA ADITIVADA;15/04/2026;7,22;BRANCA;7,22;0,0;0,0;6,531842105263158;6,62;0,5999999999999996;7,49;-0,27000000000000046;-3,604806408544732;88;False
KLEBER SANTOS BATISTA LTDA;13042882000108;CIRURGIA;GASOLINA ADITIVADA;24/04/2026;7,22;BRANCA;7,22;0,0;0,0;6,54077922077922;6,62;0,5999999999999996;7,29;-0,07000000000000028;-0,9602194787380012;88;False
KLEBER SANTOS BATISTA LTDA;13042882000108;CIRURGIA;GASOLINA ADITIVADA;29/04/2026;7,22;BRANCA;7,22;0,0;0,0;6,54948717948718;6,62;0,5999999999999996;7,39;-0,16999999999999993;-2,30040595399188;88;False
KLEBER SANTOS BATISTA LTDA;13042882000108;CIRURGIA;GASOLINA ADITIVADA;07/05/2026;7,52;BRANCA;7,22;0,2999999999999998;4,15512465373961;6,5579746835443045;6,62;0,8999999999999995;7,6899999999999995;-0,16999999999999993;-2,210663198959687;88;False
KLEBER SANTOS BATISTA LTDA;13042882000108;CIRURGIA;GASOLINA ADITIVADA;13/05/2026;7,52;BRANCA;7,52;0,0;0,0;6,57;6,62;0,8999999999999995;7,79;-0,27000000000000046;-3,465982028241341;88;False
KLEBER SANTOS BATISTA LTDA;13042882000108;CIRURGIA;GASOLINA ADITIVADA;20/05/2026;7,17;BRANCA;7,52;-0,34999999999999964;-4,654255319148932;6,581728395061728;6,62;0,5499999999999998;7,34;-0,16999999999999993;-2,3160762942779285;88;False
KLEBER SANTOS BATISTA LTDA;13042882000108;CIRURGIA;GASOLINA ADITIVADA;26/05/2026;7,12;BRANCA;7,17;-0,04999999999999982;-0,6973500697350046;6,58890243902439;6,62;0,5;7,28;-0,16000000000000014;-2,1978021978021998;88;False
KLEBER SANTOS BATISTA LTDA;13042882000108;CIRURGIA;GASOLINA ADITIVADA;03/06/2026;7,12;BRANCA;7,12;0,0;0,0;6,595301204819276;6,62;0,5;7,39;-0,2699999999999996;-3,653585926928276;88;False
KLEBER SANTOS BATISTA LTDA;13042882000108;CIRURGIA;GASOLINA ADITIVADA;09/06/2026;7,02;BRANCA;7,12;-0,10000000000000053;-1,4044943820224793;6,6015476190476186;6,62;0,39999999999999947;7,19;-0,17000000000000082;-2,364394993045908;88;False
KLEBER SANTOS BATISTA LTDA;13042882000108;CIRURGIA;GASOLINA ADITIVADA;16/06/2026;7,12;BRANCA;7,02;0,10000000000000053;1,4245014245014322;6,606470588235293;6,62;0,5;7,28;-0,16000000000000014;-2,1978021978021998;88;False
KLEBER SANTOS BATISTA LTDA;13042882000108;CIRURGIA;GASOLINA ADITIVADA;23/06/2026;7,12;BRANCA;7,12;0,0;0,0;6,612441860465116;6,62;0,5;7,26;-0,13999999999999968;-1,9283746556473784;88;False
KLEBER SANTOS BATISTA LTDA;13042882000108;CIRURGIA;GASOLINA ADITIVADA;30/06/2026;7,12;BRANCA;7,12;0,0;0,0;6,618275862068965;6,62;0,5;7,17;-0,04999999999999982;-0,6973500697350046;88;False
KLEBER SANTOS BATISTA LTDA;13042882000108;CIRURGIA;GNV;10/07/2024;4,89;BRANCA;;;;;;;4,89;0,0;0,0;88;False
KLEBER SANTOS BATISTA LTDA;13042882000108;CIRURGIA;GNV;22/07/2024;4,89;BRANCA;4,89;0,0;0,0;4,89;4,89;0,0;4,89;0,0;0,0;88;False
KLEBER SANTOS BATISTA LTDA;13042882000108;CIRURGIA;GNV;15/10/2024;4,8;BRANCA;4,89;-0,08999999999999986;-1,8404907975460096;4,89;4,89;-0,08999999999999986;4,8;0,0;0,0;88;False
KLEBER SANTOS BATISTA LTDA;13042882000108;CIRURGIA;GNV;21/10/2024;4,8;BRANCA;4,8;0,0;0,0;4,859999999999999;4,89;-0,08999999999999986;4,8;0,0;0,0;88;False
KLEBER SANTOS BATISTA LTDA;13042882000108;CIRURGIA;GNV;28/10/2024;4,8;BRANCA;4,8;0,0;0,0;4,845;4,845;-0,04499999999999993;4,8;0,0;0,0;88;False
KLEBER SANTOS BATISTA LTDA;13042882000108;CIRURGIA;GNV;04/11/2024;4,8;BRANCA;4,8;0,0;0,0;4,836;4,8;0,0;4,9;-0,10000000000000053;-2,040816326530623;88;False
KLEBER SANTOS BATISTA LTDA;13042882000108;CIRURGIA;GNV;11/11/2024;4,8;BRANCA;4,8;0,0;0,0;4,829999999999999;4,8;0,0;4,9;-0,10000000000000053;-2,040816326530623;88;False
KLEBER SANTOS BATISTA LTDA;13042882000108;CIRURGIA;GNV;18/11/2024;4,9;BRANCA;4,8;0,10000000000000053;2,0833333333333446;4,825714285714286;4,8;0,10000000000000053;4,9;0,0;0,0;88;False
KLEBER SANTOS BATISTA LTDA;13042882000108;CIRURGIA;GNV;25/11/2024;4,9;BRANCA;4,9;0,0;0,0;4,835;4,8;0,10000000000000053;4,9;0,0;0,0;88;False
KLEBER SANTOS BATISTA LTDA;13042882000108;CIRURGIA;GNV;03/12/2024;4,9;BRANCA;4,9;0,0;0,0;4,842222222222222;4,8;0,10000000000000053;4,9;0,0;0,0;88;False
KLEBER SANTOS BATISTA LTDA;13042882000108;CIRURGIA;GNV;09/12/2024;4,9;BRANCA;4,9;0,0;0,0;4,848;4,845;0,055000000000000604;4,9;0,0;0,0;88;False
KLEBER SANTOS BATISTA LTDA;13042882000108;CIRURGIA;GNV;16/12/2024;4,9;BRANCA;4,9;0,0;0,0;4,852727272727273;4,89;0,010000000000000675;4,9;0,0;0,0;88;False
KLEBER SANTOS BATISTA LTDA;13042882000108;CIRURGIA;GNV;23/12/2024;4,9;BRANCA;4,9;0,0;0,0;4,8566666666666665;4,89;0,010000000000000675;4,9;0,0;0,0;88;False
KLEBER SANTOS BATISTA LTDA;13042882000108;CIRURGIA;GNV;30/12/2024;4,9;BRANCA;4,9;0,0;0,0;4,86;4,89;0,010000000000000675;4,9;0,0;0,0;88;False
KLEBER SANTOS BATISTA LTDA;13042882000108;CIRURGIA;GNV;06/01/2025;4,9;BRANCA;4,9;0,0;0,0;4,862857142857143;4,895;0,005000000000000782;4,9;0,0;0,0;88;False
KLEBER SANTOS BATISTA LTDA;13042882000108;CIRURGIA;GNV;13/01/2025;4,9;BRANCA;4,9;0,0;0,0;4,865333333333334;4,9;0,0;4,9;0,0;0,0;88;False
KLEBER SANTOS BATISTA LTDA;13042882000108;CIRURGIA;GNV;20/01/2025;4,9;BRANCA;4,9;0,0;0,0;4,8675;4,9;0,0;4,9;0,0;0,0;88;False
KLEBER SANTOS BATISTA LTDA;13042882000108;CIRURGIA;GNV;28/01/2025;4,9;BRANCA;4,9;0,0;0,0;4,869411764705882;4,9;0,0;4,9;0,0;0,0;88;False
KLEBER SANTOS BATISTA LTDA;13042882000108;CIRURGIA;GNV;03/02/2025;4,9;BRANCA;4,9;0,0;0,0;4,871111111111111;4,9;0,0;4,9;0,0;0,0;88;False
KLEBER SANTOS BATISTA LTDA;13042882000108;CIRURGIA;GNV;11/02/2025;4,9;BRANCA;4,9;0,0;0,0;4,872631578947368;4,9;0,0;4,9;0,0;0,0;88;False
KLEBER SANTOS BATISTA LTDA;13042882000108;CIRURGIA;GNV;18/02/2025;4,9;BRANCA;4,9;0,0;0,0;4,8740000000000006;4,9;0,0;4,9;0,0;0,0;88;False
KLEBER SANTOS BATISTA LTDA;13042882000108;CIRURGIA;GNV;25/02/2025;4,9;BRANCA;4,9;0,0;0,0;4,875238095238096;4,9;0,0;4,9;0,0;0,0;88;False
KLEBER SANTOS BATISTA LTDA;13042882000108;CIRURGIA;GNV;03/03/2025;4,9;BRANCA;4,9;0,0;0,0;4,876363636363636;4,9;0,0;4,9;0,0;0,0;88;False
KLEBER SANTOS BATISTA LTDA;13042882000108;CIRURGIA;GNV;11/03/2025;4,9;BRANCA;4,9;0,0;0,0;4,877391304347826;4,9;0,0;4,9;0,0;0,0;88;False
KLEBER SANTOS BATISTA LTDA;13042882000108;CIRURGIA;GNV;18/03/2025;4,9;BRANCA;4,9;0,0;0,0;4,878333333333333;4,9;0,0;4,9;0,0;0,0;88;False
KLEBER SANTOS BATISTA LTDA;13042882000108;CIRURGIA;GNV;25/03/2025;4,9;BRANCA;4,9;0,0;0,0;4,8792;4,9;0,0;4,9;0,0;0,0;88;False
KLEBER SANTOS BATISTA LTDA;13042882000108;CIRURGIA;GNV;31/03/2025;4,9;BRANCA;4,9;0,0;0,0;4,880000000000001;4,9;0,0;4,9;0,0;0,0;88;False
KLEBER SANTOS BATISTA LTDA;13042882000108;CIRURGIA;GNV;08/04/2025;4,9;BRANCA;4,9;0,0;0,0;4,880740740740741;4,9;0,0;4,9;0,0;0,0;88;False
KLEBER SANTOS BATISTA LTDA;13042882000108;CIRURGIA;GNV;15/04/2025;4,9;BRANCA;4,9;0,0;0,0;4,881428571428572;4,9;0,0;4,9;0,0;0,0;88;False
KLEBER SANTOS BATISTA LTDA;13042882000108;CIRURGIA;GNV;22/04/2025;4,9;BRANCA;4,9;0,0;0,0;4,882068965517242;4,9;0,0;4,9;0,0;0,0;88;False
KLEBER SANTOS BATISTA LTDA;13042882000108;CIRURGIA;GNV;29/04/2025;4,9;BRANCA;4,9;0,0;0,0;4,882666666666667;4,9;0,0;4,9;0,0;0,0;88;False
KLEBER SANTOS BATISTA LTDA;13042882000108;CIRURGIA;GNV;05/05/2025;4,9;BRANCA;4,9;0,0;0,0;4,8832258064516125;4,9;0,0;4,9;0,0;0,0;88;False
KLEBER SANTOS BATISTA LTDA;13042882000108;CIRURGIA;GNV;12/05/2025;4,99;BRANCA;4,9;0,08999999999999986;1,8367346938775482;4,88375;4,9;0,08999999999999986;4,99;0,0;0,0;88;False
KLEBER SANTOS BATISTA LTDA;13042882000108;CIRURGIA;GNV;19/05/2025;4,99;BRANCA;4,99;0,0;0,0;4,886969696969698;4,9;0,08999999999999986;4,99;0,0;0,0;88;False
KLEBER SANTOS BATISTA LTDA;13042882000108;CIRURGIA;GNV;27/05/2025;4,99;BRANCA;4,99;0,0;0,0;4,890000000000001;4,9;0,08999999999999986;4,99;0,0;0,0;88;False
KLEBER SANTOS BATISTA LTDA;13042882000108;CIRURGIA;GNV;03/06/2025;4,99;BRANCA;4,99;0,0;0,0;4,892857142857143;4,9;0,08999999999999986;4,99;0,0;0,0;88;False
KLEBER SANTOS BATISTA LTDA;13042882000108;CIRURGIA;GNV;09/06/2025;4,99;BRANCA;4,99;0,0;0,0;4,895555555555556;4,9;0,08999999999999986;4,99;0,0;0,0;88;False
KLEBER SANTOS BATISTA LTDA;13042882000108;CIRURGIA;GNV;16/06/2025;4,99;BRANCA;4,99;0,0;0,0;4,898108108108109;4,9;0,08999999999999986;4,99;0,0;0,0;88;False
KLEBER SANTOS BATISTA LTDA;13042882000108;CIRURGIA;GNV;24/06/2025;4,99;BRANCA;4,99;0,0;0,0;4,900526315789474;4,9;0,08999999999999986;4,99;0,0;0,0;88;False
KLEBER SANTOS BATISTA LTDA;13042882000108;CIRURGIA;GNV;30/06/2025;4,99;BRANCA;4,99;0,0;0,0;4,902820512820513;4,9;0,08999999999999986;4,99;0,0;0,0;88;False
KLEBER SANTOS BATISTA LTDA;13042882000108;CIRURGIA;GNV;08/07/2025;4,99;BRANCA;4,99;0,0;0,0;4,905;4,9;0,08999999999999986;4,99;0,0;0,0;88;False
KLEBER SANTOS BATISTA LTDA;13042882000108;CIRURGIA;GNV;15/07/2025;4,99;BRANCA;4,99;0,0;0,0;4,9070731707317075;4,9;0,08999999999999986;4,99;0,0;0,0;88;False
KLEBER SANTOS BATISTA LTDA;13042882000108;CIRURGIA;GNV;22/07/2025;4,99;BRANCA;4,99;0,0;0,0;4,9090476190476195;4,9;0,08999999999999986;4,99;0,0;0,0;88;False
KLEBER SANTOS BATISTA LTDA;13042882000108;CIRURGIA;GNV;28/07/2025;4,99;BRANCA;4,99;0,0;0,0;4,91093023255814;4,9;0,08999999999999986;4,99;0,0;0,0;88;False
KLEBER SANTOS BATISTA LTDA;13042882000108;CIRURGIA;GNV;05/08/2025;4,69;BRANCA;4,99;-0,2999999999999998;-6,012024048096189;4,912727272727273;4,9;-0,20999999999999996;4,69;0,0;0,0;88;False
KLEBER SANTOS BATISTA LTDA;13042882000108;CIRURGIA;GNV;12/08/2025;4,69;BRANCA;4,69;0,0;0,0;4,9077777777777785;4,9;-0,20999999999999996;4,69;0,0;0,0;88;False
KLEBER SANTOS BATISTA LTDA;13042882000108;CIRURGIA;GNV;19/08/2025;4,69;BRANCA;4,69;0,0;0,0;4,90304347826087;4,9;-0,20999999999999996;4,69;0,0;0,0;88;False
KLEBER SANTOS BATISTA LTDA;13042882000108;CIRURGIA;GNV;27/08/2025;4,69;BRANCA;4,69;0,0;0,0;4,898510638297873;4,9;-0,20999999999999996;4,69;0,0;0,0;88;False
KLEBER SANTOS BATISTA LTDA;13042882000108;CIRURGIA;GNV;02/09/2025;4,69;BRANCA;4,69;0,0;0,0;4,894166666666667;4,9;-0,20999999999999996;4,69;0,0;0,0;88;False
KLEBER SANTOS BATISTA LTDA;13042882000108;CIRURGIA;GNV;09/09/2025;4,69;BRANCA;4,69;0,0;0,0;4,890000000000001;4,9;-0,20999999999999996;4,69;0,0;0,0;88;False
KLEBER SANTOS BATISTA LTDA;13042882000108;CIRURGIA;GNV;17/09/2025;4,69;BRANCA;4,69;0,0;0,0;4,886;4,9;-0,20999999999999996;4,69;0,0;0,0;88;False
KLEBER SANTOS BATISTA LTDA;13042882000108;CIRURGIA;GNV;22/09/2025;4,69;BRANCA;4,69;0,0;0,0;4,882156862745099;4,9;-0,20999999999999996;4,69;0,0;0,0;88;False
KLEBER SANTOS BATISTA LTDA;13042882000108;CIRURGIA;GNV;30/09/2025;4,69;BRANCA;4,69;0,0;0,0;4,878461538461538;4,9;-0,20999999999999996;4,69;0,0;0,0;88;False
KLEBER SANTOS BATISTA LTDA;13042882000108;CIRURGIA;GNV;06/10/2025;4,69;BRANCA;4,69;0,0;0,0;4,874905660377358;4,9;-0,20999999999999996;4,69;0,0;0,0;88;False
KLEBER SANTOS BATISTA LTDA;13042882000108;CIRURGIA;GNV;13/10/2025;4,69;BRANCA;4,69;0,0;0,0;4,8714814814814815;4,9;-0,20999999999999996;4,69;0,0;0,0;88;False
KLEBER SANTOS BATISTA LTDA;13042882000108;CIRURGIA;GNV;20/10/2025;4,69;BRANCA;4,69;0,0;0,0;4,868181818181818;4,9;-0,20999999999999996;4,69;0,0;0,0;88;False
KLEBER SANTOS BATISTA LTDA;13042882000108;CIRURGIA;GNV;28/10/2025;4,69;BRANCA;4,69;0,0;0,0;4,865;4,9;-0,20999999999999996;4,69;0,0;0,0;88;False
KLEBER SANTOS BATISTA LTDA;13042882000108;CIRURGIA;GNV;04/11/2025;4,69;BRANCA;4,69;0,0;0,0;4,861929824561403;4,9;-0,20999999999999996;4,69;0,0;0,0;88;False
KLEBER SANTOS BATISTA LTDA;13042882000108;CIRURGIA;GNV;11/11/2025;4,69;BRANCA;4,69;0,0;0,0;4,858965517241379;4,9;-0,20999999999999996;4,69;0,0;0,0;88;False
KLEBER SANTOS BATISTA LTDA;13042882000108;CIRURGIA;GNV;18/11/2025;4,69;BRANCA;4,69;0,0;0,0;4,856101694915254;4,9;-0,20999999999999996;4,69;0,0;0,0;88;False
KLEBER SANTOS BATISTA LTDA;13042882000108;CIRURGIA;GNV;25/11/2025;4,69;BRANCA;4,69;0,0;0,0;4,8533333333333335;4,9;-0,20999999999999996;4,69;0,0;0,0;88;False
KLEBER SANTOS BATISTA LTDA;13042882000108;CIRURGIA;GNV;08/12/2025;4,69;BRANCA;4,69;0,0;0,0;4,850655737704919;4,9;-0,20999999999999996;4,69;0,0;0,0;88;False
KLEBER SANTOS BATISTA LTDA;13042882000108;CIRURGIA;GNV;15/12/2025;4,69;BRANCA;4,69;0,0;0,0;4,848064516129033;4,9;-0,20999999999999996;4,69;0,0;0,0;88;False
KLEBER SANTOS BATISTA LTDA;13042882000108;CIRURGIA;GNV;23/12/2025;4,69;BRANCA;4,69;0,0;0,0;4,845555555555556;4,9;-0,20999999999999996;4,69;0,0;0,0;88;False
KLEBER SANTOS BATISTA LTDA;13042882000108;CIRURGIA;GNV;29/12/2025;4,69;BRANCA;4,69;0,0;0,0;4,843125000000001;4,9;-0,20999999999999996;4,69;0,0;0,0;88;False
KLEBER SANTOS BATISTA LTDA;13042882000108;CIRURGIA;GNV;05/01/2026;4,69;BRANCA;4,69;0,0;0,0;4,840769230769231;4,9;-0,20999999999999996;4,69;0,0;0,0;88;False
KLEBER SANTOS BATISTA LTDA;13042882000108;CIRURGIA;GNV;12/01/2026;4,69;BRANCA;4,69;0,0;0,0;4,838484848484849;4,9;-0,20999999999999996;4,69;0,0;0,0;88;False
KLEBER SANTOS BATISTA LTDA;13042882000108;CIRURGIA;GNV;20/01/2026;4,69;BRANCA;4,69;0,0;0,0;4,836268656716419;4,9;-0,20999999999999996;4,69;0,0;0,0;88;False
KLEBER SANTOS BATISTA LTDA;13042882000108;CIRURGIA;GNV;26/01/2026;4,69;BRANCA;4,69;0,0;0,0;4,834117647058824;4,9;-0,20999999999999996;4,69;0,0;0,0;88;False
KLEBER SANTOS BATISTA LTDA;13042882000108;CIRURGIA;GNV;09/02/2026;4,61;BRANCA;4,69;-0,08000000000000007;-1,705756929637528;4,832028985507247;4,9;-0,29000000000000004;4,61;0,0;0,0;88;False
KLEBER SANTOS BATISTA LTDA;13042882000108;CIRURGIA;GNV;24/02/2026;4,61;BRANCA;4,61;0,0;0,0;4,828857142857143;4,9;-0,29000000000000004;4,61;0,0;0,0;88;False
KLEBER SANTOS BATISTA LTDA;13042882000108;CIRURGIA;GNV;09/03/2026;4,61;BRANCA;4,61;0,0;0,0;4,825774647887324;4,9;-0,29000000000000004;4,61;0,0;0,0;88;False
KLEBER SANTOS BATISTA LTDA;13042882000108;CIRURGIA;GNV;20/03/2026;4,61;BRANCA;4,61;0,0;0,0;4,822777777777778;4,9;-0,29000000000000004;4,61;0,0;0,0;88;False
KLEBER SANTOS BATISTA LTDA;13042882000108;CIRURGIA;GNV;25/03/2026;4,61;BRANCA;4,61;0,0;0,0;4,8198630136986305;4,9;-0,29000000000000004;4,61;0,0;0,0;88;False
KLEBER SANTOS BATISTA LTDA;13042882000108;CIRURGIA;GNV;31/03/2026;4,61;BRANCA;4,61;0,0;0,0;4,817027027027027;4,895;-0,28499999999999925;4,61;0,0;0,0;88;False
KLEBER SANTOS BATISTA LTDA;13042882000108;CIRURGIA;GNV;09/04/2026;4,61;BRANCA;4,61;0,0;0,0;4,814266666666668;4,89;-0,27999999999999936;4,61;0,0;0,0;88;False
KLEBER SANTOS BATISTA LTDA;13042882000108;CIRURGIA;GNV;15/04/2026;4,61;BRANCA;4,61;0,0;0,0;4,811578947368421;4,89;-0,27999999999999936;4,61;0,0;0,0;88;False
KLEBER SANTOS BATISTA LTDA;13042882000108;CIRURGIA;GNV;24/04/2026;4,61;BRANCA;4,61;0,0;0,0;4,808961038961039;4,89;-0,27999999999999936;4,61;0,0;0,0;88;False
KLEBER SANTOS BATISTA LTDA;13042882000108;CIRURGIA;GNV;29/04/2026;4,61;BRANCA;4,61;0,0;0,0;4,806410256410257;4,845;-0,23499999999999943;4,61;0,0;0,0;88;False
KLEBER SANTOS BATISTA LTDA;13042882000108;CIRURGIA;GNV;07/05/2026;4,83;BRANCA;4,61;0,21999999999999975;4,772234273318866;4,803924050632912;4,8;0,03000000000000025;4,83;0,0;0,0;88;False
KLEBER SANTOS BATISTA LTDA;13042882000108;CIRURGIA;GNV;13/05/2026;4,83;BRANCA;4,83;0,0;0,0;4,804250000000001;4,8149999999999995;0,015000000000000568;4,83;0,0;0,0;88;False
KLEBER SANTOS BATISTA LTDA;13042882000108;CIRURGIA;GNV;20/05/2026;4,83;BRANCA;4,83;0,0;0,0;4,804567901234568;4,83;0,0;4,83;0,0;0,0;88;False
KLEBER SANTOS BATISTA LTDA;13042882000108;CIRURGIA;GNV;26/05/2026;4,83;BRANCA;4,83;0,0;0,0;4,804878048780488;4,83;0,0;4,83;0,0;0,0;88;False
KLEBER SANTOS BATISTA LTDA;13042882000108;CIRURGIA;GNV;03/06/2026;4,83;BRANCA;4,83;0,0;0,0;4,805180722891567;4,83;0,0;4,83;0,0;0,0;88;False
KLEBER SANTOS BATISTA LTDA;13042882000108;CIRURGIA;GNV;09/06/2026;4,83;BRANCA;4,83;0,0;0,0;4,805476190476191;4,83;0,0;4,83;0,0;0,0;88;False
KLEBER SANTOS BATISTA LTDA;13042882000108;CIRURGIA;GNV;16/06/2026;4,83;BRANCA;4,83;0,0;0,0;4,805764705882353;4,83;0,0;4,83;0,0;0,0;88;False
KLEBER SANTOS BATISTA LTDA;13042882000108;CIRURGIA;GNV;23/06/2026;4,83;BRANCA;4,83;0,0;0,0;4,806046511627907;4,83;0,0;4,83;0,0;0,0;88;False
KLEBER SANTOS BATISTA LTDA;13042882000108;CIRURGIA;GNV;30/06/2026;4,83;BRANCA;4,83;0,0;0,0;4,80632183908046;4,83;0,0;4,83;0,0;0,0;88;False
POSTO CARMOPOLIS LTDA;13077342000151;SANTO ANTÔNIO;DIESEL S10;20/01/2025;6,05;VIBRA;;;;;;;6,05;0,0;0,0;31;False
POSTO CARMOPOLIS LTDA;13077342000151;INDUSTRIAL;DIESEL S10;02/12/2025;5,76;BRANCA;6,05;-0,29000000000000004;-4,793388429752067;6,05;6,05;-0,29000000000000004;6,02;-0,2599999999999998;-4,318936877076409;31;False
POSTO CARMOPOLIS LTDA;13077342000151;INDUSTRIAL;DIESEL S10;09/12/2025;5,76;BRANCA;5,76;0,0;0,0;5,904999999999999;5,904999999999999;-0,14499999999999957;6,02;-0,2599999999999998;-4,318936877076409;31;False
POSTO CARMOPOLIS LTDA;13077342000151;INDUSTRIAL;DIESEL S10;17/12/2025;5,76;BRANCA;5,76;0,0;0,0;5,8566666666666665;5,76;0,0;6,02;-0,2599999999999998;-4,318936877076409;31;False
POSTO CARMOPOLIS LTDA;13077342000151;INDUSTRIAL;DIESEL S10;24/12/2025;5,76;BRANCA;5,76;0,0;0,0;5,8325;5,76;0,0;6,02;-0,2599999999999998;-4,318936877076409;31;False
POSTO CARMOPOLIS LTDA;13077342000151;INDUSTRIAL;DIESEL S10;29/12/2025;5,76;BRANCA;5,76;0,0;0,0;5,818;5,76;0,0;5,76;0,0;0,0;31;False
POSTO CARMOPOLIS LTDA;13077342000151;INDUSTRIAL;DIESEL S10;06/01/2026;5,76;BRANCA;5,76;0,0;0,0;5,808333333333334;5,76;0,0;6,02;-0,2599999999999998;-4,318936877076409;31;False
POSTO CARMOPOLIS LTDA;13077342000151;INDUSTRIAL;DIESEL S10;12/01/2026;5,76;BRANCA;5,76;0,0;0,0;5,801428571428572;5,76;0,0;5,76;0,0;0,0;31;False
POSTO CARMOPOLIS LTDA;13077342000151;INDUSTRIAL;DIESEL S10;20/01/2026;5,76;BRANCA;5,76;0,0;0,0;5,79625;5,76;0,0;5,76;0,0;0,0;31;False
POSTO CARMOPOLIS LTDA;13077342000151;INDUSTRIAL;DIESEL S10;26/01/2026;5,76;BRANCA;5,76;0,0;0,0;5,792222222222222;5,76;0,0;5,76;0,0;0,0;31;False
POSTO CARMOPOLIS LTDA;13077342000151;INDUSTRIAL;DIESEL S10;03/02/2026;5,76;BRANCA;5,76;0,0;0,0;5,789;5,76;0,0;5,76;0,0;0,0;31;False
POSTO CARMOPOLIS LTDA;13077342000151;INDUSTRIAL;DIESEL S10;09/02/2026;5,76;BRANCA;5,76;0,0;0,0;5,786363636363636;5,76;0,0;5,76;0,0;0,0;31;False
POSTO CARMOPOLIS LTDA;13077342000151;INDUSTRIAL;DIESEL S10;24/02/2026;5,76;BRANCA;5,76;0,0;0,0;5,784166666666667;5,76;0,0;6,02;-0,2599999999999998;-4,318936877076409;31;False
POSTO CARMOPOLIS LTDA;13077342000151;INDUSTRIAL;DIESEL S10;04/03/2026;5,76;BRANCA;5,76;0,0;0,0;5,782307692307692;5,76;0,0;5,99;-0,23000000000000043;-3,8397328881469184;31;False
POSTO CARMOPOLIS LTDA;13077342000151;INDUSTRIAL;DIESEL S10;09/03/2026;6,5;BRANCA;5,76;0,7400000000000002;12,847222222222227;5,780714285714285;5,76;0,7400000000000002;6,5;0,0;0,0;31;False
POSTO CARMOPOLIS LTDA;13077342000151;INDUSTRIAL;DIESEL S10;20/03/2026;6,79;BRANCA;6,5;0,29000000000000004;4,461538461538462;5,828666666666666;5,76;1,0300000000000002;6,79;0,0;0,0;31;False
POSTO CARMOPOLIS LTDA;13077342000151;INDUSTRIAL;DIESEL S10;24/03/2026;7,13;BRANCA;6,79;0,33999999999999986;5,007363770250366;5,88875;5,76;1,37;7,13;0,0;0,0;31;False
POSTO CARMOPOLIS LTDA;13077342000151;INDUSTRIAL;DIESEL S10;30/03/2026;7,13;BRANCA;7,13;0,0;0,0;5,961764705882352;5,76;1,37;7,13;0,0;0,0;31;False
POSTO CARMOPOLIS LTDA;13077342000151;INDUSTRIAL;DIESEL S10;07/04/2026;7,3;BRANCA;7,13;0,16999999999999993;2,384291725105188;6,026666666666666;5,76;1,54;7,3;0,0;0,0;31;False
POSTO CARMOPOLIS LTDA;13077342000151;INDUSTRIAL;DIESEL S10;14/04/2026;7,3;BRANCA;7,3;0,0;0,0;6,093684210526316;5,76;1,54;7,3;0,0;0,0;31;False
POSTO CARMOPOLIS LTDA;13077342000151;INDUSTRIAL;DIESEL S10;24/04/2026;7,3;BRANCA;7,3;0,0;0,0;6,154;5,76;1,54;7,3;0,0;0,0;31;False
POSTO CARMOPOLIS LTDA;13077342000151;INDUSTRIAL;DIESEL S10;27/04/2026;7,09;BRANCA;7,3;-0,20999999999999996;-2,876712328767123;6,208571428571428;5,76;1,33;7,09;0,0;0,0;31;False
POSTO CARMOPOLIS LTDA;13077342000151;INDUSTRIAL;DIESEL S10;04/05/2026;7,09;BRANCA;7,09;0,0;0,0;6,248636363636364;5,76;1,33;7,09;0,0;0,0;31;False
POSTO CARMOPOLIS LTDA;13077342000151;INDUSTRIAL;DIESEL S10;12/05/2026;7,09;BRANCA;7,09;0,0;0,0;6,285217391304348;5,76;1,33;7,09;0,0;0,0;31;False
POSTO CARMOPOLIS LTDA;13077342000151;INDUSTRIAL;DIESEL S10;18/05/2026;7,09;BRANCA;7,09;0,0;0,0;6,3187500000000005;5,76;1,33;7,09;0,0;0,0;31;False
POSTO CARMOPOLIS LTDA;13077342000151;INDUSTRIAL;DIESEL S10;26/05/2026;7,09;BRANCA;7,09;0,0;0,0;6,349600000000001;5,76;1,33;7,035;0,054999999999999716;0,7818052594171957;31;False
POSTO CARMOPOLIS LTDA;13077342000151;INDUSTRIAL;DIESEL S10;02/06/2026;6,98;BRANCA;7,09;-0,10999999999999943;-1,5514809590973122;6,3780769230769225;5,904999999999999;1,075000000000001;6,98;0,0;0,0;31;False
POSTO CARMOPOLIS LTDA;13077342000151;INDUSTRIAL;DIESEL S10;08/06/2026;6,98;BRANCA;6,98;0,0;0,0;6,4003703703703705;6,05;0,9300000000000006;6,98;0,0;0,0;31;False
POSTO CARMOPOLIS LTDA;13077342000151;INDUSTRIAL;DIESEL S10;16/06/2026;6,98;BRANCA;6,98;0,0;0,0;6,4210714285714285;6,275;0,7050000000000001;6,98;0,0;0,0;31;False
POSTO CARMOPOLIS LTDA;13077342000151;INDUSTRIAL;DIESEL S10;23/06/2026;6,87;BRANCA;6,98;-0,11000000000000032;-1,575931232091695;6,440344827586207;6,5;0,3700000000000001;6,87;0,0;0,0;31;False
POSTO CARMOPOLIS LTDA;13077342000151;INDUSTRIAL;DIESEL S10;30/06/2026;6,87;BRANCA;6,87;0,0;0,0;6,454666666666666;6,645;0,22500000000000053;6,87;0,0;0,0;31;False
POSTO CARMOPOLIS LTDA;13077342000151;SANTO ANTÔNIO;ETANOL;15/10/2024;4,49;VIBRA;;;;;;;4,5600000000000005;-0,07000000000000028;-1,5350877192982515;88;False
POSTO CARMOPOLIS LTDA;13077342000151;SANTO ANTÔNIO;ETANOL;21/10/2024;4,39;VIBRA;4,49;-0,10000000000000053;-2,2271714922049117;4,49;4,49;-0,10000000000000053;4,49;-0,10000000000000053;-2,2271714922049117;88;False
POSTO CARMOPOLIS LTDA;13077342000151;SANTO ANTÔNIO;ETANOL;28/10/2024;4,29;VIBRA;4,39;-0,09999999999999964;-2,2779043280182156;4,4399999999999995;4,4399999999999995;-0,14999999999999947;4,39;-0,09999999999999964;-2,2779043280182156;88;False
POSTO CARMOPOLIS LTDA;13077342000151;SANTO ANTÔNIO;ETANOL;04/11/2024;4,29;VIBRA;4,29;0,0;0,0;4,39;4,39;-0,09999999999999964;4,39;-0,09999999999999964;-2,2779043280182156;88;False
POSTO CARMOPOLIS LTDA;13077342000151;SANTO ANTÔNIO;ETANOL;11/11/2024;4,29;VIBRA;4,29;0,0;0,0;4,365;4,34;-0,04999999999999982;4,39;-0,09999999999999964;-2,2779043280182156;88;False
POSTO CARMOPOLIS LTDA;13077342000151;SANTO ANTÔNIO;ETANOL;18/11/2024;4,2;VIBRA;4,29;-0,08999999999999986;-2,0979020979020944;4,35;4,29;-0,08999999999999986;4,39;-0,1899999999999995;-4,328018223234613;88;False
POSTO CARMOPOLIS LTDA;13077342000151;SANTO ANTÔNIO;ETANOL;25/11/2024;4,2;VIBRA;4,2;0,0;0,0;4,325;4,29;-0,08999999999999986;4,39;-0,1899999999999995;-4,328018223234613;88;False
POSTO CARMOPOLIS LTDA;13077342000151;SANTO ANTÔNIO;ETANOL;03/12/2024;4,2;VIBRA;4,2;0,0;0,0;4,307142857142857;4,29;-0,08999999999999986;4,295;-0,09499999999999975;-2,211874272409773;88;False
POSTO CARMOPOLIS LTDA;13077342000151;SANTO ANTÔNIO;ETANOL;09/12/2024;4,2;VIBRA;4,2;0,0;0,0;4,29375;4,29;-0,08999999999999986;4,295;-0,09499999999999975;-2,211874272409773;88;False
POSTO CARMOPOLIS LTDA;13077342000151;SANTO ANTÔNIO;ETANOL;16/12/2024;4,2;VIBRA;4,2;0,0;0,0;4,283333333333333;4,29;-0,08999999999999986;4,29;-0,08999999999999986;-2,0979020979020944;88;False
POSTO CARMOPOLIS LTDA;13077342000151;SANTO ANTÔNIO;ETANOL;23/12/2024;4,2;VIBRA;4,2;0,0;0,0;4,275;4,245;-0,04499999999999993;4,29;-0,08999999999999986;-2,0979020979020944;88;False
POSTO CARMOPOLIS LTDA;13077342000151;SANTO ANTÔNIO;ETANOL;30/12/2024;4,2;VIBRA;4,2;0,0;0,0;4,2681818181818185;4,2;0,0;4,29;-0,08999999999999986;-2,0979020979020944;88;False
POSTO CARMOPOLIS LTDA;13077342000151;SANTO ANTÔNIO;ETANOL;06/01/2025;4,2;VIBRA;4,2;0,0;0,0;4,2625;4,2;0,0;4,295;-0,09499999999999975;-2,211874272409773;88;False
POSTO CARMOPOLIS LTDA;13077342000151;SANTO ANTÔNIO;ETANOL;13/01/2025;4,59;VIBRA;4,2;0,3899999999999997;9,285714285714278;4,257692307692308;4,2;0,3899999999999997;4,59;0,0;0,0;88;False
POSTO CARMOPOLIS LTDA;13077342000151;SANTO ANTÔNIO;ETANOL;20/01/2025;4,59;VIBRA;4,59;0,0;0,0;4,281428571428571;4,2;0,3899999999999997;4,625;-0,03500000000000014;-0,7567567567567599;88;False
POSTO CARMOPOLIS LTDA;13077342000151;SANTO ANTÔNIO;ETANOL;28/01/2025;4,59;VIBRA;4,59;0,0;0,0;4,3020000000000005;4,2;0,3899999999999997;4,66;-0,07000000000000028;-1,5021459227467873;88;False
POSTO CARMOPOLIS LTDA;13077342000151;SANTO ANTÔNIO;ETANOL;03/02/2025;4,89;VIBRA;4,59;0,2999999999999998;6,535947712418297;4,32;4,245;0,6449999999999996;4,74;0,14999999999999947;3,164556962025305;88;False
POSTO CARMOPOLIS LTDA;13077342000151;SANTO ANTÔNIO;ETANOL;11/02/2025;4,8;VIBRA;4,89;-0,08999999999999986;-1,8404907975460096;4,353529411764706;4,29;0,5099999999999998;4,845;-0,04499999999999993;-0,9287925696594413;88;False
POSTO CARMOPOLIS LTDA;13077342000151;SANTO ANTÔNIO;ETANOL;18/02/2025;4,8;VIBRA;4,8;0,0;0,0;4,378333333333334;4,29;0,5099999999999998;4,89;-0,08999999999999986;-1,8404907975460096;88;False
POSTO CARMOPOLIS LTDA;13077342000151;SANTO ANTÔNIO;ETANOL;25/02/2025;4,8;VIBRA;4,8;0,0;0,0;4,400526315789474;4,29;0,5099999999999998;4,89;-0,08999999999999986;-1,8404907975460096;88;False
POSTO CARMOPOLIS LTDA;13077342000151;SANTO ANTÔNIO;ETANOL;03/03/2025;4,8;VIBRA;4,8;0,0;0,0;4,4205;4,29;0,5099999999999998;4,89;-0,08999999999999986;-1,8404907975460096;88;False
POSTO CARMOPOLIS LTDA;13077342000151;SANTO ANTÔNIO;ETANOL;11/03/2025;4,8;VIBRA;4,8;0,0;0,0;4,438571428571429;4,29;0,5099999999999998;4,89;-0,08999999999999986;-1,8404907975460096;88;False
POSTO CARMOPOLIS LTDA;13077342000151;SANTO ANTÔNIO;ETANOL;18/03/2025;4,8;VIBRA;4,8;0,0;0,0;4,455;4,34;0,45999999999999996;4,89;-0,08999999999999986;-1,8404907975460096;88;False
POSTO CARMOPOLIS LTDA;13077342000151;SANTO ANTÔNIO;ETANOL;25/03/2025;4,8;VIBRA;4,8;0,0;0,0;4,47;4,39;0,41000000000000014;4,89;-0,08999999999999986;-1,8404907975460096;88;False
POSTO CARMOPOLIS LTDA;13077342000151;SANTO ANTÔNIO;ETANOL;31/03/2025;4,8;VIBRA;4,8;0,0;0,0;4,48375;4,4399999999999995;0,3600000000000003;4,865;-0,06500000000000039;-1,3360739979445095;88;False
POSTO CARMOPOLIS LTDA;13077342000151;SANTO ANTÔNIO;ETANOL;08/04/2025;4,8;VIBRA;4,8;0,0;0,0;4,4963999999999995;4,49;0,3099999999999996;4,865;-0,06500000000000039;-1,3360739979445095;88;False
POSTO CARMOPOLIS LTDA;13077342000151;SANTO ANTÔNIO;ETANOL;15/04/2025;4,8;VIBRA;4,8;0,0;0,0;4,508076923076922;4,54;0,2599999999999998;4,89;-0,08999999999999986;-1,8404907975460096;88;False
POSTO CARMOPOLIS LTDA;13077342000151;SANTO ANTÔNIO;ETANOL;22/04/2025;4,8;VIBRA;4,8;0,0;0,0;4,518888888888889;4,59;0,20999999999999996;4,89;-0,08999999999999986;-1,8404907975460096;88;False
POSTO CARMOPOLIS LTDA;13077342000151;SANTO ANTÔNIO;ETANOL;29/04/2025;4,8;VIBRA;4,8;0,0;0,0;4,528928571428572;4,59;0,20999999999999996;4,89;-0,08999999999999986;-1,8404907975460096;88;False
POSTO CARMOPOLIS LTDA;13077342000151;SANTO ANTÔNIO;ETANOL;05/05/2025;4,8;VIBRA;4,8;0,0;0,0;4,538275862068965;4,59;0,20999999999999996;4,89;-0,08999999999999986;-1,8404907975460096;88;False
POSTO CARMOPOLIS LTDA;13077342000151;SANTO ANTÔNIO;ETANOL;12/05/2025;4,8;VIBRA;4,8;0,0;0,0;4,547;4,59;0,20999999999999996;4,869999999999999;-0,0699999999999994;-1,437371663244341;88;False
POSTO CARMOPOLIS LTDA;13077342000151;SANTO ANTÔNIO;ETANOL;19/05/2025;4,8;VIBRA;4,8;0,0;0,0;4,555161290322581;4,59;0,20999999999999996;4,94;-0,14000000000000057;-2,834008097166003;88;False
POSTO CARMOPOLIS LTDA;13077342000151;SANTO ANTÔNIO;ETANOL;27/05/2025;4,9;VIBRA;4,8;0,10000000000000053;2,0833333333333446;4,5628125;4,695;0,20500000000000007;4,965;-0,0649999999999995;-1,3091641490432933;88;False
POSTO CARMOPOLIS LTDA;13077342000151;SANTO ANTÔNIO;ETANOL;03/06/2025;4,9;VIBRA;4,9;0,0;0,0;4,573030303030303;4,8;0,10000000000000053;4,95;-0,04999999999999982;-1,0101010101010066;88;False
POSTO CARMOPOLIS LTDA;13077342000151;SANTO ANTÔNIO;ETANOL;09/06/2025;4,9;VIBRA;4,9;0,0;0,0;4,58264705882353;4,8;0,10000000000000053;4,95;-0,04999999999999982;-1,0101010101010066;88;False
POSTO CARMOPOLIS LTDA;13077342000151;SANTO ANTÔNIO;ETANOL;16/06/2025;4,9;VIBRA;4,9;0,0;0,0;4,591714285714286;4,8;0,10000000000000053;4,95;-0,04999999999999982;-1,0101010101010066;88;False
POSTO CARMOPOLIS LTDA;13077342000151;SANTO ANTÔNIO;ETANOL;24/06/2025;4,9;VIBRA;4,9;0,0;0,0;4,600277777777778;4,8;0,10000000000000053;4,95;-0,04999999999999982;-1,0101010101010066;88;False
POSTO CARMOPOLIS LTDA;13077342000151;SANTO ANTÔNIO;ETANOL;30/06/2025;4,9;VIBRA;4,9;0,0;0,0;4,6083783783783785;4,8;0,10000000000000053;4,95;-0,04999999999999982;-1,0101010101010066;88;False
POSTO CARMOPOLIS LTDA;13077342000151;INDUSTRIAL;ETANOL;08/07/2025;4,9;VIBRA;4,9;0,0;0,0;4,616052631578947;4,8;0,10000000000000053;4,95;-0,04999999999999982;-1,0101010101010066;88;False
POSTO CARMOPOLIS LTDA;13077342000151;INDUSTRIAL;ETANOL;15/07/2025;4,9;VIBRA;4,9;0,0;0,0;4,623333333333333;4,8;0,10000000000000053;4,95;-0,04999999999999982;-1,0101010101010066;88;False
POSTO CARMOPOLIS LTDA;13077342000151;INDUSTRIAL;ETANOL;22/07/2025;4,9;VIBRA;4,9;0,0;0,0;4,63025;4,8;0,10000000000000053;4,95;-0,04999999999999982;-1,0101010101010066;88;False
POSTO CARMOPOLIS LTDA;13077342000151;INDUSTRIAL;ETANOL;28/07/2025;4,9;VIBRA;4,9;0,0;0,0;4,636829268292683;4,8;0,10000000000000053;4,95;-0,04999999999999982;-1,0101010101010066;88;False
POSTO CARMOPOLIS LTDA;13077342000151;INDUSTRIAL;ETANOL;05/08/2025;4,9;VIBRA;4,9;0,0;0,0;4,6430952380952375;4,8;0,10000000000000053;4,95;-0,04999999999999982;-1,0101010101010066;88;False
POSTO CARMOPOLIS LTDA;13077342000151;INDUSTRIAL;ETANOL;12/08/2025;4,9;VIBRA;4,9;0,0;0,0;4,64906976744186;4,8;0,10000000000000053;4,95;-0,04999999999999982;-1,0101010101010066;88;False
POSTO CARMOPOLIS LTDA;13077342000151;INDUSTRIAL;ETANOL;19/08/2025;4,9;VIBRA;4,9;0,0;0,0;4,654772727272728;4,8;0,10000000000000053;4,965;-0,0649999999999995;-1,3091641490432933;88;False
POSTO CARMOPOLIS LTDA;13077342000151;INDUSTRIAL;ETANOL;27/08/2025;4,9;VIBRA;4,9;0,0;0,0;4,660222222222222;4,8;0,10000000000000053;4,965;-0,0649999999999995;-1,3091641490432933;88;False
POSTO CARMOPOLIS LTDA;13077342000151;INDUSTRIAL;ETANOL;02/09/2025;4,9;VIBRA;4,9;0,0;0,0;4,665434782608696;4,8;0,10000000000000053;4,95;-0,04999999999999982;-1,0101010101010066;88;False
POSTO CARMOPOLIS LTDA;13077342000151;INDUSTRIAL;ETANOL;09/09/2025;4,9;VIBRA;4,9;0,0;0,0;4,670425531914893;4,8;0,10000000000000053;4,965;-0,0649999999999995;-1,3091641490432933;88;False
POSTO CARMOPOLIS LTDA;13077342000151;INDUSTRIAL;ETANOL;17/09/2025;4,9;VIBRA;4,9;0,0;0,0;4,675208333333333;4,8;0,10000000000000053;4,98;-0,08000000000000007;-1,6064257028112463;88;False
POSTO CARMOPOLIS LTDA;13077342000151;INDUSTRIAL;ETANOL;22/09/2025;4,9;VIBRA;4,9;0,0;0,0;4,679795918367347;4,8;0,10000000000000053;4,965;-0,0649999999999995;-1,3091641490432933;88;False
POSTO CARMOPOLIS LTDA;13077342000151;INDUSTRIAL;ETANOL;30/09/2025;4,9;VIBRA;4,9;0,0;0,0;4,684200000000001;4,8;0,10000000000000053;4,965;-0,0649999999999995;-1,3091641490432933;88;False
POSTO CARMOPOLIS LTDA;13077342000151;INDUSTRIAL;ETANOL;06/10/2025;4,9;VIBRA;4,9;0,0;0,0;4,68843137254902;4,8;0,10000000000000053;4,965;-0,0649999999999995;-1,3091641490432933;88;False
POSTO CARMOPOLIS LTDA;13077342000151;INDUSTRIAL;ETANOL;13/10/2025;4,9;VIBRA;4,9;0,0;0,0;4,6925;4,8;0,10000000000000053;4,965;-0,0649999999999995;-1,3091641490432933;88;False
POSTO CARMOPOLIS LTDA;13077342000151;INDUSTRIAL;ETANOL;20/10/2025;4,9;VIBRA;4,9;0,0;0,0;4,696415094339622;4,8;0,10000000000000053;4,95;-0,04999999999999982;-1,0101010101010066;88;False
POSTO CARMOPOLIS LTDA;13077342000151;INDUSTRIAL;ETANOL;28/10/2025;4,8;VIBRA;4,9;-0,10000000000000053;-2,040816326530623;4,700185185185185;4,8;0,0;4,82;-0,020000000000000462;-0,4149377593361091;88;False
POSTO CARMOPOLIS LTDA;13077342000151;INDUSTRIAL;ETANOL;05/11/2025;4,8;BRANCA;4,8;0,0;0,0;4,702;4,8;0,0;4,895;-0,09499999999999975;-1,940755873340138;88;False
POSTO CARMOPOLIS LTDA;13077342000151;INDUSTRIAL;ETANOL;11/11/2025;4,8;BRANCA;4,8;0,0;0,0;4,70375;4,8;0,0;4,8;0,0;0,0;88;False
POSTO CARMOPOLIS LTDA;13077342000151;INDUSTRIAL;ETANOL;18/11/2025;4,8;BRANCA;4,8;0,0;0,0;4,705438596491228;4,8;0,0;4,8;0,0;0,0;88;False
POSTO CARMOPOLIS LTDA;13077342000151;INDUSTRIAL;ETANOL;25/11/2025;4,8;BRANCA;4,8;0,0;0,0;4,707068965517241;4,8;0,0;4,8;0,0;0,0;88;False
POSTO CARMOPOLIS LTDA;13077342000151;INDUSTRIAL;ETANOL;02/12/2025;4,8;BRANCA;4,8;0,0;0,0;4,708644067796611;4,8;0,0;4,8;0,0;0,0;88;False
POSTO CARMOPOLIS LTDA;13077342000151;INDUSTRIAL;ETANOL;09/12/2025;4,8;BRANCA;4,8;0,0;0,0;4,710166666666667;4,8;0,0;4,8;0,0;0,0;88;False
POSTO CARMOPOLIS LTDA;13077342000151;INDUSTRIAL;ETANOL;17/12/2025;4,8;BRANCA;4,8;0,0;0,0;4,711639344262296;4,8;0,0;4,8;0,0;0,0;88;False
POSTO CARMOPOLIS LTDA;13077342000151;INDUSTRIAL;ETANOL;24/12/2025;4,8;BRANCA;4,8;0,0;0,0;4,713064516129032;4,8;0,0;4,8;0,0;0,0;88;False
POSTO CARMOPOLIS LTDA;13077342000151;INDUSTRIAL;ETANOL;29/12/2025;4,8;BRANCA;4,8;0,0;0,0;4,714444444444444;4,8;0,0;4,8;0,0;0,0;88;False
POSTO CARMOPOLIS LTDA;13077342000151;INDUSTRIAL;ETANOL;06/01/2026;4,8;BRANCA;4,8;0,0;0,0;4,71578125;4,8;0,0;4,8;0,0;0,0;88;False
POSTO CARMOPOLIS LTDA;13077342000151;INDUSTRIAL;ETANOL;12/01/2026;4,8;BRANCA;4,8;0,0;0,0;4,717076923076923;4,8;0,0;4,8;0,0;0,0;88;False
POSTO CARMOPOLIS LTDA;13077342000151;INDUSTRIAL;ETANOL;20/01/2026;4,8;BRANCA;4,8;0,0;0,0;4,718333333333334;4,8;0,0;4,8;0,0;0,0;88;False
POSTO CARMOPOLIS LTDA;13077342000151;INDUSTRIAL;ETANOL;26/01/2026;4,8;BRANCA;4,8;0,0;0,0;4,71955223880597;4,8;0,0;4,8;0,0;0,0;88;False
POSTO CARMOPOLIS LTDA;13077342000151;INDUSTRIAL;ETANOL;03/02/2026;4,8;BRANCA;4,8;0,0;0,0;4,720735294117647;4,8;0,0;4,8;0,0;0,0;88;False
POSTO CARMOPOLIS LTDA;13077342000151;INDUSTRIAL;ETANOL;09/02/2026;4,8;BRANCA;4,8;0,0;0,0;4,721884057971015;4,8;0,0;4,8;0,0;0,0;88;False
POSTO CARMOPOLIS LTDA;13077342000151;INDUSTRIAL;ETANOL;24/02/2026;4,8;BRANCA;4,8;0,0;0,0;4,723;4,8;0,0;4,87;-0,07000000000000028;-1,437371663244359;88;False
POSTO CARMOPOLIS LTDA;13077342000151;INDUSTRIAL;ETANOL;04/03/2026;4,8;BRANCA;4,8;0,0;0,0;4,724084507042254;4,8;0,0;4,88;-0,08000000000000007;-1,6393442622950833;88;False
POSTO CARMOPOLIS LTDA;13077342000151;INDUSTRIAL;ETANOL;09/03/2026;4,95;BRANCA;4,8;0,15000000000000036;3,1250000000000075;4,725138888888889;4,8;0,15000000000000036;4,970000000000001;-0,020000000000000462;-0,4024144869215384;88;False
POSTO CARMOPOLIS LTDA;13077342000151;INDUSTRIAL;ETANOL;20/03/2026;4,95;BRANCA;4,95;0,0;0,0;4,728219178082192;4,8;0,15000000000000036;4,95;0,0;0,0;88;False
POSTO CARMOPOLIS LTDA;13077342000151;INDUSTRIAL;ETANOL;24/03/2026;5,05;BRANCA;4,95;0,09999999999999964;2,0202020202020132;4,731216216216216;4,8;0,25;5,05;0,0;0,0;88;False
POSTO CARMOPOLIS LTDA;13077342000151;INDUSTRIAL;ETANOL;30/03/2026;5,05;BRANCA;5,05;0,0;0,0;4,735466666666667;4,8;0,25;5,05;0,0;0,0;88;False
POSTO CARMOPOLIS LTDA;13077342000151;INDUSTRIAL;ETANOL;07/04/2026;5,05;BRANCA;5,05;0,0;0,0;4,739605263157895;4,8;0,25;5,12;-0,07000000000000028;-1,3671875000000056;88;False
POSTO CARMOPOLIS LTDA;13077342000151;INDUSTRIAL;ETANOL;14/04/2026;5,6;BRANCA;5,05;0,5499999999999998;10,891089108910888;4,743636363636363;4,8;0,7999999999999998;5,545;0,054999999999999716;0,9918845807033313;88;False
POSTO CARMOPOLIS LTDA;13077342000151;INDUSTRIAL;ETANOL;24/04/2026;5,6;BRANCA;5,6;0,0;0,0;4,754615384615385;4,8;0,7999999999999998;5,6;0,0;0,0;88;False
POSTO CARMOPOLIS LTDA;13077342000151;INDUSTRIAL;ETANOL;27/04/2026;5,6;BRANCA;5,6;0,0;0,0;4,765316455696202;4,8;0,7999999999999998;5,6;0,0;0,0;88;False
POSTO CARMOPOLIS LTDA;13077342000151;INDUSTRIAL;ETANOL;04/05/2026;5,6;BRANCA;5,6;0,0;0,0;4,77575;4,8;0,7999999999999998;5,6;0,0;0,0;88;False
POSTO CARMOPOLIS LTDA;13077342000151;INDUSTRIAL;ETANOL;18/05/2026;5,6;BRANCA;5,6;0,0;0,0;4,785925925925926;4,8;0,7999999999999998;5,6;0,0;0,0;88;False
POSTO CARMOPOLIS LTDA;13077342000151;INDUSTRIAL;ETANOL;26/05/2026;5,5;BRANCA;5,6;-0,09999999999999964;-1,7857142857142794;4,795853658536585;4,8;0,7000000000000002;5,5;0,0;0,0;88;False
POSTO CARMOPOLIS LTDA;13077342000151;INDUSTRIAL;ETANOL;02/06/2026;5,6;BRANCA;5,5;0,09999999999999964;1,818181818181812;4,80433734939759;4,8;0,7999999999999998;5,5;0,09999999999999964;1,818181818181812;88;False
POSTO CARMOPOLIS LTDA;13077342000151;INDUSTRIAL;ETANOL;08/06/2026;5,5;BRANCA;5,6;-0,09999999999999964;-1,7857142857142794;4,813809523809524;4,8;0,7000000000000002;5,5;0,0;0,0;88;False
POSTO CARMOPOLIS LTDA;13077342000151;INDUSTRIAL;ETANOL;16/06/2026;5,5;BRANCA;5,5;0,0;0,0;4,821882352941176;4,8;0,7000000000000002;5,5;0,0;0,0;88;False
POSTO CARMOPOLIS LTDA;13077342000151;INDUSTRIAL;ETANOL;23/06/2026;5,5;BRANCA;5,5;0,0;0,0;4,829767441860465;4,8;0,7000000000000002;5,5;0,0;0,0;88;False
POSTO CARMOPOLIS LTDA;13077342000151;INDUSTRIAL;ETANOL;30/06/2026;5,5;BRANCA;5,5;0,0;0,0;4,837471264367816;4,8;0,7000000000000002;5,5;0,0;0,0;88;False
POSTO CARMOPOLIS LTDA;13077342000151;SANTO ANTÔNIO;GASOLINA;15/10/2024;6,2;VIBRA;;;;;;;6,22;-0,019999999999999574;-0,32154340836012174;89;False
POSTO CARMOPOLIS LTDA;13077342000151;SANTO ANTÔNIO;GASOLINA;21/10/2024;5,9;VIBRA;6,2;-0,2999999999999998;-4,838709677419352;6,2;6,2;-0,2999999999999998;5,95;-0,04999999999999982;-0,8403361344537785;89;False
POSTO CARMOPOLIS LTDA;13077342000151;SANTO ANTÔNIO;GASOLINA;28/10/2024;5,9;VIBRA;5,9;0,0;0,0;6,050000000000001;6,050000000000001;-0,15000000000000036;5,92;-0,019999999999999574;-0,33783783783783067;89;False
POSTO CARMOPOLIS LTDA;13077342000151;SANTO ANTÔNIO;GASOLINA;04/11/2024;5,9;VIBRA;5,9;0,0;0,0;6,0;5,9;0,0;5,92;-0,019999999999999574;-0,33783783783783067;89;False
POSTO CARMOPOLIS LTDA;13077342000151;SANTO ANTÔNIO;GASOLINA;11/11/2024;5,9;VIBRA;5,9;0,0;0,0;5,9750000000000005;5,9;0,0;5,9;0,0;0,0;89;False
POSTO CARMOPOLIS LTDA;13077342000151;SANTO ANTÔNIO;GASOLINA;18/11/2024;6,3;VIBRA;5,9;0,39999999999999947;6,7796610169491425;5,96;5,9;0,39999999999999947;6,32;-0,020000000000000462;-0,31645569620253894;89;False
POSTO CARMOPOLIS LTDA;13077342000151;SANTO ANTÔNIO;GASOLINA;25/11/2024;6,3;VIBRA;6,3;0,0;0,0;6,016666666666667;5,9;0,39999999999999947;6,32;-0,020000000000000462;-0,31645569620253894;89;False
POSTO CARMOPOLIS LTDA;13077342000151;SANTO ANTÔNIO;GASOLINA;03/12/2024;6,3;VIBRA;6,3;0,0;0,0;6,057142857142857;5,9;0,39999999999999947;6,32;-0,020000000000000462;-0,31645569620253894;89;False
POSTO CARMOPOLIS LTDA;13077342000151;SANTO ANTÔNIO;GASOLINA;09/12/2024;6,3;VIBRA;6,3;0,0;0,0;6,0875;6,050000000000001;0,2499999999999991;6,32;-0,020000000000000462;-0,31645569620253894;89;False
POSTO CARMOPOLIS LTDA;13077342000151;SANTO ANTÔNIO;GASOLINA;16/12/2024;6,3;VIBRA;6,3;0,0;0,0;6,111111111111111;6,2;0,09999999999999964;6,32;-0,020000000000000462;-0,31645569620253894;89;False
POSTO CARMOPOLIS LTDA;13077342000151;SANTO ANTÔNIO;GASOLINA;23/12/2024;6,3;VIBRA;6,3;0,0;0,0;6,13;6,25;0,04999999999999982;6,32;-0,020000000000000462;-0,31645569620253894;89;False
POSTO CARMOPOLIS LTDA;13077342000151;SANTO ANTÔNIO;GASOLINA;30/12/2024;6,3;VIBRA;6,3;0,0;0,0;6,145454545454545;6,3;0,0;6,32;-0,020000000000000462;-0,31645569620253894;89;False
POSTO CARMOPOLIS LTDA;13077342000151;SANTO ANTÔNIO;GASOLINA;06/01/2025;6,3;VIBRA;6,3;0,0;0,0;6,158333333333334;6,3;0,0;6,32;-0,020000000000000462;-0,31645569620253894;89;False
POSTO CARMOPOLIS LTDA;13077342000151;SANTO ANTÔNIO;GASOLINA;13/01/2025;6,42;VIBRA;6,3;0,1200000000000001;1,9047619047619067;6,1692307692307695;6,3;0,1200000000000001;6,42;0,0;0,0;89;False
POSTO CARMOPOLIS LTDA;13077342000151;SANTO ANTÔNIO;GASOLINA;20/01/2025;6,42;VIBRA;6,42;0,0;0,0;6,187142857142858;6,3;0,1200000000000001;6,42;0,0;0,0;89;False
POSTO CARMOPOLIS LTDA;13077342000151;SANTO ANTÔNIO;GASOLINA;28/01/2025;6,42;VIBRA;6,42;0,0;0,0;6,202666666666667;6,3;0,1200000000000001;6,42;0,0;0,0;89;False
POSTO CARMOPOLIS LTDA;13077342000151;SANTO ANTÔNIO;GASOLINA;03/02/2025;6,42;VIBRA;6,42;0,0;0,0;6,21625;6,3;0,1200000000000001;6,49;-0,07000000000000028;-1,0785824345146422;89;False
POSTO CARMOPOLIS LTDA;13077342000151;SANTO ANTÔNIO;GASOLINA;11/02/2025;6,62;VIBRA;6,42;0,20000000000000018;3,1152647975077907;6,228235294117646;6,3;0,3200000000000003;6,62;0,0;0,0;89;False
POSTO CARMOPOLIS LTDA;13077342000151;SANTO ANTÔNIO;GASOLINA;18/02/2025;6,62;VIBRA;6,62;0,0;0,0;6,25;6,3;0,3200000000000003;6,62;0,0;0,0;89;False
POSTO CARMOPOLIS LTDA;13077342000151;SANTO ANTÔNIO;GASOLINA;25/02/2025;6,62;VIBRA;6,62;0,0;0,0;6,269473684210527;6,3;0,3200000000000003;6,62;0,0;0,0;89;False
POSTO CARMOPOLIS LTDA;13077342000151;SANTO ANTÔNIO;GASOLINA;03/03/2025;6,62;VIBRA;6,62;0,0;0,0;6,287;6,3;0,3200000000000003;6,62;0,0;0,0;89;False
POSTO CARMOPOLIS LTDA;13077342000151;SANTO ANTÔNIO;GASOLINA;11/03/2025;6,62;VIBRA;6,62;0,0;0,0;6,302857142857143;6,3;0,3200000000000003;6,62;0,0;0,0;89;False
POSTO CARMOPOLIS LTDA;13077342000151;SANTO ANTÔNIO;GASOLINA;18/03/2025;6,62;VIBRA;6,62;0,0;0,0;6,3172727272727265;6,3;0,3200000000000003;6,62;0,0;0,0;89;False
POSTO CARMOPOLIS LTDA;13077342000151;SANTO ANTÔNIO;GASOLINA;25/03/2025;6,62;VIBRA;6,62;0,0;0,0;6,3304347826086955;6,3;0,3200000000000003;6,62;0,0;0,0;89;False
POSTO CARMOPOLIS LTDA;13077342000151;SANTO ANTÔNIO;GASOLINA;31/03/2025;6,62;VIBRA;6,62;0,0;0,0;6,3425;6,3;0,3200000000000003;6,62;0,0;0,0;89;False
POSTO CARMOPOLIS LTDA;13077342000151;SANTO ANTÔNIO;GASOLINA;08/04/2025;6,62;VIBRA;6,62;0,0;0,0;6,3536;6,3;0,3200000000000003;6,62;0,0;0,0;89;False
POSTO CARMOPOLIS LTDA;13077342000151;SANTO ANTÔNIO;GASOLINA;15/04/2025;6,52;VIBRA;6,62;-0,10000000000000053;-1,5105740181268963;6,363846153846154;6,359999999999999;0,16000000000000014;6,52;0,0;0,0;89;False
POSTO CARMOPOLIS LTDA;13077342000151;SANTO ANTÔNIO;GASOLINA;22/04/2025;6,52;VIBRA;6,52;0,0;0,0;6,369629629629629;6,42;0,09999999999999964;6,539999999999999;-0,019999999999999574;-0,30581039755351036;89;False
POSTO CARMOPOLIS LTDA;13077342000151;SANTO ANTÔNIO;GASOLINA;29/04/2025;6,62;VIBRA;6,52;0,10000000000000053;1,5337423312883518;6,375;6,42;0,20000000000000018;6,62;0,0;0,0;89;False
POSTO CARMOPOLIS LTDA;13077342000151;SANTO ANTÔNIO;GASOLINA;05/05/2025;6,62;VIBRA;6,62;0,0;0,0;6,383448275862069;6,42;0,20000000000000018;6,62;0,0;0,0;89;False
POSTO CARMOPOLIS LTDA;13077342000151;SANTO ANTÔNIO;GASOLINA;12/05/2025;6,62;VIBRA;6,62;0,0;0,0;6,391333333333334;6,42;0,20000000000000018;6,62;0,0;0,0;89;False
POSTO CARMOPOLIS LTDA;13077342000151;SANTO ANTÔNIO;GASOLINA;19/05/2025;6,62;VIBRA;6,62;0,0;0,0;6,3987096774193555;6,42;0,20000000000000018;6,62;0,0;0,0;89;False
POSTO CARMOPOLIS LTDA;13077342000151;SANTO ANTÔNIO;GASOLINA;27/05/2025;6,62;VIBRA;6,62;0,0;0,0;6,405625;6,42;0,20000000000000018;6,62;0,0;0,0;89;False
POSTO CARMOPOLIS LTDA;13077342000151;SANTO ANTÔNIO;GASOLINA;03/06/2025;6,62;VIBRA;6,62;0,0;0,0;6,412121212121212;6,42;0,20000000000000018;6,62;0,0;0,0;89;False
POSTO CARMOPOLIS LTDA;13077342000151;SANTO ANTÔNIO;GASOLINA;09/06/2025;6,62;VIBRA;6,62;0,0;0,0;6,418235294117647;6,47;0,15000000000000036;6,62;0,0;0,0;89;False
POSTO CARMOPOLIS LTDA;13077342000151;SANTO ANTÔNIO;GASOLINA;16/06/2025;6,62;VIBRA;6,62;0,0;0,0;6,424;6,52;0,10000000000000053;6,62;0,0;0,0;89;False
POSTO CARMOPOLIS LTDA;13077342000151;SANTO ANTÔNIO;GASOLINA;24/06/2025;6,62;VIBRA;6,62;0,0;0,0;6,429444444444445;6,52;0,10000000000000053;6,62;0,0;0,0;89;False
POSTO CARMOPOLIS LTDA;13077342000151;SANTO ANTÔNIO;GASOLINA;30/06/2025;6,62;VIBRA;6,62;0,0;0,0;6,434594594594595;6,52;0,10000000000000053;6,62;0,0;0,0;89;False
POSTO CARMOPOLIS LTDA;13077342000151;INDUSTRIAL;GASOLINA;08/07/2025;6,62;VIBRA;6,62;0,0;0,0;6,439473684210526;6,57;0,04999999999999982;6,62;0,0;0,0;89;False
POSTO CARMOPOLIS LTDA;13077342000151;INDUSTRIAL;GASOLINA;15/07/2025;6,62;VIBRA;6,62;0,0;0,0;6,444102564102564;6,62;0,0;6,62;0,0;0,0;89;False
POSTO CARMOPOLIS LTDA;13077342000151;INDUSTRIAL;GASOLINA;22/07/2025;6,62;VIBRA;6,62;0,0;0,0;6,4485;6,62;0,0;6,62;0,0;0,0;89;False
POSTO CARMOPOLIS LTDA;13077342000151;INDUSTRIAL;GASOLINA;28/07/2025;6,62;VIBRA;6,62;0,0;0,0;6,452682926829269;6,62;0,0;6,62;0,0;0,0;89;False
POSTO CARMOPOLIS LTDA;13077342000151;INDUSTRIAL;GASOLINA;05/08/2025;6,62;VIBRA;6,62;0,0;0,0;6,456666666666667;6,62;0,0;6,62;0,0;0,0;89;False
POSTO CARMOPOLIS LTDA;13077342000151;INDUSTRIAL;GASOLINA;12/08/2025;6,62;VIBRA;6,62;0,0;0,0;6,46046511627907;6,62;0,0;6,62;0,0;0,0;89;False
POSTO CARMOPOLIS LTDA;13077342000151;INDUSTRIAL;GASOLINA;19/08/2025;6,62;VIBRA;6,62;0,0;0,0;6,46409090909091;6,62;0,0;6,62;0,0;0,0;89;False
POSTO CARMOPOLIS LTDA;13077342000151;INDUSTRIAL;GASOLINA;27/08/2025;6,62;VIBRA;6,62;0,0;0,0;6,467555555555556;6,62;0,0;6,62;0,0;0,0;89;False
POSTO CARMOPOLIS LTDA;13077342000151;INDUSTRIAL;GASOLINA;02/09/2025;6,62;VIBRA;6,62;0,0;0,0;6,4708695652173915;6,62;0,0;6,62;0,0;0,0;89;False
POSTO CARMOPOLIS LTDA;13077342000151;INDUSTRIAL;GASOLINA;09/09/2025;6,62;VIBRA;6,62;0,0;0,0;6,47404255319149;6,62;0,0;6,62;0,0;0,0;89;False
POSTO CARMOPOLIS LTDA;13077342000151;INDUSTRIAL;GASOLINA;17/09/2025;6,62;VIBRA;6,62;0,0;0,0;6,477083333333333;6,62;0,0;6,62;0,0;0,0;89;False
POSTO CARMOPOLIS LTDA;13077342000151;INDUSTRIAL;GASOLINA;22/09/2025;6,62;VIBRA;6,62;0,0;0,0;6,4799999999999995;6,62;0,0;6,62;0,0;0,0;89;False
POSTO CARMOPOLIS LTDA;13077342000151;INDUSTRIAL;GASOLINA;30/09/2025;6,62;VIBRA;6,62;0,0;0,0;6,4828;6,62;0,0;6,62;0,0;0,0;89;False
POSTO CARMOPOLIS LTDA;13077342000151;INDUSTRIAL;GASOLINA;06/10/2025;6,62;VIBRA;6,62;0,0;0,0;6,485490196078431;6,62;0,0;6,62;0,0;0,0;89;False
POSTO CARMOPOLIS LTDA;13077342000151;INDUSTRIAL;GASOLINA;13/10/2025;6,62;VIBRA;6,62;0,0;0,0;6,488076923076923;6,62;0,0;6,62;0,0;0,0;89;False
POSTO CARMOPOLIS LTDA;13077342000151;INDUSTRIAL;GASOLINA;20/10/2025;6,62;VIBRA;6,62;0,0;0,0;6,490566037735849;6,62;0,0;6,62;0,0;0,0;89;False
POSTO CARMOPOLIS LTDA;13077342000151;INDUSTRIAL;GASOLINA;28/10/2025;6,52;VIBRA;6,62;-0,10000000000000053;-1,5105740181268963;6,492962962962963;6,62;-0,10000000000000053;6,545;-0,025000000000000355;-0,38197097020626974;89;False
POSTO CARMOPOLIS LTDA;13077342000151;INDUSTRIAL;GASOLINA;05/11/2025;6,52;BRANCA;6,52;0,0;0,0;6,493454545454545;6,62;-0,10000000000000053;6,52;0,0;0,0;89;False
POSTO CARMOPOLIS LTDA;13077342000151;INDUSTRIAL;GASOLINA;11/11/2025;6,52;BRANCA;6,52;0,0;0,0;6,4939285714285715;6,62;-0,10000000000000053;6,52;0,0;0,0;89;False
POSTO CARMOPOLIS LTDA;13077342000151;INDUSTRIAL;GASOLINA;18/11/2025;6,52;BRANCA;6,52;0,0;0,0;6,494385964912281;6,62;-0,10000000000000053;6,52;0,0;0,0;89;False
POSTO CARMOPOLIS LTDA;13077342000151;INDUSTRIAL;GASOLINA;25/11/2025;6,52;BRANCA;6,52;0,0;0,0;6,494827586206896;6,62;-0,10000000000000053;6,52;0,0;0,0;89;False
POSTO CARMOPOLIS LTDA;13077342000151;INDUSTRIAL;GASOLINA;02/12/2025;6,52;BRANCA;6,52;0,0;0,0;6,495254237288136;6,62;-0,10000000000000053;6,52;0,0;0,0;89;False
POSTO CARMOPOLIS LTDA;13077342000151;INDUSTRIAL;GASOLINA;09/12/2025;6,52;BRANCA;6,52;0,0;0,0;6,495666666666667;6,62;-0,10000000000000053;6,52;0,0;0,0;89;False
POSTO CARMOPOLIS LTDA;13077342000151;INDUSTRIAL;GASOLINA;17/12/2025;6,52;BRANCA;6,52;0,0;0,0;6,496065573770491;6,62;-0,10000000000000053;6,52;0,0;0,0;89;False
POSTO CARMOPOLIS LTDA;13077342000151;INDUSTRIAL;GASOLINA;24/12/2025;6,52;BRANCA;6,52;0,0;0,0;6,4964516129032255;6,62;-0,10000000000000053;6,545;-0,025000000000000355;-0,38197097020626974;89;False
POSTO CARMOPOLIS LTDA;13077342000151;INDUSTRIAL;GASOLINA;29/12/2025;6,52;BRANCA;6,52;0,0;0,0;6,496825396825397;6,62;-0,10000000000000053;6,58;-0,0600000000000005;-0,9118541033434726;89;False
POSTO CARMOPOLIS LTDA;13077342000151;INDUSTRIAL;GASOLINA;06/01/2026;6,52;BRANCA;6,52;0,0;0,0;6,4971875;6,62;-0,10000000000000053;6,52;0,0;0,0;89;False
POSTO CARMOPOLIS LTDA;13077342000151;INDUSTRIAL;GASOLINA;12/01/2026;6,52;BRANCA;6,52;0,0;0,0;6,497538461538461;6,62;-0,10000000000000053;6,52;0,0;0,0;89;False
POSTO CARMOPOLIS LTDA;13077342000151;INDUSTRIAL;GASOLINA;20/01/2026;6,52;BRANCA;6,52;0,0;0,0;6,497878787878788;6,62;-0,10000000000000053;6,58;-0,0600000000000005;-0,9118541033434726;89;False
POSTO CARMOPOLIS LTDA;13077342000151;INDUSTRIAL;GASOLINA;26/01/2026;6,52;BRANCA;6,52;0,0;0,0;6,49820895522388;6,62;-0,10000000000000053;6,52;0,0;0,0;89;False
POSTO CARMOPOLIS LTDA;13077342000151;INDUSTRIAL;GASOLINA;03/02/2026;6,52;BRANCA;6,52;0,0;0,0;6,498529411764705;6,62;-0,10000000000000053;6,55;-0,03000000000000025;-0,45801526717557633;89;False
POSTO CARMOPOLIS LTDA;13077342000151;INDUSTRIAL;GASOLINA;09/02/2026;6,52;BRANCA;6,52;0,0;0,0;6,498840579710145;6,62;-0,10000000000000053;6,52;0,0;0,0;89;False
POSTO CARMOPOLIS LTDA;13077342000151;INDUSTRIAL;GASOLINA;24/02/2026;6,52;BRANCA;6,52;0,0;0,0;6,499142857142857;6,57;-0,05000000000000071;6,539999999999999;-0,019999999999999574;-0,30581039755351036;89;False
POSTO CARMOPOLIS LTDA;13077342000151;INDUSTRIAL;GASOLINA;04/03/2026;6,52;BRANCA;6,52;0,0;0,0;6,49943661971831;6,52;0,0;6,5649999999999995;-0,04499999999999993;-0,6854531607006844;89;False
POSTO CARMOPOLIS LTDA;13077342000151;INDUSTRIAL;GASOLINA;09/03/2026;6,82;BRANCA;6,52;0,3000000000000007;4,601226993865041;6,499722222222222;6,52;0,3000000000000007;6,82;0,0;0,0;89;False
POSTO CARMOPOLIS LTDA;13077342000151;INDUSTRIAL;GASOLINA;20/03/2026;6,92;BRANCA;6,82;0,09999999999999964;1,4662756598240416;6,5041095890410965;6,52;0,40000000000000036;7,29;-0,3700000000000001;-5,0754458161865585;89;False
POSTO CARMOPOLIS LTDA;13077342000151;INDUSTRIAL;GASOLINA;24/03/2026;7,22;BRANCA;6,92;0,2999999999999998;4,335260115606934;6,509729729729729;6,57;0,6499999999999995;7,22;0,0;0,0;89;False
POSTO CARMOPOLIS LTDA;13077342000151;INDUSTRIAL;GASOLINA;30/03/2026;7,22;BRANCA;7,22;0,0;0,0;6,5192;6,62;0,5999999999999996;7,22;0,0;0,0;89;False
POSTO CARMOPOLIS LTDA;13077342000151;INDUSTRIAL;GASOLINA;07/04/2026;7,22;BRANCA;7,22;0,0;0,0;6,528421052631579;6,62;0,5999999999999996;7,22;0,0;0,0;89;False
POSTO CARMOPOLIS LTDA;13077342000151;INDUSTRIAL;GASOLINA;14/04/2026;7,22;BRANCA;7,22;0,0;0,0;6,537402597402598;6,62;0,5999999999999996;7,22;0,0;0,0;89;False
POSTO CARMOPOLIS LTDA;13077342000151;INDUSTRIAL;GASOLINA;24/04/2026;7,22;BRANCA;7,22;0,0;0,0;6,546153846153847;6,62;0,5999999999999996;7,23;-0,010000000000000675;-0,13831258644537586;89;False
POSTO CARMOPOLIS LTDA;13077342000151;INDUSTRIAL;GASOLINA;27/04/2026;7,22;BRANCA;7,22;0,0;0,0;6,554683544303798;6,62;0,5999999999999996;7,22;0,0;0,0;89;False
POSTO CARMOPOLIS LTDA;13077342000151;INDUSTRIAL;GASOLINA;04/05/2026;7,22;BRANCA;7,22;0,0;0,0;6,563;6,62;0,5999999999999996;7,22;0,0;0,0;89;False
POSTO CARMOPOLIS LTDA;13077342000151;INDUSTRIAL;GASOLINA;12/05/2026;7,52;BRANCA;7,22;0,2999999999999998;4,15512465373961;6,571111111111111;6,62;0,8999999999999995;7,52;0,0;0,0;89;False
POSTO CARMOPOLIS LTDA;13077342000151;INDUSTRIAL;GASOLINA;18/05/2026;7,52;BRANCA;7,52;0,0;0,0;6,582682926829268;6,62;0,8999999999999995;7,52;0,0;0,0;89;False
POSTO CARMOPOLIS LTDA;13077342000151;INDUSTRIAL;GASOLINA;26/05/2026;7,12;BRANCA;7,52;-0,39999999999999947;-5,319148936170206;6,593975903614457;6,62;0,5;7,135;-0,01499999999999968;-0,2102312543798133;89;False
POSTO CARMOPOLIS LTDA;13077342000151;INDUSTRIAL;GASOLINA;02/06/2026;7,12;BRANCA;7,12;0,0;0,0;6,600238095238095;6,62;0,5;7,12;0,0;0,0;89;False
POSTO CARMOPOLIS LTDA;13077342000151;INDUSTRIAL;GASOLINA;08/06/2026;7,02;BRANCA;7,12;-0,10000000000000053;-1,4044943820224793;6,60635294117647;6,62;0,39999999999999947;7,12;-0,10000000000000053;-1,4044943820224793;89;False
POSTO CARMOPOLIS LTDA;13077342000151;INDUSTRIAL;GASOLINA;16/06/2026;7,12;BRANCA;7,02;0,10000000000000053;1,4245014245014322;6,611162790697674;6,62;0,5;7,12;0,0;0,0;89;False
POSTO CARMOPOLIS LTDA;13077342000151;INDUSTRIAL;GASOLINA;23/06/2026;7,12;BRANCA;7,12;0,0;0,0;6,617011494252873;6,62;0,5;7,12;0,0;0,0;89;False
POSTO CARMOPOLIS LTDA;13077342000151;INDUSTRIAL;GASOLINA;30/06/2026;7,12;BRANCA;7,12;0,0;0,0;6,622727272727272;6,62;0,5;7,12;0,0;0,0;89;False
POSTO CARMOPOLIS LTDA;13077342000151;SANTO ANTÔNIO;GASOLINA ADITIVADA;15/10/2024;6,2;VIBRA;;;;;;;6,27;-0,0699999999999994;-1,1164274322168963;88;False
POSTO CARMOPOLIS LTDA;13077342000151;SANTO ANTÔNIO;GASOLINA ADITIVADA;21/10/2024;5,9;VIBRA;6,2;-0,2999999999999998;-4,838709677419352;6,2;6,2;-0,2999999999999998;5,99;-0,08999999999999986;-1,502504173622702;88;False
POSTO CARMOPOLIS LTDA;13077342000151;SANTO ANTÔNIO;GASOLINA ADITIVADA;28/10/2024;5,9;VIBRA;5,9;0,0;0,0;6,050000000000001;6,050000000000001;-0,15000000000000036;5,99;-0,08999999999999986;-1,502504173622702;88;False
POSTO CARMOPOLIS LTDA;13077342000151;SANTO ANTÔNIO;GASOLINA ADITIVADA;04/11/2024;5,9;VIBRA;5,9;0,0;0,0;6,0;5,9;0,0;6,09;-0,1899999999999995;-3,1198686371100086;88;False
POSTO CARMOPOLIS LTDA;13077342000151;SANTO ANTÔNIO;GASOLINA ADITIVADA;11/11/2024;5,9;VIBRA;5,9;0,0;0,0;5,9750000000000005;5,9;0,0;6,08;-0,17999999999999972;-2,960526315789469;88;False
POSTO CARMOPOLIS LTDA;13077342000151;SANTO ANTÔNIO;GASOLINA ADITIVADA;18/11/2024;6,3;VIBRA;5,9;0,39999999999999947;6,7796610169491425;5,96;5,9;0,39999999999999947;6,45;-0,15000000000000036;-2,3255813953488427;88;False
POSTO CARMOPOLIS LTDA;13077342000151;SANTO ANTÔNIO;GASOLINA ADITIVADA;25/11/2024;6,3;VIBRA;6,3;0,0;0,0;6,016666666666667;5,9;0,39999999999999947;6,45;-0,15000000000000036;-2,3255813953488427;88;False
POSTO CARMOPOLIS LTDA;13077342000151;SANTO ANTÔNIO;GASOLINA ADITIVADA;03/12/2024;6,3;VIBRA;6,3;0,0;0,0;6,057142857142857;5,9;0,39999999999999947;6,45;-0,15000000000000036;-2,3255813953488427;88;False
POSTO CARMOPOLIS LTDA;13077342000151;SANTO ANTÔNIO;GASOLINA ADITIVADA;09/12/2024;6,3;VIBRA;6,3;0,0;0,0;6,0875;6,050000000000001;0,2499999999999991;6,45;-0,15000000000000036;-2,3255813953488427;88;False
POSTO CARMOPOLIS LTDA;13077342000151;SANTO ANTÔNIO;GASOLINA ADITIVADA;16/12/2024;6,3;VIBRA;6,3;0,0;0,0;6,111111111111111;6,2;0,09999999999999964;6,45;-0,15000000000000036;-2,3255813953488427;88;False
POSTO CARMOPOLIS LTDA;13077342000151;SANTO ANTÔNIO;GASOLINA ADITIVADA;23/12/2024;6,3;VIBRA;6,3;0,0;0,0;6,13;6,25;0,04999999999999982;6,45;-0,15000000000000036;-2,3255813953488427;88;False
POSTO CARMOPOLIS LTDA;13077342000151;SANTO ANTÔNIO;GASOLINA ADITIVADA;30/12/2024;6,3;VIBRA;6,3;0,0;0,0;6,145454545454545;6,3;0,0;6,45;-0,15000000000000036;-2,3255813953488427;88;False
POSTO CARMOPOLIS LTDA;13077342000151;SANTO ANTÔNIO;GASOLINA ADITIVADA;06/01/2025;6,3;VIBRA;6,3;0,0;0,0;6,158333333333334;6,3;0,0;6,45;-0,15000000000000036;-2,3255813953488427;88;False
POSTO CARMOPOLIS LTDA;13077342000151;SANTO ANTÔNIO;GASOLINA ADITIVADA;13/01/2025;6,42;VIBRA;6,3;0,1200000000000001;1,9047619047619067;6,1692307692307695;6,3;0,1200000000000001;6,55;-0,1299999999999999;-1,9847328244274793;88;False
POSTO CARMOPOLIS LTDA;13077342000151;SANTO ANTÔNIO;GASOLINA ADITIVADA;20/01/2025;6,42;VIBRA;6,42;0,0;0,0;6,187142857142858;6,3;0,1200000000000001;6,55;-0,1299999999999999;-1,9847328244274793;88;False
POSTO CARMOPOLIS LTDA;13077342000151;SANTO ANTÔNIO;GASOLINA ADITIVADA;28/01/2025;6,42;VIBRA;6,42;0,0;0,0;6,202666666666667;6,3;0,1200000000000001;6,55;-0,1299999999999999;-1,9847328244274793;88;False
POSTO CARMOPOLIS LTDA;13077342000151;SANTO ANTÔNIO;GASOLINA ADITIVADA;03/02/2025;6,42;VIBRA;6,42;0,0;0,0;6,21625;6,3;0,1200000000000001;6,55;-0,1299999999999999;-1,9847328244274793;88;False
POSTO CARMOPOLIS LTDA;13077342000151;SANTO ANTÔNIO;GASOLINA ADITIVADA;11/02/2025;6,62;VIBRA;6,42;0,20000000000000018;3,1152647975077907;6,228235294117646;6,3;0,3200000000000003;6,75;-0,1299999999999999;-1,9259259259259243;88;False
POSTO CARMOPOLIS LTDA;13077342000151;SANTO ANTÔNIO;GASOLINA ADITIVADA;18/02/2025;6,62;VIBRA;6,62;0,0;0,0;6,25;6,3;0,3200000000000003;6,75;-0,1299999999999999;-1,9259259259259243;88;False
POSTO CARMOPOLIS LTDA;13077342000151;SANTO ANTÔNIO;GASOLINA ADITIVADA;25/02/2025;6,62;VIBRA;6,62;0,0;0,0;6,269473684210527;6,3;0,3200000000000003;6,75;-0,1299999999999999;-1,9259259259259243;88;False
POSTO CARMOPOLIS LTDA;13077342000151;SANTO ANTÔNIO;GASOLINA ADITIVADA;03/03/2025;6,62;VIBRA;6,62;0,0;0,0;6,287;6,3;0,3200000000000003;6,75;-0,1299999999999999;-1,9259259259259243;88;False
POSTO CARMOPOLIS LTDA;13077342000151;SANTO ANTÔNIO;GASOLINA ADITIVADA;11/03/2025;6,62;VIBRA;6,62;0,0;0,0;6,302857142857143;6,3;0,3200000000000003;6,75;-0,1299999999999999;-1,9259259259259243;88;False
POSTO CARMOPOLIS LTDA;13077342000151;SANTO ANTÔNIO;GASOLINA ADITIVADA;18/03/2025;6,62;VIBRA;6,62;0,0;0,0;6,3172727272727265;6,3;0,3200000000000003;6,75;-0,1299999999999999;-1,9259259259259243;88;False
POSTO CARMOPOLIS LTDA;13077342000151;SANTO ANTÔNIO;GASOLINA ADITIVADA;25/03/2025;6,62;VIBRA;6,62;0,0;0,0;6,3304347826086955;6,3;0,3200000000000003;6,75;-0,1299999999999999;-1,9259259259259243;88;False
POSTO CARMOPOLIS LTDA;13077342000151;SANTO ANTÔNIO;GASOLINA ADITIVADA;31/03/2025;6,62;VIBRA;6,62;0,0;0,0;6,3425;6,3;0,3200000000000003;6,75;-0,1299999999999999;-1,9259259259259243;88;False
POSTO CARMOPOLIS LTDA;13077342000151;SANTO ANTÔNIO;GASOLINA ADITIVADA;08/04/2025;6,62;VIBRA;6,62;0,0;0,0;6,3536;6,3;0,3200000000000003;6,75;-0,1299999999999999;-1,9259259259259243;88;False
POSTO CARMOPOLIS LTDA;13077342000151;SANTO ANTÔNIO;GASOLINA ADITIVADA;15/04/2025;6,52;VIBRA;6,62;-0,10000000000000053;-1,5105740181268963;6,363846153846154;6,359999999999999;0,16000000000000014;6,65;-0,13000000000000078;-1,9548872180451242;88;False
POSTO CARMOPOLIS LTDA;13077342000151;SANTO ANTÔNIO;GASOLINA ADITIVADA;22/04/2025;6,52;VIBRA;6,52;0,0;0,0;6,369629629629629;6,42;0,09999999999999964;6,695;-0,1750000000000007;-2,6138909634055367;88;False
POSTO CARMOPOLIS LTDA;13077342000151;SANTO ANTÔNIO;GASOLINA ADITIVADA;29/04/2025;6,62;VIBRA;6,52;0,10000000000000053;1,5337423312883518;6,375;6,42;0,20000000000000018;6,75;-0,1299999999999999;-1,9259259259259243;88;False
POSTO CARMOPOLIS LTDA;13077342000151;SANTO ANTÔNIO;GASOLINA ADITIVADA;05/05/2025;6,62;VIBRA;6,62;0,0;0,0;6,383448275862069;6,42;0,20000000000000018;6,75;-0,1299999999999999;-1,9259259259259243;88;False
POSTO CARMOPOLIS LTDA;13077342000151;SANTO ANTÔNIO;GASOLINA ADITIVADA;12/05/2025;6,62;VIBRA;6,62;0,0;0,0;6,391333333333334;6,42;0,20000000000000018;6,734999999999999;-0,11499999999999932;-1,7074981440237467;88;False
POSTO CARMOPOLIS LTDA;13077342000151;SANTO ANTÔNIO;GASOLINA ADITIVADA;19/05/2025;6,62;VIBRA;6,62;0,0;0,0;6,3987096774193555;6,42;0,20000000000000018;6,775;-0,15500000000000025;-2,287822878228786;88;False
POSTO CARMOPOLIS LTDA;13077342000151;SANTO ANTÔNIO;GASOLINA ADITIVADA;27/05/2025;6,62;VIBRA;6,62;0,0;0,0;6,405625;6,42;0,20000000000000018;6,8;-0,17999999999999972;-2,6470588235294077;88;False
POSTO CARMOPOLIS LTDA;13077342000151;SANTO ANTÔNIO;GASOLINA ADITIVADA;03/06/2025;6,62;VIBRA;6,62;0,0;0,0;6,412121212121212;6,42;0,20000000000000018;6,8;-0,17999999999999972;-2,6470588235294077;88;False
POSTO CARMOPOLIS LTDA;13077342000151;SANTO ANTÔNIO;GASOLINA ADITIVADA;09/06/2025;6,62;VIBRA;6,62;0,0;0,0;6,418235294117647;6,47;0,15000000000000036;6,76;-0,13999999999999968;-2,071005917159759;88;False
POSTO CARMOPOLIS LTDA;13077342000151;SANTO ANTÔNIO;GASOLINA ADITIVADA;16/06/2025;6,62;VIBRA;6,62;0,0;0,0;6,424;6,52;0,10000000000000053;6,8;-0,17999999999999972;-2,6470588235294077;88;False
POSTO CARMOPOLIS LTDA;13077342000151;SANTO ANTÔNIO;GASOLINA ADITIVADA;24/06/2025;6,62;VIBRA;6,62;0,0;0,0;6,429444444444445;6,52;0,10000000000000053;6,8;-0,17999999999999972;-2,6470588235294077;88;False
POSTO CARMOPOLIS LTDA;13077342000151;SANTO ANTÔNIO;GASOLINA ADITIVADA;30/06/2025;6,62;VIBRA;6,62;0,0;0,0;6,434594594594595;6,52;0,10000000000000053;6,8;-0,17999999999999972;-2,6470588235294077;88;False
POSTO CARMOPOLIS LTDA;13077342000151;INDUSTRIAL;GASOLINA ADITIVADA;08/07/2025;6,62;VIBRA;6,62;0,0;0,0;6,439473684210526;6,57;0,04999999999999982;6,8;-0,17999999999999972;-2,6470588235294077;88;False
POSTO CARMOPOLIS LTDA;13077342000151;INDUSTRIAL;GASOLINA ADITIVADA;15/07/2025;6,62;VIBRA;6,62;0,0;0,0;6,444102564102564;6,62;0,0;6,8;-0,17999999999999972;-2,6470588235294077;88;False
POSTO CARMOPOLIS LTDA;13077342000151;INDUSTRIAL;GASOLINA ADITIVADA;22/07/2025;6,62;VIBRA;6,62;0,0;0,0;6,4485;6,62;0,0;6,8;-0,17999999999999972;-2,6470588235294077;88;False
POSTO CARMOPOLIS LTDA;13077342000151;INDUSTRIAL;GASOLINA ADITIVADA;28/07/2025;6,62;VIBRA;6,62;0,0;0,0;6,452682926829269;6,62;0,0;6,8;-0,17999999999999972;-2,6470588235294077;88;False
POSTO CARMOPOLIS LTDA;13077342000151;INDUSTRIAL;GASOLINA ADITIVADA;05/08/2025;6,62;VIBRA;6,62;0,0;0,0;6,456666666666667;6,62;0,0;6,8;-0,17999999999999972;-2,6470588235294077;88;False
POSTO CARMOPOLIS LTDA;13077342000151;INDUSTRIAL;GASOLINA ADITIVADA;12/08/2025;6,62;VIBRA;6,62;0,0;0,0;6,46046511627907;6,62;0,0;6,76;-0,13999999999999968;-2,071005917159759;88;False
POSTO CARMOPOLIS LTDA;13077342000151;INDUSTRIAL;GASOLINA ADITIVADA;19/08/2025;6,62;VIBRA;6,62;0,0;0,0;6,46409090909091;6,62;0,0;6,8;-0,17999999999999972;-2,6470588235294077;88;False
POSTO CARMOPOLIS LTDA;13077342000151;INDUSTRIAL;GASOLINA ADITIVADA;27/08/2025;6,62;VIBRA;6,62;0,0;0,0;6,467555555555556;6,62;0,0;6,72;-0,09999999999999964;-1,4880952380952328;88;False
POSTO CARMOPOLIS LTDA;13077342000151;INDUSTRIAL;GASOLINA ADITIVADA;02/09/2025;6,62;VIBRA;6,62;0,0;0,0;6,4708695652173915;6,62;0,0;6,795;-0,17499999999999982;-2,575423105224427;88;False
POSTO CARMOPOLIS LTDA;13077342000151;INDUSTRIAL;GASOLINA ADITIVADA;09/09/2025;6,62;VIBRA;6,62;0,0;0,0;6,47404255319149;6,62;0,0;6,795;-0,17499999999999982;-2,575423105224427;88;False
POSTO CARMOPOLIS LTDA;13077342000151;INDUSTRIAL;GASOLINA ADITIVADA;17/09/2025;6,62;VIBRA;6,62;0,0;0,0;6,477083333333333;6,62;0,0;6,76;-0,13999999999999968;-2,071005917159759;88;False
POSTO CARMOPOLIS LTDA;13077342000151;INDUSTRIAL;GASOLINA ADITIVADA;22/09/2025;6,62;VIBRA;6,62;0,0;0,0;6,4799999999999995;6,62;0,0;6,8149999999999995;-0,1949999999999994;-2,861335289801899;88;False
POSTO CARMOPOLIS LTDA;13077342000151;INDUSTRIAL;GASOLINA ADITIVADA;30/09/2025;6,62;VIBRA;6,62;0,0;0,0;6,4828;6,62;0,0;6,8149999999999995;-0,1949999999999994;-2,861335289801899;88;False
POSTO CARMOPOLIS LTDA;13077342000151;INDUSTRIAL;GASOLINA ADITIVADA;06/10/2025;6,62;VIBRA;6,62;0,0;0,0;6,485490196078431;6,62;0,0;6,8149999999999995;-0,1949999999999994;-2,861335289801899;88;False
POSTO CARMOPOLIS LTDA;13077342000151;INDUSTRIAL;GASOLINA ADITIVADA;13/10/2025;6,62;VIBRA;6,62;0,0;0,0;6,488076923076923;6,62;0,0;6,76;-0,13999999999999968;-2,071005917159759;88;False
POSTO CARMOPOLIS LTDA;13077342000151;INDUSTRIAL;GASOLINA ADITIVADA;20/10/2025;6,62;VIBRA;6,62;0,0;0,0;6,490566037735849;6,62;0,0;6,72;-0,09999999999999964;-1,4880952380952328;88;False
POSTO CARMOPOLIS LTDA;13077342000151;INDUSTRIAL;GASOLINA ADITIVADA;28/10/2025;6,52;VIBRA;6,62;-0,10000000000000053;-1,5105740181268963;6,492962962962963;6,62;-0,10000000000000053;6,74;-0,22000000000000064;-3,2640949554896235;88;False
POSTO CARMOPOLIS LTDA;13077342000151;INDUSTRIAL;GASOLINA ADITIVADA;05/11/2025;6,52;BRANCA;6,52;0,0;0,0;6,493454545454545;6,62;-0,10000000000000053;6,52;0,0;0,0;88;False
POSTO CARMOPOLIS LTDA;13077342000151;INDUSTRIAL;GASOLINA ADITIVADA;11/11/2025;6,52;BRANCA;6,52;0,0;0,0;6,4939285714285715;6,62;-0,10000000000000053;6,65;-0,13000000000000078;-1,9548872180451242;88;False
POSTO CARMOPOLIS LTDA;13077342000151;INDUSTRIAL;GASOLINA ADITIVADA;18/11/2025;6,52;BRANCA;6,52;0,0;0,0;6,494385964912281;6,62;-0,10000000000000053;6,71;-0,1900000000000004;-2,8315946348733294;88;False
POSTO CARMOPOLIS LTDA;13077342000151;INDUSTRIAL;GASOLINA ADITIVADA;25/11/2025;6,52;BRANCA;6,52;0,0;0,0;6,494827586206896;6,62;-0,10000000000000053;6,71;-0,1900000000000004;-2,8315946348733294;88;False
POSTO CARMOPOLIS LTDA;13077342000151;INDUSTRIAL;GASOLINA ADITIVADA;02/12/2025;6,52;BRANCA;6,52;0,0;0,0;6,495254237288136;6,62;-0,10000000000000053;6,68;-0,16000000000000014;-2,3952095808383254;88;False
POSTO CARMOPOLIS LTDA;13077342000151;INDUSTRIAL;GASOLINA ADITIVADA;17/12/2025;6,52;BRANCA;6,52;0,0;0,0;6,495666666666667;6,62;-0,10000000000000053;6,74;-0,22000000000000064;-3,2640949554896235;88;False
POSTO CARMOPOLIS LTDA;13077342000151;INDUSTRIAL;GASOLINA ADITIVADA;24/12/2025;6,52;BRANCA;6,52;0,0;0,0;6,496065573770491;6,62;-0,10000000000000053;6,74;-0,22000000000000064;-3,2640949554896235;88;False
POSTO CARMOPOLIS LTDA;13077342000151;INDUSTRIAL;GASOLINA ADITIVADA;29/12/2025;6,52;BRANCA;6,52;0,0;0,0;6,4964516129032255;6,62;-0,10000000000000053;6,654999999999999;-0,1349999999999998;-2,028549962434257;88;False
POSTO CARMOPOLIS LTDA;13077342000151;INDUSTRIAL;GASOLINA ADITIVADA;06/01/2026;6,52;BRANCA;6,52;0,0;0,0;6,496825396825397;6,62;-0,10000000000000053;6,62;-0,10000000000000053;-1,5105740181268963;88;False
POSTO CARMOPOLIS LTDA;13077342000151;INDUSTRIAL;GASOLINA ADITIVADA;12/01/2026;6,52;BRANCA;6,52;0,0;0,0;6,4971875;6,62;-0,10000000000000053;6,52;0,0;0,0;88;False
POSTO CARMOPOLIS LTDA;13077342000151;INDUSTRIAL;GASOLINA ADITIVADA;20/01/2026;6,52;BRANCA;6,52;0,0;0,0;6,497538461538461;6,62;-0,10000000000000053;6,654999999999999;-0,1349999999999998;-2,028549962434257;88;False
POSTO CARMOPOLIS LTDA;13077342000151;INDUSTRIAL;GASOLINA ADITIVADA;26/01/2026;6,52;BRANCA;6,52;0,0;0,0;6,497878787878788;6,62;-0,10000000000000053;6,52;0,0;0,0;88;False
POSTO CARMOPOLIS LTDA;13077342000151;INDUSTRIAL;GASOLINA ADITIVADA;03/02/2026;6,52;BRANCA;6,52;0,0;0,0;6,49820895522388;6,62;-0,10000000000000053;6,52;0,0;0,0;88;False
POSTO CARMOPOLIS LTDA;13077342000151;INDUSTRIAL;GASOLINA ADITIVADA;09/02/2026;6,52;BRANCA;6,52;0,0;0,0;6,498529411764705;6,62;-0,10000000000000053;6,62;-0,10000000000000053;-1,5105740181268963;88;False
POSTO CARMOPOLIS LTDA;13077342000151;INDUSTRIAL;GASOLINA ADITIVADA;24/02/2026;6,52;BRANCA;6,52;0,0;0,0;6,498840579710145;6,62;-0,10000000000000053;6,555;-0,03500000000000014;-0,5339435545385224;88;False
POSTO CARMOPOLIS LTDA;13077342000151;INDUSTRIAL;GASOLINA ADITIVADA;04/03/2026;6,52;BRANCA;6,52;0,0;0,0;6,499142857142857;6,57;-0,05000000000000071;6,74;-0,22000000000000064;-3,2640949554896235;88;False
POSTO CARMOPOLIS LTDA;13077342000151;INDUSTRIAL;GASOLINA ADITIVADA;09/03/2026;6,82;BRANCA;6,52;0,3000000000000007;4,601226993865041;6,49943661971831;6,52;0,3000000000000007;6,93;-0,10999999999999943;-1,5873015873015792;88;False
POSTO CARMOPOLIS LTDA;13077342000151;INDUSTRIAL;GASOLINA ADITIVADA;20/03/2026;6,92;BRANCA;6,82;0,09999999999999964;1,4662756598240416;6,503888888888889;6,57;0,34999999999999964;7,29;-0,3700000000000001;-5,0754458161865585;88;False
POSTO CARMOPOLIS LTDA;13077342000151;INDUSTRIAL;GASOLINA ADITIVADA;24/03/2026;7,22;BRANCA;6,92;0,2999999999999998;4,335260115606934;6,50958904109589;6,62;0,5999999999999996;7,345000000000001;-0,1250000000000009;-1,7018379850238377;88;False
POSTO CARMOPOLIS LTDA;13077342000151;INDUSTRIAL;GASOLINA ADITIVADA;30/03/2026;7,22;BRANCA;7,22;0,0;0,0;6,5191891891891895;6,62;0,5999999999999996;7,34;-0,1200000000000001;-1,6348773841961868;88;False
POSTO CARMOPOLIS LTDA;13077342000151;INDUSTRIAL;GASOLINA ADITIVADA;07/04/2026;7,22;BRANCA;7,22;0,0;0,0;6,528533333333333;6,62;0,5999999999999996;7,29;-0,07000000000000028;-0,9602194787380012;88;False
POSTO CARMOPOLIS LTDA;13077342000151;INDUSTRIAL;GASOLINA ADITIVADA;14/04/2026;7,22;BRANCA;7,22;0,0;0,0;6,5376315789473685;6,62;0,5999999999999996;7,255;-0,03500000000000014;-0,4824259131633376;88;False
POSTO CARMOPOLIS LTDA;13077342000151;INDUSTRIAL;GASOLINA ADITIVADA;24/04/2026;7,22;BRANCA;7,22;0,0;0,0;6,546493506493507;6,62;0,5999999999999996;7,29;-0,07000000000000028;-0,9602194787380012;88;False
POSTO CARMOPOLIS LTDA;13077342000151;INDUSTRIAL;GASOLINA ADITIVADA;27/04/2026;7,22;BRANCA;7,22;0,0;0,0;6,555128205128205;6,62;0,5999999999999996;7,22;0,0;0,0;88;False
POSTO CARMOPOLIS LTDA;13077342000151;INDUSTRIAL;GASOLINA ADITIVADA;04/05/2026;7,22;BRANCA;7,22;0,0;0,0;6,563544303797468;6,62;0,5999999999999996;7,34;-0,1200000000000001;-1,6348773841961868;88;False
POSTO CARMOPOLIS LTDA;13077342000151;INDUSTRIAL;GASOLINA ADITIVADA;12/05/2026;7,52;BRANCA;7,22;0,2999999999999998;4,15512465373961;6,57175;6,62;0,8999999999999995;7,57;-0,05000000000000071;-0,660501981505954;88;False
POSTO CARMOPOLIS LTDA;13077342000151;INDUSTRIAL;GASOLINA ADITIVADA;18/05/2026;7,52;BRANCA;7,52;0,0;0,0;6,583456790123456;6,62;0,8999999999999995;7,555;-0,03500000000000014;-0,4632693580410343;88;False
POSTO CARMOPOLIS LTDA;13077342000151;INDUSTRIAL;GASOLINA ADITIVADA;26/05/2026;7,12;BRANCA;7,52;-0,39999999999999947;-5,319148936170206;6,594878048780488;6,62;0,5;7,28;-0,16000000000000014;-2,1978021978021998;88;False
POSTO CARMOPOLIS LTDA;13077342000151;INDUSTRIAL;GASOLINA ADITIVADA;02/06/2026;7,12;BRANCA;7,12;0,0;0,0;6,6012048192771084;6,62;0,5;7,22;-0,09999999999999964;-1,3850415512465326;88;False
POSTO CARMOPOLIS LTDA;13077342000151;INDUSTRIAL;GASOLINA ADITIVADA;08/06/2026;7,02;BRANCA;7,12;-0,10000000000000053;-1,4044943820224793;6,607380952380952;6,62;0,39999999999999947;7,205;-0,1850000000000005;-2,5676613462873075;88;False
POSTO CARMOPOLIS LTDA;13077342000151;INDUSTRIAL;GASOLINA ADITIVADA;16/06/2026;7,12;BRANCA;7,02;0,10000000000000053;1,4245014245014322;6,612235294117647;6,62;0,5;7,28;-0,16000000000000014;-2,1978021978021998;88;False
POSTO CARMOPOLIS LTDA;13077342000151;INDUSTRIAL;GASOLINA ADITIVADA;23/06/2026;7,12;BRANCA;7,12;0,0;0,0;6,618139534883721;6,62;0,5;7,26;-0,13999999999999968;-1,9283746556473784;88;False
POSTO CARMOPOLIS LTDA;13077342000151;INDUSTRIAL;GASOLINA ADITIVADA;30/06/2026;7,12;BRANCA;7,12;0,0;0,0;6,623908045977011;6,62;0,5;7,17;-0,04999999999999982;-0,6973500697350046;88;False
POSTO CARMOPOLIS LTDA;13077342000151;INDUSTRIAL;GNV;12/05/2026;4,88;BRANCA;;;;;;;4,855;0,024999999999999467;0,5149330587023577;5;False
POSTO CARMOPOLIS LTDA;13077342000151;INDUSTRIAL;GNV;26/05/2026;4,85;BRANCA;4,88;-0,03000000000000025;-0,6147540983606609;4,88;4,88;-0,03000000000000025;4,83;0,019999999999999574;0,41407867494823136;5;False
POSTO CARMOPOLIS LTDA;13077342000151;INDUSTRIAL;GNV;02/06/2026;4,83;BRANCA;4,85;-0,019999999999999574;-0,4123711340206098;4,865;4,865;-0,03500000000000014;4,83;0,0;0,0;5;False
POSTO CARMOPOLIS LTDA;13077342000151;INDUSTRIAL;GNV;16/06/2026;4,82;BRANCA;4,83;-0,009999999999999787;-0,20703933747411568;4,853333333333333;4,85;-0,02999999999999936;4,83;-0,009999999999999787;-0,20703933747411568;5;False
POSTO CARMOPOLIS LTDA;13077342000151;INDUSTRIAL;GNV;23/06/2026;4,85;BRANCA;4,82;0,02999999999999936;0,6224066390041361;4,845;4,84;0,009999999999999787;4,83;0,019999999999999574;0,41407867494823136;5;False
J. L. OLIVEIRA & BARROS LTDA;13113477000478;GETULIO VARGAS;DIESEL S10;15/10/2024;6,09;VIBRA;;;;;;;6,08;0,009999999999999787;0,1644736842105228;64;False
J. L. OLIVEIRA & BARROS LTDA;13113477000478;GETULIO VARGAS;DIESEL S10;21/10/2024;6,09;VIBRA;6,09;0,0;0,0;6,09;6,09;0,0;5,970000000000001;0,11999999999999922;2,0100502512562683;64;False
J. L. OLIVEIRA & BARROS LTDA;13113477000478;GETULIO VARGAS;DIESEL S10;28/10/2024;6,09;VIBRA;6,09;0,0;0,0;6,09;6,09;0,0;5,95;0,13999999999999968;2,3529411764705825;64;False
J. L. OLIVEIRA & BARROS LTDA;13113477000478;GETULIO VARGAS;DIESEL S10;04/11/2024;6,09;VIBRA;6,09;0,0;0,0;6,09;6,09;0,0;5,890000000000001;0,1999999999999993;3,3955857385398858;64;False
J. L. OLIVEIRA & BARROS LTDA;13113477000478;GETULIO VARGAS;DIESEL S10;11/11/2024;6,09;VIBRA;6,09;0,0;0,0;6,09;6,09;0,0;5,890000000000001;0,1999999999999993;3,3955857385398858;64;False
J. L. OLIVEIRA & BARROS LTDA;13113477000478;GETULIO VARGAS;DIESEL S10;18/11/2024;6,09;VIBRA;6,09;0,0;0,0;6,09;6,09;0,0;5,915;0,17499999999999982;2,9585798816568016;64;False
J. L. OLIVEIRA & BARROS LTDA;13113477000478;GETULIO VARGAS;DIESEL S10;25/11/2024;6,09;VIBRA;6,09;0,0;0,0;6,09;6,09;0,0;5,915;0,17499999999999982;2,9585798816568016;64;False
J. L. OLIVEIRA & BARROS LTDA;13113477000478;GETULIO VARGAS;DIESEL S10;03/12/2024;6,09;VIBRA;6,09;0,0;0,0;6,09;6,09;0,0;5,99;0,09999999999999964;1,669449081802999;64;False
J. L. OLIVEIRA & BARROS LTDA;13113477000478;GETULIO VARGAS;DIESEL S10;09/12/2024;6,09;VIBRA;6,09;0,0;0,0;6,09;6,09;0,0;5,99;0,09999999999999964;1,669449081802999;64;False
J. L. OLIVEIRA & BARROS LTDA;13113477000478;GETULIO VARGAS;DIESEL S10;23/12/2024;6,09;VIBRA;6,09;0,0;0,0;6,09;6,09;0,0;6,029999999999999;0,0600000000000005;0,9950248756218989;64;False
J. L. OLIVEIRA & BARROS LTDA;13113477000478;GETULIO VARGAS;DIESEL S10;30/12/2024;6,09;VIBRA;6,09;0,0;0,0;6,09;6,09;0,0;6,029999999999999;0,0600000000000005;0,9950248756218989;64;False
J. L. OLIVEIRA & BARROS LTDA;13113477000478;GETULIO VARGAS;DIESEL S10;06/01/2025;6,09;VIBRA;6,09;0,0;0,0;6,09;6,09;0,0;6,029999999999999;0,0600000000000005;0,9950248756218989;64;False
J. L. OLIVEIRA & BARROS LTDA;13113477000478;GETULIO VARGAS;DIESEL S10;13/01/2025;6,29;VIBRA;6,09;0,20000000000000018;3,284072249589494;6,09;6,09;0,20000000000000018;6,17;0,1200000000000001;1,94489465153971;64;False
J. L. OLIVEIRA & BARROS LTDA;13113477000478;GETULIO VARGAS;DIESEL S10;20/01/2025;6,29;VIBRA;6,29;0,0;0,0;6,105384615384616;6,09;0,20000000000000018;6,05;0,2400000000000002;3,9669421487603342;64;False
J. L. OLIVEIRA & BARROS LTDA;13113477000478;GETULIO VARGAS;DIESEL S10;28/01/2025;6,29;VIBRA;6,29;0,0;0,0;6,118571428571428;6,09;0,20000000000000018;6,17;0,1200000000000001;1,94489465153971;64;False
J. L. OLIVEIRA & BARROS LTDA;13113477000478;GETULIO VARGAS;DIESEL S10;03/02/2025;6,29;VIBRA;6,29;0,0;0,0;6,13;6,09;0,20000000000000018;6,17;0,1200000000000001;1,94489465153971;64;False
J. L. OLIVEIRA & BARROS LTDA;13113477000478;GETULIO VARGAS;DIESEL S10;11/02/2025;6,49;VIBRA;6,29;0,20000000000000018;3,1796502384737706;6,14;6,09;0,40000000000000036;6,36;0,1299999999999999;2,0440251572327024;64;False
J. L. OLIVEIRA & BARROS LTDA;13113477000478;GETULIO VARGAS;DIESEL S10;18/02/2025;6,49;VIBRA;6,49;0,0;0,0;6,160588235294118;6,09;0,40000000000000036;6,36;0,1299999999999999;2,0440251572327024;64;False
J. L. OLIVEIRA & BARROS LTDA;13113477000478;GETULIO VARGAS;DIESEL S10;25/02/2025;6,49;VIBRA;6,49;0,0;0,0;6,178888888888888;6,09;0,40000000000000036;6,36;0,1299999999999999;2,0440251572327024;64;False
J. L. OLIVEIRA & BARROS LTDA;13113477000478;GETULIO VARGAS;DIESEL S10;03/03/2025;6,49;VIBRA;6,49;0,0;0,0;6,195263157894736;6,09;0,40000000000000036;6,36;0,1299999999999999;2,0440251572327024;64;False
J. L. OLIVEIRA & BARROS LTDA;13113477000478;GETULIO VARGAS;DIESEL S10;11/03/2025;6,49;VIBRA;6,49;0,0;0,0;6,21;6,09;0,40000000000000036;6,36;0,1299999999999999;2,0440251572327024;64;False
J. L. OLIVEIRA & BARROS LTDA;13113477000478;GETULIO VARGAS;DIESEL S10;18/03/2025;6,49;VIBRA;6,49;0,0;0,0;6,223333333333334;6,09;0,40000000000000036;6,36;0,1299999999999999;2,0440251572327024;64;False
J. L. OLIVEIRA & BARROS LTDA;13113477000478;GETULIO VARGAS;DIESEL S10;25/03/2025;6,49;VIBRA;6,49;0,0;0,0;6,235454545454545;6,09;0,40000000000000036;6,36;0,1299999999999999;2,0440251572327024;64;False
J. L. OLIVEIRA & BARROS LTDA;13113477000478;GETULIO VARGAS;DIESEL S10;31/03/2025;6,49;VIBRA;6,49;0,0;0,0;6,246521739130435;6,09;0,40000000000000036;6,36;0,1299999999999999;2,0440251572327024;64;False
J. L. OLIVEIRA & BARROS LTDA;13113477000478;GETULIO VARGAS;DIESEL S10;08/04/2025;6,49;VIBRA;6,49;0,0;0,0;6,256666666666667;6,1899999999999995;0,3000000000000007;6,24;0,25;4,006410256410256;64;False
J. L. OLIVEIRA & BARROS LTDA;13113477000478;GETULIO VARGAS;DIESEL S10;15/04/2025;6,49;VIBRA;6,49;0,0;0,0;6,266;6,29;0,20000000000000018;6,135;0,3550000000000004;5,786471067644669;64;False
J. L. OLIVEIRA & BARROS LTDA;13113477000478;GETULIO VARGAS;DIESEL S10;22/04/2025;6,29;VIBRA;6,49;-0,20000000000000018;-3,081664098613254;6,274615384615384;6,29;0,0;6,035;0,2549999999999999;4,225352112676054;64;False
J. L. OLIVEIRA & BARROS LTDA;13113477000478;GETULIO VARGAS;DIESEL S10;29/04/2025;6,29;VIBRA;6,29;0,0;0,0;6,275185185185186;6,29;0,0;6,035;0,2549999999999999;4,225352112676054;64;False
J. L. OLIVEIRA & BARROS LTDA;13113477000478;GETULIO VARGAS;DIESEL S10;05/05/2025;6,29;VIBRA;6,29;0,0;0,0;6,275714285714286;6,29;0,0;6,035;0,2549999999999999;4,225352112676054;64;False
J. L. OLIVEIRA & BARROS LTDA;13113477000478;GETULIO VARGAS;DIESEL S10;12/05/2025;6,29;VIBRA;6,29;0,0;0,0;6,276206896551724;6,29;0,0;5,965;0,3250000000000002;5,448449287510481;64;False
J. L. OLIVEIRA & BARROS LTDA;13113477000478;GETULIO VARGAS;DIESEL S10;27/05/2025;6,29;VIBRA;6,29;0,0;0,0;6,276666666666667;6,29;0,0;5,96;0,33000000000000007;5,536912751677853;64;False
J. L. OLIVEIRA & BARROS LTDA;13113477000478;GETULIO VARGAS;DIESEL S10;03/06/2025;6,29;VIBRA;6,29;0,0;0,0;6,277096774193549;6,29;0,0;5,96;0,33000000000000007;5,536912751677853;64;False
J. L. OLIVEIRA & BARROS LTDA;13113477000478;GETULIO VARGAS;DIESEL S10;24/06/2025;6,29;VIBRA;6,29;0,0;0,0;6,2775;6,29;0,0;5,96;0,33000000000000007;5,536912751677853;64;False
J. L. OLIVEIRA & BARROS LTDA;13113477000478;GETULIO VARGAS;DIESEL S10;30/06/2025;6,29;VIBRA;6,29;0,0;0,0;6,277878787878787;6,29;0,0;5,96;0,33000000000000007;5,536912751677853;64;False
J. L. OLIVEIRA & BARROS LTDA;13113477000478;GETULIO VARGAS;DIESEL S10;08/07/2025;6,29;VIBRA;6,29;0,0;0,0;6,278235294117647;6,29;0,0;5,96;0,33000000000000007;5,536912751677853;64;False
J. L. OLIVEIRA & BARROS LTDA;13113477000478;GETULIO VARGAS;DIESEL S10;15/07/2025;6,29;VIBRA;6,29;0,0;0,0;6,2785714285714285;6,29;0,0;5,96;0,33000000000000007;5,536912751677853;64;False
J. L. OLIVEIRA & BARROS LTDA;13113477000478;GETULIO VARGAS;DIESEL S10;22/07/2025;6,29;VIBRA;6,29;0,0;0,0;6,278888888888889;6,29;0,0;5,96;0,33000000000000007;5,536912751677853;64;False
J. L. OLIVEIRA & BARROS LTDA;13113477000478;GETULIO VARGAS;DIESEL S10;28/07/2025;6,29;VIBRA;6,29;0,0;0,0;6,279189189189189;6,29;0,0;5,98;0,3099999999999996;5,183946488294308;64;False
J. L. OLIVEIRA & BARROS LTDA;13113477000478;GETULIO VARGAS;DIESEL S10;05/08/2025;6,29;VIBRA;6,29;0,0;0,0;6,279473684210527;6,29;0,0;5,98;0,3099999999999996;5,183946488294308;64;False
J. L. OLIVEIRA & BARROS LTDA;13113477000478;GETULIO VARGAS;DIESEL S10;02/09/2025;6,29;VIBRA;6,29;0,0;0,0;6,27974358974359;6,29;0,0;6,135;0,15500000000000025;2,526487367563166;64;False
J. L. OLIVEIRA & BARROS LTDA;13113477000478;GETULIO VARGAS;DIESEL S10;09/09/2025;6,29;VIBRA;6,29;0,0;0,0;6,279999999999999;6,29;0,0;6,135;0,15500000000000025;2,526487367563166;64;False
J. L. OLIVEIRA & BARROS LTDA;13113477000478;GETULIO VARGAS;DIESEL S10;17/09/2025;6,29;VIBRA;6,29;0,0;0,0;6,280243902439024;6,29;0,0;6,28;0,009999999999999787;0,15923566878980552;64;False
J. L. OLIVEIRA & BARROS LTDA;13113477000478;GETULIO VARGAS;DIESEL S10;22/09/2025;6,29;VIBRA;6,29;0,0;0,0;6,28047619047619;6,29;0,0;6,135;0,15500000000000025;2,526487367563166;64;False
J. L. OLIVEIRA & BARROS LTDA;13113477000478;GETULIO VARGAS;DIESEL S10;30/09/2025;6,29;VIBRA;6,29;0,0;0,0;6,2806976744186045;6,29;0,0;6,135;0,15500000000000025;2,526487367563166;64;False
J. L. OLIVEIRA & BARROS LTDA;13113477000478;GETULIO VARGAS;DIESEL S10;06/10/2025;6,29;VIBRA;6,29;0,0;0,0;6,280909090909091;6,29;0,0;6,135;0,15500000000000025;2,526487367563166;64;False
J. L. OLIVEIRA & BARROS LTDA;13113477000478;GETULIO VARGAS;DIESEL S10;13/10/2025;6,29;VIBRA;6,29;0,0;0,0;6,281111111111111;6,29;0,0;6,135;0,15500000000000025;2,526487367563166;64;False
J. L. OLIVEIRA & BARROS LTDA;13113477000478;GETULIO VARGAS;DIESEL S10;20/10/2025;6,29;VIBRA;6,29;0,0;0,0;6,281304347826087;6,29;0,0;6,28;0,009999999999999787;0,15923566878980552;64;False
J. L. OLIVEIRA & BARROS LTDA;13113477000478;GETULIO VARGAS;DIESEL S10;28/10/2025;6,29;VIBRA;6,29;0,0;0,0;6,281489361702128;6,29;0,0;6,28;0,009999999999999787;0,15923566878980552;64;False
J. L. OLIVEIRA & BARROS LTDA;13113477000478;GETULIO VARGAS;DIESEL S10;04/11/2025;6,29;VIBRA;6,29;0,0;0,0;6,281666666666666;6,29;0,0;6,28;0,009999999999999787;0,15923566878980552;64;False
J. L. OLIVEIRA & BARROS LTDA;13113477000478;GETULIO VARGAS;DIESEL S10;11/11/2025;6,29;VIBRA;6,29;0,0;0,0;6,2818367346938775;6,29;0,0;6,28;0,009999999999999787;0,15923566878980552;64;False
J. L. OLIVEIRA & BARROS LTDA;13113477000478;GETULIO VARGAS;DIESEL S10;25/11/2025;6,29;VIBRA;6,29;0,0;0,0;6,282;6,29;0,0;6,28;0,009999999999999787;0,15923566878980552;64;False
J. L. OLIVEIRA & BARROS LTDA;13113477000478;GETULIO VARGAS;DIESEL S10;01/12/2025;6,29;VIBRA;6,29;0,0;0,0;6,282156862745098;6,29;0,0;6,29;0,0;0,0;64;False
J. L. OLIVEIRA & BARROS LTDA;13113477000478;GETULIO VARGAS;DIESEL S10;08/12/2025;6,29;VIBRA;6,29;0,0;0,0;6,282307692307692;6,29;0,0;6,025;0,2649999999999997;4,39834024896265;64;False
J. L. OLIVEIRA & BARROS LTDA;13113477000478;GETULIO VARGAS;DIESEL S10;15/12/2025;6,29;VIBRA;6,29;0,0;0,0;6,28245283018868;6,29;0,0;6,025;0,2649999999999997;4,39834024896265;64;False
J. L. OLIVEIRA & BARROS LTDA;13113477000478;GETULIO VARGAS;DIESEL S10;05/01/2026;6,29;VIBRA;6,29;0,0;0,0;6,282592592592592;6,29;0,0;6,025;0,2649999999999997;4,39834024896265;64;False
J. L. OLIVEIRA & BARROS LTDA;13113477000478;GETULIO VARGAS;DIESEL S10;12/01/2026;6,29;VIBRA;6,29;0,0;0,0;6,282727272727273;6,29;0,0;5,76;0,5300000000000002;9,201388888888893;64;False
J. L. OLIVEIRA & BARROS LTDA;13113477000478;GETULIO VARGAS;DIESEL S10;20/01/2026;6,29;VIBRA;6,29;0,0;0,0;6,282857142857142;6,29;0,0;5,76;0,5300000000000002;9,201388888888893;64;False
J. L. OLIVEIRA & BARROS LTDA;13113477000478;GETULIO VARGAS;DIESEL S10;24/02/2026;6,29;VIBRA;6,29;0,0;0,0;6,282982456140351;6,29;0,0;6,02;0,27000000000000046;4,485049833887051;64;False
J. L. OLIVEIRA & BARROS LTDA;13113477000478;GETULIO VARGAS;DIESEL S10;04/03/2026;6,29;VIBRA;6,29;0,0;0,0;6,283103448275862;6,29;0,0;5,99;0,2999999999999998;5,008347245409012;64;False
J. L. OLIVEIRA & BARROS LTDA;13113477000478;GETULIO VARGAS;DIESEL S10;29/04/2026;7,29;VIBRA;6,29;1,0;15,89825119236884;6,2832203389830505;6,29;1,0;7,295;-0,004999999999999893;-0,06854009595613288;64;False
J. L. OLIVEIRA & BARROS LTDA;13113477000478;GETULIO VARGAS;DIESEL S10;13/05/2026;7,29;VIBRA;7,29;0,0;0,0;6,3;6,29;1,0;7,1899999999999995;0,10000000000000053;1,3908205841446528;64;False
J. L. OLIVEIRA & BARROS LTDA;13113477000478;GETULIO VARGAS;DIESEL S10;03/06/2026;7,29;VIBRA;7,29;0,0;0,0;6,316229508196722;6,29;1,0;7,135;0,15500000000000025;2,1723896285914543;64;False
J. L. OLIVEIRA & BARROS LTDA;13113477000478;GETULIO VARGAS;DIESEL S10;09/06/2026;7,29;VIBRA;7,29;0,0;0,0;6,331935483870968;6,29;1,0;6,98;0,3099999999999996;4,441260744985668;64;False
J. L. OLIVEIRA & BARROS LTDA;13113477000478;GETULIO VARGAS;DIESEL S10;30/06/2026;7,29;VIBRA;7,29;0,0;0,0;6,347142857142857;6,29;1,0;6,87;0,41999999999999993;6,113537117903929;64;False
J. L. OLIVEIRA & BARROS LTDA;13113477000478;GETULIO VARGAS;ETANOL;15/10/2024;4,74;VIBRA;;;;;;;4,5600000000000005;0,17999999999999972;3,947368421052625;6;False
J. L. OLIVEIRA & BARROS LTDA;13113477000478;GETULIO VARGAS;ETANOL;21/10/2024;4,54;VIBRA;4,74;-0,20000000000000018;-4,2194092827004255;4,74;4,74;-0,20000000000000018;4,49;0,04999999999999982;1,1135857461024459;6;False
J. L. OLIVEIRA & BARROS LTDA;13113477000478;GETULIO VARGAS;ETANOL;28/10/2024;4,54;VIBRA;4,54;0,0;0,0;4,640000000000001;4,640000000000001;-0,10000000000000053;4,39;0,15000000000000036;3,4168564920273434;6;False
J. L. OLIVEIRA & BARROS LTDA;13113477000478;GETULIO VARGAS;ETANOL;04/11/2024;4,54;VIBRA;4,54;0,0;0,0;4,6066666666666665;4,54;0,0;4,39;0,15000000000000036;3,4168564920273434;6;False
J. L. OLIVEIRA & BARROS LTDA;13113477000478;GETULIO VARGAS;ETANOL;24/02/2026;4,99;VIBRA;4,54;0,4500000000000002;9,911894273127757;4,59;4,54;0,4500000000000002;4,87;0,1200000000000001;2,4640657084188935;6;False
J. L. OLIVEIRA & BARROS LTDA;13113477000478;GETULIO VARGAS;ETANOL;31/03/2026;5,29;VIBRA;4,99;0,2999999999999998;6,012024048096189;4,67;4,54;0,75;5,140000000000001;0,14999999999999947;2,91828793774318;6;False
J. L. OLIVEIRA & BARROS LTDA;13113477000478;GETULIO VARGAS;GASOLINA;15/10/2024;6,27;VIBRA;;;;;;;6,22;0,04999999999999982;0,8038585209003187;89;False
J. L. OLIVEIRA & BARROS LTDA;13113477000478;GETULIO VARGAS;GASOLINA;21/10/2024;5,95;VIBRA;6,27;-0,3199999999999994;-5,10366826156299;6,27;6,27;-0,3199999999999994;5,95;0,0;0,0;89;False
J. L. OLIVEIRA & BARROS LTDA;13113477000478;GETULIO VARGAS;GASOLINA;28/10/2024;5,95;VIBRA;5,95;0,0;0,0;6,109999999999999;6,109999999999999;-0,15999999999999925;5,92;0,03000000000000025;0,5067567567567609;89;False
J. L. OLIVEIRA & BARROS LTDA;13113477000478;GETULIO VARGAS;GASOLINA;04/11/2024;5,95;VIBRA;5,95;0,0;0,0;6,0566666666666675;5,95;0,0;5,92;0,03000000000000025;0,5067567567567609;89;False
J. L. OLIVEIRA & BARROS LTDA;13113477000478;GETULIO VARGAS;GASOLINA;11/11/2024;5,95;VIBRA;5,95;0,0;0,0;6,03;5,95;0,0;5,9;0,04999999999999982;0,8474576271186409;89;False
J. L. OLIVEIRA & BARROS LTDA;13113477000478;GETULIO VARGAS;GASOLINA;18/11/2024;6,37;VIBRA;5,95;0,41999999999999993;7,058823529411764;6,014;5,95;0,41999999999999993;6,32;0,04999999999999982;0,7911392405063262;89;False
J. L. OLIVEIRA & BARROS LTDA;13113477000478;GETULIO VARGAS;GASOLINA;25/11/2024;6,37;VIBRA;6,37;0,0;0,0;6,073333333333333;5,95;0,41999999999999993;6,32;0,04999999999999982;0,7911392405063262;89;False
J. L. OLIVEIRA & BARROS LTDA;13113477000478;GETULIO VARGAS;GASOLINA;03/12/2024;6,37;VIBRA;6,37;0,0;0,0;6,115714285714286;5,95;0,41999999999999993;6,32;0,04999999999999982;0,7911392405063262;89;False
J. L. OLIVEIRA & BARROS LTDA;13113477000478;GETULIO VARGAS;GASOLINA;09/12/2024;6,37;VIBRA;6,37;0,0;0,0;6,1475;6,109999999999999;0,2600000000000007;6,32;0,04999999999999982;0,7911392405063262;89;False
J. L. OLIVEIRA & BARROS LTDA;13113477000478;GETULIO VARGAS;GASOLINA;16/12/2024;6,37;VIBRA;6,37;0,0;0,0;6,172222222222222;6,27;0,10000000000000053;6,32;0,04999999999999982;0,7911392405063262;89;False
J. L. OLIVEIRA & BARROS LTDA;13113477000478;GETULIO VARGAS;GASOLINA;23/12/2024;6,37;VIBRA;6,37;0,0;0,0;6,192;6,32;0,04999999999999982;6,32;0,04999999999999982;0,7911392405063262;89;False
J. L. OLIVEIRA & BARROS LTDA;13113477000478;GETULIO VARGAS;GASOLINA;30/12/2024;6,37;VIBRA;6,37;0,0;0,0;6,208181818181819;6,37;0,0;6,32;0,04999999999999982;0,7911392405063262;89;False
J. L. OLIVEIRA & BARROS LTDA;13113477000478;GETULIO VARGAS;GASOLINA;06/01/2025;6,37;VIBRA;6,37;0,0;0,0;6,221666666666667;6,37;0,0;6,32;0,04999999999999982;0,7911392405063262;89;False
J. L. OLIVEIRA & BARROS LTDA;13113477000478;GETULIO VARGAS;GASOLINA;13/01/2025;6,49;VIBRA;6,37;0,1200000000000001;1,8838304552590284;6,233076923076923;6,37;0,1200000000000001;6,42;0,07000000000000028;1,0903426791277304;89;False
J. L. OLIVEIRA & BARROS LTDA;13113477000478;GETULIO VARGAS;GASOLINA;20/01/2025;6,49;VIBRA;6,49;0,0;0,0;6,251428571428571;6,37;0,1200000000000001;6,42;0,07000000000000028;1,0903426791277304;89;False
J. L. OLIVEIRA & BARROS LTDA;13113477000478;GETULIO VARGAS;GASOLINA;28/01/2025;6,49;VIBRA;6,49;0,0;0,0;6,267333333333334;6,37;0,1200000000000001;6,42;0,07000000000000028;1,0903426791277304;89;False
J. L. OLIVEIRA & BARROS LTDA;13113477000478;GETULIO VARGAS;GASOLINA;03/02/2025;6,49;VIBRA;6,49;0,0;0,0;6,28125;6,37;0,1200000000000001;6,49;0,0;0,0;89;False
J. L. OLIVEIRA & BARROS LTDA;13113477000478;GETULIO VARGAS;GASOLINA;11/02/2025;6,68;VIBRA;6,49;0,1899999999999995;2,9275808936825807;6,293529411764706;6,37;0,3099999999999996;6,62;0,05999999999999961;0,9063444108761269;89;False
J. L. OLIVEIRA & BARROS LTDA;13113477000478;GETULIO VARGAS;GASOLINA;18/02/2025;6,68;VIBRA;6,68;0,0;0,0;6,315;6,37;0,3099999999999996;6,62;0,05999999999999961;0,9063444108761269;89;False
J. L. OLIVEIRA & BARROS LTDA;13113477000478;GETULIO VARGAS;GASOLINA;25/02/2025;6,68;VIBRA;6,68;0,0;0,0;6,334210526315789;6,37;0,3099999999999996;6,62;0,05999999999999961;0,9063444108761269;89;False
J. L. OLIVEIRA & BARROS LTDA;13113477000478;GETULIO VARGAS;GASOLINA;03/03/2025;6,68;VIBRA;6,68;0,0;0,0;6,3515;6,37;0,3099999999999996;6,62;0,05999999999999961;0,9063444108761269;89;False
J. L. OLIVEIRA & BARROS LTDA;13113477000478;GETULIO VARGAS;GASOLINA;11/03/2025;6,68;VIBRA;6,68;0,0;0,0;6,367142857142857;6,37;0,3099999999999996;6,62;0,05999999999999961;0,9063444108761269;89;False
J. L. OLIVEIRA & BARROS LTDA;13113477000478;GETULIO VARGAS;GASOLINA;18/03/2025;6,68;VIBRA;6,68;0,0;0,0;6,381363636363636;6,37;0,3099999999999996;6,62;0,05999999999999961;0,9063444108761269;89;False
J. L. OLIVEIRA & BARROS LTDA;13113477000478;GETULIO VARGAS;GASOLINA;25/03/2025;6,68;VIBRA;6,68;0,0;0,0;6,394347826086956;6,37;0,3099999999999996;6,62;0,05999999999999961;0,9063444108761269;89;False
J. L. OLIVEIRA & BARROS LTDA;13113477000478;GETULIO VARGAS;GASOLINA;31/03/2025;6,68;VIBRA;6,68;0,0;0,0;6,40625;6,37;0,3099999999999996;6,62;0,05999999999999961;0,9063444108761269;89;False
J. L. OLIVEIRA & BARROS LTDA;13113477000478;GETULIO VARGAS;GASOLINA;08/04/2025;6,68;VIBRA;6,68;0,0;0,0;6,4172;6,37;0,3099999999999996;6,62;0,05999999999999961;0,9063444108761269;89;False
J. L. OLIVEIRA & BARROS LTDA;13113477000478;GETULIO VARGAS;GASOLINA;15/04/2025;6,58;VIBRA;6,68;-0,09999999999999964;-1,4970059880239468;6,427307692307693;6,43;0,15000000000000036;6,52;0,0600000000000005;0,9202453987730138;89;False
J. L. OLIVEIRA & BARROS LTDA;13113477000478;GETULIO VARGAS;GASOLINA;22/04/2025;6,58;VIBRA;6,58;0,0;0,0;6,4329629629629625;6,49;0,08999999999999986;6,539999999999999;0,040000000000000924;0,6116207951070479;89;False
J. L. OLIVEIRA & BARROS LTDA;13113477000478;GETULIO VARGAS;GASOLINA;29/04/2025;6,68;VIBRA;6,58;0,09999999999999964;1,5197568389057698;6,438214285714286;6,49;0,1899999999999995;6,62;0,05999999999999961;0,9063444108761269;89;False
J. L. OLIVEIRA & BARROS LTDA;13113477000478;GETULIO VARGAS;GASOLINA;05/05/2025;6,68;VIBRA;6,68;0,0;0,0;6,44655172413793;6,49;0,1899999999999995;6,62;0,05999999999999961;0,9063444108761269;89;False
J. L. OLIVEIRA & BARROS LTDA;13113477000478;GETULIO VARGAS;GASOLINA;12/05/2025;6,68;VIBRA;6,68;0,0;0,0;6,4543333333333335;6,49;0,1899999999999995;6,62;0,05999999999999961;0,9063444108761269;89;False
J. L. OLIVEIRA & BARROS LTDA;13113477000478;GETULIO VARGAS;GASOLINA;19/05/2025;6,68;VIBRA;6,68;0,0;0,0;6,461612903225807;6,49;0,1899999999999995;6,62;0,05999999999999961;0,9063444108761269;89;False
J. L. OLIVEIRA & BARROS LTDA;13113477000478;GETULIO VARGAS;GASOLINA;27/05/2025;6,68;VIBRA;6,68;0,0;0,0;6,4684375;6,49;0,1899999999999995;6,62;0,05999999999999961;0,9063444108761269;89;False
J. L. OLIVEIRA & BARROS LTDA;13113477000478;GETULIO VARGAS;GASOLINA;03/06/2025;6,68;VIBRA;6,68;0,0;0,0;6,474848484848485;6,49;0,1899999999999995;6,62;0,05999999999999961;0,9063444108761269;89;False
J. L. OLIVEIRA & BARROS LTDA;13113477000478;GETULIO VARGAS;GASOLINA;09/06/2025;6,68;VIBRA;6,68;0,0;0,0;6,480882352941176;6,535;0,14499999999999957;6,62;0,05999999999999961;0,9063444108761269;89;False
J. L. OLIVEIRA & BARROS LTDA;13113477000478;GETULIO VARGAS;GASOLINA;16/06/2025;6,68;VIBRA;6,68;0,0;0,0;6,486571428571429;6,58;0,09999999999999964;6,62;0,05999999999999961;0,9063444108761269;89;False
J. L. OLIVEIRA & BARROS LTDA;13113477000478;GETULIO VARGAS;GASOLINA;24/06/2025;6,68;VIBRA;6,68;0,0;0,0;6,491944444444445;6,58;0,09999999999999964;6,62;0,05999999999999961;0,9063444108761269;89;False
J. L. OLIVEIRA & BARROS LTDA;13113477000478;GETULIO VARGAS;GASOLINA;30/06/2025;6,68;VIBRA;6,68;0,0;0,0;6,497027027027027;6,58;0,09999999999999964;6,62;0,05999999999999961;0,9063444108761269;89;False
J. L. OLIVEIRA & BARROS LTDA;13113477000478;GETULIO VARGAS;GASOLINA;08/07/2025;6,68;VIBRA;6,68;0,0;0,0;6,501842105263158;6,63;0,04999999999999982;6,62;0,05999999999999961;0,9063444108761269;89;False
J. L. OLIVEIRA & BARROS LTDA;13113477000478;GETULIO VARGAS;GASOLINA;15/07/2025;6,68;VIBRA;6,68;0,0;0,0;6,506410256410256;6,68;0,0;6,62;0,05999999999999961;0,9063444108761269;89;False
J. L. OLIVEIRA & BARROS LTDA;13113477000478;GETULIO VARGAS;GASOLINA;22/07/2025;6,68;VIBRA;6,68;0,0;0,0;6,51075;6,68;0,0;6,62;0,05999999999999961;0,9063444108761269;89;False
J. L. OLIVEIRA & BARROS LTDA;13113477000478;GETULIO VARGAS;GASOLINA;28/07/2025;6,68;VIBRA;6,68;0,0;0,0;6,5148780487804885;6,68;0,0;6,62;0,05999999999999961;0,9063444108761269;89;False
J. L. OLIVEIRA & BARROS LTDA;13113477000478;GETULIO VARGAS;GASOLINA;05/08/2025;6,68;VIBRA;6,68;0,0;0,0;6,518809523809525;6,68;0,0;6,62;0,05999999999999961;0,9063444108761269;89;False
J. L. OLIVEIRA & BARROS LTDA;13113477000478;GETULIO VARGAS;GASOLINA;12/08/2025;6,68;VIBRA;6,68;0,0;0,0;6,522558139534883;6,68;0,0;6,62;0,05999999999999961;0,9063444108761269;89;False
J. L. OLIVEIRA & BARROS LTDA;13113477000478;GETULIO VARGAS;GASOLINA;19/08/2025;6,68;VIBRA;6,68;0,0;0,0;6,526136363636363;6,68;0,0;6,62;0,05999999999999961;0,9063444108761269;89;False
J. L. OLIVEIRA & BARROS LTDA;13113477000478;GETULIO VARGAS;GASOLINA;27/08/2025;6,68;VIBRA;6,68;0,0;0,0;6,529555555555556;6,68;0,0;6,62;0,05999999999999961;0,9063444108761269;89;False
J. L. OLIVEIRA & BARROS LTDA;13113477000478;GETULIO VARGAS;GASOLINA;02/09/2025;6,68;VIBRA;6,68;0,0;0,0;6,532826086956521;6,68;0,0;6,62;0,05999999999999961;0,9063444108761269;89;False
J. L. OLIVEIRA & BARROS LTDA;13113477000478;GETULIO VARGAS;GASOLINA;09/09/2025;6,68;VIBRA;6,68;0,0;0,0;6,535957446808511;6,68;0,0;6,62;0,05999999999999961;0,9063444108761269;89;False
J. L. OLIVEIRA & BARROS LTDA;13113477000478;GETULIO VARGAS;GASOLINA;17/09/2025;6,68;VIBRA;6,68;0,0;0,0;6,538958333333333;6,68;0,0;6,62;0,05999999999999961;0,9063444108761269;89;False
J. L. OLIVEIRA & BARROS LTDA;13113477000478;GETULIO VARGAS;GASOLINA;22/09/2025;6,68;VIBRA;6,68;0,0;0,0;6,541836734693878;6,68;0,0;6,62;0,05999999999999961;0,9063444108761269;89;False
J. L. OLIVEIRA & BARROS LTDA;13113477000478;GETULIO VARGAS;GASOLINA;30/09/2025;6,68;VIBRA;6,68;0,0;0,0;6,5446;6,68;0,0;6,62;0,05999999999999961;0,9063444108761269;89;False
J. L. OLIVEIRA & BARROS LTDA;13113477000478;GETULIO VARGAS;GASOLINA;06/10/2025;6,68;VIBRA;6,68;0,0;0,0;6,547254901960784;6,68;0,0;6,62;0,05999999999999961;0,9063444108761269;89;False
J. L. OLIVEIRA & BARROS LTDA;13113477000478;GETULIO VARGAS;GASOLINA;13/10/2025;6,68;VIBRA;6,68;0,0;0,0;6,5498076923076916;6,68;0,0;6,62;0,05999999999999961;0,9063444108761269;89;False
J. L. OLIVEIRA & BARROS LTDA;13113477000478;GETULIO VARGAS;GASOLINA;20/10/2025;6,68;VIBRA;6,68;0,0;0,0;6,552264150943396;6,68;0,0;6,62;0,05999999999999961;0,9063444108761269;89;False
J. L. OLIVEIRA & BARROS LTDA;13113477000478;GETULIO VARGAS;GASOLINA;28/10/2025;6,58;VIBRA;6,68;-0,09999999999999964;-1,4970059880239468;6,55462962962963;6,68;-0,09999999999999964;6,545;0,03500000000000014;0,5347593582887722;89;False
J. L. OLIVEIRA & BARROS LTDA;13113477000478;GETULIO VARGAS;GASOLINA;04/11/2025;6,58;VIBRA;6,58;0,0;0,0;6,555090909090908;6,68;-0,09999999999999964;6,57;0,009999999999999787;0,15220700152206676;89;False
J. L. OLIVEIRA & BARROS LTDA;13113477000478;GETULIO VARGAS;GASOLINA;11/11/2025;6,58;VIBRA;6,58;0,0;0,0;6,555535714285715;6,68;-0,09999999999999964;6,52;0,0600000000000005;0,9202453987730138;89;False
J. L. OLIVEIRA & BARROS LTDA;13113477000478;GETULIO VARGAS;GASOLINA;18/11/2025;6,58;VIBRA;6,58;0,0;0,0;6,555964912280702;6,68;-0,09999999999999964;6,52;0,0600000000000005;0,9202453987730138;89;False
J. L. OLIVEIRA & BARROS LTDA;13113477000478;GETULIO VARGAS;GASOLINA;25/11/2025;6,58;VIBRA;6,58;0,0;0,0;6,556379310344827;6,68;-0,09999999999999964;6,52;0,0600000000000005;0,9202453987730138;89;False
J. L. OLIVEIRA & BARROS LTDA;13113477000478;GETULIO VARGAS;GASOLINA;01/12/2025;6,58;VIBRA;6,58;0,0;0,0;6,556779661016948;6,68;-0,09999999999999964;6,58;0,0;0,0;89;False
J. L. OLIVEIRA & BARROS LTDA;13113477000478;GETULIO VARGAS;GASOLINA;08/12/2025;6,58;VIBRA;6,58;0,0;0,0;6,557166666666666;6,68;-0,09999999999999964;6,585;-0,004999999999999893;-0,07593014426727249;89;False
J. L. OLIVEIRA & BARROS LTDA;13113477000478;GETULIO VARGAS;GASOLINA;15/12/2025;6,58;VIBRA;6,58;0,0;0,0;6,5575409836065575;6,68;-0,09999999999999964;6,585;-0,004999999999999893;-0,07593014426727249;89;False
J. L. OLIVEIRA & BARROS LTDA;13113477000478;GETULIO VARGAS;GASOLINA;24/12/2025;6,58;VIBRA;6,58;0,0;0,0;6,557903225806451;6,68;-0,09999999999999964;6,545;0,03500000000000014;0,5347593582887722;89;False
J. L. OLIVEIRA & BARROS LTDA;13113477000478;GETULIO VARGAS;GASOLINA;29/12/2025;6,58;VIBRA;6,58;0,0;0,0;6,558253968253968;6,68;-0,09999999999999964;6,58;0,0;0,0;89;False
J. L. OLIVEIRA & BARROS LTDA;13113477000478;GETULIO VARGAS;GASOLINA;05/01/2026;6,58;VIBRA;6,58;0,0;0,0;6,55859375;6,68;-0,09999999999999964;6,58;0,0;0,0;89;False
J. L. OLIVEIRA & BARROS LTDA;13113477000478;GETULIO VARGAS;GASOLINA;12/01/2026;6,58;VIBRA;6,58;0,0;0,0;6,558923076923077;6,68;-0,09999999999999964;6,52;0,0600000000000005;0,9202453987730138;89;False
J. L. OLIVEIRA & BARROS LTDA;13113477000478;GETULIO VARGAS;GASOLINA;20/01/2026;6,58;VIBRA;6,58;0,0;0,0;6,559242424242424;6,68;-0,09999999999999964;6,58;0,0;0,0;89;False
J. L. OLIVEIRA & BARROS LTDA;13113477000478;GETULIO VARGAS;GASOLINA;26/01/2026;6,58;VIBRA;6,58;0,0;0,0;6,559552238805971;6,68;-0,09999999999999964;6,52;0,0600000000000005;0,9202453987730138;89;False
J. L. OLIVEIRA & BARROS LTDA;13113477000478;GETULIO VARGAS;GASOLINA;03/02/2026;6,58;VIBRA;6,58;0,0;0,0;6,55985294117647;6,68;-0,09999999999999964;6,55;0,03000000000000025;0,45801526717557633;89;False
J. L. OLIVEIRA & BARROS LTDA;13113477000478;GETULIO VARGAS;GASOLINA;09/02/2026;6,58;VIBRA;6,58;0,0;0,0;6,560144927536231;6,68;-0,09999999999999964;6,52;0,0600000000000005;0,9202453987730138;89;False
J. L. OLIVEIRA & BARROS LTDA;13113477000478;GETULIO VARGAS;GASOLINA;24/02/2026;6,58;VIBRA;6,58;0,0;0,0;6,560428571428572;6,63;-0,04999999999999982;6,539999999999999;0,040000000000000924;0,6116207951070479;89;False
J. L. OLIVEIRA & BARROS LTDA;13113477000478;GETULIO VARGAS;GASOLINA;04/03/2026;6,58;VIBRA;6,58;0,0;0,0;6,560704225352112;6,58;0,0;6,5649999999999995;0,015000000000000568;0,22848438690023717;89;False
J. L. OLIVEIRA & BARROS LTDA;13113477000478;GETULIO VARGAS;GASOLINA;09/03/2026;6,88;VIBRA;6,58;0,2999999999999998;4,559270516717322;6,560972222222222;6,58;0,2999999999999998;6,82;0,05999999999999961;0,8797653958944224;89;False
J. L. OLIVEIRA & BARROS LTDA;13113477000478;GETULIO VARGAS;GASOLINA;20/03/2026;7,68;VIBRA;6,88;0,7999999999999998;11,627906976744184;6,5653424657534245;6,58;1,0999999999999996;7,29;0,3899999999999997;5,349794238683123;89;False
J. L. OLIVEIRA & BARROS LTDA;13113477000478;GETULIO VARGAS;GASOLINA;25/03/2026;7,29;VIBRA;7,68;-0,3899999999999997;-5,078124999999996;6,580405405405405;6,63;0,6600000000000001;7,29;0,0;0,0;89;False
J. L. OLIVEIRA & BARROS LTDA;13113477000478;GETULIO VARGAS;GASOLINA;31/03/2026;7,29;VIBRA;7,29;0,0;0,0;6,5898666666666665;6,68;0,6100000000000003;7,29;0,0;0,0;89;False
J. L. OLIVEIRA & BARROS LTDA;13113477000478;GETULIO VARGAS;GASOLINA;09/04/2026;7,29;VIBRA;7,29;0,0;0,0;6,599078947368421;6,68;0,6100000000000003;7,29;0,0;0,0;89;False
J. L. OLIVEIRA & BARROS LTDA;13113477000478;GETULIO VARGAS;GASOLINA;15/04/2026;7,29;VIBRA;7,29;0,0;0,0;6,608051948051948;6,68;0,6100000000000003;7,29;0,0;0,0;89;False
J. L. OLIVEIRA & BARROS LTDA;13113477000478;GETULIO VARGAS;GASOLINA;24/04/2026;7,29;VIBRA;7,29;0,0;0,0;6,616794871794872;6,68;0,6100000000000003;7,23;0,05999999999999961;0,8298755186721938;89;False
J. L. OLIVEIRA & BARROS LTDA;13113477000478;GETULIO VARGAS;GASOLINA;29/04/2026;7,29;VIBRA;7,29;0,0;0,0;6,625316455696202;6,68;0,6100000000000003;7,265000000000001;0,024999999999999467;0,34411562284927;89;False
J. L. OLIVEIRA & BARROS LTDA;13113477000478;GETULIO VARGAS;GASOLINA;07/05/2026;7,58;VIBRA;7,29;0,29000000000000004;3,9780521262002746;6,633624999999999;6,68;0,9000000000000004;7,58;0,0;0,0;89;False
J. L. OLIVEIRA & BARROS LTDA;13113477000478;GETULIO VARGAS;GASOLINA;13/05/2026;7,58;VIBRA;7,58;0,0;0,0;6,6453086419753085;6,68;0,9000000000000004;7,59;-0,009999999999999787;-0,13175230566534632;89;False
J. L. OLIVEIRA & BARROS LTDA;13113477000478;GETULIO VARGAS;GASOLINA;20/05/2026;7,19;VIBRA;7,58;-0,3899999999999997;-5,14511873350923;6,656707317073171;6,68;0,5100000000000007;7,19;0,0;0,0;89;False
J. L. OLIVEIRA & BARROS LTDA;13113477000478;GETULIO VARGAS;GASOLINA;26/05/2026;7,19;VIBRA;7,19;0,0;0,0;6,663132530120482;6,68;0,5100000000000007;7,135;0,055000000000000604;0,770847932726007;89;False
J. L. OLIVEIRA & BARROS LTDA;13113477000478;GETULIO VARGAS;GASOLINA;03/06/2026;7,19;VIBRA;7,19;0,0;0,0;6,6694047619047625;6,68;0,5100000000000007;7,19;0,0;0,0;89;False
J. L. OLIVEIRA & BARROS LTDA;13113477000478;GETULIO VARGAS;GASOLINA;09/06/2026;7,19;VIBRA;7,19;0,0;0,0;6,675529411764705;6,68;0,5100000000000007;7,155;0,03500000000000014;0,4891684136967176;89;False
J. L. OLIVEIRA & BARROS LTDA;13113477000478;GETULIO VARGAS;GASOLINA;16/06/2026;7,19;VIBRA;7,19;0,0;0,0;6,681511627906977;6,68;0,5100000000000007;7,12;0,07000000000000028;0,9831460674157343;89;False
J. L. OLIVEIRA & BARROS LTDA;13113477000478;GETULIO VARGAS;GASOLINA;23/06/2026;7,19;VIBRA;7,19;0,0;0,0;6,68735632183908;6,68;0,5100000000000007;7,12;0,07000000000000028;0,9831460674157343;89;False
J. L. OLIVEIRA & BARROS LTDA;13113477000478;GETULIO VARGAS;GASOLINA;30/06/2026;7,19;VIBRA;7,19;0,0;0,0;6,693068181818182;6,68;0,5100000000000007;7,12;0,07000000000000028;0,9831460674157343;89;False
COMERCIAL MARIVAN LTDA;13179247000169;LUZIA;DIESEL S10;20/03/2026;6,79;VIBRA;;;;;;;6,79;0,0;0,0;1;True
COMERCIAL MARIVAN LTDA;13179247000169;LUZIA;ETANOL;15/10/2024;4,55;VIBRA;;;;;;;4,5600000000000005;-0,010000000000000675;-0,21929824561404987;79;False
COMERCIAL MARIVAN LTDA;13179247000169;LUZIA;ETANOL;21/10/2024;4,39;VIBRA;4,55;-0,16000000000000014;-3,51648351648352;4,55;4,55;-0,16000000000000014;4,49;-0,10000000000000053;-2,2271714922049117;79;False
COMERCIAL MARIVAN LTDA;13179247000169;LUZIA;ETANOL;28/10/2024;4,39;VIBRA;4,39;0,0;0,0;4,47;4,47;-0,08000000000000007;4,39;0,0;0,0;79;False
COMERCIAL MARIVAN LTDA;13179247000169;LUZIA;ETANOL;04/11/2024;4,39;VIBRA;4,39;0,0;0,0;4,4433333333333325;4,39;0,0;4,39;0,0;0,0;79;False
COMERCIAL MARIVAN LTDA;13179247000169;LUZIA;ETANOL;11/11/2024;4,39;VIBRA;4,39;0,0;0,0;4,43;4,39;0,0;4,39;0,0;0,0;79;False
COMERCIAL MARIVAN LTDA;13179247000169;LUZIA;ETANOL;18/11/2024;4,39;VIBRA;4,39;0,0;0,0;4,422;4,39;0,0;4,39;0,0;0,0;79;False
COMERCIAL MARIVAN LTDA;13179247000169;LUZIA;ETANOL;25/11/2024;4,37;VIBRA;4,39;-0,019999999999999574;-0,455580865603635;4,416666666666667;4,39;-0,019999999999999574;4,39;-0,019999999999999574;-0,455580865603635;79;False
COMERCIAL MARIVAN LTDA;13179247000169;LUZIA;ETANOL;03/12/2024;4,27;VIBRA;4,37;-0,10000000000000053;-2,288329519450813;4,409999999999999;4,39;-0,1200000000000001;4,295;-0,025000000000000355;-0,5820721769499501;79;False
COMERCIAL MARIVAN LTDA;13179247000169;LUZIA;ETANOL;09/12/2024;4,27;VIBRA;4,27;0,0;0,0;4,3925;4,39;-0,1200000000000001;4,295;-0,025000000000000355;-0,5820721769499501;79;False
COMERCIAL MARIVAN LTDA;13179247000169;LUZIA;ETANOL;16/12/2024;4,2;VIBRA;4,27;-0,0699999999999994;-1,6393442622950678;4,378888888888889;4,39;-0,1899999999999995;4,29;-0,08999999999999986;-2,0979020979020944;79;False
COMERCIAL MARIVAN LTDA;13179247000169;LUZIA;ETANOL;23/12/2024;4,2;VIBRA;4,2;0,0;0,0;4,361;4,39;-0,1899999999999995;4,29;-0,08999999999999986;-2,0979020979020944;79;False
COMERCIAL MARIVAN LTDA;13179247000169;LUZIA;ETANOL;30/12/2024;4,2;VIBRA;4,2;0,0;0,0;4,346363636363636;4,39;-0,1899999999999995;4,29;-0,08999999999999986;-2,0979020979020944;79;False
COMERCIAL MARIVAN LTDA;13179247000169;LUZIA;ETANOL;06/01/2025;4,27;VIBRA;4,2;0,0699999999999994;1,666666666666652;4,3341666666666665;4,38;-0,11000000000000032;4,295;-0,025000000000000355;-0,5820721769499501;79;False
COMERCIAL MARIVAN LTDA;13179247000169;LUZIA;ETANOL;13/01/2025;4,57;VIBRA;4,27;0,3000000000000007;7,025761124121797;4,32923076923077;4,37;0,20000000000000018;4,59;-0,019999999999999574;-0,43572984749454413;79;False
COMERCIAL MARIVAN LTDA;13179247000169;LUZIA;ETANOL;20/01/2025;4,57;VIBRA;4,57;0,0;0,0;4,346428571428571;4,38;0,1900000000000004;4,625;-0,054999999999999716;-1,189189189189183;79;False
COMERCIAL MARIVAN LTDA;13179247000169;LUZIA;ETANOL;28/01/2025;4,59;VIBRA;4,57;0,019999999999999574;0,4376367614879556;4,3613333333333335;4,39;0,20000000000000018;4,66;-0,07000000000000028;-1,5021459227467873;79;False
COMERCIAL MARIVAN LTDA;13179247000169;LUZIA;ETANOL;03/02/2025;4,59;VIBRA;4,59;0,0;0,0;4,375624999999999;4,39;0,20000000000000018;4,74;-0,15000000000000036;-3,1645569620253235;79;False
COMERCIAL MARIVAN LTDA;13179247000169;LUZIA;ETANOL;11/02/2025;4,8;VIBRA;4,59;0,20999999999999996;4,57516339869281;4,388235294117647;4,39;0,41000000000000014;4,845;-0,04499999999999993;-0,9287925696594413;79;False
COMERCIAL MARIVAN LTDA;13179247000169;LUZIA;ETANOL;18/02/2025;4,8;VIBRA;4,8;0,0;0,0;4,4111111111111105;4,39;0,41000000000000014;4,89;-0,08999999999999986;-1,8404907975460096;79;False
COMERCIAL MARIVAN LTDA;13179247000169;LUZIA;ETANOL;25/02/2025;4,8;VIBRA;4,8;0,0;0,0;4,431578947368421;4,39;0,41000000000000014;4,89;-0,08999999999999986;-1,8404907975460096;79;False
COMERCIAL MARIVAN LTDA;13179247000169;LUZIA;ETANOL;03/03/2025;4,8;VIBRA;4,8;0,0;0,0;4,45;4,39;0,41000000000000014;4,89;-0,08999999999999986;-1,8404907975460096;79;False
COMERCIAL MARIVAN LTDA;13179247000169;LUZIA;ETANOL;11/03/2025;4,8;VIBRA;4,8;0,0;0,0;4,466666666666667;4,39;0,41000000000000014;4,89;-0,08999999999999986;-1,8404907975460096;79;False
COMERCIAL MARIVAN LTDA;13179247000169;LUZIA;ETANOL;18/03/2025;4,8;VIBRA;4,8;0,0;0,0;4,4818181818181815;4,39;0,41000000000000014;4,89;-0,08999999999999986;-1,8404907975460096;79;False
COMERCIAL MARIVAN LTDA;13179247000169;LUZIA;ETANOL;25/03/2025;4,8;VIBRA;4,8;0,0;0,0;4,495652173913043;4,39;0,41000000000000014;4,89;-0,08999999999999986;-1,8404907975460096;79;False
COMERCIAL MARIVAN LTDA;13179247000169;LUZIA;ETANOL;31/03/2025;4,8;VIBRA;4,8;0,0;0,0;4,508333333333334;4,47;0,33000000000000007;4,865;-0,06500000000000039;-1,3360739979445095;79;False
COMERCIAL MARIVAN LTDA;13179247000169;LUZIA;ETANOL;08/04/2025;4,8;VIBRA;4,8;0,0;0,0;4,52;4,55;0,25;4,865;-0,06500000000000039;-1,3360739979445095;79;False
COMERCIAL MARIVAN LTDA;13179247000169;LUZIA;ETANOL;15/04/2025;4,8;VIBRA;4,8;0,0;0,0;4,530769230769231;4,5600000000000005;0,23999999999999932;4,89;-0,08999999999999986;-1,8404907975460096;79;False
COMERCIAL MARIVAN LTDA;13179247000169;LUZIA;ETANOL;22/04/2025;4,8;VIBRA;4,8;0,0;0,0;4,54074074074074;4,57;0,22999999999999954;4,89;-0,08999999999999986;-1,8404907975460096;79;False
COMERCIAL MARIVAN LTDA;13179247000169;LUZIA;ETANOL;29/04/2025;4,8;VIBRA;4,8;0,0;0,0;4,55;4,57;0,22999999999999954;4,89;-0,08999999999999986;-1,8404907975460096;79;False
COMERCIAL MARIVAN LTDA;13179247000169;LUZIA;ETANOL;05/05/2025;4,8;VIBRA;4,8;0,0;0,0;4,558620689655172;4,57;0,22999999999999954;4,89;-0,08999999999999986;-1,8404907975460096;79;False
COMERCIAL MARIVAN LTDA;13179247000169;LUZIA;ETANOL;12/05/2025;4,8;VIBRA;4,8;0,0;0,0;4,566666666666666;4,58;0,21999999999999975;4,869999999999999;-0,0699999999999994;-1,437371663244341;79;False
COMERCIAL MARIVAN LTDA;13179247000169;LUZIA;ETANOL;19/05/2025;4,8;VIBRA;4,8;0,0;0,0;4,574193548387096;4,59;0,20999999999999996;4,94;-0,14000000000000057;-2,834008097166003;79;False
COMERCIAL MARIVAN LTDA;13179247000169;LUZIA;ETANOL;27/05/2025;4,9;VIBRA;4,8;0,10000000000000053;2,0833333333333446;4,58125;4,59;0,3100000000000005;4,965;-0,0649999999999995;-1,3091641490432933;79;False
COMERCIAL MARIVAN LTDA;13179247000169;LUZIA;ETANOL;03/06/2025;4,9;VIBRA;4,9;0,0;0,0;4,590909090909091;4,59;0,3100000000000005;4,95;-0,04999999999999982;-1,0101010101010066;79;False
COMERCIAL MARIVAN LTDA;13179247000169;LUZIA;ETANOL;09/06/2025;4,9;VIBRA;4,9;0,0;0,0;4,6000000000000005;4,695;0,20500000000000007;4,95;-0,04999999999999982;-1,0101010101010066;79;False
COMERCIAL MARIVAN LTDA;13179247000169;LUZIA;ETANOL;16/06/2025;4,9;VIBRA;4,9;0,0;0,0;4,608571428571428;4,8;0,10000000000000053;4,95;-0,04999999999999982;-1,0101010101010066;79;False
COMERCIAL MARIVAN LTDA;13179247000169;LUZIA;ETANOL;24/06/2025;4,9;VIBRA;4,9;0,0;0,0;4,616666666666666;4,8;0,10000000000000053;4,95;-0,04999999999999982;-1,0101010101010066;79;False
COMERCIAL MARIVAN LTDA;13179247000169;LUZIA;ETANOL;30/06/2025;4,9;VIBRA;4,9;0,0;0,0;4,624324324324324;4,8;0,10000000000000053;4,95;-0,04999999999999982;-1,0101010101010066;79;False
COMERCIAL MARIVAN LTDA;13179247000169;LUZIA;ETANOL;08/07/2025;4,9;VIBRA;4,9;0,0;0,0;4,631578947368421;4,8;0,10000000000000053;4,95;-0,04999999999999982;-1,0101010101010066;79;False
COMERCIAL MARIVAN LTDA;13179247000169;LUZIA;ETANOL;15/07/2025;4,9;VIBRA;4,9;0,0;0,0;4,638461538461539;4,8;0,10000000000000053;4,95;-0,04999999999999982;-1,0101010101010066;79;False
COMERCIAL MARIVAN LTDA;13179247000169;LUZIA;ETANOL;22/07/2025;4,9;VIBRA;4,9;0,0;0,0;4,6450000000000005;4,8;0,10000000000000053;4,95;-0,04999999999999982;-1,0101010101010066;79;False
COMERCIAL MARIVAN LTDA;13179247000169;LUZIA;ETANOL;28/07/2025;4,9;VIBRA;4,9;0,0;0,0;4,651219512195122;4,8;0,10000000000000053;4,95;-0,04999999999999982;-1,0101010101010066;79;False
COMERCIAL MARIVAN LTDA;13179247000169;LUZIA;ETANOL;05/08/2025;4,9;VIBRA;4,9;0,0;0,0;4,657142857142857;4,8;0,10000000000000053;4,95;-0,04999999999999982;-1,0101010101010066;79;False
COMERCIAL MARIVAN LTDA;13179247000169;LUZIA;ETANOL;12/08/2025;4,9;VIBRA;4,9;0,0;0,0;4,662790697674419;4,8;0,10000000000000053;4,95;-0,04999999999999982;-1,0101010101010066;79;False
COMERCIAL MARIVAN LTDA;13179247000169;LUZIA;ETANOL;19/08/2025;4,9;VIBRA;4,9;0,0;0,0;4,668181818181818;4,8;0,10000000000000053;4,965;-0,0649999999999995;-1,3091641490432933;79;False
COMERCIAL MARIVAN LTDA;13179247000169;LUZIA;ETANOL;27/08/2025;4,9;VIBRA;4,9;0,0;0,0;4,673333333333334;4,8;0,10000000000000053;4,965;-0,0649999999999995;-1,3091641490432933;79;False
COMERCIAL MARIVAN LTDA;13179247000169;LUZIA;ETANOL;02/09/2025;4,9;VIBRA;4,9;0,0;0,0;4,678260869565217;4,8;0,10000000000000053;4,95;-0,04999999999999982;-1,0101010101010066;79;False
COMERCIAL MARIVAN LTDA;13179247000169;LUZIA;ETANOL;09/09/2025;4,9;VIBRA;4,9;0,0;0,0;4,682978723404255;4,8;0,10000000000000053;4,965;-0,0649999999999995;-1,3091641490432933;79;False
COMERCIAL MARIVAN LTDA;13179247000169;LUZIA;ETANOL;16/09/2025;4,9;VIBRA;4,9;0,0;0,0;4,6875;4,8;0,10000000000000053;4,95;-0,04999999999999982;-1,0101010101010066;79;False
COMERCIAL MARIVAN LTDA;13179247000169;LUZIA;ETANOL;22/09/2025;4,9;VIBRA;4,9;0,0;0,0;4,691836734693878;4,8;0,10000000000000053;4,965;-0,0649999999999995;-1,3091641490432933;79;False
COMERCIAL MARIVAN LTDA;13179247000169;LUZIA;ETANOL;30/09/2025;4,9;VIBRA;4,9;0,0;0,0;4,696000000000001;4,8;0,10000000000000053;4,965;-0,0649999999999995;-1,3091641490432933;79;False
COMERCIAL MARIVAN LTDA;13179247000169;LUZIA;ETANOL;06/10/2025;4,9;VIBRA;4,9;0,0;0,0;4,7;4,8;0,10000000000000053;4,965;-0,0649999999999995;-1,3091641490432933;79;False
COMERCIAL MARIVAN LTDA;13179247000169;LUZIA;ETANOL;13/10/2025;4,9;VIBRA;4,9;0,0;0,0;4,703846153846154;4,8;0,10000000000000053;4,965;-0,0649999999999995;-1,3091641490432933;79;False
COMERCIAL MARIVAN LTDA;13179247000169;LUZIA;ETANOL;20/10/2025;4,9;VIBRA;4,9;0,0;0,0;4,7075471698113205;4,8;0,10000000000000053;4,95;-0,04999999999999982;-1,0101010101010066;79;False
COMERCIAL MARIVAN LTDA;13179247000169;LUZIA;ETANOL;28/10/2025;4,8;VIBRA;4,9;-0,10000000000000053;-2,040816326530623;4,711111111111111;4,8;0,0;4,82;-0,020000000000000462;-0,4149377593361091;79;False
COMERCIAL MARIVAN LTDA;13179247000169;LUZIA;ETANOL;04/11/2025;4,8;VIBRA;4,8;0,0;0,0;4,712727272727273;4,8;0,0;4,8;0,0;0,0;79;False
COMERCIAL MARIVAN LTDA;13179247000169;LUZIA;ETANOL;11/11/2025;4,8;VIBRA;4,8;0,0;0,0;4,714285714285714;4,8;0,0;4,8;0,0;0,0;79;False
COMERCIAL MARIVAN LTDA;13179247000169;LUZIA;ETANOL;18/11/2025;4,8;VIBRA;4,8;0,0;0,0;4,715789473684211;4,8;0,0;4,8;0,0;0,0;79;False
COMERCIAL MARIVAN LTDA;13179247000169;LUZIA;ETANOL;25/11/2025;4,8;VIBRA;4,8;0,0;0,0;4,717241379310345;4,8;0,0;4,8;0,0;0,0;79;False
COMERCIAL MARIVAN LTDA;13179247000169;LUZIA;ETANOL;10/02/2026;4,8;VIBRA;4,8;0,0;0,0;4,7186440677966095;4,8;0,0;4,89;-0,08999999999999986;-1,8404907975460096;79;False
COMERCIAL MARIVAN LTDA;13179247000169;LUZIA;ETANOL;24/02/2026;4,8;VIBRA;4,8;0,0;0,0;4,72;4,8;0,0;4,87;-0,07000000000000028;-1,437371663244359;79;False
COMERCIAL MARIVAN LTDA;13179247000169;LUZIA;ETANOL;04/03/2026;4,8;VIBRA;4,8;0,0;0,0;4,721311475409836;4,8;0,0;4,88;-0,08000000000000007;-1,6393442622950833;79;False
COMERCIAL MARIVAN LTDA;13179247000169;LUZIA;ETANOL;09/03/2026;4,95;VIBRA;4,8;0,15000000000000036;3,1250000000000075;4,72258064516129;4,8;0,15000000000000036;4,970000000000001;-0,020000000000000462;-0,4024144869215384;79;False
COMERCIAL MARIVAN LTDA;13179247000169;LUZIA;ETANOL;20/03/2026;4,95;VIBRA;4,95;0,0;0,0;4,726190476190476;4,8;0,15000000000000036;4,95;0,0;0,0;79;False
COMERCIAL MARIVAN LTDA;13179247000169;LUZIA;ETANOL;24/03/2026;5,05;VIBRA;4,95;0,09999999999999964;2,0202020202020132;4,7296875;4,8;0,25;5,05;0,0;0,0;79;False
COMERCIAL MARIVAN LTDA;13179247000169;LUZIA;ETANOL;30/03/2026;5,05;VIBRA;5,05;0,0;0,0;4,734615384615385;4,8;0,25;5,05;0,0;0,0;79;False
COMERCIAL MARIVAN LTDA;13179247000169;LUZIA;ETANOL;07/04/2026;5,15;VIBRA;5,05;0,10000000000000053;1,980198019801991;4,739393939393939;4,8;0,35000000000000053;5,12;0,03000000000000025;0,5859375000000049;79;False
COMERCIAL MARIVAN LTDA;13179247000169;LUZIA;ETANOL;14/04/2026;5,5;VIBRA;5,15;0,34999999999999964;6,7961165048543615;4,745522388059701;4,8;0,7000000000000002;5,545;-0,04499999999999993;-0,8115419296663648;79;False
COMERCIAL MARIVAN LTDA;13179247000169;LUZIA;ETANOL;24/04/2026;5,6;VIBRA;5,5;0,09999999999999964;1,818181818181812;4,756617647058824;4,8;0,7999999999999998;5,6;0,0;0,0;79;False
COMERCIAL MARIVAN LTDA;13179247000169;LUZIA;ETANOL;27/04/2026;5,6;VIBRA;5,6;0,0;0,0;4,768840579710145;4,8;0,7999999999999998;5,6;0,0;0,0;79;False
COMERCIAL MARIVAN LTDA;13179247000169;LUZIA;ETANOL;04/05/2026;5,6;VIBRA;5,6;0,0;0,0;4,780714285714286;4,8;0,7999999999999998;5,6;0,0;0,0;79;False
COMERCIAL MARIVAN LTDA;13179247000169;LUZIA;ETANOL;12/05/2026;5,6;VIBRA;5,6;0,0;0,0;4,792253521126761;4,8;0,7999999999999998;5,6;0,0;0,0;79;False
COMERCIAL MARIVAN LTDA;13179247000169;LUZIA;ETANOL;18/05/2026;5,6;VIBRA;5,6;0,0;0,0;4,803472222222222;4,8;0,7999999999999998;5,6;0,0;0,0;79;False
COMERCIAL MARIVAN LTDA;13179247000169;LUZIA;ETANOL;26/05/2026;5,5;VIBRA;5,6;-0,09999999999999964;-1,7857142857142794;4,814383561643836;4,8;0,7000000000000002;5,5;0,0;0,0;79;False
COMERCIAL MARIVAN LTDA;13179247000169;LUZIA;ETANOL;02/06/2026;5,5;VIBRA;5,5;0,0;0,0;4,823648648648648;4,8;0,7000000000000002;5,5;0,0;0,0;79;False
COMERCIAL MARIVAN LTDA;13179247000169;LUZIA;ETANOL;08/06/2026;5,5;VIBRA;5,5;0,0;0,0;4,832666666666666;4,8;0,7000000000000002;5,5;0,0;0,0;79;False
COMERCIAL MARIVAN LTDA;13179247000169;LUZIA;ETANOL;16/06/2026;5,5;VIBRA;5,5;0,0;0,0;4,841447368421052;4,8;0,7000000000000002;5,5;0,0;0,0;79;False
COMERCIAL MARIVAN LTDA;13179247000169;LUZIA;ETANOL;23/06/2026;5,5;VIBRA;5,5;0,0;0,0;4,85;4,8;0,7000000000000002;5,5;0,0;0,0;79;False
COMERCIAL MARIVAN LTDA;13179247000169;LUZIA;ETANOL;29/06/2026;5,5;VIBRA;5,5;0,0;0,0;4,858333333333333;4,8;0,7000000000000002;5,5;0,0;0,0;79;False
COMERCIAL MARIVAN LTDA;13179247000169;LUZIA;GASOLINA;15/10/2024;6,2;VIBRA;;;;;;;6,22;-0,019999999999999574;-0,32154340836012174;79;False
COMERCIAL MARIVAN LTDA;13179247000169;LUZIA;GASOLINA;21/10/2024;5,9;VIBRA;6,2;-0,2999999999999998;-4,838709677419352;6,2;6,2;-0,2999999999999998;5,95;-0,04999999999999982;-0,8403361344537785;79;False
COMERCIAL MARIVAN LTDA;13179247000169;LUZIA;GASOLINA;28/10/2024;5,9;VIBRA;5,9;0,0;0,0;6,050000000000001;6,050000000000001;-0,15000000000000036;5,92;-0,019999999999999574;-0,33783783783783067;79;False
COMERCIAL MARIVAN LTDA;13179247000169;LUZIA;GASOLINA;04/11/2024;5,9;VIBRA;5,9;0,0;0,0;6,0;5,9;0,0;5,92;-0,019999999999999574;-0,33783783783783067;79;False
COMERCIAL MARIVAN LTDA;13179247000169;LUZIA;GASOLINA;11/11/2024;5,9;VIBRA;5,9;0,0;0,0;5,9750000000000005;5,9;0,0;5,9;0,0;0,0;79;False
COMERCIAL MARIVAN LTDA;13179247000169;LUZIA;GASOLINA;18/11/2024;6,3;VIBRA;5,9;0,39999999999999947;6,7796610169491425;5,96;5,9;0,39999999999999947;6,32;-0,020000000000000462;-0,31645569620253894;79;False
COMERCIAL MARIVAN LTDA;13179247000169;LUZIA;GASOLINA;25/11/2024;6,3;VIBRA;6,3;0,0;0,0;6,016666666666667;5,9;0,39999999999999947;6,32;-0,020000000000000462;-0,31645569620253894;79;False
COMERCIAL MARIVAN LTDA;13179247000169;LUZIA;GASOLINA;03/12/2024;6,3;VIBRA;6,3;0,0;0,0;6,057142857142857;5,9;0,39999999999999947;6,32;-0,020000000000000462;-0,31645569620253894;79;False
COMERCIAL MARIVAN LTDA;13179247000169;LUZIA;GASOLINA;09/12/2024;6,3;VIBRA;6,3;0,0;0,0;6,0875;6,050000000000001;0,2499999999999991;6,32;-0,020000000000000462;-0,31645569620253894;79;False
COMERCIAL MARIVAN LTDA;13179247000169;LUZIA;GASOLINA;16/12/2024;6,3;VIBRA;6,3;0,0;0,0;6,111111111111111;6,2;0,09999999999999964;6,32;-0,020000000000000462;-0,31645569620253894;79;False
COMERCIAL MARIVAN LTDA;13179247000169;LUZIA;GASOLINA;23/12/2024;6,3;VIBRA;6,3;0,0;0,0;6,13;6,25;0,04999999999999982;6,32;-0,020000000000000462;-0,31645569620253894;79;False
COMERCIAL MARIVAN LTDA;13179247000169;LUZIA;GASOLINA;30/12/2024;6,3;VIBRA;6,3;0,0;0,0;6,145454545454545;6,3;0,0;6,32;-0,020000000000000462;-0,31645569620253894;79;False
COMERCIAL MARIVAN LTDA;13179247000169;LUZIA;GASOLINA;06/01/2025;6,3;VIBRA;6,3;0,0;0,0;6,158333333333334;6,3;0,0;6,32;-0,020000000000000462;-0,31645569620253894;79;False
COMERCIAL MARIVAN LTDA;13179247000169;LUZIA;GASOLINA;13/01/2025;6,4;VIBRA;6,3;0,10000000000000053;1,5873015873015959;6,1692307692307695;6,3;0,10000000000000053;6,42;-0,019999999999999574;-0,3115264797507722;79;False
COMERCIAL MARIVAN LTDA;13179247000169;LUZIA;GASOLINA;20/01/2025;6,42;VIBRA;6,4;0,019999999999999574;0,31249999999999334;6,185714285714285;6,3;0,1200000000000001;6,42;0,0;0,0;79;False
COMERCIAL MARIVAN LTDA;13179247000169;LUZIA;GASOLINA;28/01/2025;6,42;VIBRA;6,42;0,0;0,0;6,201333333333333;6,3;0,1200000000000001;6,42;0,0;0,0;79;False
COMERCIAL MARIVAN LTDA;13179247000169;LUZIA;GASOLINA;03/02/2025;6,42;VIBRA;6,42;0,0;0,0;6,215;6,3;0,1200000000000001;6,49;-0,07000000000000028;-1,0785824345146422;79;False
COMERCIAL MARIVAN LTDA;13179247000169;LUZIA;GASOLINA;11/02/2025;6,62;VIBRA;6,42;0,20000000000000018;3,1152647975077907;6,227058823529411;6,3;0,3200000000000003;6,62;0,0;0,0;79;False
COMERCIAL MARIVAN LTDA;13179247000169;LUZIA;GASOLINA;18/02/2025;6,62;VIBRA;6,62;0,0;0,0;6,248888888888889;6,3;0,3200000000000003;6,62;0,0;0,0;79;False
COMERCIAL MARIVAN LTDA;13179247000169;LUZIA;GASOLINA;25/02/2025;6,62;VIBRA;6,62;0,0;0,0;6,268421052631578;6,3;0,3200000000000003;6,62;0,0;0,0;79;False
COMERCIAL MARIVAN LTDA;13179247000169;LUZIA;GASOLINA;03/03/2025;6,62;VIBRA;6,62;0,0;0,0;6,286;6,3;0,3200000000000003;6,62;0,0;0,0;79;False
COMERCIAL MARIVAN LTDA;13179247000169;LUZIA;GASOLINA;11/03/2025;6,62;VIBRA;6,62;0,0;0,0;6,301904761904762;6,3;0,3200000000000003;6,62;0,0;0,0;79;False
COMERCIAL MARIVAN LTDA;13179247000169;LUZIA;GASOLINA;18/03/2025;6,62;VIBRA;6,62;0,0;0,0;6,316363636363636;6,3;0,3200000000000003;6,62;0,0;0,0;79;False
COMERCIAL MARIVAN LTDA;13179247000169;LUZIA;GASOLINA;25/03/2025;6,62;VIBRA;6,62;0,0;0,0;6,329565217391305;6,3;0,3200000000000003;6,62;0,0;0,0;79;False
COMERCIAL MARIVAN LTDA;13179247000169;LUZIA;GASOLINA;31/03/2025;6,62;VIBRA;6,62;0,0;0,0;6,341666666666666;6,3;0,3200000000000003;6,62;0,0;0,0;79;False
COMERCIAL MARIVAN LTDA;13179247000169;LUZIA;GASOLINA;08/04/2025;6,62;VIBRA;6,62;0,0;0,0;6,352799999999999;6,3;0,3200000000000003;6,62;0,0;0,0;79;False
COMERCIAL MARIVAN LTDA;13179247000169;LUZIA;GASOLINA;15/04/2025;6,52;VIBRA;6,62;-0,10000000000000053;-1,5105740181268963;6,363076923076923;6,35;0,16999999999999993;6,52;0,0;0,0;79;False
COMERCIAL MARIVAN LTDA;13179247000169;LUZIA;GASOLINA;22/04/2025;6,52;VIBRA;6,52;0,0;0,0;6,368888888888889;6,4;0,11999999999999922;6,539999999999999;-0,019999999999999574;-0,30581039755351036;79;False
COMERCIAL MARIVAN LTDA;13179247000169;LUZIA;GASOLINA;29/04/2025;6,52;VIBRA;6,52;0,0;0,0;6,374285714285714;6,41;0,10999999999999943;6,62;-0,10000000000000053;-1,5105740181268963;79;False
COMERCIAL MARIVAN LTDA;13179247000169;LUZIA;GASOLINA;05/05/2025;6,62;VIBRA;6,52;0,10000000000000053;1,5337423312883518;6,379310344827586;6,42;0,20000000000000018;6,62;0,0;0,0;79;False
COMERCIAL MARIVAN LTDA;13179247000169;LUZIA;GASOLINA;12/05/2025;6,62;VIBRA;6,62;0,0;0,0;6,387333333333333;6,42;0,20000000000000018;6,62;0,0;0,0;79;False
COMERCIAL MARIVAN LTDA;13179247000169;LUZIA;GASOLINA;19/05/2025;6,62;VIBRA;6,62;0,0;0,0;6,39483870967742;6,42;0,20000000000000018;6,62;0,0;0,0;79;False
COMERCIAL MARIVAN LTDA;13179247000169;LUZIA;GASOLINA;27/05/2025;6,62;VIBRA;6,62;0,0;0,0;6,401875;6,42;0,20000000000000018;6,62;0,0;0,0;79;False
COMERCIAL MARIVAN LTDA;13179247000169;LUZIA;GASOLINA;03/06/2025;6,62;VIBRA;6,62;0,0;0,0;6,408484848484848;6,42;0,20000000000000018;6,62;0,0;0,0;79;False
COMERCIAL MARIVAN LTDA;13179247000169;LUZIA;GASOLINA;09/06/2025;6,62;VIBRA;6,62;0,0;0,0;6,414705882352941;6,47;0,15000000000000036;6,62;0,0;0,0;79;False
COMERCIAL MARIVAN LTDA;13179247000169;LUZIA;GASOLINA;16/06/2025;6,62;VIBRA;6,62;0,0;0,0;6,420571428571429;6,52;0,10000000000000053;6,62;0,0;0,0;79;False
COMERCIAL MARIVAN LTDA;13179247000169;LUZIA;GASOLINA;24/06/2025;6,62;VIBRA;6,62;0,0;0,0;6,426111111111111;6,52;0,10000000000000053;6,62;0,0;0,0;79;False
COMERCIAL MARIVAN LTDA;13179247000169;LUZIA;GASOLINA;30/06/2025;6,62;VIBRA;6,62;0,0;0,0;6,431351351351352;6,52;0,10000000000000053;6,62;0,0;0,0;79;False
COMERCIAL MARIVAN LTDA;13179247000169;LUZIA;GASOLINA;08/07/2025;6,62;VIBRA;6,62;0,0;0,0;6,436315789473684;6,52;0,10000000000000053;6,62;0,0;0,0;79;False
COMERCIAL MARIVAN LTDA;13179247000169;LUZIA;GASOLINA;15/07/2025;6,62;VIBRA;6,62;0,0;0,0;6,44102564102564;6,52;0,10000000000000053;6,62;0,0;0,0;79;False
COMERCIAL MARIVAN LTDA;13179247000169;LUZIA;GASOLINA;22/07/2025;6,62;VIBRA;6,62;0,0;0,0;6,4455;6,57;0,04999999999999982;6,62;0,0;0,0;79;False
COMERCIAL MARIVAN LTDA;13179247000169;LUZIA;GASOLINA;28/07/2025;6,62;VIBRA;6,62;0,0;0,0;6,449756097560975;6,62;0,0;6,62;0,0;0,0;79;False
COMERCIAL MARIVAN LTDA;13179247000169;LUZIA;GASOLINA;05/08/2025;6,62;VIBRA;6,62;0,0;0,0;6,453809523809523;6,62;0,0;6,62;0,0;0,0;79;False
COMERCIAL MARIVAN LTDA;13179247000169;LUZIA;GASOLINA;12/08/2025;6,62;VIBRA;6,62;0,0;0,0;6,457674418604651;6,62;0,0;6,62;0,0;0,0;79;False
COMERCIAL MARIVAN LTDA;13179247000169;LUZIA;GASOLINA;19/08/2025;6,62;VIBRA;6,62;0,0;0,0;6,461363636363637;6,62;0,0;6,62;0,0;0,0;79;False
COMERCIAL MARIVAN LTDA;13179247000169;LUZIA;GASOLINA;27/08/2025;6,62;VIBRA;6,62;0,0;0,0;6,464888888888889;6,62;0,0;6,62;0,0;0,0;79;False
COMERCIAL MARIVAN LTDA;13179247000169;LUZIA;GASOLINA;02/09/2025;6,62;VIBRA;6,62;0,0;0,0;6,468260869565218;6,62;0,0;6,62;0,0;0,0;79;False
COMERCIAL MARIVAN LTDA;13179247000169;LUZIA;GASOLINA;09/09/2025;6,62;VIBRA;6,62;0,0;0,0;6,471489361702128;6,62;0,0;6,62;0,0;0,0;79;False
COMERCIAL MARIVAN LTDA;13179247000169;LUZIA;GASOLINA;16/09/2025;6,62;VIBRA;6,62;0,0;0,0;6,474583333333334;6,62;0,0;6,645;-0,024999999999999467;-0,3762227238525127;79;False
COMERCIAL MARIVAN LTDA;13179247000169;LUZIA;GASOLINA;22/09/2025;6,62;VIBRA;6,62;0,0;0,0;6,477551020408163;6,62;0,0;6,62;0,0;0,0;79;False
COMERCIAL MARIVAN LTDA;13179247000169;LUZIA;GASOLINA;30/09/2025;6,62;VIBRA;6,62;0,0;0,0;6,4803999999999995;6,62;0,0;6,62;0,0;0,0;79;False
COMERCIAL MARIVAN LTDA;13179247000169;LUZIA;GASOLINA;06/10/2025;6,62;VIBRA;6,62;0,0;0,0;6,48313725490196;6,62;0,0;6,62;0,0;0,0;79;False
COMERCIAL MARIVAN LTDA;13179247000169;LUZIA;GASOLINA;13/10/2025;6,62;VIBRA;6,62;0,0;0,0;6,485769230769231;6,62;0,0;6,62;0,0;0,0;79;False
COMERCIAL MARIVAN LTDA;13179247000169;LUZIA;GASOLINA;20/10/2025;6,62;VIBRA;6,62;0,0;0,0;6,488301886792453;6,62;0,0;6,62;0,0;0,0;79;False
COMERCIAL MARIVAN LTDA;13179247000169;LUZIA;GASOLINA;28/10/2025;6,52;VIBRA;6,62;-0,10000000000000053;-1,5105740181268963;6,4907407407407405;6,62;-0,10000000000000053;6,545;-0,025000000000000355;-0,38197097020626974;79;False
COMERCIAL MARIVAN LTDA;13179247000169;LUZIA;GASOLINA;04/11/2025;6,52;VIBRA;6,52;0,0;0,0;6,491272727272727;6,62;-0,10000000000000053;6,57;-0,05000000000000071;-0,7610350076103609;79;False
COMERCIAL MARIVAN LTDA;13179247000169;LUZIA;GASOLINA;11/11/2025;6,52;VIBRA;6,52;0,0;0,0;6,491785714285714;6,62;-0,10000000000000053;6,52;0,0;0,0;79;False
COMERCIAL MARIVAN LTDA;13179247000169;LUZIA;GASOLINA;18/11/2025;6,52;VIBRA;6,52;0,0;0,0;6,492280701754386;6,62;-0,10000000000000053;6,52;0,0;0,0;79;False
COMERCIAL MARIVAN LTDA;13179247000169;LUZIA;GASOLINA;25/11/2025;6,52;VIBRA;6,52;0,0;0,0;6,492758620689655;6,62;-0,10000000000000053;6,52;0,0;0,0;79;False
COMERCIAL MARIVAN LTDA;13179247000169;LUZIA;GASOLINA;10/02/2026;6,52;VIBRA;6,52;0,0;0,0;6,493220338983051;6,62;-0,10000000000000053;6,539999999999999;-0,019999999999999574;-0,30581039755351036;79;False
COMERCIAL MARIVAN LTDA;13179247000169;LUZIA;GASOLINA;24/02/2026;6,52;VIBRA;6,52;0,0;0,0;6,493666666666667;6,62;-0,10000000000000053;6,539999999999999;-0,019999999999999574;-0,30581039755351036;79;False
COMERCIAL MARIVAN LTDA;13179247000169;LUZIA;GASOLINA;04/03/2026;6,52;VIBRA;6,52;0,0;0,0;6,494098360655737;6,62;-0,10000000000000053;6,5649999999999995;-0,04499999999999993;-0,6854531607006844;79;False
COMERCIAL MARIVAN LTDA;13179247000169;LUZIA;GASOLINA;09/03/2026;6,82;VIBRA;6,52;0,3000000000000007;4,601226993865041;6,494516129032259;6,62;0,20000000000000018;6,82;0,0;0,0;79;False
COMERCIAL MARIVAN LTDA;13179247000169;LUZIA;GASOLINA;20/03/2026;6,92;VIBRA;6,82;0,09999999999999964;1,4662756598240416;6,49968253968254;6,62;0,2999999999999998;7,29;-0,3700000000000001;-5,0754458161865585;79;False
COMERCIAL MARIVAN LTDA;13179247000169;LUZIA;GASOLINA;24/03/2026;7,22;VIBRA;6,92;0,2999999999999998;4,335260115606934;6,50625;6,62;0,5999999999999996;7,22;0,0;0,0;79;False
COMERCIAL MARIVAN LTDA;13179247000169;LUZIA;GASOLINA;30/03/2026;7,22;VIBRA;7,22;0,0;0,0;6,517230769230769;6,62;0,5999999999999996;7,22;0,0;0,0;79;False
COMERCIAL MARIVAN LTDA;13179247000169;LUZIA;GASOLINA;07/04/2026;7,22;VIBRA;7,22;0,0;0,0;6,527878787878787;6,62;0,5999999999999996;7,22;0,0;0,0;79;False
COMERCIAL MARIVAN LTDA;13179247000169;LUZIA;GASOLINA;14/04/2026;7,22;VIBRA;7,22;0,0;0,0;6,5382089552238805;6,62;0,5999999999999996;7,22;0,0;0,0;79;False
COMERCIAL MARIVAN LTDA;13179247000169;LUZIA;GASOLINA;24/04/2026;7,22;VIBRA;7,22;0,0;0,0;6,548235294117647;6,62;0,5999999999999996;7,23;-0,010000000000000675;-0,13831258644537586;79;False
COMERCIAL MARIVAN LTDA;13179247000169;LUZIA;GASOLINA;27/04/2026;7,22;VIBRA;7,22;0,0;0,0;6,557971014492754;6,62;0,5999999999999996;7,22;0,0;0,0;79;False
COMERCIAL MARIVAN LTDA;13179247000169;LUZIA;GASOLINA;04/05/2026;7,22;VIBRA;7,22;0,0;0,0;6,567428571428571;6,62;0,5999999999999996;7,22;0,0;0,0;79;False
COMERCIAL MARIVAN LTDA;13179247000169;LUZIA;GASOLINA;12/05/2026;7,52;VIBRA;7,22;0,2999999999999998;4,15512465373961;6,576619718309859;6,62;0,8999999999999995;7,52;0,0;0,0;79;False
COMERCIAL MARIVAN LTDA;13179247000169;LUZIA;GASOLINA;18/05/2026;7,52;VIBRA;7,52;0,0;0,0;6,589722222222222;6,62;0,8999999999999995;7,52;0,0;0,0;79;False
COMERCIAL MARIVAN LTDA;13179247000169;LUZIA;GASOLINA;26/05/2026;7,12;VIBRA;7,52;-0,39999999999999947;-5,319148936170206;6,602465753424657;6,62;0,5;7,135;-0,01499999999999968;-0,2102312543798133;79;False
COMERCIAL MARIVAN LTDA;13179247000169;LUZIA;GASOLINA;02/06/2026;7,12;VIBRA;7,12;0,0;0,0;6,60945945945946;6,62;0,5;7,12;0,0;0,0;79;False
COMERCIAL MARIVAN LTDA;13179247000169;LUZIA;GASOLINA;08/06/2026;7,12;VIBRA;7,12;0,0;0,0;6,616266666666666;6,62;0,5;7,12;0,0;0,0;79;False
COMERCIAL MARIVAN LTDA;13179247000169;LUZIA;GASOLINA;16/06/2026;7,12;VIBRA;7,12;0,0;0,0;6,622894736842105;6,62;0,5;7,12;0,0;0,0;79;False
COMERCIAL MARIVAN LTDA;13179247000169;LUZIA;GASOLINA;23/06/2026;7,12;VIBRA;7,12;0,0;0,0;6,629350649350649;6,62;0,5;7,12;0,0;0,0;79;False
COMERCIAL MARIVAN LTDA;13179247000169;LUZIA;GASOLINA;29/06/2026;7,12;VIBRA;7,12;0,0;0,0;6,635641025641026;6,62;0,5;7,12;0,0;0,0;79;False
COMERCIAL MARIVAN LTDA;13179247000169;LUZIA;GASOLINA ADITIVADA;15/10/2024;6,27;VIBRA;;;;;;;6,27;0,0;0,0;77;False
COMERCIAL MARIVAN LTDA;13179247000169;LUZIA;GASOLINA ADITIVADA;21/10/2024;5,97;VIBRA;6,27;-0,2999999999999998;-4,784688995215308;6,27;6,27;-0,2999999999999998;5,99;-0,020000000000000462;-0,33388981636060866;77;False
COMERCIAL MARIVAN LTDA;13179247000169;LUZIA;GASOLINA ADITIVADA;28/10/2024;5,97;VIBRA;5,97;0,0;0,0;6,119999999999999;6,119999999999999;-0,14999999999999947;5,99;-0,020000000000000462;-0,33388981636060866;77;False
COMERCIAL MARIVAN LTDA;13179247000169;LUZIA;GASOLINA ADITIVADA;04/11/2024;5,97;VIBRA;5,97;0,0;0,0;6,07;5,97;0,0;6,09;-0,1200000000000001;-1,9704433497536964;77;False
COMERCIAL MARIVAN LTDA;13179247000169;LUZIA;GASOLINA ADITIVADA;11/11/2024;5,97;VIBRA;5,97;0,0;0,0;6,045;5,97;0,0;6,08;-0,11000000000000032;-1,8092105263157947;77;False
COMERCIAL MARIVAN LTDA;13179247000169;LUZIA;GASOLINA ADITIVADA;18/11/2024;6,37;VIBRA;5,97;0,40000000000000036;6,700167504187611;6,029999999999999;5,97;0,40000000000000036;6,45;-0,08000000000000007;-1,240310077519381;77;False
COMERCIAL MARIVAN LTDA;13179247000169;LUZIA;GASOLINA ADITIVADA;25/11/2024;6,37;VIBRA;6,37;0,0;0,0;6,086666666666666;5,97;0,40000000000000036;6,45;-0,08000000000000007;-1,240310077519381;77;False
COMERCIAL MARIVAN LTDA;13179247000169;LUZIA;GASOLINA ADITIVADA;03/12/2024;6,37;VIBRA;6,37;0,0;0,0;6,127142857142857;5,97;0,40000000000000036;6,45;-0,08000000000000007;-1,240310077519381;77;False
COMERCIAL MARIVAN LTDA;13179247000169;LUZIA;GASOLINA ADITIVADA;09/12/2024;6,37;VIBRA;6,37;0,0;0,0;6,1575;6,119999999999999;0,2500000000000009;6,45;-0,08000000000000007;-1,240310077519381;77;False
COMERCIAL MARIVAN LTDA;13179247000169;LUZIA;GASOLINA ADITIVADA;16/12/2024;6,37;VIBRA;6,37;0,0;0,0;6,181111111111111;6,27;0,10000000000000053;6,45;-0,08000000000000007;-1,240310077519381;77;False
COMERCIAL MARIVAN LTDA;13179247000169;LUZIA;GASOLINA ADITIVADA;23/12/2024;6,37;VIBRA;6,37;0,0;0,0;6,2;6,32;0,04999999999999982;6,45;-0,08000000000000007;-1,240310077519381;77;False
COMERCIAL MARIVAN LTDA;13179247000169;LUZIA;GASOLINA ADITIVADA;30/12/2024;6,37;VIBRA;6,37;0,0;0,0;6,215454545454546;6,37;0,0;6,45;-0,08000000000000007;-1,240310077519381;77;False
COMERCIAL MARIVAN LTDA;13179247000169;LUZIA;GASOLINA ADITIVADA;06/01/2025;6,37;VIBRA;6,37;0,0;0,0;6,228333333333333;6,37;0,0;6,45;-0,08000000000000007;-1,240310077519381;77;False
COMERCIAL MARIVAN LTDA;13179247000169;LUZIA;GASOLINA ADITIVADA;13/01/2025;6,49;VIBRA;6,37;0,1200000000000001;1,8838304552590284;6,239230769230769;6,37;0,1200000000000001;6,55;-0,05999999999999961;-0,9160305343511391;77;False
COMERCIAL MARIVAN LTDA;13179247000169;LUZIA;GASOLINA ADITIVADA;20/01/2025;6,49;VIBRA;6,49;0,0;0,0;6,257142857142857;6,37;0,1200000000000001;6,55;-0,05999999999999961;-0,9160305343511391;77;False
COMERCIAL MARIVAN LTDA;13179247000169;LUZIA;GASOLINA ADITIVADA;28/01/2025;6,49;VIBRA;6,49;0,0;0,0;6,272666666666667;6,37;0,1200000000000001;6,55;-0,05999999999999961;-0,9160305343511391;77;False
COMERCIAL MARIVAN LTDA;13179247000169;LUZIA;GASOLINA ADITIVADA;03/02/2025;6,49;VIBRA;6,49;0,0;0,0;6,28625;6,37;0,1200000000000001;6,55;-0,05999999999999961;-0,9160305343511391;77;False
COMERCIAL MARIVAN LTDA;13179247000169;LUZIA;GASOLINA ADITIVADA;11/02/2025;6,69;VIBRA;6,49;0,20000000000000018;3,081664098613254;6,298235294117647;6,37;0,3200000000000003;6,75;-0,05999999999999961;-0,8888888888888832;77;False
COMERCIAL MARIVAN LTDA;13179247000169;LUZIA;GASOLINA ADITIVADA;18/02/2025;6,69;VIBRA;6,69;0,0;0,0;6,32;6,37;0,3200000000000003;6,75;-0,05999999999999961;-0,8888888888888832;77;False
COMERCIAL MARIVAN LTDA;13179247000169;LUZIA;GASOLINA ADITIVADA;25/02/2025;6,69;VIBRA;6,69;0,0;0,0;6,339473684210526;6,37;0,3200000000000003;6,75;-0,05999999999999961;-0,8888888888888832;77;False
COMERCIAL MARIVAN LTDA;13179247000169;LUZIA;GASOLINA ADITIVADA;03/03/2025;6,69;VIBRA;6,69;0,0;0,0;6,357;6,37;0,3200000000000003;6,75;-0,05999999999999961;-0,8888888888888832;77;False
COMERCIAL MARIVAN LTDA;13179247000169;LUZIA;GASOLINA ADITIVADA;11/03/2025;6,69;VIBRA;6,69;0,0;0,0;6,372857142857144;6,37;0,3200000000000003;6,75;-0,05999999999999961;-0,8888888888888832;77;False
COMERCIAL MARIVAN LTDA;13179247000169;LUZIA;GASOLINA ADITIVADA;18/03/2025;6,69;VIBRA;6,69;0,0;0,0;6,387272727272728;6,37;0,3200000000000003;6,75;-0,05999999999999961;-0,8888888888888832;77;False
COMERCIAL MARIVAN LTDA;13179247000169;LUZIA;GASOLINA ADITIVADA;25/03/2025;6,69;VIBRA;6,69;0,0;0,0;6,400434782608696;6,37;0,3200000000000003;6,75;-0,05999999999999961;-0,8888888888888832;77;False
COMERCIAL MARIVAN LTDA;13179247000169;LUZIA;GASOLINA ADITIVADA;31/03/2025;6,69;VIBRA;6,69;0,0;0,0;6,4125000000000005;6,37;0,3200000000000003;6,75;-0,05999999999999961;-0,8888888888888832;77;False
COMERCIAL MARIVAN LTDA;13179247000169;LUZIA;GASOLINA ADITIVADA;08/04/2025;6,69;VIBRA;6,69;0,0;0,0;6,4236;6,37;0,3200000000000003;6,75;-0,05999999999999961;-0,8888888888888832;77;False
COMERCIAL MARIVAN LTDA;13179247000169;LUZIA;GASOLINA ADITIVADA;15/04/2025;6,59;VIBRA;6,69;-0,10000000000000053;-1,4947683109118166;6,4338461538461535;6,43;0,16000000000000014;6,65;-0,0600000000000005;-0,9022556390977519;77;False
COMERCIAL MARIVAN LTDA;13179247000169;LUZIA;GASOLINA ADITIVADA;22/04/2025;6,59;VIBRA;6,59;0,0;0,0;6,439629629629629;6,49;0,09999999999999964;6,695;-0,10500000000000043;-1,5683345780433222;77;False
COMERCIAL MARIVAN LTDA;13179247000169;LUZIA;GASOLINA ADITIVADA;29/04/2025;6,59;VIBRA;6,59;0,0;0,0;6,445;6,49;0,09999999999999964;6,75;-0,16000000000000014;-2,3703703703703725;77;False
COMERCIAL MARIVAN LTDA;13179247000169;LUZIA;GASOLINA ADITIVADA;05/05/2025;6,69;VIBRA;6,59;0,10000000000000053;1,5174506828528156;6,45;6,49;0,20000000000000018;6,75;-0,05999999999999961;-0,8888888888888832;77;False
COMERCIAL MARIVAN LTDA;13179247000169;LUZIA;GASOLINA ADITIVADA;12/05/2025;6,69;VIBRA;6,69;0,0;0,0;6,458;6,49;0,20000000000000018;6,734999999999999;-0,04499999999999904;-0,6681514476614557;77;False
COMERCIAL MARIVAN LTDA;13179247000169;LUZIA;GASOLINA ADITIVADA;19/05/2025;6,69;VIBRA;6,69;0,0;0,0;6,465483870967742;6,49;0,20000000000000018;6,775;-0,08499999999999996;-1,2546125461254607;77;False
COMERCIAL MARIVAN LTDA;13179247000169;LUZIA;GASOLINA ADITIVADA;27/05/2025;6,69;VIBRA;6,69;0,0;0,0;6,4725;6,49;0,20000000000000018;6,8;-0,10999999999999943;-1,6176470588235212;77;False
COMERCIAL MARIVAN LTDA;13179247000169;LUZIA;GASOLINA ADITIVADA;03/06/2025;6,69;VIBRA;6,69;0,0;0,0;6,4790909090909095;6,49;0,20000000000000018;6,8;-0,10999999999999943;-1,6176470588235212;77;False
COMERCIAL MARIVAN LTDA;13179247000169;LUZIA;GASOLINA ADITIVADA;09/06/2025;6,69;VIBRA;6,69;0,0;0,0;6,485294117647059;6,54;0,15000000000000036;6,76;-0,0699999999999994;-1,0355029585798727;77;False
COMERCIAL MARIVAN LTDA;13179247000169;LUZIA;GASOLINA ADITIVADA;16/06/2025;6,69;VIBRA;6,69;0,0;0,0;6,491142857142857;6,59;0,10000000000000053;6,8;-0,10999999999999943;-1,6176470588235212;77;False
COMERCIAL MARIVAN LTDA;13179247000169;LUZIA;GASOLINA ADITIVADA;24/06/2025;6,69;VIBRA;6,69;0,0;0,0;6,496666666666666;6,59;0,10000000000000053;6,8;-0,10999999999999943;-1,6176470588235212;77;False
COMERCIAL MARIVAN LTDA;13179247000169;LUZIA;GASOLINA ADITIVADA;30/06/2025;6,69;VIBRA;6,69;0,0;0,0;6,5018918918918915;6,59;0,10000000000000053;6,8;-0,10999999999999943;-1,6176470588235212;77;False
COMERCIAL MARIVAN LTDA;13179247000169;LUZIA;GASOLINA ADITIVADA;08/07/2025;6,69;VIBRA;6,69;0,0;0,0;6,506842105263158;6,59;0,10000000000000053;6,8;-0,10999999999999943;-1,6176470588235212;77;False
COMERCIAL MARIVAN LTDA;13179247000169;LUZIA;GASOLINA ADITIVADA;15/07/2025;6,69;VIBRA;6,69;0,0;0,0;6,511538461538462;6,59;0,10000000000000053;6,8;-0,10999999999999943;-1,6176470588235212;77;False
COMERCIAL MARIVAN LTDA;13179247000169;LUZIA;GASOLINA ADITIVADA;22/07/2025;6,69;VIBRA;6,69;0,0;0,0;6,516;6,640000000000001;0,04999999999999982;6,8;-0,10999999999999943;-1,6176470588235212;77;False
COMERCIAL MARIVAN LTDA;13179247000169;LUZIA;GASOLINA ADITIVADA;28/07/2025;6,69;VIBRA;6,69;0,0;0,0;6,520243902439024;6,69;0,0;6,8;-0,10999999999999943;-1,6176470588235212;77;False
COMERCIAL MARIVAN LTDA;13179247000169;LUZIA;GASOLINA ADITIVADA;05/08/2025;6,69;VIBRA;6,69;0,0;0,0;6,524285714285714;6,69;0,0;6,8;-0,10999999999999943;-1,6176470588235212;77;False
COMERCIAL MARIVAN LTDA;13179247000169;LUZIA;GASOLINA ADITIVADA;12/08/2025;6,69;VIBRA;6,69;0,0;0,0;6,528139534883722;6,69;0,0;6,76;-0,0699999999999994;-1,0355029585798727;77;False
COMERCIAL MARIVAN LTDA;13179247000169;LUZIA;GASOLINA ADITIVADA;19/08/2025;6,62;VIBRA;6,69;-0,07000000000000028;-1,0463378176382703;6,531818181818182;6,69;-0,07000000000000028;6,8;-0,17999999999999972;-2,6470588235294077;77;False
COMERCIAL MARIVAN LTDA;13179247000169;LUZIA;GASOLINA ADITIVADA;27/08/2025;6,69;VIBRA;6,62;0,07000000000000028;1,057401812688826;6,533777777777777;6,69;0,0;6,72;-0,02999999999999936;-0,44642857142856196;77;False
COMERCIAL MARIVAN LTDA;13179247000169;LUZIA;GASOLINA ADITIVADA;02/09/2025;6,69;VIBRA;6,69;0,0;0,0;6,537173913043479;6,69;0,0;6,795;-0,10499999999999954;-1,545253863134651;77;False
COMERCIAL MARIVAN LTDA;13179247000169;LUZIA;GASOLINA ADITIVADA;09/09/2025;6,69;VIBRA;6,69;0,0;0,0;6,540425531914894;6,69;0,0;6,795;-0,10499999999999954;-1,545253863134651;77;False
COMERCIAL MARIVAN LTDA;13179247000169;LUZIA;GASOLINA ADITIVADA;16/09/2025;6,69;VIBRA;6,69;0,0;0,0;6,543541666666667;6,69;0,0;6,89;-0,1999999999999993;-2,9027576197387415;77;False
COMERCIAL MARIVAN LTDA;13179247000169;LUZIA;GASOLINA ADITIVADA;22/09/2025;6,69;VIBRA;6,69;0,0;0,0;6,546530612244899;6,69;0,0;6,8149999999999995;-0,12499999999999911;-1,8341892883345434;77;False
COMERCIAL MARIVAN LTDA;13179247000169;LUZIA;GASOLINA ADITIVADA;30/09/2025;6,69;VIBRA;6,69;0,0;0,0;6,5494;6,69;0,0;6,8149999999999995;-0,12499999999999911;-1,8341892883345434;77;False
COMERCIAL MARIVAN LTDA;13179247000169;LUZIA;GASOLINA ADITIVADA;06/10/2025;6,69;VIBRA;6,69;0,0;0,0;6,552156862745099;6,69;0,0;6,8149999999999995;-0,12499999999999911;-1,8341892883345434;77;False
COMERCIAL MARIVAN LTDA;13179247000169;LUZIA;GASOLINA ADITIVADA;13/10/2025;6,69;VIBRA;6,69;0,0;0,0;6,554807692307692;6,69;0,0;6,76;-0,0699999999999994;-1,0355029585798727;77;False
COMERCIAL MARIVAN LTDA;13179247000169;LUZIA;GASOLINA ADITIVADA;20/10/2025;6,69;VIBRA;6,69;0,0;0,0;6,557358490566038;6,69;0,0;6,72;-0,02999999999999936;-0,44642857142856196;77;False
COMERCIAL MARIVAN LTDA;13179247000169;LUZIA;GASOLINA ADITIVADA;28/10/2025;6,59;VIBRA;6,69;-0,10000000000000053;-1,4947683109118166;6,559814814814815;6,69;-0,10000000000000053;6,74;-0,15000000000000036;-2,2255192878338335;77;False
COMERCIAL MARIVAN LTDA;13179247000169;LUZIA;GASOLINA ADITIVADA;04/11/2025;6,59;VIBRA;6,59;0,0;0,0;6,560363636363636;6,69;-0,10000000000000053;6,765000000000001;-0,1750000000000007;-2,5868440502586947;77;False
COMERCIAL MARIVAN LTDA;13179247000169;LUZIA;GASOLINA ADITIVADA;11/11/2025;6,59;VIBRA;6,59;0,0;0,0;6,560892857142858;6,69;-0,10000000000000053;6,65;-0,0600000000000005;-0,9022556390977519;77;False
COMERCIAL MARIVAN LTDA;13179247000169;LUZIA;GASOLINA ADITIVADA;18/11/2025;6,59;VIBRA;6,59;0,0;0,0;6,56140350877193;6,69;-0,10000000000000053;6,71;-0,1200000000000001;-1,7883755588673638;77;False
COMERCIAL MARIVAN LTDA;13179247000169;LUZIA;GASOLINA ADITIVADA;25/11/2025;6,59;VIBRA;6,59;0,0;0,0;6,561896551724138;6,69;-0,10000000000000053;6,71;-0,1200000000000001;-1,7883755588673638;77;False
COMERCIAL MARIVAN LTDA;13179247000169;LUZIA;GASOLINA ADITIVADA;24/02/2026;6,52;VIBRA;6,59;-0,07000000000000028;-1,0622154779969695;6,562372881355932;6,69;-0,17000000000000082;6,555;-0,03500000000000014;-0,5339435545385224;77;False
COMERCIAL MARIVAN LTDA;13179247000169;LUZIA;GASOLINA ADITIVADA;09/03/2026;6,82;VIBRA;6,52;0,3000000000000007;4,601226993865041;6,5616666666666665;6,69;0,1299999999999999;6,93;-0,10999999999999943;-1,5873015873015792;77;False
COMERCIAL MARIVAN LTDA;13179247000169;LUZIA;GASOLINA ADITIVADA;20/03/2026;6,99;VIBRA;6,82;0,16999999999999993;2,4926686217008784;6,565901639344263;6,69;0,2999999999999998;7,29;-0,2999999999999998;-4,115226337448557;77;False
COMERCIAL MARIVAN LTDA;13179247000169;LUZIA;GASOLINA ADITIVADA;24/03/2026;7,29;VIBRA;6,99;0,2999999999999998;4,291845493562229;6,5727419354838705;6,69;0,5999999999999996;7,345000000000001;-0,055000000000000604;-0,7488087134104915;77;False
COMERCIAL MARIVAN LTDA;13179247000169;LUZIA;GASOLINA ADITIVADA;30/03/2026;7,29;VIBRA;7,29;0,0;0,0;6,584126984126985;6,69;0,5999999999999996;7,34;-0,04999999999999982;-0,6811989100817415;77;False
COMERCIAL MARIVAN LTDA;13179247000169;LUZIA;GASOLINA ADITIVADA;07/04/2026;7,29;VIBRA;7,29;0,0;0,0;6,5951562500000005;6,69;0,5999999999999996;7,29;0,0;0,0;77;False
COMERCIAL MARIVAN LTDA;13179247000169;LUZIA;GASOLINA ADITIVADA;14/04/2026;7,29;VIBRA;7,29;0,0;0,0;6,605846153846154;6,69;0,5999999999999996;7,255;0,03500000000000014;0,4824259131633376;77;False
COMERCIAL MARIVAN LTDA;13179247000169;LUZIA;GASOLINA ADITIVADA;24/04/2026;7,29;VIBRA;7,29;0,0;0,0;6,616212121212121;6,69;0,5999999999999996;7,29;0,0;0,0;77;False
COMERCIAL MARIVAN LTDA;13179247000169;LUZIA;GASOLINA ADITIVADA;27/04/2026;7,29;VIBRA;7,29;0,0;0,0;6,626268656716419;6,69;0,5999999999999996;7,22;0,07000000000000028;0,9695290858725801;77;False
COMERCIAL MARIVAN LTDA;13179247000169;LUZIA;GASOLINA ADITIVADA;04/05/2026;7,29;VIBRA;7,29;0,0;0,0;6,636029411764706;6,69;0,5999999999999996;7,34;-0,04999999999999982;-0,6811989100817415;77;False
COMERCIAL MARIVAN LTDA;13179247000169;LUZIA;GASOLINA ADITIVADA;12/05/2026;7,59;VIBRA;7,29;0,2999999999999998;4,115226337448557;6,645507246376812;6,69;0,8999999999999995;7,57;0,019999999999999574;0,26420079260237217;77;False
COMERCIAL MARIVAN LTDA;13179247000169;LUZIA;GASOLINA ADITIVADA;18/05/2026;7,59;VIBRA;7,59;0,0;0,0;6,659;6,69;0,8999999999999995;7,555;0,03500000000000014;0,4632693580410343;77;False
COMERCIAL MARIVAN LTDA;13179247000169;LUZIA;GASOLINA ADITIVADA;26/05/2026;7,22;VIBRA;7,59;-0,3700000000000001;-4,87483530961792;6,672112676056338;6,69;0,5299999999999994;7,28;-0,0600000000000005;-0,824175824175831;77;False
COMERCIAL MARIVAN LTDA;13179247000169;LUZIA;GASOLINA ADITIVADA;02/06/2026;7,22;VIBRA;7,22;0,0;0,0;6,679722222222222;6,69;0,5299999999999994;7,22;0,0;0,0;77;False
COMERCIAL MARIVAN LTDA;13179247000169;LUZIA;GASOLINA ADITIVADA;08/06/2026;7,22;VIBRA;7,22;0,0;0,0;6,687123287671233;6,69;0,5299999999999994;7,205;0,01499999999999968;0,208188757807074;77;False
COMERCIAL MARIVAN LTDA;13179247000169;LUZIA;GASOLINA ADITIVADA;16/06/2026;7,24;VIBRA;7,22;0,020000000000000462;0,2770083102493139;6,694324324324325;6,69;0,5499999999999998;7,28;-0,040000000000000036;-0,5494505494505499;77;False
COMERCIAL MARIVAN LTDA;13179247000169;LUZIA;GASOLINA ADITIVADA;23/06/2026;7,24;VIBRA;7,24;0,0;0,0;6,7016;6,69;0,5499999999999998;7,26;-0,019999999999999574;-0,275482093663906;77;False
COMERCIAL MARIVAN LTDA;13179247000169;LUZIA;GASOLINA ADITIVADA;29/06/2026;7,24;VIBRA;7,24;0,0;0,0;6,708684210526316;6,69;0,5499999999999998;7,26;-0,019999999999999574;-0,275482093663906;77;False
LUBRIFICANTES E ACESSÓRIOS LTDA.;13257050000109;13 DE JULHO;ETANOL;04/11/2024;4,5;VIBRA;;;;;;;4,39;0,11000000000000032;2,5056947608200533;74;False
LUBRIFICANTES E ACESSÓRIOS LTDA.;13257050000109;13 DE JULHO;ETANOL;11/11/2024;4,5;VIBRA;4,5;0,0;0,0;4,5;4,5;0,0;4,39;0,11000000000000032;2,5056947608200533;74;False
LUBRIFICANTES E ACESSÓRIOS LTDA.;13257050000109;13 DE JULHO;ETANOL;18/11/2024;4,5;VIBRA;4,5;0,0;0,0;4,5;4,5;0,0;4,39;0,11000000000000032;2,5056947608200533;74;False
LUBRIFICANTES E ACESSÓRIOS LTDA.;13257050000109;13 DE JULHO;ETANOL;25/11/2024;4,5;VIBRA;4,5;0,0;0,0;4,5;4,5;0,0;4,39;0,11000000000000032;2,5056947608200533;74;False
LUBRIFICANTES E ACESSÓRIOS LTDA.;13257050000109;13 DE JULHO;ETANOL;03/12/2024;4,3;VIBRA;4,5;-0,20000000000000018;-4,444444444444448;4,5;4,5;-0,20000000000000018;4,295;0,004999999999999893;0,11641443538998589;74;False
LUBRIFICANTES E ACESSÓRIOS LTDA.;13257050000109;13 DE JULHO;ETANOL;09/12/2024;4,3;VIBRA;4,3;0,0;0,0;4,46;4,5;-0,20000000000000018;4,295;0,004999999999999893;0,11641443538998589;74;False
LUBRIFICANTES E ACESSÓRIOS LTDA.;13257050000109;13 DE JULHO;ETANOL;16/12/2024;4,3;VIBRA;4,3;0,0;0,0;4,433333333333334;4,5;-0,20000000000000018;4,29;0,009999999999999787;0,23310023310022812;74;False
LUBRIFICANTES E ACESSÓRIOS LTDA.;13257050000109;13 DE JULHO;ETANOL;23/12/2024;4,3;VIBRA;4,3;0,0;0,0;4,414285714285714;4,5;-0,20000000000000018;4,29;0,009999999999999787;0,23310023310022812;74;False
LUBRIFICANTES E ACESSÓRIOS LTDA.;13257050000109;13 DE JULHO;ETANOL;30/12/2024;4,3;VIBRA;4,3;0,0;0,0;4,4;4,4;-0,10000000000000053;4,29;0,009999999999999787;0,23310023310022812;74;False
LUBRIFICANTES E ACESSÓRIOS LTDA.;13257050000109;13 DE JULHO;ETANOL;06/01/2025;4,3;VIBRA;4,3;0,0;0,0;4,388888888888889;4,3;0,0;4,295;0,004999999999999893;0,11641443538998589;74;False
LUBRIFICANTES E ACESSÓRIOS LTDA.;13257050000109;13 DE JULHO;ETANOL;13/01/2025;4,4;VIBRA;4,3;0,10000000000000053;2,32558139534885;4,38;4,3;0,10000000000000053;4,59;-0,1899999999999995;-4,1394335511982465;74;False
LUBRIFICANTES E ACESSÓRIOS LTDA.;13257050000109;13 DE JULHO;ETANOL;20/01/2025;4,6;VIBRA;4,4;0,1999999999999993;4,545454545454529;4,381818181818182;4,3;0,2999999999999998;4,625;-0,025000000000000355;-0,5405405405405482;74;False
LUBRIFICANTES E ACESSÓRIOS LTDA.;13257050000109;13 DE JULHO;ETANOL;28/01/2025;4,75;VIBRA;4,6;0,15000000000000036;3,2608695652173996;4,3999999999999995;4,35;0,40000000000000036;4,66;0,08999999999999986;1,9313304721030013;74;False
LUBRIFICANTES E ACESSÓRIOS LTDA.;13257050000109;13 DE JULHO;ETANOL;03/02/2025;4,83;VIBRA;4,75;0,08000000000000007;1,6842105263157907;4,426923076923076;4,4;0,4299999999999997;4,74;0,08999999999999986;1,898734177215187;74;False
LUBRIFICANTES E ACESSÓRIOS LTDA.;13257050000109;13 DE JULHO;ETANOL;11/02/2025;4,83;VIBRA;4,83;0,0;0,0;4,4557142857142855;4,45;0,3799999999999999;4,845;-0,01499999999999968;-0,30959752321980766;74;False
LUBRIFICANTES E ACESSÓRIOS LTDA.;13257050000109;13 DE JULHO;ETANOL;18/02/2025;4,89;VIBRA;4,83;0,05999999999999961;1,2422360248447124;4,480666666666666;4,5;0,3899999999999997;4,89;0,0;0,0;74;False
LUBRIFICANTES E ACESSÓRIOS LTDA.;13257050000109;13 DE JULHO;ETANOL;25/02/2025;4,89;VIBRA;4,89;0,0;0,0;4,50625;4,5;0,3899999999999997;4,89;0,0;0,0;74;False
LUBRIFICANTES E ACESSÓRIOS LTDA.;13257050000109;13 DE JULHO;ETANOL;03/03/2025;4,89;VIBRA;4,89;0,0;0,0;4,528823529411764;4,5;0,3899999999999997;4,89;0,0;0,0;74;False
LUBRIFICANTES E ACESSÓRIOS LTDA.;13257050000109;13 DE JULHO;ETANOL;11/03/2025;4,89;VIBRA;4,89;0,0;0,0;4,5488888888888885;4,5;0,3899999999999997;4,89;0,0;0,0;74;False
LUBRIFICANTES E ACESSÓRIOS LTDA.;13257050000109;13 DE JULHO;ETANOL;18/03/2025;4,89;VIBRA;4,89;0,0;0,0;4,566842105263158;4,5;0,3899999999999997;4,89;0,0;0,0;74;False
LUBRIFICANTES E ACESSÓRIOS LTDA.;13257050000109;13 DE JULHO;ETANOL;25/03/2025;4,89;VIBRA;4,89;0,0;0,0;4,583;4,5;0,3899999999999997;4,89;0,0;0,0;74;False
LUBRIFICANTES E ACESSÓRIOS LTDA.;13257050000109;13 DE JULHO;ETANOL;31/03/2025;4,89;VIBRA;4,89;0,0;0,0;4,597619047619047;4,5;0,3899999999999997;4,865;0,024999999999999467;0,5138746145940282;74;False
LUBRIFICANTES E ACESSÓRIOS LTDA.;13257050000109;13 DE JULHO;ETANOL;08/04/2025;4,89;VIBRA;4,89;0,0;0,0;4,61090909090909;4,55;0,33999999999999986;4,865;0,024999999999999467;0,5138746145940282;74;False
LUBRIFICANTES E ACESSÓRIOS LTDA.;13257050000109;13 DE JULHO;ETANOL;15/04/2025;4,89;VIBRA;4,89;0,0;0,0;4,623043478260869;4,6;0,29000000000000004;4,89;0,0;0,0;74;False
LUBRIFICANTES E ACESSÓRIOS LTDA.;13257050000109;13 DE JULHO;ETANOL;29/04/2025;4,92;VIBRA;4,89;0,03000000000000025;0,6134969325153425;4,634166666666666;4,675;0,2450000000000001;4,89;0,03000000000000025;0,6134969325153425;74;False
LUBRIFICANTES E ACESSÓRIOS LTDA.;13257050000109;13 DE JULHO;ETANOL;05/05/2025;4,92;VIBRA;4,92;0,0;0,0;4,6456;4,75;0,16999999999999993;4,89;0,03000000000000025;0,6134969325153425;74;False
LUBRIFICANTES E ACESSÓRIOS LTDA.;13257050000109;13 DE JULHO;ETANOL;12/05/2025;4,92;VIBRA;4,92;0,0;0,0;4,656153846153846;4,79;0,1299999999999999;4,869999999999999;0,05000000000000071;1,0266940451745528;74;False
LUBRIFICANTES E ACESSÓRIOS LTDA.;13257050000109;13 DE JULHO;ETANOL;19/05/2025;4,99;VIBRA;4,92;0,07000000000000028;1,4227642276422823;4,665925925925926;4,83;0,16000000000000014;4,94;0,04999999999999982;1,0121457489878507;74;False
LUBRIFICANTES E ACESSÓRIOS LTDA.;13257050000109;13 DE JULHO;ETANOL;27/05/2025;4,99;VIBRA;4,99;0,0;0,0;4,6775;4,83;0,16000000000000014;4,965;0,025000000000000355;0,50352467270897;74;False
LUBRIFICANTES E ACESSÓRIOS LTDA.;13257050000109;13 DE JULHO;ETANOL;03/06/2025;4,99;VIBRA;4,99;0,0;0,0;4,6882758620689655;4,83;0,16000000000000014;4,95;0,040000000000000036;0,8080808080808087;74;False
LUBRIFICANTES E ACESSÓRIOS LTDA.;13257050000109;13 DE JULHO;ETANOL;09/06/2025;4,99;VIBRA;4,99;0,0;0,0;4,698333333333333;4,859999999999999;0,13000000000000078;4,95;0,040000000000000036;0,8080808080808087;74;False
LUBRIFICANTES E ACESSÓRIOS LTDA.;13257050000109;13 DE JULHO;ETANOL;16/06/2025;4,99;VIBRA;4,99;0,0;0,0;4,707741935483871;4,89;0,10000000000000053;4,95;0,040000000000000036;0,8080808080808087;74;False
LUBRIFICANTES E ACESSÓRIOS LTDA.;13257050000109;13 DE JULHO;ETANOL;24/06/2025;4,99;VIBRA;4,99;0,0;0,0;4,7165625;4,89;0,10000000000000053;4,95;0,040000000000000036;0,8080808080808087;74;False
LUBRIFICANTES E ACESSÓRIOS LTDA.;13257050000109;13 DE JULHO;ETANOL;30/06/2025;4,99;VIBRA;4,99;0,0;0,0;4,724848484848485;4,89;0,10000000000000053;4,95;0,040000000000000036;0,8080808080808087;74;False
LUBRIFICANTES E ACESSÓRIOS LTDA.;13257050000109;13 DE JULHO;ETANOL;08/07/2025;4,99;VIBRA;4,99;0,0;0,0;4,732647058823529;4,89;0,10000000000000053;4,95;0,040000000000000036;0,8080808080808087;74;False
LUBRIFICANTES E ACESSÓRIOS LTDA.;13257050000109;13 DE JULHO;ETANOL;15/07/2025;4,99;VIBRA;4,99;0,0;0,0;4,74;4,89;0,10000000000000053;4,95;0,040000000000000036;0,8080808080808087;74;False
LUBRIFICANTES E ACESSÓRIOS LTDA.;13257050000109;13 DE JULHO;ETANOL;22/07/2025;4,99;VIBRA;4,99;0,0;0,0;4,746944444444444;4,89;0,10000000000000053;4,95;0,040000000000000036;0,8080808080808087;74;False
LUBRIFICANTES E ACESSÓRIOS LTDA.;13257050000109;13 DE JULHO;ETANOL;28/07/2025;4,99;VIBRA;4,99;0,0;0,0;4,753513513513513;4,89;0,10000000000000053;4,95;0,040000000000000036;0,8080808080808087;74;False
LUBRIFICANTES E ACESSÓRIOS LTDA.;13257050000109;13 DE JULHO;ETANOL;05/08/2025;4,99;VIBRA;4,99;0,0;0,0;4,759736842105263;4,89;0,10000000000000053;4,95;0,040000000000000036;0,8080808080808087;74;False
LUBRIFICANTES E ACESSÓRIOS LTDA.;13257050000109;13 DE JULHO;ETANOL;12/08/2025;4,99;VIBRA;4,99;0,0;0,0;4,765641025641025;4,89;0,10000000000000053;4,95;0,040000000000000036;0,8080808080808087;74;False
LUBRIFICANTES E ACESSÓRIOS LTDA.;13257050000109;13 DE JULHO;ETANOL;19/08/2025;4,99;VIBRA;4,99;0,0;0,0;4,77125;4,89;0,10000000000000053;4,965;0,025000000000000355;0,50352467270897;74;False
LUBRIFICANTES E ACESSÓRIOS LTDA.;13257050000109;13 DE JULHO;ETANOL;27/08/2025;4,99;VIBRA;4,99;0,0;0,0;4,776585365853658;4,89;0,10000000000000053;4,965;0,025000000000000355;0,50352467270897;74;False
LUBRIFICANTES E ACESSÓRIOS LTDA.;13257050000109;13 DE JULHO;ETANOL;02/09/2025;4,99;VIBRA;4,99;0,0;0,0;4,781666666666667;4,89;0,10000000000000053;4,95;0,040000000000000036;0,8080808080808087;74;False
LUBRIFICANTES E ACESSÓRIOS LTDA.;13257050000109;13 DE JULHO;ETANOL;09/09/2025;4,99;VIBRA;4,99;0,0;0,0;4,786511627906976;4,89;0,10000000000000053;4,965;0,025000000000000355;0,50352467270897;74;False
LUBRIFICANTES E ACESSÓRIOS LTDA.;13257050000109;13 DE JULHO;ETANOL;17/09/2025;4,99;VIBRA;4,99;0,0;0,0;4,7911363636363635;4,89;0,10000000000000053;4,98;0,009999999999999787;0,20080321285140132;74;False
LUBRIFICANTES E ACESSÓRIOS LTDA.;13257050000109;13 DE JULHO;ETANOL;22/09/2025;4,99;VIBRA;4,99;0,0;0,0;4,795555555555556;4,89;0,10000000000000053;4,965;0,025000000000000355;0,50352467270897;74;False
LUBRIFICANTES E ACESSÓRIOS LTDA.;13257050000109;13 DE JULHO;ETANOL;30/09/2025;4,99;VIBRA;4,99;0,0;0,0;4,799782608695652;4,89;0,10000000000000053;4,965;0,025000000000000355;0,50352467270897;74;False
LUBRIFICANTES E ACESSÓRIOS LTDA.;13257050000109;13 DE JULHO;ETANOL;06/10/2025;4,99;VIBRA;4,99;0,0;0,0;4,803829787234043;4,89;0,10000000000000053;4,965;0,025000000000000355;0,50352467270897;74;False
LUBRIFICANTES E ACESSÓRIOS LTDA.;13257050000109;13 DE JULHO;ETANOL;13/10/2025;4,99;VIBRA;4,99;0,0;0,0;4,807708333333333;4,904999999999999;0,08500000000000085;4,965;0,025000000000000355;0,50352467270897;74;False
LUBRIFICANTES E ACESSÓRIOS LTDA.;13257050000109;13 DE JULHO;ETANOL;20/10/2025;4,99;VIBRA;4,99;0,0;0,0;4,811428571428571;4,92;0,07000000000000028;4,95;0,040000000000000036;0,8080808080808087;74;False
LUBRIFICANTES E ACESSÓRIOS LTDA.;13257050000109;13 DE JULHO;ETANOL;29/10/2025;4,99;VIBRA;4,99;0,0;0,0;4,815;4,92;0,07000000000000028;4,99;0,0;0,0;74;False
LUBRIFICANTES E ACESSÓRIOS LTDA.;13257050000109;13 DE JULHO;ETANOL;05/11/2025;4,99;VIBRA;4,99;0,0;0,0;4,8184313725490195;4,92;0,07000000000000028;4,895;0,09500000000000064;1,9407558733401564;74;False
LUBRIFICANTES E ACESSÓRIOS LTDA.;13257050000109;13 DE JULHO;ETANOL;11/11/2025;4,8;VIBRA;4,99;-0,1900000000000004;-3,8076152304609296;4,821730769230769;4,92;-0,1200000000000001;4,8;0,0;0,0;74;False
LUBRIFICANTES E ACESSÓRIOS LTDA.;13257050000109;13 DE JULHO;ETANOL;18/11/2025;4,8;VIBRA;4,8;0,0;0,0;4,821320754716981;4,92;-0,1200000000000001;4,8;0,0;0,0;74;False
LUBRIFICANTES E ACESSÓRIOS LTDA.;13257050000109;13 DE JULHO;ETANOL;25/11/2025;4,8;VIBRA;4,8;0,0;0,0;4,820925925925926;4,92;-0,1200000000000001;4,8;0,0;0,0;74;False
LUBRIFICANTES E ACESSÓRIOS LTDA.;13257050000109;13 DE JULHO;ETANOL;13/01/2026;4,8;VIBRA;4,8;0,0;0,0;4,820545454545455;4,92;-0,1200000000000001;4,8;0,0;0,0;74;False
LUBRIFICANTES E ACESSÓRIOS LTDA.;13257050000109;13 DE JULHO;ETANOL;10/02/2026;4,95;VIBRA;4,8;0,15000000000000036;3,1250000000000075;4,820178571428571;4,904999999999999;0,04500000000000082;4,89;0,0600000000000005;1,226993865030685;74;False
LUBRIFICANTES E ACESSÓRIOS LTDA.;13257050000109;13 DE JULHO;ETANOL;24/02/2026;4,87;VIBRA;4,95;-0,08000000000000007;-1,6161616161616175;4,822456140350877;4,92;-0,04999999999999982;4,87;0,0;0,0;74;False
LUBRIFICANTES E ACESSÓRIOS LTDA.;13257050000109;13 DE JULHO;ETANOL;04/03/2026;4,87;VIBRA;4,87;0,0;0,0;4,823275862068965;4,904999999999999;-0,034999999999999254;4,88;-0,009999999999999787;-0,20491803278688087;74;False
LUBRIFICANTES E ACESSÓRIOS LTDA.;13257050000109;13 DE JULHO;ETANOL;09/03/2026;4,95;VIBRA;4,87;0,08000000000000007;1,6427104722792623;4,824067796610169;4,89;0,0600000000000005;4,970000000000001;-0,020000000000000462;-0,4024144869215384;74;False
LUBRIFICANTES E ACESSÓRIOS LTDA.;13257050000109;13 DE JULHO;ETANOL;24/03/2026;5,05;VIBRA;4,95;0,09999999999999964;2,0202020202020132;4,8261666666666665;4,904999999999999;0,14500000000000046;5,05;0,0;0,0;74;False
LUBRIFICANTES E ACESSÓRIOS LTDA.;13257050000109;13 DE JULHO;ETANOL;30/03/2026;5,05;VIBRA;5,05;0,0;0,0;4,829836065573771;4,92;0,1299999999999999;5,05;0,0;0,0;74;False
LUBRIFICANTES E ACESSÓRIOS LTDA.;13257050000109;13 DE JULHO;ETANOL;07/04/2026;5,17;VIBRA;5,05;0,1200000000000001;2,3762376237623783;4,833387096774194;4,92;0,25;5,12;0,04999999999999982;0,9765624999999966;74;False
LUBRIFICANTES E ACESSÓRIOS LTDA.;13257050000109;13 DE JULHO;ETANOL;14/04/2026;5,5;VIBRA;5,17;0,33000000000000007;6,382978723404256;4,838730158730159;4,92;0,5800000000000001;5,545;-0,04499999999999993;-0,8115419296663648;74;False
LUBRIFICANTES E ACESSÓRIOS LTDA.;13257050000109;13 DE JULHO;ETANOL;24/04/2026;5,5;VIBRA;5,5;0,0;0,0;4,8490625;4,92;0,5800000000000001;5,6;-0,09999999999999964;-1,7857142857142794;74;False
LUBRIFICANTES E ACESSÓRIOS LTDA.;13257050000109;13 DE JULHO;ETANOL;27/04/2026;5,5;VIBRA;5,5;0,0;0,0;4,859076923076922;4,92;0,5800000000000001;5,6;-0,09999999999999964;-1,7857142857142794;74;False
LUBRIFICANTES E ACESSÓRIOS LTDA.;13257050000109;13 DE JULHO;ETANOL;12/05/2026;5,5;VIBRA;5,5;0,0;0,0;4,868787878787878;4,9350000000000005;0,5649999999999995;5,6;-0,09999999999999964;-1,7857142857142794;74;False
LUBRIFICANTES E ACESSÓRIOS LTDA.;13257050000109;13 DE JULHO;ETANOL;18/05/2026;5,5;VIBRA;5,5;0,0;0,0;4,87820895522388;4,95;0,5499999999999998;5,6;-0,09999999999999964;-1,7857142857142794;74;False
LUBRIFICANTES E ACESSÓRIOS LTDA.;13257050000109;13 DE JULHO;ETANOL;26/05/2026;5,5;VIBRA;5,5;0,0;0,0;4,88735294117647;4,95;0,5499999999999998;5,5;0,0;0,0;74;False
LUBRIFICANTES E ACESSÓRIOS LTDA.;13257050000109;13 DE JULHO;ETANOL;02/06/2026;5,5;VIBRA;5,5;0,0;0,0;4,896231884057971;4,95;0,5499999999999998;5,5;0,0;0,0;74;False
LUBRIFICANTES E ACESSÓRIOS LTDA.;13257050000109;13 DE JULHO;ETANOL;08/06/2026;5,5;VIBRA;5,5;0,0;0,0;4,904857142857143;4,970000000000001;0,5299999999999994;5,5;0,0;0,0;74;False
LUBRIFICANTES E ACESSÓRIOS LTDA.;13257050000109;13 DE JULHO;ETANOL;16/06/2026;5,5;VIBRA;5,5;0,0;0,0;4,913239436619718;4,99;0,5099999999999998;5,5;0,0;0,0;74;False
LUBRIFICANTES E ACESSÓRIOS LTDA.;13257050000109;13 DE JULHO;ETANOL;23/06/2026;5,5;VIBRA;5,5;0,0;0,0;4,921388888888888;4,99;0,5099999999999998;5,5;0,0;0,0;74;False
LUBRIFICANTES E ACESSÓRIOS LTDA.;13257050000109;13 DE JULHO;ETANOL;29/06/2026;5,5;VIBRA;5,5;0,0;0,0;4,929315068493151;4,99;0,5099999999999998;5,5;0,0;0,0;74;False
LUBRIFICANTES E ACESSÓRIOS LTDA.;13257050000109;13 DE JULHO;GASOLINA;04/11/2024;5,9;VIBRA;;;;;;;5,92;-0,019999999999999574;-0,33783783783783067;74;False
LUBRIFICANTES E ACESSÓRIOS LTDA.;13257050000109;13 DE JULHO;GASOLINA;11/11/2024;5,9;VIBRA;5,9;0,0;0,0;5,9;5,9;0,0;5,9;0,0;0,0;74;False
LUBRIFICANTES E ACESSÓRIOS LTDA.;13257050000109;13 DE JULHO;GASOLINA;18/11/2024;6,3;VIBRA;5,9;0,39999999999999947;6,7796610169491425;5,9;5,9;0,39999999999999947;6,32;-0,020000000000000462;-0,31645569620253894;74;False
LUBRIFICANTES E ACESSÓRIOS LTDA.;13257050000109;13 DE JULHO;GASOLINA;25/11/2024;6,3;VIBRA;6,3;0,0;0,0;6,033333333333334;5,9;0,39999999999999947;6,32;-0,020000000000000462;-0,31645569620253894;74;False
LUBRIFICANTES E ACESSÓRIOS LTDA.;13257050000109;13 DE JULHO;GASOLINA;03/12/2024;6,3;VIBRA;6,3;0,0;0,0;6,1;6,1;0,20000000000000018;6,32;-0,020000000000000462;-0,31645569620253894;74;False
LUBRIFICANTES E ACESSÓRIOS LTDA.;13257050000109;13 DE JULHO;GASOLINA;09/12/2024;6,3;VIBRA;6,3;0,0;0,0;6,14;6,3;0,0;6,32;-0,020000000000000462;-0,31645569620253894;74;False
LUBRIFICANTES E ACESSÓRIOS LTDA.;13257050000109;13 DE JULHO;GASOLINA;16/12/2024;6,3;VIBRA;6,3;0,0;0,0;6,166666666666667;6,3;0,0;6,32;-0,020000000000000462;-0,31645569620253894;74;False
LUBRIFICANTES E ACESSÓRIOS LTDA.;13257050000109;13 DE JULHO;GASOLINA;23/12/2024;6,3;VIBRA;6,3;0,0;0,0;6,185714285714285;6,3;0,0;6,32;-0,020000000000000462;-0,31645569620253894;74;False
LUBRIFICANTES E ACESSÓRIOS LTDA.;13257050000109;13 DE JULHO;GASOLINA;30/12/2024;6,3;VIBRA;6,3;0,0;0,0;6,2;6,3;0,0;6,32;-0,020000000000000462;-0,31645569620253894;74;False
LUBRIFICANTES E ACESSÓRIOS LTDA.;13257050000109;13 DE JULHO;GASOLINA;06/01/2025;6,3;VIBRA;6,3;0,0;0,0;6,211111111111111;6,3;0,0;6,32;-0,020000000000000462;-0,31645569620253894;74;False
LUBRIFICANTES E ACESSÓRIOS LTDA.;13257050000109;13 DE JULHO;GASOLINA;13/01/2025;6,42;VIBRA;6,3;0,1200000000000001;1,9047619047619067;6,220000000000001;6,3;0,1200000000000001;6,42;0,0;0,0;74;False
LUBRIFICANTES E ACESSÓRIOS LTDA.;13257050000109;13 DE JULHO;GASOLINA;20/01/2025;6,42;VIBRA;6,42;0,0;0,0;6,238181818181818;6,3;0,1200000000000001;6,42;0,0;0,0;74;False
LUBRIFICANTES E ACESSÓRIOS LTDA.;13257050000109;13 DE JULHO;GASOLINA;28/01/2025;6,42;VIBRA;6,42;0,0;0,0;6,253333333333333;6,3;0,1200000000000001;6,42;0,0;0,0;74;False
LUBRIFICANTES E ACESSÓRIOS LTDA.;13257050000109;13 DE JULHO;GASOLINA;03/02/2025;6,51;VIBRA;6,42;0,08999999999999986;1,4018691588785024;6,266153846153846;6,3;0,20999999999999996;6,49;0,019999999999999574;0,30816640986131855;74;False
LUBRIFICANTES E ACESSÓRIOS LTDA.;13257050000109;13 DE JULHO;GASOLINA;11/02/2025;6,62;VIBRA;6,51;0,11000000000000032;1,6897081413210495;6,283571428571428;6,3;0,3200000000000003;6,62;0,0;0,0;74;False
LUBRIFICANTES E ACESSÓRIOS LTDA.;13257050000109;13 DE JULHO;GASOLINA;18/02/2025;6,62;VIBRA;6,62;0,0;0,0;6,306;6,3;0,3200000000000003;6,62;0,0;0,0;74;False
LUBRIFICANTES E ACESSÓRIOS LTDA.;13257050000109;13 DE JULHO;GASOLINA;25/02/2025;6,62;VIBRA;6,62;0,0;0,0;6,325625;6,3;0,3200000000000003;6,62;0,0;0,0;74;False
LUBRIFICANTES E ACESSÓRIOS LTDA.;13257050000109;13 DE JULHO;GASOLINA;03/03/2025;6,62;VIBRA;6,62;0,0;0,0;6,342941176470588;6,3;0,3200000000000003;6,62;0,0;0,0;74;False
LUBRIFICANTES E ACESSÓRIOS LTDA.;13257050000109;13 DE JULHO;GASOLINA;11/03/2025;6,62;VIBRA;6,62;0,0;0,0;6,358333333333333;6,3;0,3200000000000003;6,62;0,0;0,0;74;False
LUBRIFICANTES E ACESSÓRIOS LTDA.;13257050000109;13 DE JULHO;GASOLINA;18/03/2025;6,62;VIBRA;6,62;0,0;0,0;6,372105263157894;6,3;0,3200000000000003;6,62;0,0;0,0;74;False
LUBRIFICANTES E ACESSÓRIOS LTDA.;13257050000109;13 DE JULHO;GASOLINA;25/03/2025;6,62;VIBRA;6,62;0,0;0,0;6,3845;6,359999999999999;0,2600000000000007;6,62;0,0;0,0;74;False
LUBRIFICANTES E ACESSÓRIOS LTDA.;13257050000109;13 DE JULHO;GASOLINA;31/03/2025;6,62;VIBRA;6,62;0,0;0,0;6,395714285714286;6,42;0,20000000000000018;6,62;0,0;0,0;74;False
LUBRIFICANTES E ACESSÓRIOS LTDA.;13257050000109;13 DE JULHO;GASOLINA;08/04/2025;6,62;VIBRA;6,62;0,0;0,0;6,405909090909091;6,42;0,20000000000000018;6,62;0,0;0,0;74;False
LUBRIFICANTES E ACESSÓRIOS LTDA.;13257050000109;13 DE JULHO;GASOLINA;15/04/2025;6,52;VIBRA;6,62;-0,10000000000000053;-1,5105740181268963;6,415217391304348;6,42;0,09999999999999964;6,52;0,0;0,0;74;False
LUBRIFICANTES E ACESSÓRIOS LTDA.;13257050000109;13 DE JULHO;GASOLINA;29/04/2025;6,62;VIBRA;6,52;0,10000000000000053;1,5337423312883518;6,419583333333333;6,42;0,20000000000000018;6,62;0,0;0,0;74;False
LUBRIFICANTES E ACESSÓRIOS LTDA.;13257050000109;13 DE JULHO;GASOLINA;05/05/2025;6,62;VIBRA;6,62;0,0;0,0;6,4276;6,42;0,20000000000000018;6,62;0,0;0,0;74;False
LUBRIFICANTES E ACESSÓRIOS LTDA.;13257050000109;13 DE JULHO;GASOLINA;12/05/2025;6,62;VIBRA;6,62;0,0;0,0;6,4350000000000005;6,465;0,15500000000000025;6,62;0,0;0,0;74;False
LUBRIFICANTES E ACESSÓRIOS LTDA.;13257050000109;13 DE JULHO;GASOLINA;19/05/2025;6,62;VIBRA;6,62;0,0;0,0;6,441851851851852;6,51;0,11000000000000032;6,62;0,0;0,0;74;False
LUBRIFICANTES E ACESSÓRIOS LTDA.;13257050000109;13 DE JULHO;GASOLINA;27/05/2025;6,62;VIBRA;6,62;0,0;0,0;6,448214285714286;6,515;0,10500000000000043;6,62;0,0;0,0;74;False
LUBRIFICANTES E ACESSÓRIOS LTDA.;13257050000109;13 DE JULHO;GASOLINA;03/06/2025;6,62;VIBRA;6,62;0,0;0,0;6,454137931034483;6,52;0,10000000000000053;6,62;0,0;0,0;74;False
LUBRIFICANTES E ACESSÓRIOS LTDA.;13257050000109;13 DE JULHO;GASOLINA;09/06/2025;6,62;VIBRA;6,62;0,0;0,0;6,459666666666666;6,57;0,04999999999999982;6,62;0,0;0,0;74;False
LUBRIFICANTES E ACESSÓRIOS LTDA.;13257050000109;13 DE JULHO;GASOLINA;16/06/2025;6,62;VIBRA;6,62;0,0;0,0;6,464838709677419;6,62;0,0;6,62;0,0;0,0;74;False
LUBRIFICANTES E ACESSÓRIOS LTDA.;13257050000109;13 DE JULHO;GASOLINA;24/06/2025;6,62;VIBRA;6,62;0,0;0,0;6,4696875;6,62;0,0;6,62;0,0;0,0;74;False
LUBRIFICANTES E ACESSÓRIOS LTDA.;13257050000109;13 DE JULHO;GASOLINA;30/06/2025;6,62;VIBRA;6,62;0,0;0,0;6,474242424242425;6,62;0,0;6,62;0,0;0,0;74;False
LUBRIFICANTES E ACESSÓRIOS LTDA.;13257050000109;13 DE JULHO;GASOLINA;08/07/2025;6,62;VIBRA;6,62;0,0;0,0;6,478529411764706;6,62;0,0;6,62;0,0;0,0;74;False
LUBRIFICANTES E ACESSÓRIOS LTDA.;13257050000109;13 DE JULHO;GASOLINA;15/07/2025;6,62;VIBRA;6,62;0,0;0,0;6,482571428571428;6,62;0,0;6,62;0,0;0,0;74;False
LUBRIFICANTES E ACESSÓRIOS LTDA.;13257050000109;13 DE JULHO;GASOLINA;22/07/2025;6,62;VIBRA;6,62;0,0;0,0;6,4863888888888885;6,62;0,0;6,62;0,0;0,0;74;False
LUBRIFICANTES E ACESSÓRIOS LTDA.;13257050000109;13 DE JULHO;GASOLINA;28/07/2025;6,62;VIBRA;6,62;0,0;0,0;6,49;6,62;0,0;6,62;0,0;0,0;74;False
LUBRIFICANTES E ACESSÓRIOS LTDA.;13257050000109;13 DE JULHO;GASOLINA;05/08/2025;6,62;VIBRA;6,62;0,0;0,0;6,493421052631579;6,62;0,0;6,62;0,0;0,0;74;False
LUBRIFICANTES E ACESSÓRIOS LTDA.;13257050000109;13 DE JULHO;GASOLINA;12/08/2025;6,62;VIBRA;6,62;0,0;0,0;6,496666666666667;6,62;0,0;6,62;0,0;0,0;74;False
LUBRIFICANTES E ACESSÓRIOS LTDA.;13257050000109;13 DE JULHO;GASOLINA;19/08/2025;6,62;VIBRA;6,62;0,0;0,0;6,499750000000001;6,62;0,0;6,62;0,0;0,0;74;False
LUBRIFICANTES E ACESSÓRIOS LTDA.;13257050000109;13 DE JULHO;GASOLINA;27/08/2025;6,62;VIBRA;6,62;0,0;0,0;6,5026829268292685;6,62;0,0;6,62;0,0;0,0;74;False
LUBRIFICANTES E ACESSÓRIOS LTDA.;13257050000109;13 DE JULHO;GASOLINA;02/09/2025;6,62;VIBRA;6,62;0,0;0,0;6,505476190476191;6,62;0,0;6,62;0,0;0,0;74;False
LUBRIFICANTES E ACESSÓRIOS LTDA.;13257050000109;13 DE JULHO;GASOLINA;09/09/2025;6,62;VIBRA;6,62;0,0;0,0;6,508139534883721;6,62;0,0;6,62;0,0;0,0;74;False
LUBRIFICANTES E ACESSÓRIOS LTDA.;13257050000109;13 DE JULHO;GASOLINA;17/09/2025;6,62;VIBRA;6,62;0,0;0,0;6,510681818181819;6,62;0,0;6,62;0,0;0,0;74;False
LUBRIFICANTES E ACESSÓRIOS LTDA.;13257050000109;13 DE JULHO;GASOLINA;22/09/2025;6,62;VIBRA;6,62;0,0;0,0;6,513111111111111;6,62;0,0;6,62;0,0;0,0;74;False
LUBRIFICANTES E ACESSÓRIOS LTDA.;13257050000109;13 DE JULHO;GASOLINA;30/09/2025;6,62;VIBRA;6,62;0,0;0,0;6,515434782608695;6,62;0,0;6,62;0,0;0,0;74;False
LUBRIFICANTES E ACESSÓRIOS LTDA.;13257050000109;13 DE JULHO;GASOLINA;06/10/2025;6,62;VIBRA;6,62;0,0;0,0;6,517659574468085;6,62;0,0;6,62;0,0;0,0;74;False
LUBRIFICANTES E ACESSÓRIOS LTDA.;13257050000109;13 DE JULHO;GASOLINA;13/10/2025;6,62;VIBRA;6,62;0,0;0,0;6,519791666666666;6,62;0,0;6,62;0,0;0,0;74;False
LUBRIFICANTES E ACESSÓRIOS LTDA.;13257050000109;13 DE JULHO;GASOLINA;20/10/2025;6,62;VIBRA;6,62;0,0;0,0;6,521836734693878;6,62;0,0;6,62;0,0;0,0;74;False
LUBRIFICANTES E ACESSÓRIOS LTDA.;13257050000109;13 DE JULHO;GASOLINA;29/10/2025;6,52;VIBRA;6,62;-0,10000000000000053;-1,5105740181268963;6,5238;6,62;-0,10000000000000053;6,52;0,0;0,0;74;False
LUBRIFICANTES E ACESSÓRIOS LTDA.;13257050000109;13 DE JULHO;GASOLINA;05/11/2025;6,52;VIBRA;6,52;0,0;0,0;6,523725490196078;6,62;-0,10000000000000053;6,52;0,0;0,0;74;False
LUBRIFICANTES E ACESSÓRIOS LTDA.;13257050000109;13 DE JULHO;GASOLINA;11/11/2025;6,52;VIBRA;6,52;0,0;0,0;6,523653846153847;6,62;-0,10000000000000053;6,52;0,0;0,0;74;False
LUBRIFICANTES E ACESSÓRIOS LTDA.;13257050000109;13 DE JULHO;GASOLINA;18/11/2025;6,52;VIBRA;6,52;0,0;0,0;6,523584905660377;6,62;-0,10000000000000053;6,52;0,0;0,0;74;False
LUBRIFICANTES E ACESSÓRIOS LTDA.;13257050000109;13 DE JULHO;GASOLINA;25/11/2025;6,52;VIBRA;6,52;0,0;0,0;6,523518518518518;6,62;-0,10000000000000053;6,52;0,0;0,0;74;False
LUBRIFICANTES E ACESSÓRIOS LTDA.;13257050000109;13 DE JULHO;GASOLINA;13/01/2026;6,52;VIBRA;6,52;0,0;0,0;6,523454545454546;6,62;-0,10000000000000053;6,52;0,0;0,0;74;False
LUBRIFICANTES E ACESSÓRIOS LTDA.;13257050000109;13 DE JULHO;GASOLINA;10/02/2026;6,52;VIBRA;6,52;0,0;0,0;6,523392857142857;6,62;-0,10000000000000053;6,539999999999999;-0,019999999999999574;-0,30581039755351036;74;False
LUBRIFICANTES E ACESSÓRIOS LTDA.;13257050000109;13 DE JULHO;GASOLINA;24/02/2026;6,52;VIBRA;6,52;0,0;0,0;6,523333333333333;6,62;-0,10000000000000053;6,539999999999999;-0,019999999999999574;-0,30581039755351036;74;False
LUBRIFICANTES E ACESSÓRIOS LTDA.;13257050000109;13 DE JULHO;GASOLINA;04/03/2026;6,52;VIBRA;6,52;0,0;0,0;6,5232758620689655;6,62;-0,10000000000000053;6,5649999999999995;-0,04499999999999993;-0,6854531607006844;74;False
LUBRIFICANTES E ACESSÓRIOS LTDA.;13257050000109;13 DE JULHO;GASOLINA;09/03/2026;6,82;VIBRA;6,52;0,3000000000000007;4,601226993865041;6,523220338983051;6,62;0,20000000000000018;6,82;0,0;0,0;74;False
LUBRIFICANTES E ACESSÓRIOS LTDA.;13257050000109;13 DE JULHO;GASOLINA;24/03/2026;7,22;VIBRA;6,82;0,39999999999999947;5,86510263929618;6,5281666666666665;6,62;0,5999999999999996;7,22;0,0;0,0;74;False
LUBRIFICANTES E ACESSÓRIOS LTDA.;13257050000109;13 DE JULHO;GASOLINA;30/03/2026;7,22;VIBRA;7,22;0,0;0,0;6,539508196721312;6,62;0,5999999999999996;7,22;0,0;0,0;74;False
LUBRIFICANTES E ACESSÓRIOS LTDA.;13257050000109;13 DE JULHO;GASOLINA;07/04/2026;7,22;VIBRA;7,22;0,0;0,0;6,550483870967742;6,62;0,5999999999999996;7,22;0,0;0,0;74;False
LUBRIFICANTES E ACESSÓRIOS LTDA.;13257050000109;13 DE JULHO;GASOLINA;14/04/2026;7,22;VIBRA;7,22;0,0;0,0;6,561111111111112;6,62;0,5999999999999996;7,22;0,0;0,0;74;False
LUBRIFICANTES E ACESSÓRIOS LTDA.;13257050000109;13 DE JULHO;GASOLINA;24/04/2026;7,22;VIBRA;7,22;0,0;0,0;6,57140625;6,62;0,5999999999999996;7,23;-0,010000000000000675;-0,13831258644537586;74;False
LUBRIFICANTES E ACESSÓRIOS LTDA.;13257050000109;13 DE JULHO;GASOLINA;27/04/2026;7,22;VIBRA;7,22;0,0;0,0;6,581384615384616;6,62;0,5999999999999996;7,22;0,0;0,0;74;False
LUBRIFICANTES E ACESSÓRIOS LTDA.;13257050000109;13 DE JULHO;GASOLINA;12/05/2026;7,52;VIBRA;7,22;0,2999999999999998;4,15512465373961;6,591060606060606;6,62;0,8999999999999995;7,52;0,0;0,0;74;False
LUBRIFICANTES E ACESSÓRIOS LTDA.;13257050000109;13 DE JULHO;GASOLINA;18/05/2026;7,52;VIBRA;7,52;0,0;0,0;6,604925373134328;6,62;0,8999999999999995;7,52;0,0;0,0;74;False
LUBRIFICANTES E ACESSÓRIOS LTDA.;13257050000109;13 DE JULHO;GASOLINA;26/05/2026;7,12;VIBRA;7,52;-0,39999999999999947;-5,319148936170206;6,618382352941176;6,62;0,5;7,135;-0,01499999999999968;-0,2102312543798133;74;False
LUBRIFICANTES E ACESSÓRIOS LTDA.;13257050000109;13 DE JULHO;GASOLINA;02/06/2026;7,12;VIBRA;7,12;0,0;0,0;6,625652173913044;6,62;0,5;7,12;0,0;0,0;74;False
LUBRIFICANTES E ACESSÓRIOS LTDA.;13257050000109;13 DE JULHO;GASOLINA;08/06/2026;7,12;VIBRA;7,12;0,0;0,0;6,632714285714286;6,62;0,5;7,12;0,0;0,0;74;False
LUBRIFICANTES E ACESSÓRIOS LTDA.;13257050000109;13 DE JULHO;GASOLINA;16/06/2026;7,12;VIBRA;7,12;0,0;0,0;6,639577464788732;6,62;0,5;7,12;0,0;0,0;74;False
LUBRIFICANTES E ACESSÓRIOS LTDA.;13257050000109;13 DE JULHO;GASOLINA;23/06/2026;7,12;VIBRA;7,12;0,0;0,0;6,646249999999999;6,62;0,5;7,12;0,0;0,0;74;False
LUBRIFICANTES E ACESSÓRIOS LTDA.;13257050000109;13 DE JULHO;GASOLINA;29/06/2026;7,12;VIBRA;7,12;0,0;0,0;6,652739726027397;6,62;0,5;7,12;0,0;0,0;74;False
LUBRIFICANTES E ACESSÓRIOS LTDA.;13257050000109;13 DE JULHO;GASOLINA ADITIVADA;04/11/2024;5,9;VIBRA;;;;;;;6,09;-0,1899999999999995;-3,1198686371100086;74;False
LUBRIFICANTES E ACESSÓRIOS LTDA.;13257050000109;13 DE JULHO;GASOLINA ADITIVADA;11/11/2024;5,9;VIBRA;5,9;0,0;0,0;5,9;5,9;0,0;6,08;-0,17999999999999972;-2,960526315789469;74;False
LUBRIFICANTES E ACESSÓRIOS LTDA.;13257050000109;13 DE JULHO;GASOLINA ADITIVADA;18/11/2024;6,3;VIBRA;5,9;0,39999999999999947;6,7796610169491425;5,9;5,9;0,39999999999999947;6,45;-0,15000000000000036;-2,3255813953488427;74;False
LUBRIFICANTES E ACESSÓRIOS LTDA.;13257050000109;13 DE JULHO;GASOLINA ADITIVADA;25/11/2024;6,3;VIBRA;6,3;0,0;0,0;6,033333333333334;5,9;0,39999999999999947;6,45;-0,15000000000000036;-2,3255813953488427;74;False
LUBRIFICANTES E ACESSÓRIOS LTDA.;13257050000109;13 DE JULHO;GASOLINA ADITIVADA;03/12/2024;6,3;VIBRA;6,3;0,0;0,0;6,1;6,1;0,20000000000000018;6,45;-0,15000000000000036;-2,3255813953488427;74;False
LUBRIFICANTES E ACESSÓRIOS LTDA.;13257050000109;13 DE JULHO;GASOLINA ADITIVADA;09/12/2024;6,3;VIBRA;6,3;0,0;0,0;6,14;6,3;0,0;6,45;-0,15000000000000036;-2,3255813953488427;74;False
LUBRIFICANTES E ACESSÓRIOS LTDA.;13257050000109;13 DE JULHO;GASOLINA ADITIVADA;16/12/2024;6,3;VIBRA;6,3;0,0;0,0;6,166666666666667;6,3;0,0;6,45;-0,15000000000000036;-2,3255813953488427;74;False
LUBRIFICANTES E ACESSÓRIOS LTDA.;13257050000109;13 DE JULHO;GASOLINA ADITIVADA;23/12/2024;6,3;VIBRA;6,3;0,0;0,0;6,185714285714285;6,3;0,0;6,45;-0,15000000000000036;-2,3255813953488427;74;False
LUBRIFICANTES E ACESSÓRIOS LTDA.;13257050000109;13 DE JULHO;GASOLINA ADITIVADA;30/12/2024;6,3;VIBRA;6,3;0,0;0,0;6,2;6,3;0,0;6,45;-0,15000000000000036;-2,3255813953488427;74;False
LUBRIFICANTES E ACESSÓRIOS LTDA.;13257050000109;13 DE JULHO;GASOLINA ADITIVADA;06/01/2025;6,3;VIBRA;6,3;0,0;0,0;6,211111111111111;6,3;0,0;6,45;-0,15000000000000036;-2,3255813953488427;74;False
LUBRIFICANTES E ACESSÓRIOS LTDA.;13257050000109;13 DE JULHO;GASOLINA ADITIVADA;13/01/2025;6,42;VIBRA;6,3;0,1200000000000001;1,9047619047619067;6,220000000000001;6,3;0,1200000000000001;6,55;-0,1299999999999999;-1,9847328244274793;74;False
LUBRIFICANTES E ACESSÓRIOS LTDA.;13257050000109;13 DE JULHO;GASOLINA ADITIVADA;20/01/2025;6,42;VIBRA;6,42;0,0;0,0;6,238181818181818;6,3;0,1200000000000001;6,55;-0,1299999999999999;-1,9847328244274793;74;False
LUBRIFICANTES E ACESSÓRIOS LTDA.;13257050000109;13 DE JULHO;GASOLINA ADITIVADA;28/01/2025;6,42;VIBRA;6,42;0,0;0,0;6,253333333333333;6,3;0,1200000000000001;6,55;-0,1299999999999999;-1,9847328244274793;74;False
LUBRIFICANTES E ACESSÓRIOS LTDA.;13257050000109;13 DE JULHO;GASOLINA ADITIVADA;03/02/2025;6,51;VIBRA;6,42;0,08999999999999986;1,4018691588785024;6,266153846153846;6,3;0,20999999999999996;6,55;-0,040000000000000036;-0,6106870229007639;74;False
LUBRIFICANTES E ACESSÓRIOS LTDA.;13257050000109;13 DE JULHO;GASOLINA ADITIVADA;11/02/2025;6,62;VIBRA;6,51;0,11000000000000032;1,6897081413210495;6,283571428571428;6,3;0,3200000000000003;6,75;-0,1299999999999999;-1,9259259259259243;74;False
LUBRIFICANTES E ACESSÓRIOS LTDA.;13257050000109;13 DE JULHO;GASOLINA ADITIVADA;18/02/2025;6,62;VIBRA;6,62;0,0;0,0;6,306;6,3;0,3200000000000003;6,75;-0,1299999999999999;-1,9259259259259243;74;False
LUBRIFICANTES E ACESSÓRIOS LTDA.;13257050000109;13 DE JULHO;GASOLINA ADITIVADA;25/02/2025;6,62;VIBRA;6,62;0,0;0,0;6,325625;6,3;0,3200000000000003;6,75;-0,1299999999999999;-1,9259259259259243;74;False
LUBRIFICANTES E ACESSÓRIOS LTDA.;13257050000109;13 DE JULHO;GASOLINA ADITIVADA;03/03/2025;6,62;VIBRA;6,62;0,0;0,0;6,342941176470588;6,3;0,3200000000000003;6,75;-0,1299999999999999;-1,9259259259259243;74;False
LUBRIFICANTES E ACESSÓRIOS LTDA.;13257050000109;13 DE JULHO;GASOLINA ADITIVADA;11/03/2025;6,62;VIBRA;6,62;0,0;0,0;6,358333333333333;6,3;0,3200000000000003;6,75;-0,1299999999999999;-1,9259259259259243;74;False
LUBRIFICANTES E ACESSÓRIOS LTDA.;13257050000109;13 DE JULHO;GASOLINA ADITIVADA;18/03/2025;6,62;VIBRA;6,62;0,0;0,0;6,372105263157894;6,3;0,3200000000000003;6,75;-0,1299999999999999;-1,9259259259259243;74;False
LUBRIFICANTES E ACESSÓRIOS LTDA.;13257050000109;13 DE JULHO;GASOLINA ADITIVADA;25/03/2025;6,62;VIBRA;6,62;0,0;0,0;6,3845;6,359999999999999;0,2600000000000007;6,75;-0,1299999999999999;-1,9259259259259243;74;False
LUBRIFICANTES E ACESSÓRIOS LTDA.;13257050000109;13 DE JULHO;GASOLINA ADITIVADA;31/03/2025;6,62;VIBRA;6,62;0,0;0,0;6,395714285714286;6,42;0,20000000000000018;6,75;-0,1299999999999999;-1,9259259259259243;74;False
LUBRIFICANTES E ACESSÓRIOS LTDA.;13257050000109;13 DE JULHO;GASOLINA ADITIVADA;08/04/2025;6,62;VIBRA;6,62;0,0;0,0;6,405909090909091;6,42;0,20000000000000018;6,75;-0,1299999999999999;-1,9259259259259243;74;False
LUBRIFICANTES E ACESSÓRIOS LTDA.;13257050000109;13 DE JULHO;GASOLINA ADITIVADA;15/04/2025;6,52;VIBRA;6,62;-0,10000000000000053;-1,5105740181268963;6,415217391304348;6,42;0,09999999999999964;6,65;-0,13000000000000078;-1,9548872180451242;74;False
LUBRIFICANTES E ACESSÓRIOS LTDA.;13257050000109;13 DE JULHO;GASOLINA ADITIVADA;29/04/2025;6,62;VIBRA;6,52;0,10000000000000053;1,5337423312883518;6,419583333333333;6,42;0,20000000000000018;6,75;-0,1299999999999999;-1,9259259259259243;74;False
LUBRIFICANTES E ACESSÓRIOS LTDA.;13257050000109;13 DE JULHO;GASOLINA ADITIVADA;05/05/2025;6,62;VIBRA;6,62;0,0;0,0;6,4276;6,42;0,20000000000000018;6,75;-0,1299999999999999;-1,9259259259259243;74;False
LUBRIFICANTES E ACESSÓRIOS LTDA.;13257050000109;13 DE JULHO;GASOLINA ADITIVADA;12/05/2025;6,62;VIBRA;6,62;0,0;0,0;6,4350000000000005;6,465;0,15500000000000025;6,734999999999999;-0,11499999999999932;-1,7074981440237467;74;False
LUBRIFICANTES E ACESSÓRIOS LTDA.;13257050000109;13 DE JULHO;GASOLINA ADITIVADA;19/05/2025;6,62;VIBRA;6,62;0,0;0,0;6,441851851851852;6,51;0,11000000000000032;6,775;-0,15500000000000025;-2,287822878228786;74;False
LUBRIFICANTES E ACESSÓRIOS LTDA.;13257050000109;13 DE JULHO;GASOLINA ADITIVADA;27/05/2025;6,62;VIBRA;6,62;0,0;0,0;6,448214285714286;6,515;0,10500000000000043;6,8;-0,17999999999999972;-2,6470588235294077;74;False
LUBRIFICANTES E ACESSÓRIOS LTDA.;13257050000109;13 DE JULHO;GASOLINA ADITIVADA;03/06/2025;6,62;VIBRA;6,62;0,0;0,0;6,454137931034483;6,52;0,10000000000000053;6,8;-0,17999999999999972;-2,6470588235294077;74;False
LUBRIFICANTES E ACESSÓRIOS LTDA.;13257050000109;13 DE JULHO;GASOLINA ADITIVADA;09/06/2025;6,62;VIBRA;6,62;0,0;0,0;6,459666666666666;6,57;0,04999999999999982;6,76;-0,13999999999999968;-2,071005917159759;74;False
LUBRIFICANTES E ACESSÓRIOS LTDA.;13257050000109;13 DE JULHO;GASOLINA ADITIVADA;16/06/2025;6,62;VIBRA;6,62;0,0;0,0;6,464838709677419;6,62;0,0;6,8;-0,17999999999999972;-2,6470588235294077;74;False
LUBRIFICANTES E ACESSÓRIOS LTDA.;13257050000109;13 DE JULHO;GASOLINA ADITIVADA;24/06/2025;6,62;VIBRA;6,62;0,0;0,0;6,4696875;6,62;0,0;6,8;-0,17999999999999972;-2,6470588235294077;74;False
LUBRIFICANTES E ACESSÓRIOS LTDA.;13257050000109;13 DE JULHO;GASOLINA ADITIVADA;30/06/2025;6,62;VIBRA;6,62;0,0;0,0;6,474242424242425;6,62;0,0;6,8;-0,17999999999999972;-2,6470588235294077;74;False
LUBRIFICANTES E ACESSÓRIOS LTDA.;13257050000109;13 DE JULHO;GASOLINA ADITIVADA;08/07/2025;6,62;VIBRA;6,62;0,0;0,0;6,478529411764706;6,62;0,0;6,8;-0,17999999999999972;-2,6470588235294077;74;False
LUBRIFICANTES E ACESSÓRIOS LTDA.;13257050000109;13 DE JULHO;GASOLINA ADITIVADA;15/07/2025;6,62;VIBRA;6,62;0,0;0,0;6,482571428571428;6,62;0,0;6,8;-0,17999999999999972;-2,6470588235294077;74;False
LUBRIFICANTES E ACESSÓRIOS LTDA.;13257050000109;13 DE JULHO;GASOLINA ADITIVADA;22/07/2025;6,62;VIBRA;6,62;0,0;0,0;6,4863888888888885;6,62;0,0;6,8;-0,17999999999999972;-2,6470588235294077;74;False
LUBRIFICANTES E ACESSÓRIOS LTDA.;13257050000109;13 DE JULHO;GASOLINA ADITIVADA;28/07/2025;6,62;VIBRA;6,62;0,0;0,0;6,49;6,62;0,0;6,8;-0,17999999999999972;-2,6470588235294077;74;False
LUBRIFICANTES E ACESSÓRIOS LTDA.;13257050000109;13 DE JULHO;GASOLINA ADITIVADA;05/08/2025;6,62;VIBRA;6,62;0,0;0,0;6,493421052631579;6,62;0,0;6,8;-0,17999999999999972;-2,6470588235294077;74;False
LUBRIFICANTES E ACESSÓRIOS LTDA.;13257050000109;13 DE JULHO;GASOLINA ADITIVADA;12/08/2025;6,62;VIBRA;6,62;0,0;0,0;6,496666666666667;6,62;0,0;6,76;-0,13999999999999968;-2,071005917159759;74;False
LUBRIFICANTES E ACESSÓRIOS LTDA.;13257050000109;13 DE JULHO;GASOLINA ADITIVADA;19/08/2025;6,62;VIBRA;6,62;0,0;0,0;6,499750000000001;6,62;0,0;6,8;-0,17999999999999972;-2,6470588235294077;74;False
LUBRIFICANTES E ACESSÓRIOS LTDA.;13257050000109;13 DE JULHO;GASOLINA ADITIVADA;27/08/2025;6,62;VIBRA;6,62;0,0;0,0;6,5026829268292685;6,62;0,0;6,72;-0,09999999999999964;-1,4880952380952328;74;False
LUBRIFICANTES E ACESSÓRIOS LTDA.;13257050000109;13 DE JULHO;GASOLINA ADITIVADA;02/09/2025;6,62;VIBRA;6,62;0,0;0,0;6,505476190476191;6,62;0,0;6,795;-0,17499999999999982;-2,575423105224427;74;False
LUBRIFICANTES E ACESSÓRIOS LTDA.;13257050000109;13 DE JULHO;GASOLINA ADITIVADA;09/09/2025;6,62;VIBRA;6,62;0,0;0,0;6,508139534883721;6,62;0,0;6,795;-0,17499999999999982;-2,575423105224427;74;False
LUBRIFICANTES E ACESSÓRIOS LTDA.;13257050000109;13 DE JULHO;GASOLINA ADITIVADA;17/09/2025;6,62;VIBRA;6,62;0,0;0,0;6,510681818181819;6,62;0,0;6,76;-0,13999999999999968;-2,071005917159759;74;False
LUBRIFICANTES E ACESSÓRIOS LTDA.;13257050000109;13 DE JULHO;GASOLINA ADITIVADA;22/09/2025;6,62;VIBRA;6,62;0,0;0,0;6,513111111111111;6,62;0,0;6,8149999999999995;-0,1949999999999994;-2,861335289801899;74;False
LUBRIFICANTES E ACESSÓRIOS LTDA.;13257050000109;13 DE JULHO;GASOLINA ADITIVADA;30/09/2025;6,62;VIBRA;6,62;0,0;0,0;6,515434782608695;6,62;0,0;6,8149999999999995;-0,1949999999999994;-2,861335289801899;74;False
LUBRIFICANTES E ACESSÓRIOS LTDA.;13257050000109;13 DE JULHO;GASOLINA ADITIVADA;06/10/2025;6,62;VIBRA;6,62;0,0;0,0;6,517659574468085;6,62;0,0;6,8149999999999995;-0,1949999999999994;-2,861335289801899;74;False
LUBRIFICANTES E ACESSÓRIOS LTDA.;13257050000109;13 DE JULHO;GASOLINA ADITIVADA;13/10/2025;6,62;VIBRA;6,62;0,0;0,0;6,519791666666666;6,62;0,0;6,76;-0,13999999999999968;-2,071005917159759;74;False
LUBRIFICANTES E ACESSÓRIOS LTDA.;13257050000109;13 DE JULHO;GASOLINA ADITIVADA;20/10/2025;6,62;VIBRA;6,62;0,0;0,0;6,521836734693878;6,62;0,0;6,72;-0,09999999999999964;-1,4880952380952328;74;False
LUBRIFICANTES E ACESSÓRIOS LTDA.;13257050000109;13 DE JULHO;GASOLINA ADITIVADA;29/10/2025;6,52;VIBRA;6,62;-0,10000000000000053;-1,5105740181268963;6,5238;6,62;-0,10000000000000053;6,52;0,0;0,0;74;False
LUBRIFICANTES E ACESSÓRIOS LTDA.;13257050000109;13 DE JULHO;GASOLINA ADITIVADA;05/11/2025;6,52;VIBRA;6,52;0,0;0,0;6,523725490196078;6,62;-0,10000000000000053;6,52;0,0;0,0;74;False
LUBRIFICANTES E ACESSÓRIOS LTDA.;13257050000109;13 DE JULHO;GASOLINA ADITIVADA;11/11/2025;6,52;VIBRA;6,52;0,0;0,0;6,523653846153847;6,62;-0,10000000000000053;6,65;-0,13000000000000078;-1,9548872180451242;74;False
LUBRIFICANTES E ACESSÓRIOS LTDA.;13257050000109;13 DE JULHO;GASOLINA ADITIVADA;18/11/2025;6,52;VIBRA;6,52;0,0;0,0;6,523584905660377;6,62;-0,10000000000000053;6,71;-0,1900000000000004;-2,8315946348733294;74;False
LUBRIFICANTES E ACESSÓRIOS LTDA.;13257050000109;13 DE JULHO;GASOLINA ADITIVADA;25/11/2025;6,52;VIBRA;6,52;0,0;0,0;6,523518518518518;6,62;-0,10000000000000053;6,71;-0,1900000000000004;-2,8315946348733294;74;False
LUBRIFICANTES E ACESSÓRIOS LTDA.;13257050000109;13 DE JULHO;GASOLINA ADITIVADA;13/01/2026;6,52;VIBRA;6,52;0,0;0,0;6,523454545454546;6,62;-0,10000000000000053;6,74;-0,22000000000000064;-3,2640949554896235;74;False
LUBRIFICANTES E ACESSÓRIOS LTDA.;13257050000109;13 DE JULHO;GASOLINA ADITIVADA;10/02/2026;6,52;VIBRA;6,52;0,0;0,0;6,523392857142857;6,62;-0,10000000000000053;6,79;-0,27000000000000046;-3,9764359351988285;74;False
LUBRIFICANTES E ACESSÓRIOS LTDA.;13257050000109;13 DE JULHO;GASOLINA ADITIVADA;24/02/2026;6,52;VIBRA;6,52;0,0;0,0;6,523333333333333;6,62;-0,10000000000000053;6,555;-0,03500000000000014;-0,5339435545385224;74;False
LUBRIFICANTES E ACESSÓRIOS LTDA.;13257050000109;13 DE JULHO;GASOLINA ADITIVADA;04/03/2026;6,52;VIBRA;6,52;0,0;0,0;6,5232758620689655;6,62;-0,10000000000000053;6,74;-0,22000000000000064;-3,2640949554896235;74;False
LUBRIFICANTES E ACESSÓRIOS LTDA.;13257050000109;13 DE JULHO;GASOLINA ADITIVADA;09/03/2026;6,82;VIBRA;6,52;0,3000000000000007;4,601226993865041;6,523220338983051;6,62;0,20000000000000018;6,93;-0,10999999999999943;-1,5873015873015792;74;False
LUBRIFICANTES E ACESSÓRIOS LTDA.;13257050000109;13 DE JULHO;GASOLINA ADITIVADA;24/03/2026;7,22;VIBRA;6,82;0,39999999999999947;5,86510263929618;6,5281666666666665;6,62;0,5999999999999996;7,345000000000001;-0,1250000000000009;-1,7018379850238377;74;False
LUBRIFICANTES E ACESSÓRIOS LTDA.;13257050000109;13 DE JULHO;GASOLINA ADITIVADA;30/03/2026;7,22;VIBRA;7,22;0,0;0,0;6,539508196721312;6,62;0,5999999999999996;7,34;-0,1200000000000001;-1,6348773841961868;74;False
LUBRIFICANTES E ACESSÓRIOS LTDA.;13257050000109;13 DE JULHO;GASOLINA ADITIVADA;07/04/2026;7,22;VIBRA;7,22;0,0;0,0;6,550483870967742;6,62;0,5999999999999996;7,29;-0,07000000000000028;-0,9602194787380012;74;False
LUBRIFICANTES E ACESSÓRIOS LTDA.;13257050000109;13 DE JULHO;GASOLINA ADITIVADA;14/04/2026;7,22;VIBRA;7,22;0,0;0,0;6,561111111111112;6,62;0,5999999999999996;7,255;-0,03500000000000014;-0,4824259131633376;74;False
LUBRIFICANTES E ACESSÓRIOS LTDA.;13257050000109;13 DE JULHO;GASOLINA ADITIVADA;24/04/2026;7,22;VIBRA;7,22;0,0;0,0;6,57140625;6,62;0,5999999999999996;7,29;-0,07000000000000028;-0,9602194787380012;74;False
LUBRIFICANTES E ACESSÓRIOS LTDA.;13257050000109;13 DE JULHO;GASOLINA ADITIVADA;27/04/2026;7,22;VIBRA;7,22;0,0;0,0;6,581384615384616;6,62;0,5999999999999996;7,22;0,0;0,0;74;False
LUBRIFICANTES E ACESSÓRIOS LTDA.;13257050000109;13 DE JULHO;GASOLINA ADITIVADA;12/05/2026;7,52;VIBRA;7,22;0,2999999999999998;4,15512465373961;6,591060606060606;6,62;0,8999999999999995;7,57;-0,05000000000000071;-0,660501981505954;74;False
LUBRIFICANTES E ACESSÓRIOS LTDA.;13257050000109;13 DE JULHO;GASOLINA ADITIVADA;18/05/2026;7,52;VIBRA;7,52;0,0;0,0;6,604925373134328;6,62;0,8999999999999995;7,555;-0,03500000000000014;-0,4632693580410343;74;False
LUBRIFICANTES E ACESSÓRIOS LTDA.;13257050000109;13 DE JULHO;GASOLINA ADITIVADA;26/05/2026;7,12;VIBRA;7,52;-0,39999999999999947;-5,319148936170206;6,618382352941176;6,62;0,5;7,28;-0,16000000000000014;-2,1978021978021998;74;False
LUBRIFICANTES E ACESSÓRIOS LTDA.;13257050000109;13 DE JULHO;GASOLINA ADITIVADA;02/06/2026;7,12;VIBRA;7,12;0,0;0,0;6,625652173913044;6,62;0,5;7,22;-0,09999999999999964;-1,3850415512465326;74;False
LUBRIFICANTES E ACESSÓRIOS LTDA.;13257050000109;13 DE JULHO;GASOLINA ADITIVADA;08/06/2026;7,12;VIBRA;7,12;0,0;0,0;6,632714285714286;6,62;0,5;7,205;-0,08499999999999996;-1,1797362942401106;74;False
LUBRIFICANTES E ACESSÓRIOS LTDA.;13257050000109;13 DE JULHO;GASOLINA ADITIVADA;16/06/2026;7,12;VIBRA;7,12;0,0;0,0;6,639577464788732;6,62;0,5;7,28;-0,16000000000000014;-2,1978021978021998;74;False
LUBRIFICANTES E ACESSÓRIOS LTDA.;13257050000109;13 DE JULHO;GASOLINA ADITIVADA;23/06/2026;7,12;VIBRA;7,12;0,0;0,0;6,646249999999999;6,62;0,5;7,26;-0,13999999999999968;-1,9283746556473784;74;False
LUBRIFICANTES E ACESSÓRIOS LTDA.;13257050000109;13 DE JULHO;GASOLINA ADITIVADA;29/06/2026;7,12;VIBRA;7,12;0,0;0,0;6,652739726027397;6,62;0,5;7,26;-0,13999999999999968;-1,9283746556473784;74;False
POSTO ARIBE EIRELI;15083140000148;AMERICA;DIESEL S10;10/02/2026;5,93;VIBRA;;;;;;;5,93;0,0;0,0;3;False
POSTO ARIBE EIRELI;15083140000148;AMERICA;DIESEL S10;04/03/2026;5,93;VIBRA;5,93;0,0;0,0;5,93;5,93;0,0;5,99;-0,0600000000000005;-1,0016694490818112;3;False
POSTO ARIBE EIRELI;15083140000148;AMERICA;DIESEL S10;09/03/2026;6,59;VIBRA;5,93;0,6600000000000001;11,12984822934233;5,93;5,93;0,6600000000000001;6,5;0,08999999999999986;1,3846153846153824;3;False
POSTO ARIBE EIRELI;15083140000148;AMERICA;ETANOL;04/11/2024;4,58;VIBRA;;;;;;;4,39;0,1900000000000004;4,328018223234634;44;False
POSTO ARIBE EIRELI;15083140000148;AMERICA;ETANOL;11/11/2024;4,49;VIBRA;4,58;-0,08999999999999986;-1,9650655021834031;4,58;4,58;-0,08999999999999986;4,39;0,10000000000000053;2,2779043280182356;44;False
POSTO ARIBE EIRELI;15083140000148;AMERICA;ETANOL;18/11/2024;4,67;VIBRA;4,49;0,17999999999999972;4,008908685968813;4,535;4,535;0,1349999999999998;4,39;0,28000000000000025;6,378132118451031;44;False
POSTO ARIBE EIRELI;15083140000148;AMERICA;ETANOL;25/11/2024;4,58;VIBRA;4,67;-0,08999999999999986;-1,9271948608137013;4,58;4,58;0,0;4,39;0,1900000000000004;4,328018223234634;44;False
POSTO ARIBE EIRELI;15083140000148;AMERICA;ETANOL;03/12/2024;4,49;VIBRA;4,58;-0,08999999999999986;-1,9650655021834031;4,58;4,58;-0,08999999999999986;4,295;0,19500000000000028;4,540162980209553;44;False
POSTO ARIBE EIRELI;15083140000148;AMERICA;ETANOL;09/12/2024;4,49;VIBRA;4,49;0,0;0,0;4,562;4,58;-0,08999999999999986;4,295;0,19500000000000028;4,540162980209553;44;False
POSTO ARIBE EIRELI;15083140000148;AMERICA;ETANOL;16/12/2024;4,35;VIBRA;4,49;-0,14000000000000057;-3,1180400890868722;4,55;4,535;-0,1850000000000005;4,29;0,05999999999999961;1,3986013986013894;44;False
POSTO ARIBE EIRELI;15083140000148;AMERICA;ETANOL;23/12/2024;4,35;VIBRA;4,35;0,0;0,0;4,521428571428571;4,49;-0,14000000000000057;4,29;0,05999999999999961;1,3986013986013894;44;False
POSTO ARIBE EIRELI;15083140000148;AMERICA;ETANOL;30/12/2024;4,49;VIBRA;4,35;0,14000000000000057;3,218390804597714;4,5;4,49;0,0;4,29;0,20000000000000018;4,662004662004666;44;False
POSTO ARIBE EIRELI;15083140000148;AMERICA;ETANOL;06/01/2025;4,49;VIBRA;4,49;0,0;0,0;4,498888888888889;4,49;0,0;4,295;0,19500000000000028;4,540162980209553;44;False
POSTO ARIBE EIRELI;15083140000148;AMERICA;ETANOL;13/01/2025;4,62;VIBRA;4,49;0,1299999999999999;2,895322939866367;4,498;4,49;0,1299999999999999;4,59;0,03000000000000025;0,6535947712418355;44;False
POSTO ARIBE EIRELI;15083140000148;AMERICA;ETANOL;20/01/2025;4,67;VIBRA;4,62;0,04999999999999982;1,0822510822510785;4,509090909090909;4,49;0,17999999999999972;4,625;0,04499999999999993;0,9729729729729714;44;False
POSTO ARIBE EIRELI;15083140000148;AMERICA;ETANOL;28/01/2025;4,67;VIBRA;4,67;0,0;0,0;4,5225;4,49;0,17999999999999972;4,66;0,009999999999999787;0,214592274678107;44;False
POSTO ARIBE EIRELI;15083140000148;AMERICA;ETANOL;03/02/2025;4,94;VIBRA;4,67;0,27000000000000046;5,781584582441123;4,533846153846154;4,49;0,4500000000000002;4,74;0,20000000000000018;4,2194092827004255;44;False
POSTO ARIBE EIRELI;15083140000148;AMERICA;ETANOL;11/02/2025;4,85;VIBRA;4,94;-0,09000000000000075;-1,8218623481781528;4,562857142857143;4,535;0,3149999999999995;4,845;0,004999999999999893;0,10319917440660255;44;False
POSTO ARIBE EIRELI;15083140000148;AMERICA;ETANOL;18/02/2025;4,94;VIBRA;4,85;0,09000000000000075;1,8556701030927991;4,582;4,58;0,3600000000000003;4,89;0,05000000000000071;1,022494887525577;44;False
POSTO ARIBE EIRELI;15083140000148;AMERICA;ETANOL;25/02/2025;4,94;VIBRA;4,94;0,0;0,0;4,604375;4,58;0,3600000000000003;4,89;0,05000000000000071;1,022494887525577;44;False
POSTO ARIBE EIRELI;15083140000148;AMERICA;ETANOL;03/03/2025;4,94;VIBRA;4,94;0,0;0,0;4,624117647058823;4,58;0,3600000000000003;4,89;0,05000000000000071;1,022494887525577;44;False
POSTO ARIBE EIRELI;15083140000148;AMERICA;ETANOL;11/03/2025;4,94;VIBRA;4,94;0,0;0,0;4,641666666666667;4,6;0,34000000000000075;4,89;0,05000000000000071;1,022494887525577;44;False
POSTO ARIBE EIRELI;15083140000148;AMERICA;ETANOL;18/03/2025;4,94;VIBRA;4,94;0,0;0,0;4,657368421052632;4,62;0,3200000000000003;4,89;0,05000000000000071;1,022494887525577;44;False
POSTO ARIBE EIRELI;15083140000148;AMERICA;ETANOL;25/03/2025;4,94;VIBRA;4,94;0,0;0,0;4,6715;4,645;0,2950000000000008;4,89;0,05000000000000071;1,022494887525577;44;False
POSTO ARIBE EIRELI;15083140000148;AMERICA;ETANOL;31/03/2025;4,8;VIBRA;4,94;-0,14000000000000057;-2,834008097166003;4,684285714285714;4,67;0,1299999999999999;4,865;-0,06500000000000039;-1,3360739979445095;44;False
POSTO ARIBE EIRELI;15083140000148;AMERICA;ETANOL;08/04/2025;4,8;VIBRA;4,8;0,0;0,0;4,6895454545454545;4,67;0,1299999999999999;4,865;-0,06500000000000039;-1,3360739979445095;44;False
POSTO ARIBE EIRELI;15083140000148;AMERICA;ETANOL;15/04/2025;4,89;VIBRA;4,8;0,08999999999999986;1,8749999999999971;4,694347826086957;4,67;0,21999999999999975;4,89;0,0;0,0;44;False
POSTO ARIBE EIRELI;15083140000148;AMERICA;ETANOL;22/04/2025;4,89;VIBRA;4,89;0,0;0,0;4,7025;4,67;0,21999999999999975;4,89;0,0;0,0;44;False
POSTO ARIBE EIRELI;15083140000148;AMERICA;ETANOL;29/04/2025;4,89;VIBRA;4,89;0,0;0,0;4,71;4,67;0,21999999999999975;4,89;0,0;0,0;44;False
POSTO ARIBE EIRELI;15083140000148;AMERICA;ETANOL;05/05/2025;4,89;VIBRA;4,89;0,0;0,0;4,716923076923077;4,734999999999999;0,15500000000000025;4,89;0,0;0,0;44;False
POSTO ARIBE EIRELI;15083140000148;AMERICA;ETANOL;12/05/2025;4,85;VIBRA;4,89;-0,040000000000000036;-0,8179959100204507;4,723333333333334;4,8;0,04999999999999982;4,869999999999999;-0,019999999999999574;-0,4106776180698065;44;False
POSTO ARIBE EIRELI;15083140000148;AMERICA;ETANOL;19/05/2025;4,94;VIBRA;4,85;0,09000000000000075;1,8556701030927991;4,727857142857142;4,8;0,14000000000000057;4,94;0,0;0,0;44;False
POSTO ARIBE EIRELI;15083140000148;AMERICA;ETANOL;27/05/2025;4,94;VIBRA;4,94;0,0;0,0;4,735172413793103;4,8;0,14000000000000057;4,965;-0,024999999999999467;-0,503524672708952;44;False
POSTO ARIBE EIRELI;15083140000148;AMERICA;ETANOL;03/06/2025;4,94;VIBRA;4,94;0,0;0,0;4,742;4,824999999999999;0,1150000000000011;4,95;-0,009999999999999787;-0,20202020202019771;44;False
POSTO ARIBE EIRELI;15083140000148;AMERICA;ETANOL;09/06/2025;4,94;VIBRA;4,94;0,0;0,0;4,748387096774193;4,85;0,09000000000000075;4,95;-0,009999999999999787;-0,20202020202019771;44;False
POSTO ARIBE EIRELI;15083140000148;AMERICA;ETANOL;16/06/2025;4,94;VIBRA;4,94;0,0;0,0;4,7543750000000005;4,85;0,09000000000000075;4,95;-0,009999999999999787;-0,20202020202019771;44;False
POSTO ARIBE EIRELI;15083140000148;AMERICA;ETANOL;24/06/2025;4,94;VIBRA;4,94;0,0;0,0;4,760000000000001;4,85;0,09000000000000075;4,95;-0,009999999999999787;-0,20202020202019771;44;False
POSTO ARIBE EIRELI;15083140000148;AMERICA;ETANOL;30/06/2025;4,94;VIBRA;4,94;0,0;0,0;4,765294117647059;4,869999999999999;0,07000000000000117;4,95;-0,009999999999999787;-0,20202020202019771;44;False
POSTO ARIBE EIRELI;15083140000148;AMERICA;ETANOL;08/07/2025;4,9;VIBRA;4,94;-0,040000000000000036;-0,8097165991902842;4,7702857142857145;4,89;0,010000000000000675;4,95;-0,04999999999999982;-1,0101010101010066;44;False
POSTO ARIBE EIRELI;15083140000148;AMERICA;ETANOL;15/07/2025;4,9;VIBRA;4,9;0,0;0,0;4,773888888888889;4,89;0,010000000000000675;4,95;-0,04999999999999982;-1,0101010101010066;44;False
POSTO ARIBE EIRELI;15083140000148;AMERICA;ETANOL;22/07/2025;4,9;VIBRA;4,9;0,0;0,0;4,777297297297297;4,89;0,010000000000000675;4,95;-0,04999999999999982;-1,0101010101010066;44;False
POSTO ARIBE EIRELI;15083140000148;AMERICA;ETANOL;28/07/2025;4,9;VIBRA;4,9;0,0;0,0;4,780526315789474;4,89;0,010000000000000675;4,95;-0,04999999999999982;-1,0101010101010066;44;False
POSTO ARIBE EIRELI;15083140000148;AMERICA;ETANOL;05/08/2025;4,9;VIBRA;4,9;0,0;0,0;4,783589743589744;4,89;0,010000000000000675;4,95;-0,04999999999999982;-1,0101010101010066;44;False
POSTO ARIBE EIRELI;15083140000148;AMERICA;ETANOL;12/08/2025;4,9;VIBRA;4,9;0,0;0,0;4,7865;4,89;0,010000000000000675;4,95;-0,04999999999999982;-1,0101010101010066;44;False
POSTO ARIBE EIRELI;15083140000148;AMERICA;ETANOL;10/02/2026;4,94;VIBRA;4,9;0,040000000000000036;0,8163265306122455;4,7892682926829275;4,89;0,05000000000000071;4,89;0,05000000000000071;1,022494887525577;44;False
POSTO ARIBE EIRELI;15083140000148;AMERICA;ETANOL;04/03/2026;4,94;VIBRA;4,94;0,0;0,0;4,792857142857143;4,895;0,04500000000000082;4,88;0,0600000000000005;1,2295081967213217;44;False
POSTO ARIBE EIRELI;15083140000148;AMERICA;ETANOL;09/03/2026;5,03;VIBRA;4,94;0,08999999999999986;1,8218623481781346;4,796279069767442;4,9;0,1299999999999999;4,970000000000001;0,05999999999999961;1,2072434607645794;44;False
POSTO ARIBE EIRELI;15083140000148;AMERICA;GASOLINA;04/11/2024;5,93;VIBRA;;;;;;;5,92;0,009999999999999787;0,16891891891891533;84;False
POSTO ARIBE EIRELI;15083140000148;AMERICA;GASOLINA;11/11/2024;5,9;VIBRA;5,93;-0,02999999999999936;-0,5059021922428223;5,93;5,93;-0,02999999999999936;5,9;0,0;0,0;84;False
POSTO ARIBE EIRELI;15083140000148;AMERICA;GASOLINA;18/11/2024;6,35;VIBRA;5,9;0,4499999999999993;7,627118644067784;5,915;5,915;0,4349999999999996;6,32;0,02999999999999936;0,47468354430378734;84;False
POSTO ARIBE EIRELI;15083140000148;AMERICA;GASOLINA;25/11/2024;6,35;VIBRA;6,35;0,0;0,0;6,06;5,93;0,41999999999999993;6,32;0,02999999999999936;0,47468354430378734;84;False
POSTO ARIBE EIRELI;15083140000148;AMERICA;GASOLINA;03/12/2024;6,35;VIBRA;6,35;0,0;0,0;6,1325;6,14;0,20999999999999996;6,32;0,02999999999999936;0,47468354430378734;84;False
POSTO ARIBE EIRELI;15083140000148;AMERICA;GASOLINA;09/12/2024;6,35;VIBRA;6,35;0,0;0,0;6,176;6,35;0,0;6,32;0,02999999999999936;0,47468354430378734;84;False
POSTO ARIBE EIRELI;15083140000148;AMERICA;GASOLINA;16/12/2024;6,35;VIBRA;6,35;0,0;0,0;6,204999999999999;6,35;0,0;6,32;0,02999999999999936;0,47468354430378734;84;False
POSTO ARIBE EIRELI;15083140000148;AMERICA;GASOLINA;23/12/2024;6,35;VIBRA;6,35;0,0;0,0;6,225714285714285;6,35;0,0;6,32;0,02999999999999936;0,47468354430378734;84;False
POSTO ARIBE EIRELI;15083140000148;AMERICA;GASOLINA;30/12/2024;6,35;VIBRA;6,35;0,0;0,0;6,24125;6,35;0,0;6,32;0,02999999999999936;0,47468354430378734;84;False
POSTO ARIBE EIRELI;15083140000148;AMERICA;GASOLINA;06/01/2025;6,35;VIBRA;6,35;0,0;0,0;6,253333333333334;6,35;0,0;6,32;0,02999999999999936;0,47468354430378734;84;False
POSTO ARIBE EIRELI;15083140000148;AMERICA;GASOLINA;13/01/2025;6,44;VIBRA;6,35;0,09000000000000075;1,417322834645681;6,263;6,35;0,09000000000000075;6,42;0,020000000000000462;0,311526479750786;84;False
POSTO ARIBE EIRELI;15083140000148;AMERICA;GASOLINA;20/01/2025;6,44;VIBRA;6,44;0,0;0,0;6,279090909090908;6,35;0,09000000000000075;6,42;0,020000000000000462;0,311526479750786;84;False
POSTO ARIBE EIRELI;15083140000148;AMERICA;GASOLINA;28/01/2025;6,44;VIBRA;6,44;0,0;0,0;6,2924999999999995;6,35;0,09000000000000075;6,42;0,020000000000000462;0,311526479750786;84;False
POSTO ARIBE EIRELI;15083140000148;AMERICA;GASOLINA;03/02/2025;6,56;VIBRA;6,44;0,11999999999999922;1,8633540372670687;6,303846153846154;6,35;0,20999999999999996;6,49;0,0699999999999994;1,0785824345146287;84;False
POSTO ARIBE EIRELI;15083140000148;AMERICA;GASOLINA;11/02/2025;6,65;VIBRA;6,56;0,09000000000000075;1,3719512195122066;6,322142857142857;6,35;0,3000000000000007;6,62;0,03000000000000025;0,45317220543807024;84;False
POSTO ARIBE EIRELI;15083140000148;AMERICA;GASOLINA;18/02/2025;6,65;VIBRA;6,65;0,0;0,0;6,343999999999999;6,35;0,3000000000000007;6,62;0,03000000000000025;0,45317220543807024;84;False
POSTO ARIBE EIRELI;15083140000148;AMERICA;GASOLINA;25/02/2025;6,65;VIBRA;6,65;0,0;0,0;6,363125;6,35;0,3000000000000007;6,62;0,03000000000000025;0,45317220543807024;84;False
POSTO ARIBE EIRELI;15083140000148;AMERICA;GASOLINA;03/03/2025;6,65;VIBRA;6,65;0,0;0,0;6,38;6,35;0,3000000000000007;6,62;0,03000000000000025;0,45317220543807024;84;False
POSTO ARIBE EIRELI;15083140000148;AMERICA;GASOLINA;11/03/2025;6,65;VIBRA;6,65;0,0;0,0;6,395;6,35;0,3000000000000007;6,62;0,03000000000000025;0,45317220543807024;84;False
POSTO ARIBE EIRELI;15083140000148;AMERICA;GASOLINA;18/03/2025;6,65;VIBRA;6,65;0,0;0,0;6,408421052631579;6,35;0,3000000000000007;6,62;0,03000000000000025;0,45317220543807024;84;False
POSTO ARIBE EIRELI;15083140000148;AMERICA;GASOLINA;25/03/2025;6,65;VIBRA;6,65;0,0;0,0;6,4205;6,395;0,2550000000000008;6,62;0,03000000000000025;0,45317220543807024;84;False
POSTO ARIBE EIRELI;15083140000148;AMERICA;GASOLINA;31/03/2025;6,65;VIBRA;6,65;0,0;0,0;6,4314285714285715;6,44;0,20999999999999996;6,62;0,03000000000000025;0,45317220543807024;84;False
POSTO ARIBE EIRELI;15083140000148;AMERICA;GASOLINA;08/04/2025;6,65;VIBRA;6,65;0,0;0,0;6,441363636363636;6,44;0,20999999999999996;6,62;0,03000000000000025;0,45317220543807024;84;False
POSTO ARIBE EIRELI;15083140000148;AMERICA;GASOLINA;15/04/2025;6,56;VIBRA;6,65;-0,09000000000000075;-1,3533834586466276;6,4504347826086965;6,44;0,11999999999999922;6,52;0,040000000000000036;0,6134969325153381;84;False
POSTO ARIBE EIRELI;15083140000148;AMERICA;GASOLINA;22/04/2025;6,56;VIBRA;6,56;0,0;0,0;6,454999999999999;6,44;0,11999999999999922;6,539999999999999;0,020000000000000462;0,30581039755352396;84;False
POSTO ARIBE EIRELI;15083140000148;AMERICA;GASOLINA;29/04/2025;6,65;VIBRA;6,56;0,09000000000000075;1,3719512195122066;6,459199999999999;6,44;0,20999999999999996;6,62;0,03000000000000025;0,45317220543807024;84;False
POSTO ARIBE EIRELI;15083140000148;AMERICA;GASOLINA;05/05/2025;6,65;VIBRA;6,65;0,0;0,0;6,466538461538462;6,5;0,15000000000000036;6,62;0,03000000000000025;0,45317220543807024;84;False
POSTO ARIBE EIRELI;15083140000148;AMERICA;GASOLINA;12/05/2025;6,65;VIBRA;6,65;0,0;0,0;6,473333333333334;6,56;0,09000000000000075;6,62;0,03000000000000025;0,45317220543807024;84;False
POSTO ARIBE EIRELI;15083140000148;AMERICA;GASOLINA;19/05/2025;6,65;VIBRA;6,65;0,0;0,0;6,479642857142857;6,56;0,09000000000000075;6,62;0,03000000000000025;0,45317220543807024;84;False
POSTO ARIBE EIRELI;15083140000148;AMERICA;GASOLINA;27/05/2025;6,65;VIBRA;6,65;0,0;0,0;6,485517241379311;6,56;0,09000000000000075;6,62;0,03000000000000025;0,45317220543807024;84;False
POSTO ARIBE EIRELI;15083140000148;AMERICA;GASOLINA;03/06/2025;6,65;VIBRA;6,65;0,0;0,0;6,491;6,56;0,09000000000000075;6,62;0,03000000000000025;0,45317220543807024;84;False
POSTO ARIBE EIRELI;15083140000148;AMERICA;GASOLINA;09/06/2025;6,65;VIBRA;6,65;0,0;0,0;6,4961290322580645;6,56;0,09000000000000075;6,62;0,03000000000000025;0,45317220543807024;84;False
POSTO ARIBE EIRELI;15083140000148;AMERICA;GASOLINA;16/06/2025;6,65;VIBRA;6,65;0,0;0,0;6,5009375;6,605;0,04499999999999993;6,62;0,03000000000000025;0,45317220543807024;84;False
POSTO ARIBE EIRELI;15083140000148;AMERICA;GASOLINA;24/06/2025;6,65;VIBRA;6,65;0,0;0,0;6,505454545454546;6,65;0,0;6,62;0,03000000000000025;0,45317220543807024;84;False
POSTO ARIBE EIRELI;15083140000148;AMERICA;GASOLINA;30/06/2025;6,65;VIBRA;6,65;0,0;0,0;6,509705882352941;6,65;0,0;6,62;0,03000000000000025;0,45317220543807024;84;False
POSTO ARIBE EIRELI;15083140000148;AMERICA;GASOLINA;08/07/2025;6,62;VIBRA;6,65;-0,03000000000000025;-0,45112781954887593;6,513714285714286;6,65;-0,03000000000000025;6,62;0,0;0,0;84;False
POSTO ARIBE EIRELI;15083140000148;AMERICA;GASOLINA;15/07/2025;6,62;VIBRA;6,62;0,0;0,0;6,516666666666667;6,65;-0,03000000000000025;6,62;0,0;0,0;84;False
POSTO ARIBE EIRELI;15083140000148;AMERICA;GASOLINA;22/07/2025;6,62;VIBRA;6,62;0,0;0,0;6,519459459459459;6,65;-0,03000000000000025;6,62;0,0;0,0;84;False
POSTO ARIBE EIRELI;15083140000148;AMERICA;GASOLINA;28/07/2025;6,62;VIBRA;6,62;0,0;0,0;6,522105263157894;6,635;-0,01499999999999968;6,62;0,0;0,0;84;False
POSTO ARIBE EIRELI;15083140000148;AMERICA;GASOLINA;05/08/2025;6,62;VIBRA;6,62;0,0;0,0;6,524615384615385;6,62;0,0;6,62;0,0;0,0;84;False
POSTO ARIBE EIRELI;15083140000148;AMERICA;GASOLINA;12/08/2025;6,62;VIBRA;6,62;0,0;0,0;6,526999999999999;6,62;0,0;6,62;0,0;0,0;84;False
POSTO ARIBE EIRELI;15083140000148;AMERICA;GASOLINA;19/08/2025;6,62;VIBRA;6,62;0,0;0,0;6,529268292682927;6,62;0,0;6,62;0,0;0,0;84;False
POSTO ARIBE EIRELI;15083140000148;AMERICA;GASOLINA;27/08/2025;6,62;VIBRA;6,62;0,0;0,0;6,531428571428571;6,62;0,0;6,62;0,0;0,0;84;False
POSTO ARIBE EIRELI;15083140000148;AMERICA;GASOLINA;02/09/2025;6,62;VIBRA;6,62;0,0;0,0;6,533488372093023;6,62;0,0;6,62;0,0;0,0;84;False
POSTO ARIBE EIRELI;15083140000148;AMERICA;GASOLINA;09/09/2025;6,62;VIBRA;6,62;0,0;0,0;6,535454545454545;6,62;0,0;6,62;0,0;0,0;84;False
POSTO ARIBE EIRELI;15083140000148;AMERICA;GASOLINA;17/09/2025;6,62;VIBRA;6,62;0,0;0,0;6,537333333333334;6,62;0,0;6,62;0,0;0,0;84;False
POSTO ARIBE EIRELI;15083140000148;AMERICA;GASOLINA;22/09/2025;6,62;VIBRA;6,62;0,0;0,0;6,539130434782609;6,62;0,0;6,62;0,0;0,0;84;False
POSTO ARIBE EIRELI;15083140000148;AMERICA;GASOLINA;30/09/2025;6,62;VIBRA;6,62;0,0;0,0;6,540851063829788;6,62;0,0;6,62;0,0;0,0;84;False
POSTO ARIBE EIRELI;15083140000148;AMERICA;GASOLINA;06/10/2025;6,62;VIBRA;6,62;0,0;0,0;6,5425;6,62;0,0;6,62;0,0;0,0;84;False
POSTO ARIBE EIRELI;15083140000148;AMERICA;GASOLINA;13/10/2025;6,62;VIBRA;6,62;0,0;0,0;6,544081632653062;6,62;0,0;6,62;0,0;0,0;84;False
POSTO ARIBE EIRELI;15083140000148;AMERICA;GASOLINA;20/10/2025;6,62;VIBRA;6,62;0,0;0,0;6,5456;6,62;0,0;6,62;0,0;0,0;84;False
POSTO ARIBE EIRELI;15083140000148;AMERICA;GASOLINA;28/10/2025;6,52;VIBRA;6,62;-0,10000000000000053;-1,5105740181268963;6,547058823529412;6,62;-0,10000000000000053;6,545;-0,025000000000000355;-0,38197097020626974;84;False
POSTO ARIBE EIRELI;15083140000148;AMERICA;GASOLINA;04/11/2025;6,52;VIBRA;6,52;0,0;0,0;6,546538461538462;6,62;-0,10000000000000053;6,57;-0,05000000000000071;-0,7610350076103609;84;False
POSTO ARIBE EIRELI;15083140000148;AMERICA;GASOLINA;11/11/2025;6,52;VIBRA;6,52;0,0;0,0;6,5460377358490565;6,62;-0,10000000000000053;6,52;0,0;0,0;84;False
POSTO ARIBE EIRELI;15083140000148;AMERICA;GASOLINA;18/11/2025;6,52;VIBRA;6,52;0,0;0,0;6,545555555555556;6,62;-0,10000000000000053;6,52;0,0;0,0;84;False
POSTO ARIBE EIRELI;15083140000148;AMERICA;GASOLINA;25/11/2025;6,52;VIBRA;6,52;0,0;0,0;6,545090909090909;6,62;-0,10000000000000053;6,52;0,0;0,0;84;False
POSTO ARIBE EIRELI;15083140000148;AMERICA;GASOLINA;02/12/2025;6,52;VIBRA;6,52;0,0;0,0;6,544642857142857;6,62;-0,10000000000000053;6,52;0,0;0,0;84;False
POSTO ARIBE EIRELI;15083140000148;AMERICA;GASOLINA;09/12/2025;6,52;VIBRA;6,52;0,0;0,0;6,544210526315789;6,62;-0,10000000000000053;6,52;0,0;0,0;84;False
POSTO ARIBE EIRELI;15083140000148;AMERICA;GASOLINA;17/12/2025;6,52;VIBRA;6,52;0,0;0,0;6,543793103448277;6,62;-0,10000000000000053;6,52;0,0;0,0;84;False
POSTO ARIBE EIRELI;15083140000148;AMERICA;GASOLINA;24/12/2025;6,52;VIBRA;6,52;0,0;0,0;6,543389830508475;6,62;-0,10000000000000053;6,545;-0,025000000000000355;-0,38197097020626974;84;False
POSTO ARIBE EIRELI;15083140000148;AMERICA;GASOLINA;30/12/2025;6,52;VIBRA;6,52;0,0;0,0;6,543;6,62;-0,10000000000000053;6,52;0,0;0,0;84;False
POSTO ARIBE EIRELI;15083140000148;AMERICA;GASOLINA;06/01/2026;6,52;VIBRA;6,52;0,0;0,0;6,5426229508196725;6,62;-0,10000000000000053;6,52;0,0;0,0;84;False
POSTO ARIBE EIRELI;15083140000148;AMERICA;GASOLINA;13/01/2026;6,52;VIBRA;6,52;0,0;0,0;6,542258064516129;6,62;-0,10000000000000053;6,52;0,0;0,0;84;False
POSTO ARIBE EIRELI;15083140000148;AMERICA;GASOLINA;22/01/2026;6,56;VIBRA;6,52;0,040000000000000036;0,6134969325153381;6,541904761904762;6,62;-0,0600000000000005;6,5649999999999995;-0,004999999999999893;-0,07616146230007455;84;False
POSTO ARIBE EIRELI;15083140000148;AMERICA;GASOLINA;27/01/2026;6,56;VIBRA;6,56;0,0;0,0;6,5421875;6,62;-0,0600000000000005;6,57;-0,010000000000000675;-0,15220700152208028;84;False
POSTO ARIBE EIRELI;15083140000148;AMERICA;GASOLINA;10/02/2026;6,56;VIBRA;6,56;0,0;0,0;6,542461538461538;6,62;-0,0600000000000005;6,539999999999999;0,020000000000000462;0,30581039755352396;84;False
POSTO ARIBE EIRELI;15083140000148;AMERICA;GASOLINA;24/02/2026;6,56;VIBRA;6,56;0,0;0,0;6,542727272727273;6,62;-0,0600000000000005;6,539999999999999;0,020000000000000462;0,30581039755352396;84;False
POSTO ARIBE EIRELI;15083140000148;AMERICA;GASOLINA;04/03/2026;6,56;VIBRA;6,56;0,0;0,0;6,542985074626865;6,62;-0,0600000000000005;6,5649999999999995;-0,004999999999999893;-0,07616146230007455;84;False
POSTO ARIBE EIRELI;15083140000148;AMERICA;GASOLINA;09/03/2026;6,83;VIBRA;6,56;0,27000000000000046;4,115853658536593;6,543235294117647;6,62;0,20999999999999996;6,82;0,009999999999999787;0,14662756598240156;84;False
POSTO ARIBE EIRELI;15083140000148;AMERICA;GASOLINA;24/03/2026;7,28;VIBRA;6,83;0,4500000000000002;6,588579795021965;6,547391304347826;6,62;0,6600000000000001;7,22;0,0600000000000005;0,8310249307479294;84;False
POSTO ARIBE EIRELI;15083140000148;AMERICA;GASOLINA;30/03/2026;7,28;VIBRA;7,28;0,0;0,0;6,557857142857143;6,62;0,6600000000000001;7,22;0,0600000000000005;0,8310249307479294;84;False
POSTO ARIBE EIRELI;15083140000148;AMERICA;GASOLINA;07/04/2026;7,28;VIBRA;7,28;0,0;0,0;6,5680281690140845;6,62;0,6600000000000001;7,22;0,0600000000000005;0,8310249307479294;84;False
POSTO ARIBE EIRELI;15083140000148;AMERICA;GASOLINA;14/04/2026;7,26;VIBRA;7,28;-0,020000000000000462;-0,2747252747252811;6,577916666666667;6,62;0,6399999999999997;7,22;0,040000000000000036;0,5540166204986154;84;False
POSTO ARIBE EIRELI;15083140000148;AMERICA;GASOLINA;24/04/2026;7,26;VIBRA;7,26;0,0;0,0;6,5872602739726025;6,62;0,6399999999999997;7,23;0,02999999999999936;0,41493775933609073;84;False
POSTO ARIBE EIRELI;15083140000148;AMERICA;GASOLINA;27/04/2026;7,26;VIBRA;7,26;0,0;0,0;6,596351351351351;6,62;0,6399999999999997;7,22;0,040000000000000036;0,5540166204986154;84;False
POSTO ARIBE EIRELI;15083140000148;AMERICA;GASOLINA;04/05/2026;7,55;VIBRA;7,26;0,29000000000000004;3,9944903581267224;6,6052;6,62;0,9299999999999997;7,22;0,33000000000000007;4,570637119113575;84;False
POSTO ARIBE EIRELI;15083140000148;AMERICA;GASOLINA;12/05/2026;7,55;VIBRA;7,55;0,0;0,0;6,6176315789473685;6,62;0,9299999999999997;7,52;0,03000000000000025;0,3989361702127693;84;False
POSTO ARIBE EIRELI;15083140000148;AMERICA;GASOLINA;18/05/2026;7,55;VIBRA;7,55;0,0;0,0;6,6297402597402595;6,62;0,9299999999999997;7,52;0,03000000000000025;0,3989361702127693;84;False
POSTO ARIBE EIRELI;15083140000148;AMERICA;GASOLINA;26/05/2026;7,15;VIBRA;7,55;-0,39999999999999947;-5,298013245033106;6,641538461538461;6,62;0,5300000000000002;7,135;0,015000000000000568;0,21023125437982576;84;False
POSTO ARIBE EIRELI;15083140000148;AMERICA;GASOLINA;02/06/2026;7,12;VIBRA;7,15;-0,03000000000000025;-0,419580419580423;6,647974683544304;6,62;0,5;7,12;0,0;0,0;84;False
POSTO ARIBE EIRELI;15083140000148;AMERICA;GASOLINA;08/06/2026;7,12;VIBRA;7,12;0,0;0,0;6,653874999999999;6,62;0,5;7,12;0,0;0,0;84;False
POSTO ARIBE EIRELI;15083140000148;AMERICA;GASOLINA;16/06/2026;7,12;VIBRA;7,12;0,0;0,0;6,659629629629629;6,62;0,5;7,12;0,0;0,0;84;False
POSTO ARIBE EIRELI;15083140000148;AMERICA;GASOLINA;23/06/2026;7,12;VIBRA;7,12;0,0;0,0;6,665243902439024;6,62;0,5;7,12;0,0;0,0;84;False
POSTO ARIBE EIRELI;15083140000148;AMERICA;GASOLINA;29/06/2026;7,12;VIBRA;7,12;0,0;0,0;6,670722891566265;6,62;0,5;7,12;0,0;0,0;84;False
POSTO ARIBE EIRELI;15083140000148;AMERICA;GASOLINA ADITIVADA;04/11/2024;6,17;VIBRA;;;;;;;6,09;0,08000000000000007;1,3136288998357974;83;False
POSTO ARIBE EIRELI;15083140000148;AMERICA;GASOLINA ADITIVADA;11/11/2024;6,08;VIBRA;6,17;-0,08999999999999986;-1,458670988654779;6,17;6,17;-0,08999999999999986;6,08;0,0;0,0;83;False
POSTO ARIBE EIRELI;15083140000148;AMERICA;GASOLINA ADITIVADA;18/11/2024;6,56;VIBRA;6,08;0,47999999999999954;7,894736842105256;6,125;6,125;0,4349999999999996;6,45;0,10999999999999943;1,7054263565891385;83;False
POSTO ARIBE EIRELI;15083140000148;AMERICA;GASOLINA ADITIVADA;25/11/2024;6,56;VIBRA;6,56;0,0;0,0;6,27;6,17;0,3899999999999997;6,45;0,10999999999999943;1,7054263565891385;83;False
POSTO ARIBE EIRELI;15083140000148;AMERICA;GASOLINA ADITIVADA;03/12/2024;6,56;VIBRA;6,56;0,0;0,0;6,342499999999999;6,365;0,1949999999999994;6,45;0,10999999999999943;1,7054263565891385;83;False
POSTO ARIBE EIRELI;15083140000148;AMERICA;GASOLINA ADITIVADA;09/12/2024;6,56;VIBRA;6,56;0,0;0,0;6,386;6,56;0,0;6,45;0,10999999999999943;1,7054263565891385;83;False
POSTO ARIBE EIRELI;15083140000148;AMERICA;GASOLINA ADITIVADA;16/12/2024;6,56;VIBRA;6,56;0,0;0,0;6,414999999999999;6,56;0,0;6,45;0,10999999999999943;1,7054263565891385;83;False
POSTO ARIBE EIRELI;15083140000148;AMERICA;GASOLINA ADITIVADA;23/12/2024;6,56;VIBRA;6,56;0,0;0,0;6,435714285714285;6,56;0,0;6,45;0,10999999999999943;1,7054263565891385;83;False
POSTO ARIBE EIRELI;15083140000148;AMERICA;GASOLINA ADITIVADA;30/12/2024;6,56;VIBRA;6,56;0,0;0,0;6,45125;6,56;0,0;6,45;0,10999999999999943;1,7054263565891385;83;False
POSTO ARIBE EIRELI;15083140000148;AMERICA;GASOLINA ADITIVADA;06/01/2025;6,56;VIBRA;6,56;0,0;0,0;6,463333333333333;6,56;0,0;6,45;0,10999999999999943;1,7054263565891385;83;False
POSTO ARIBE EIRELI;15083140000148;AMERICA;GASOLINA ADITIVADA;13/01/2025;6,56;VIBRA;6,56;0,0;0,0;6,472999999999999;6,56;0,0;6,55;0,009999999999999787;0,1526717557251876;83;False
POSTO ARIBE EIRELI;15083140000148;AMERICA;GASOLINA ADITIVADA;20/01/2025;6,65;VIBRA;6,56;0,09000000000000075;1,3719512195122066;6,4809090909090905;6,56;0,09000000000000075;6,55;0,10000000000000053;1,5267175572519165;83;False
POSTO ARIBE EIRELI;15083140000148;AMERICA;GASOLINA ADITIVADA;28/01/2025;6,65;VIBRA;6,65;0,0;0,0;6,495;6,56;0,09000000000000075;6,55;0,10000000000000053;1,5267175572519165;83;False
POSTO ARIBE EIRELI;15083140000148;AMERICA;GASOLINA ADITIVADA;03/02/2025;6,56;VIBRA;6,65;-0,09000000000000075;-1,3533834586466276;6,506923076923077;6,56;0,0;6,55;0,009999999999999787;0,1526717557251876;83;False
POSTO ARIBE EIRELI;15083140000148;AMERICA;GASOLINA ADITIVADA;11/02/2025;6,83;VIBRA;6,56;0,27000000000000046;4,115853658536593;6,510714285714285;6,56;0,27000000000000046;6,75;0,08000000000000007;1,1851851851851862;83;False
POSTO ARIBE EIRELI;15083140000148;AMERICA;GASOLINA ADITIVADA;18/02/2025;6,83;VIBRA;6,83;0,0;0,0;6,531999999999999;6,56;0,27000000000000046;6,75;0,08000000000000007;1,1851851851851862;83;False
POSTO ARIBE EIRELI;15083140000148;AMERICA;GASOLINA ADITIVADA;25/02/2025;6,83;VIBRA;6,83;0,0;0,0;6,550625;6,56;0,27000000000000046;6,75;0,08000000000000007;1,1851851851851862;83;False
POSTO ARIBE EIRELI;15083140000148;AMERICA;GASOLINA ADITIVADA;03/03/2025;6,83;VIBRA;6,83;0,0;0,0;6,567058823529412;6,56;0,27000000000000046;6,75;0,08000000000000007;1,1851851851851862;83;False
POSTO ARIBE EIRELI;15083140000148;AMERICA;GASOLINA ADITIVADA;11/03/2025;6,83;VIBRA;6,83;0,0;0,0;6,581666666666667;6,56;0,27000000000000046;6,75;0,08000000000000007;1,1851851851851862;83;False
POSTO ARIBE EIRELI;15083140000148;AMERICA;GASOLINA ADITIVADA;18/03/2025;6,83;VIBRA;6,83;0,0;0,0;6,594736842105263;6,56;0,27000000000000046;6,75;0,08000000000000007;1,1851851851851862;83;False
POSTO ARIBE EIRELI;15083140000148;AMERICA;GASOLINA ADITIVADA;25/03/2025;6,83;VIBRA;6,83;0,0;0,0;6,6065;6,56;0,27000000000000046;6,75;0,08000000000000007;1,1851851851851862;83;False
POSTO ARIBE EIRELI;15083140000148;AMERICA;GASOLINA ADITIVADA;31/03/2025;6,83;VIBRA;6,83;0,0;0,0;6,617142857142857;6,56;0,27000000000000046;6,75;0,08000000000000007;1,1851851851851862;83;False
POSTO ARIBE EIRELI;15083140000148;AMERICA;GASOLINA ADITIVADA;08/04/2025;6,83;VIBRA;6,83;0,0;0,0;6,626818181818181;6,56;0,27000000000000046;6,75;0,08000000000000007;1,1851851851851862;83;False
POSTO ARIBE EIRELI;15083140000148;AMERICA;GASOLINA ADITIVADA;15/04/2025;6,74;VIBRA;6,83;-0,08999999999999986;-1,3177159590043903;6,635652173913043;6,56;0,1800000000000006;6,65;0,08999999999999986;1,3533834586466142;83;False
POSTO ARIBE EIRELI;15083140000148;AMERICA;GASOLINA ADITIVADA;22/04/2025;6,74;VIBRA;6,74;0,0;0,0;6,64;6,605;0,1349999999999998;6,695;0,04499999999999993;0,6721433905899915;83;False
POSTO ARIBE EIRELI;15083140000148;AMERICA;GASOLINA ADITIVADA;29/04/2025;6,83;VIBRA;6,74;0,08999999999999986;1,3353115727002947;6,644;6,65;0,17999999999999972;6,75;0,08000000000000007;1,1851851851851862;83;False
POSTO ARIBE EIRELI;15083140000148;AMERICA;GASOLINA ADITIVADA;05/05/2025;6,83;VIBRA;6,83;0,0;0,0;6,651153846153846;6,65;0,17999999999999972;6,75;0,08000000000000007;1,1851851851851862;83;False
POSTO ARIBE EIRELI;15083140000148;AMERICA;GASOLINA ADITIVADA;12/05/2025;6,83;VIBRA;6,83;0,0;0,0;6,657777777777778;6,65;0,17999999999999972;6,734999999999999;0,09500000000000064;1,410541945063113;83;False
POSTO ARIBE EIRELI;15083140000148;AMERICA;GASOLINA ADITIVADA;19/05/2025;6,83;VIBRA;6,83;0,0;0,0;6,663928571428571;6,695;0,1349999999999998;6,775;0,054999999999999716;0,8118081180811766;83;False
POSTO ARIBE EIRELI;15083140000148;AMERICA;GASOLINA ADITIVADA;27/05/2025;6,83;VIBRA;6,83;0,0;0,0;6,669655172413792;6,74;0,08999999999999986;6,8;0,03000000000000025;0,44117647058823894;83;False
POSTO ARIBE EIRELI;15083140000148;AMERICA;GASOLINA ADITIVADA;03/06/2025;6,83;VIBRA;6,83;0,0;0,0;6,675;6,74;0,08999999999999986;6,8;0,03000000000000025;0,44117647058823894;83;False
POSTO ARIBE EIRELI;15083140000148;AMERICA;GASOLINA ADITIVADA;09/06/2025;6,83;VIBRA;6,83;0,0;0,0;6,68;6,74;0,08999999999999986;6,76;0,07000000000000028;1,0355029585798858;83;False
POSTO ARIBE EIRELI;15083140000148;AMERICA;GASOLINA ADITIVADA;16/06/2025;6,83;VIBRA;6,83;0,0;0,0;6,6846875;6,785;0,04499999999999993;6,8;0,03000000000000025;0,44117647058823894;83;False
POSTO ARIBE EIRELI;15083140000148;AMERICA;GASOLINA ADITIVADA;24/06/2025;6,83;VIBRA;6,83;0,0;0,0;6,689090909090909;6,83;0,0;6,8;0,03000000000000025;0,44117647058823894;83;False
POSTO ARIBE EIRELI;15083140000148;AMERICA;GASOLINA ADITIVADA;30/06/2025;6,83;VIBRA;6,83;0,0;0,0;6,693235294117647;6,83;0,0;6,8;0,03000000000000025;0,44117647058823894;83;False
POSTO ARIBE EIRELI;15083140000148;AMERICA;GASOLINA ADITIVADA;08/07/2025;6,8;VIBRA;6,83;-0,03000000000000025;-0,4392386530014678;6,6971428571428575;6,83;-0,03000000000000025;6,8;0,0;0,0;83;False
POSTO ARIBE EIRELI;15083140000148;AMERICA;GASOLINA ADITIVADA;15/07/2025;6,8;VIBRA;6,8;0,0;0,0;6,699999999999999;6,83;-0,03000000000000025;6,8;0,0;0,0;83;False
POSTO ARIBE EIRELI;15083140000148;AMERICA;GASOLINA ADITIVADA;22/07/2025;6,8;VIBRA;6,8;0,0;0,0;6,702702702702703;6,83;-0,03000000000000025;6,8;0,0;0,0;83;False
POSTO ARIBE EIRELI;15083140000148;AMERICA;GASOLINA ADITIVADA;28/07/2025;6,8;VIBRA;6,8;0,0;0,0;6,705263157894737;6,8149999999999995;-0,01499999999999968;6,8;0,0;0,0;83;False
POSTO ARIBE EIRELI;15083140000148;AMERICA;GASOLINA ADITIVADA;05/08/2025;6,8;VIBRA;6,8;0,0;0,0;6,707692307692308;6,8;0,0;6,8;0,0;0,0;83;False
POSTO ARIBE EIRELI;15083140000148;AMERICA;GASOLINA ADITIVADA;19/08/2025;6,8;VIBRA;6,8;0,0;0,0;6,709999999999999;6,8;0,0;6,8;0,0;0,0;83;False
POSTO ARIBE EIRELI;15083140000148;AMERICA;GASOLINA ADITIVADA;27/08/2025;6,8;VIBRA;6,8;0,0;0,0;6,712195121951219;6,8;0,0;6,72;0,08000000000000007;1,1904761904761916;83;False
POSTO ARIBE EIRELI;15083140000148;AMERICA;GASOLINA ADITIVADA;02/09/2025;6,8;VIBRA;6,8;0,0;0,0;6,714285714285714;6,8;0,0;6,795;0,004999999999999893;0,07358351729212499;83;False
POSTO ARIBE EIRELI;15083140000148;AMERICA;GASOLINA ADITIVADA;09/09/2025;6,8;VIBRA;6,8;0,0;0,0;6,716279069767442;6,8;0,0;6,795;0,004999999999999893;0,07358351729212499;83;False
POSTO ARIBE EIRELI;15083140000148;AMERICA;GASOLINA ADITIVADA;17/09/2025;6,8;VIBRA;6,8;0,0;0,0;6,718181818181819;6,8;0,0;6,76;0,040000000000000036;0,5917159763313614;83;False
POSTO ARIBE EIRELI;15083140000148;AMERICA;GASOLINA ADITIVADA;22/09/2025;6,83;VIBRA;6,8;0,03000000000000025;0,44117647058823894;6,72;6,8;0,03000000000000025;6,8149999999999995;0,015000000000000568;0,2201027146001551;83;False
POSTO ARIBE EIRELI;15083140000148;AMERICA;GASOLINA ADITIVADA;30/09/2025;6,83;VIBRA;6,83;0,0;0,0;6,722391304347826;6,8;0,03000000000000025;6,8149999999999995;0,015000000000000568;0,2201027146001551;83;False
POSTO ARIBE EIRELI;15083140000148;AMERICA;GASOLINA ADITIVADA;06/10/2025;6,83;VIBRA;6,83;0,0;0,0;6,724680851063829;6,8;0,03000000000000025;6,8149999999999995;0,015000000000000568;0,2201027146001551;83;False
POSTO ARIBE EIRELI;15083140000148;AMERICA;GASOLINA ADITIVADA;13/10/2025;6,83;VIBRA;6,83;0,0;0,0;6,726875;6,8;0,03000000000000025;6,76;0,07000000000000028;1,0355029585798858;83;False
POSTO ARIBE EIRELI;15083140000148;AMERICA;GASOLINA ADITIVADA;20/10/2025;6,83;VIBRA;6,83;0,0;0,0;6,728979591836734;6,8;0,03000000000000025;6,72;0,11000000000000032;1,6369047619047667;83;False
POSTO ARIBE EIRELI;15083140000148;AMERICA;GASOLINA ADITIVADA;28/10/2025;6,74;VIBRA;6,83;-0,08999999999999986;-1,3177159590043903;6,731;6,8;-0,05999999999999961;6,74;0,0;0,0;83;False
POSTO ARIBE EIRELI;15083140000148;AMERICA;GASOLINA ADITIVADA;04/11/2025;6,74;VIBRA;6,74;0,0;0,0;6,7311764705882355;6,8;-0,05999999999999961;6,765000000000001;-0,025000000000000355;-0,3695491500369601;83;False
POSTO ARIBE EIRELI;15083140000148;AMERICA;GASOLINA ADITIVADA;11/11/2025;6,74;VIBRA;6,74;0,0;0,0;6,731346153846153;6,8;-0,05999999999999961;6,65;0,08999999999999986;1,3533834586466142;83;False
POSTO ARIBE EIRELI;15083140000148;AMERICA;GASOLINA ADITIVADA;18/11/2025;6,74;VIBRA;6,74;0,0;0,0;6,731509433962263;6,8;-0,05999999999999961;6,71;0,03000000000000025;0,4470938897168443;83;False
POSTO ARIBE EIRELI;15083140000148;AMERICA;GASOLINA ADITIVADA;25/11/2025;6,74;VIBRA;6,74;0,0;0,0;6,7316666666666665;6,8;-0,05999999999999961;6,71;0,03000000000000025;0,4470938897168443;83;False
POSTO ARIBE EIRELI;15083140000148;AMERICA;GASOLINA ADITIVADA;02/12/2025;6,74;VIBRA;6,74;0,0;0,0;6,7318181818181815;6,8;-0,05999999999999961;6,68;0,0600000000000005;0,8982035928143787;83;False
POSTO ARIBE EIRELI;15083140000148;AMERICA;GASOLINA ADITIVADA;09/12/2025;6,74;VIBRA;6,74;0,0;0,0;6,731964285714286;6,8;-0,05999999999999961;6,71;0,03000000000000025;0,4470938897168443;83;False
POSTO ARIBE EIRELI;15083140000148;AMERICA;GASOLINA ADITIVADA;17/12/2025;6,74;VIBRA;6,74;0,0;0,0;6,732105263157895;6,8;-0,05999999999999961;6,74;0,0;0,0;83;False
POSTO ARIBE EIRELI;15083140000148;AMERICA;GASOLINA ADITIVADA;24/12/2025;6,74;VIBRA;6,74;0,0;0,0;6,732241379310345;6,8;-0,05999999999999961;6,74;0,0;0,0;83;False
POSTO ARIBE EIRELI;15083140000148;AMERICA;GASOLINA ADITIVADA;30/12/2025;6,74;VIBRA;6,74;0,0;0,0;6,732372881355932;6,8;-0,05999999999999961;6,74;0,0;0,0;83;False
POSTO ARIBE EIRELI;15083140000148;AMERICA;GASOLINA ADITIVADA;06/01/2026;6,74;VIBRA;6,74;0,0;0,0;6,7325;6,8;-0,05999999999999961;6,62;0,1200000000000001;1,8126888217522674;83;False
POSTO ARIBE EIRELI;15083140000148;AMERICA;GASOLINA ADITIVADA;13/01/2026;6,74;VIBRA;6,74;0,0;0,0;6,732622950819672;6,8;-0,05999999999999961;6,74;0,0;0,0;83;False
POSTO ARIBE EIRELI;15083140000148;AMERICA;GASOLINA ADITIVADA;22/01/2026;6,74;VIBRA;6,74;0,0;0,0;6,732741935483871;6,8;-0,05999999999999961;6,765000000000001;-0,025000000000000355;-0,3695491500369601;83;False
POSTO ARIBE EIRELI;15083140000148;AMERICA;GASOLINA ADITIVADA;27/01/2026;6,74;VIBRA;6,74;0,0;0,0;6,732857142857143;6,8;-0,05999999999999961;6,79;-0,04999999999999982;-0,7363770250368162;83;False
POSTO ARIBE EIRELI;15083140000148;AMERICA;GASOLINA ADITIVADA;10/02/2026;6,56;VIBRA;6,74;-0,1800000000000006;-2,6706231454006026;6,73296875;6,8;-0,2400000000000002;6,79;-0,23000000000000043;-3,387334315169373;83;False
POSTO ARIBE EIRELI;15083140000148;AMERICA;GASOLINA ADITIVADA;24/02/2026;6,74;VIBRA;6,56;0,1800000000000006;2,7439024390244;6,730307692307693;6,8;-0,05999999999999961;6,555;0,1850000000000005;2,8222730739893285;83;False
POSTO ARIBE EIRELI;15083140000148;AMERICA;GASOLINA ADITIVADA;04/03/2026;6,74;VIBRA;6,74;0,0;0,0;6,7304545454545455;6,8;-0,05999999999999961;6,74;0,0;0,0;83;False
POSTO ARIBE EIRELI;15083140000148;AMERICA;GASOLINA ADITIVADA;09/03/2026;7,01;VIBRA;6,74;0,2699999999999996;4,0059347181008835;6,730597014925373;6,8;0,20999999999999996;6,93;0,08000000000000007;1,1544011544011554;83;False
POSTO ARIBE EIRELI;15083140000148;AMERICA;GASOLINA ADITIVADA;24/03/2026;7,46;VIBRA;7,01;0,4500000000000002;6,4194008559201166;6,734705882352941;6,8;0,6600000000000001;7,345000000000001;0,11499999999999932;1,5656909462219104;83;False
POSTO ARIBE EIRELI;15083140000148;AMERICA;GASOLINA ADITIVADA;30/03/2026;7,46;VIBRA;7,46;0,0;0,0;6,745217391304348;6,8;0,6600000000000001;7,34;0,1200000000000001;1,6348773841961868;83;False
POSTO ARIBE EIRELI;15083140000148;AMERICA;GASOLINA ADITIVADA;07/04/2026;7,46;VIBRA;7,46;0,0;0,0;6,755428571428571;6,8;0,6600000000000001;7,29;0,16999999999999993;2,3319615912208493;83;False
POSTO ARIBE EIRELI;15083140000148;AMERICA;GASOLINA ADITIVADA;14/04/2026;7,46;VIBRA;7,46;0,0;0,0;6,765352112676056;6,8;0,6600000000000001;7,255;0,20500000000000007;2,8256374913852524;83;False
POSTO ARIBE EIRELI;15083140000148;AMERICA;GASOLINA ADITIVADA;24/04/2026;7,46;VIBRA;7,46;0,0;0,0;6,775;6,8;0,6600000000000001;7,29;0,16999999999999993;2,3319615912208493;83;False
POSTO ARIBE EIRELI;15083140000148;AMERICA;GASOLINA ADITIVADA;27/04/2026;7,46;VIBRA;7,46;0,0;0,0;6,7843835616438355;6,8;0,6600000000000001;7,22;0,2400000000000002;3,3240997229916927;83;False
POSTO ARIBE EIRELI;15083140000148;AMERICA;GASOLINA ADITIVADA;04/05/2026;7,73;VIBRA;7,46;0,27000000000000046;3,619302949061668;6,793513513513514;6,8;0,9300000000000006;7,34;0,39000000000000057;5,31335149863761;83;False
POSTO ARIBE EIRELI;15083140000148;AMERICA;GASOLINA ADITIVADA;12/05/2026;7,73;VIBRA;7,73;0,0;0,0;6,806;6,8;0,9300000000000006;7,57;0,16000000000000014;2,1136063408190244;83;False
POSTO ARIBE EIRELI;15083140000148;AMERICA;GASOLINA ADITIVADA;18/05/2026;7,73;VIBRA;7,73;0,0;0,0;6,818157894736841;6,8;0,9300000000000006;7,555;0,1750000000000007;2,3163467902051713;83;False
POSTO ARIBE EIRELI;15083140000148;AMERICA;GASOLINA ADITIVADA;26/05/2026;7,28;VIBRA;7,73;-0,4500000000000002;-5,821474773609316;6,829999999999999;6,8;0,4800000000000004;7,28;0,0;0,0;83;False
POSTO ARIBE EIRELI;15083140000148;AMERICA;GASOLINA ADITIVADA;02/06/2026;7,28;VIBRA;7,28;0,0;0,0;6,835769230769231;6,8;0,4800000000000004;7,22;0,0600000000000005;0,8310249307479294;83;False
POSTO ARIBE EIRELI;15083140000148;AMERICA;GASOLINA ADITIVADA;08/06/2026;7,19;VIBRA;7,28;-0,08999999999999986;-1,2362637362637343;6,841392405063291;6,8;0,39000000000000057;7,205;-0,01499999999999968;-0,208188757807074;83;False
POSTO ARIBE EIRELI;15083140000148;AMERICA;GASOLINA ADITIVADA;16/06/2026;7,28;VIBRA;7,19;0,08999999999999986;1,2517385257301787;6,84575;6,8;0,4800000000000004;7,28;0,0;0,0;83;False
POSTO ARIBE EIRELI;15083140000148;AMERICA;GASOLINA ADITIVADA;23/06/2026;7,28;VIBRA;7,28;0,0;0,0;6,851111111111112;6,8;0,4800000000000004;7,26;0,020000000000000462;0,27548209366391824;83;False
POSTO ARIBE EIRELI;15083140000148;AMERICA;GASOLINA ADITIVADA;29/06/2026;7,28;VIBRA;7,28;0,0;0,0;6,856341463414634;6,8;0,4800000000000004;7,26;0,020000000000000462;0,27548209366391824;83;False
LIDER COMERCIO DE COMBUSTIVEIS LTDA;15591357000169;CENTRO;ETANOL;04/11/2024;4,29;VIBRA;;;;;;;4,39;-0,09999999999999964;-2,2779043280182156;76;False
LIDER COMERCIO DE COMBUSTIVEIS LTDA;15591357000169;CENTRO;ETANOL;11/11/2024;4,29;VIBRA;4,29;0,0;0,0;4,29;4,29;0,0;4,39;-0,09999999999999964;-2,2779043280182156;76;False
LIDER COMERCIO DE COMBUSTIVEIS LTDA;15591357000169;CENTRO;ETANOL;18/11/2024;4,39;VIBRA;4,29;0,09999999999999964;2,3310023310023227;4,29;4,29;0,09999999999999964;4,39;0,0;0,0;76;False
LIDER COMERCIO DE COMBUSTIVEIS LTDA;15591357000169;CENTRO;ETANOL;25/11/2024;4,29;VIBRA;4,39;-0,09999999999999964;-2,2779043280182156;4,323333333333333;4,29;0,0;4,39;-0,09999999999999964;-2,2779043280182156;76;False
LIDER COMERCIO DE COMBUSTIVEIS LTDA;15591357000169;CENTRO;ETANOL;03/12/2024;4,22;VIBRA;4,29;-0,07000000000000028;-1,6317016317016382;4,3149999999999995;4,29;-0,07000000000000028;4,295;-0,07500000000000018;-1,7462165308498294;76;False
LIDER COMERCIO DE COMBUSTIVEIS LTDA;15591357000169;CENTRO;ETANOL;09/12/2024;4,22;VIBRA;4,22;0,0;0,0;4,296;4,29;-0,07000000000000028;4,295;-0,07500000000000018;-1,7462165308498294;76;False
LIDER COMERCIO DE COMBUSTIVEIS LTDA;15591357000169;CENTRO;ETANOL;16/12/2024;4,22;VIBRA;4,22;0,0;0,0;4,283333333333333;4,29;-0,07000000000000028;4,29;-0,07000000000000028;-1,6317016317016382;76;False
LIDER COMERCIO DE COMBUSTIVEIS LTDA;15591357000169;CENTRO;ETANOL;23/12/2024;4,22;VIBRA;4,22;0,0;0,0;4,274285714285714;4,29;-0,07000000000000028;4,29;-0,07000000000000028;-1,6317016317016382;76;False
LIDER COMERCIO DE COMBUSTIVEIS LTDA;15591357000169;CENTRO;ETANOL;30/12/2024;4,29;VIBRA;4,22;0,07000000000000028;1,658767772511855;4,2675;4,255;0,03500000000000014;4,29;0,0;0,0;76;False
LIDER COMERCIO DE COMBUSTIVEIS LTDA;15591357000169;CENTRO;ETANOL;06/01/2025;4,29;VIBRA;4,29;0,0;0,0;4,27;4,29;0,0;4,295;-0,004999999999999893;-0,11641443538998589;76;False
LIDER COMERCIO DE COMBUSTIVEIS LTDA;15591357000169;CENTRO;ETANOL;13/01/2025;4,65;VIBRA;4,29;0,3600000000000003;8,391608391608399;4,272;4,29;0,3600000000000003;4,59;0,0600000000000005;1,307189542483671;76;False
LIDER COMERCIO DE COMBUSTIVEIS LTDA;15591357000169;CENTRO;ETANOL;20/01/2025;4,65;VIBRA;4,65;0,0;0,0;4,306363636363636;4,29;0,3600000000000003;4,625;0,025000000000000355;0,5405405405405482;76;False
LIDER COMERCIO DE COMBUSTIVEIS LTDA;15591357000169;CENTRO;ETANOL;28/01/2025;4,65;VIBRA;4,65;0,0;0,0;4,335;4,29;0,3600000000000003;4,66;-0,009999999999999787;-0,214592274678107;76;False
LIDER COMERCIO DE COMBUSTIVEIS LTDA;15591357000169;CENTRO;ETANOL;03/02/2025;4,65;VIBRA;4,65;0,0;0,0;4,359230769230769;4,29;0,3600000000000003;4,74;-0,08999999999999986;-1,898734177215187;76;False
LIDER COMERCIO DE COMBUSTIVEIS LTDA;15591357000169;CENTRO;ETANOL;11/02/2025;4,89;VIBRA;4,65;0,23999999999999932;5,161290322580631;4,38;4,29;0,5999999999999996;4,845;0,04499999999999993;0,9287925696594413;76;False
LIDER COMERCIO DE COMBUSTIVEIS LTDA;15591357000169;CENTRO;ETANOL;18/02/2025;4,89;VIBRA;4,89;0,0;0,0;4,414;4,29;0,5999999999999996;4,89;0,0;0,0;76;False
LIDER COMERCIO DE COMBUSTIVEIS LTDA;15591357000169;CENTRO;ETANOL;25/02/2025;4,89;VIBRA;4,89;0,0;0,0;4,44375;4,29;0,5999999999999996;4,89;0,0;0,0;76;False
LIDER COMERCIO DE COMBUSTIVEIS LTDA;15591357000169;CENTRO;ETANOL;03/03/2025;4,89;VIBRA;4,89;0,0;0,0;4,47;4,29;0,5999999999999996;4,89;0,0;0,0;76;False
LIDER COMERCIO DE COMBUSTIVEIS LTDA;15591357000169;CENTRO;ETANOL;11/03/2025;4,89;VIBRA;4,89;0,0;0,0;4,493333333333333;4,34;0,5499999999999998;4,89;0,0;0,0;76;False
LIDER COMERCIO DE COMBUSTIVEIS LTDA;15591357000169;CENTRO;ETANOL;18/03/2025;4,89;VIBRA;4,89;0,0;0,0;4,5142105263157895;4,39;0,5;4,89;0,0;0,0;76;False
LIDER COMERCIO DE COMBUSTIVEIS LTDA;15591357000169;CENTRO;ETANOL;25/03/2025;4,89;VIBRA;4,89;0,0;0,0;4,5329999999999995;4,52;0,3700000000000001;4,89;0,0;0,0;76;False
LIDER COMERCIO DE COMBUSTIVEIS LTDA;15591357000169;CENTRO;ETANOL;31/03/2025;4,89;VIBRA;4,89;0,0;0,0;4,55;4,65;0,23999999999999932;4,865;0,024999999999999467;0,5138746145940282;76;False
LIDER COMERCIO DE COMBUSTIVEIS LTDA;15591357000169;CENTRO;ETANOL;08/04/2025;4,89;VIBRA;4,89;0,0;0,0;4,565454545454545;4,65;0,23999999999999932;4,865;0,024999999999999467;0,5138746145940282;76;False
LIDER COMERCIO DE COMBUSTIVEIS LTDA;15591357000169;CENTRO;ETANOL;15/04/2025;4,89;VIBRA;4,89;0,0;0,0;4,579565217391305;4,65;0,23999999999999932;4,89;0,0;0,0;76;False
LIDER COMERCIO DE COMBUSTIVEIS LTDA;15591357000169;CENTRO;ETANOL;22/04/2025;4,99;VIBRA;4,89;0,10000000000000053;2,0449897750511354;4,5925;4,65;0,33999999999999986;4,89;0,10000000000000053;2,0449897750511354;76;False
LIDER COMERCIO DE COMBUSTIVEIS LTDA;15591357000169;CENTRO;ETANOL;29/04/2025;4,99;VIBRA;4,99;0,0;0,0;4,6084;4,65;0,33999999999999986;4,89;0,10000000000000053;2,0449897750511354;76;False
LIDER COMERCIO DE COMBUSTIVEIS LTDA;15591357000169;CENTRO;ETANOL;05/05/2025;4,99;VIBRA;4,99;0,0;0,0;4,6230769230769235;4,65;0,33999999999999986;4,89;0,10000000000000053;2,0449897750511354;76;False
LIDER COMERCIO DE COMBUSTIVEIS LTDA;15591357000169;CENTRO;ETANOL;12/05/2025;4,99;VIBRA;4,99;0,0;0,0;4,636666666666667;4,65;0,33999999999999986;4,869999999999999;0,120000000000001;2,464065708418912;76;False
LIDER COMERCIO DE COMBUSTIVEIS LTDA;15591357000169;CENTRO;ETANOL;19/05/2025;4,99;VIBRA;4,99;0,0;0,0;4,649285714285715;4,77;0,22000000000000064;4,94;0,04999999999999982;1,0121457489878507;76;False
LIDER COMERCIO DE COMBUSTIVEIS LTDA;15591357000169;CENTRO;ETANOL;27/05/2025;4,99;VIBRA;4,99;0,0;0,0;4,6610344827586205;4,89;0,10000000000000053;4,965;0,025000000000000355;0,50352467270897;76;False
LIDER COMERCIO DE COMBUSTIVEIS LTDA;15591357000169;CENTRO;ETANOL;03/06/2025;4,99;VIBRA;4,99;0,0;0,0;4,672;4,89;0,10000000000000053;4,95;0,040000000000000036;0,8080808080808087;76;False
LIDER COMERCIO DE COMBUSTIVEIS LTDA;15591357000169;CENTRO;ETANOL;09/06/2025;4,99;VIBRA;4,99;0,0;0,0;4,682258064516129;4,89;0,10000000000000053;4,95;0,040000000000000036;0,8080808080808087;76;False
LIDER COMERCIO DE COMBUSTIVEIS LTDA;15591357000169;CENTRO;ETANOL;16/06/2025;4,99;VIBRA;4,99;0,0;0,0;4,691875;4,89;0,10000000000000053;4,95;0,040000000000000036;0,8080808080808087;76;False
LIDER COMERCIO DE COMBUSTIVEIS LTDA;15591357000169;CENTRO;ETANOL;24/06/2025;4,99;VIBRA;4,99;0,0;0,0;4,700909090909091;4,89;0,10000000000000053;4,95;0,040000000000000036;0,8080808080808087;76;False
LIDER COMERCIO DE COMBUSTIVEIS LTDA;15591357000169;CENTRO;ETANOL;30/06/2025;4,99;VIBRA;4,99;0,0;0,0;4,709411764705883;4,89;0,10000000000000053;4,95;0,040000000000000036;0,8080808080808087;76;False
LIDER COMERCIO DE COMBUSTIVEIS LTDA;15591357000169;CENTRO;ETANOL;08/07/2025;4,99;VIBRA;4,99;0,0;0,0;4,717428571428572;4,89;0,10000000000000053;4,95;0,040000000000000036;0,8080808080808087;76;False
LIDER COMERCIO DE COMBUSTIVEIS LTDA;15591357000169;CENTRO;ETANOL;15/07/2025;4,99;VIBRA;4,99;0,0;0,0;4,725;4,89;0,10000000000000053;4,95;0,040000000000000036;0,8080808080808087;76;False
LIDER COMERCIO DE COMBUSTIVEIS LTDA;15591357000169;CENTRO;ETANOL;22/07/2025;4,99;VIBRA;4,99;0,0;0,0;4,732162162162163;4,89;0,10000000000000053;4,95;0,040000000000000036;0,8080808080808087;76;False
LIDER COMERCIO DE COMBUSTIVEIS LTDA;15591357000169;CENTRO;ETANOL;28/07/2025;4,99;VIBRA;4,99;0,0;0,0;4,738947368421053;4,89;0,10000000000000053;4,95;0,040000000000000036;0,8080808080808087;76;False
LIDER COMERCIO DE COMBUSTIVEIS LTDA;15591357000169;CENTRO;ETANOL;05/08/2025;4,99;VIBRA;4,99;0,0;0,0;4,745384615384615;4,89;0,10000000000000053;4,95;0,040000000000000036;0,8080808080808087;76;False
LIDER COMERCIO DE COMBUSTIVEIS LTDA;15591357000169;CENTRO;ETANOL;12/08/2025;4,99;VIBRA;4,99;0,0;0,0;4,7515;4,89;0,10000000000000053;4,95;0,040000000000000036;0,8080808080808087;76;False
LIDER COMERCIO DE COMBUSTIVEIS LTDA;15591357000169;CENTRO;ETANOL;19/08/2025;4,99;VIBRA;4,99;0,0;0,0;4,757317073170732;4,89;0,10000000000000053;4,965;0,025000000000000355;0,50352467270897;76;False
LIDER COMERCIO DE COMBUSTIVEIS LTDA;15591357000169;CENTRO;ETANOL;27/08/2025;4,99;VIBRA;4,99;0,0;0,0;4,7628571428571425;4,89;0,10000000000000053;4,965;0,025000000000000355;0,50352467270897;76;False
LIDER COMERCIO DE COMBUSTIVEIS LTDA;15591357000169;CENTRO;ETANOL;02/09/2025;4,99;VIBRA;4,99;0,0;0,0;4,768139534883721;4,89;0,10000000000000053;4,95;0,040000000000000036;0,8080808080808087;76;False
LIDER COMERCIO DE COMBUSTIVEIS LTDA;15591357000169;CENTRO;ETANOL;09/09/2025;4,99;VIBRA;4,99;0,0;0,0;4,773181818181818;4,89;0,10000000000000053;4,965;0,025000000000000355;0,50352467270897;76;False
LIDER COMERCIO DE COMBUSTIVEIS LTDA;15591357000169;CENTRO;ETANOL;17/09/2025;4,99;VIBRA;4,99;0,0;0,0;4,778;4,89;0,10000000000000053;4,98;0,009999999999999787;0,20080321285140132;76;False
LIDER COMERCIO DE COMBUSTIVEIS LTDA;15591357000169;CENTRO;ETANOL;22/09/2025;4,99;VIBRA;4,99;0,0;0,0;4,782608695652174;4,89;0,10000000000000053;4,965;0,025000000000000355;0,50352467270897;76;False
LIDER COMERCIO DE COMBUSTIVEIS LTDA;15591357000169;CENTRO;ETANOL;30/09/2025;4,99;VIBRA;4,99;0,0;0,0;4,787021276595745;4,89;0,10000000000000053;4,965;0,025000000000000355;0,50352467270897;76;False
LIDER COMERCIO DE COMBUSTIVEIS LTDA;15591357000169;CENTRO;ETANOL;06/10/2025;4,99;VIBRA;4,99;0,0;0,0;4,79125;4,9399999999999995;0,05000000000000071;4,965;0,025000000000000355;0,50352467270897;76;False
LIDER COMERCIO DE COMBUSTIVEIS LTDA;15591357000169;CENTRO;ETANOL;13/10/2025;4,99;VIBRA;4,99;0,0;0,0;4,79530612244898;4,99;0,0;4,965;0,025000000000000355;0,50352467270897;76;False
LIDER COMERCIO DE COMBUSTIVEIS LTDA;15591357000169;CENTRO;ETANOL;20/10/2025;4,99;VIBRA;4,99;0,0;0,0;4,7992;4,99;0,0;4,95;0,040000000000000036;0,8080808080808087;76;False
LIDER COMERCIO DE COMBUSTIVEIS LTDA;15591357000169;CENTRO;ETANOL;29/10/2025;4,89;VIBRA;4,99;-0,10000000000000053;-2,004008016032075;4,802941176470588;4,99;-0,10000000000000053;4,99;-0,10000000000000053;-2,004008016032075;76;False
LIDER COMERCIO DE COMBUSTIVEIS LTDA;15591357000169;CENTRO;ETANOL;05/11/2025;4,8;VIBRA;4,89;-0,08999999999999986;-1,8404907975460096;4,804615384615385;4,99;-0,1900000000000004;4,895;-0,09499999999999975;-1,940755873340138;76;False
LIDER COMERCIO DE COMBUSTIVEIS LTDA;15591357000169;CENTRO;ETANOL;11/11/2025;4,8;VIBRA;4,8;0,0;0,0;4,804528301886792;4,99;-0,1900000000000004;4,8;0,0;0,0;76;False
LIDER COMERCIO DE COMBUSTIVEIS LTDA;15591357000169;CENTRO;ETANOL;18/11/2025;4,8;VIBRA;4,8;0,0;0,0;4,804444444444444;4,9399999999999995;-0,13999999999999968;4,8;0,0;0,0;76;False
LIDER COMERCIO DE COMBUSTIVEIS LTDA;15591357000169;CENTRO;ETANOL;25/11/2025;4,8;VIBRA;4,8;0,0;0,0;4,804363636363637;4,89;-0,08999999999999986;4,8;0,0;0,0;76;False
LIDER COMERCIO DE COMBUSTIVEIS LTDA;15591357000169;CENTRO;ETANOL;09/12/2025;4,8;VIBRA;4,8;0,0;0,0;4,804285714285714;4,89;-0,08999999999999986;4,8;0,0;0,0;76;False
LIDER COMERCIO DE COMBUSTIVEIS LTDA;15591357000169;CENTRO;ETANOL;09/02/2026;4,8;VIBRA;4,8;0,0;0,0;4,804210526315789;4,89;-0,08999999999999986;4,8;0,0;0,0;76;False
LIDER COMERCIO DE COMBUSTIVEIS LTDA;15591357000169;CENTRO;ETANOL;04/03/2026;4,8;VIBRA;4,8;0,0;0,0;4,804137931034482;4,89;-0,08999999999999986;4,88;-0,08000000000000007;-1,6393442622950833;76;False
LIDER COMERCIO DE COMBUSTIVEIS LTDA;15591357000169;CENTRO;ETANOL;09/03/2026;4,99;VIBRA;4,8;0,1900000000000004;3,9583333333333415;4,80406779661017;4,89;0,10000000000000053;4,970000000000001;0,019999999999999574;0,40241448692152054;76;False
LIDER COMERCIO DE COMBUSTIVEIS LTDA;15591357000169;CENTRO;ETANOL;20/03/2026;5,32;VIBRA;4,99;0,33000000000000007;6,6132264529058125;4,807166666666666;4,89;0,4300000000000006;4,95;0,3700000000000001;7,474747474747477;76;False
LIDER COMERCIO DE COMBUSTIVEIS LTDA;15591357000169;CENTRO;ETANOL;24/03/2026;5,05;VIBRA;5,32;-0,27000000000000046;-5,075187969924821;4,815573770491803;4,89;0,16000000000000014;5,05;0,0;0,0;76;False
LIDER COMERCIO DE COMBUSTIVEIS LTDA;15591357000169;CENTRO;ETANOL;31/03/2026;5,09;VIBRA;5,05;0,040000000000000036;0,7920792079207928;4,819354838709677;4,89;0,20000000000000018;5,140000000000001;-0,05000000000000071;-0,9727626459144106;76;False
LIDER COMERCIO DE COMBUSTIVEIS LTDA;15591357000169;CENTRO;ETANOL;09/04/2026;5,29;VIBRA;5,09;0,20000000000000018;3,929273084479375;4,823650793650794;4,89;0,40000000000000036;5,07;0,21999999999999975;4,3392504930966425;76;False
LIDER COMERCIO DE COMBUSTIVEIS LTDA;15591357000169;CENTRO;ETANOL;14/04/2026;5,62;VIBRA;5,29;0,33000000000000007;6,238185255198489;4,8309375;4,9399999999999995;0,6800000000000006;5,545;0,07500000000000018;1,35256988277728;76;False
LIDER COMERCIO DE COMBUSTIVEIS LTDA;15591357000169;CENTRO;ETANOL;24/04/2026;5,62;VIBRA;5,62;0,0;0,0;4,843076923076923;4,99;0,6299999999999999;5,6;0,020000000000000462;0,3571428571428654;76;False
LIDER COMERCIO DE COMBUSTIVEIS LTDA;15591357000169;CENTRO;ETANOL;29/04/2026;5,62;VIBRA;5,62;0,0;0,0;4,854848484848485;4,99;0,6299999999999999;5,62;0,0;0,0;76;False
LIDER COMERCIO DE COMBUSTIVEIS LTDA;15591357000169;CENTRO;ETANOL;04/05/2026;5,62;VIBRA;5,62;0,0;0,0;4,866268656716418;4,99;0,6299999999999999;5,6;0,020000000000000462;0,3571428571428654;76;False
LIDER COMERCIO DE COMBUSTIVEIS LTDA;15591357000169;CENTRO;ETANOL;13/05/2026;5,62;VIBRA;5,62;0,0;0,0;4,877352941176471;4,99;0,6299999999999999;5,655;-0,03500000000000014;-0,6189213085764835;76;False
LIDER COMERCIO DE COMBUSTIVEIS LTDA;15591357000169;CENTRO;ETANOL;20/05/2026;5,62;VIBRA;5,62;0,0;0,0;4,888115942028986;4,99;0,6299999999999999;5,62;0,0;0,0;76;False
LIDER COMERCIO DE COMBUSTIVEIS LTDA;15591357000169;CENTRO;ETANOL;26/05/2026;5,5;VIBRA;5,62;-0,1200000000000001;-2,1352313167259807;4,898571428571429;4,99;0,5099999999999998;5,5;0,0;0,0;76;False
LIDER COMERCIO DE COMBUSTIVEIS LTDA;15591357000169;CENTRO;ETANOL;02/06/2026;5,5;VIBRA;5,5;0,0;0,0;4,907042253521126;4,99;0,5099999999999998;5,5;0,0;0,0;76;False
LIDER COMERCIO DE COMBUSTIVEIS LTDA;15591357000169;CENTRO;ETANOL;09/06/2026;5,5;VIBRA;5,5;0,0;0,0;4,915277777777778;4,99;0,5099999999999998;5,5;0,0;0,0;76;False
LIDER COMERCIO DE COMBUSTIVEIS LTDA;15591357000169;CENTRO;ETANOL;16/06/2026;5,5;VIBRA;5,5;0,0;0,0;4,923287671232877;4,99;0,5099999999999998;5,5;0,0;0,0;76;False
LIDER COMERCIO DE COMBUSTIVEIS LTDA;15591357000169;CENTRO;ETANOL;23/06/2026;5,5;VIBRA;5,5;0,0;0,0;4,93108108108108;4,99;0,5099999999999998;5,5;0,0;0,0;76;False
LIDER COMERCIO DE COMBUSTIVEIS LTDA;15591357000169;CENTRO;ETANOL;30/06/2026;5,5;VIBRA;5,5;0,0;0,0;4,938666666666666;4,99;0,5099999999999998;5,5;0,0;0,0;76;False
LIDER COMERCIO DE COMBUSTIVEIS LTDA;15591357000169;CENTRO;GASOLINA;04/11/2024;5,9;VIBRA;;;;;;;5,92;-0,019999999999999574;-0,33783783783783067;76;False
LIDER COMERCIO DE COMBUSTIVEIS LTDA;15591357000169;CENTRO;GASOLINA;11/11/2024;5,9;VIBRA;5,9;0,0;0,0;5,9;5,9;0,0;5,9;0,0;0,0;76;False
LIDER COMERCIO DE COMBUSTIVEIS LTDA;15591357000169;CENTRO;GASOLINA;18/11/2024;6,32;VIBRA;5,9;0,41999999999999993;7,118644067796609;5,9;5,9;0,41999999999999993;6,32;0,0;0,0;76;False
LIDER COMERCIO DE COMBUSTIVEIS LTDA;15591357000169;CENTRO;GASOLINA;25/11/2024;6,3;VIBRA;6,32;-0,020000000000000462;-0,31645569620253894;6,04;5,9;0,39999999999999947;6,32;-0,020000000000000462;-0,31645569620253894;76;False
LIDER COMERCIO DE COMBUSTIVEIS LTDA;15591357000169;CENTRO;GASOLINA;03/12/2024;6,3;VIBRA;6,3;0,0;0,0;6,105;6,1;0,20000000000000018;6,32;-0,020000000000000462;-0,31645569620253894;76;False
LIDER COMERCIO DE COMBUSTIVEIS LTDA;15591357000169;CENTRO;GASOLINA;09/12/2024;6,3;VIBRA;6,3;0,0;0,0;6,144;6,3;0,0;6,32;-0,020000000000000462;-0,31645569620253894;76;False
LIDER COMERCIO DE COMBUSTIVEIS LTDA;15591357000169;CENTRO;GASOLINA;16/12/2024;6,3;VIBRA;6,3;0,0;0,0;6,170000000000001;6,3;0,0;6,32;-0,020000000000000462;-0,31645569620253894;76;False
LIDER COMERCIO DE COMBUSTIVEIS LTDA;15591357000169;CENTRO;GASOLINA;23/12/2024;6,3;VIBRA;6,3;0,0;0,0;6,188571428571429;6,3;0,0;6,32;-0,020000000000000462;-0,31645569620253894;76;False
LIDER COMERCIO DE COMBUSTIVEIS LTDA;15591357000169;CENTRO;GASOLINA;30/12/2024;6,3;VIBRA;6,3;0,0;0,0;6,2025;6,3;0,0;6,32;-0,020000000000000462;-0,31645569620253894;76;False
LIDER COMERCIO DE COMBUSTIVEIS LTDA;15591357000169;CENTRO;GASOLINA;06/01/2025;6,3;VIBRA;6,3;0,0;0,0;6,213333333333334;6,3;0,0;6,32;-0,020000000000000462;-0,31645569620253894;76;False
LIDER COMERCIO DE COMBUSTIVEIS LTDA;15591357000169;CENTRO;GASOLINA;13/01/2025;6,42;VIBRA;6,3;0,1200000000000001;1,9047619047619067;6,2219999999999995;6,3;0,1200000000000001;6,42;0,0;0,0;76;False
LIDER COMERCIO DE COMBUSTIVEIS LTDA;15591357000169;CENTRO;GASOLINA;20/01/2025;6,42;VIBRA;6,42;0,0;0,0;6,24;6,3;0,1200000000000001;6,42;0,0;0,0;76;False
LIDER COMERCIO DE COMBUSTIVEIS LTDA;15591357000169;CENTRO;GASOLINA;28/01/2025;6,42;VIBRA;6,42;0,0;0,0;6,255;6,3;0,1200000000000001;6,42;0,0;0,0;76;False
LIDER COMERCIO DE COMBUSTIVEIS LTDA;15591357000169;CENTRO;GASOLINA;03/02/2025;6,42;VIBRA;6,42;0,0;0,0;6,267692307692308;6,3;0,1200000000000001;6,49;-0,07000000000000028;-1,0785824345146422;76;False
LIDER COMERCIO DE COMBUSTIVEIS LTDA;15591357000169;CENTRO;GASOLINA;11/02/2025;6,62;VIBRA;6,42;0,20000000000000018;3,1152647975077907;6,278571428571429;6,3;0,3200000000000003;6,62;0,0;0,0;76;False
LIDER COMERCIO DE COMBUSTIVEIS LTDA;15591357000169;CENTRO;GASOLINA;18/02/2025;6,62;VIBRA;6,62;0,0;0,0;6,301333333333333;6,3;0,3200000000000003;6,62;0,0;0,0;76;False
LIDER COMERCIO DE COMBUSTIVEIS LTDA;15591357000169;CENTRO;GASOLINA;25/02/2025;6,62;VIBRA;6,62;0,0;0,0;6,32125;6,3;0,3200000000000003;6,62;0,0;0,0;76;False
LIDER COMERCIO DE COMBUSTIVEIS LTDA;15591357000169;CENTRO;GASOLINA;03/03/2025;6,62;VIBRA;6,62;0,0;0,0;6,338823529411765;6,3;0,3200000000000003;6,62;0,0;0,0;76;False
LIDER COMERCIO DE COMBUSTIVEIS LTDA;15591357000169;CENTRO;GASOLINA;11/03/2025;6,62;VIBRA;6,62;0,0;0,0;6,354444444444444;6,3100000000000005;0,3099999999999996;6,62;0,0;0,0;76;False
LIDER COMERCIO DE COMBUSTIVEIS LTDA;15591357000169;CENTRO;GASOLINA;18/03/2025;6,62;VIBRA;6,62;0,0;0,0;6,368421052631579;6,32;0,2999999999999998;6,62;0,0;0,0;76;False
LIDER COMERCIO DE COMBUSTIVEIS LTDA;15591357000169;CENTRO;GASOLINA;25/03/2025;6,62;VIBRA;6,62;0,0;0,0;6,381;6,37;0,25;6,62;0,0;0,0;76;False
LIDER COMERCIO DE COMBUSTIVEIS LTDA;15591357000169;CENTRO;GASOLINA;31/03/2025;6,62;VIBRA;6,62;0,0;0,0;6,392380952380953;6,42;0,20000000000000018;6,62;0,0;0,0;76;False
LIDER COMERCIO DE COMBUSTIVEIS LTDA;15591357000169;CENTRO;GASOLINA;08/04/2025;6,62;VIBRA;6,62;0,0;0,0;6,402727272727273;6,42;0,20000000000000018;6,62;0,0;0,0;76;False
LIDER COMERCIO DE COMBUSTIVEIS LTDA;15591357000169;CENTRO;GASOLINA;15/04/2025;6,52;VIBRA;6,62;-0,10000000000000053;-1,5105740181268963;6,412173913043477;6,42;0,09999999999999964;6,52;0,0;0,0;76;False
LIDER COMERCIO DE COMBUSTIVEIS LTDA;15591357000169;CENTRO;GASOLINA;22/04/2025;6,52;VIBRA;6,52;0,0;0,0;6,416666666666667;6,42;0,09999999999999964;6,539999999999999;-0,019999999999999574;-0,30581039755351036;76;False
LIDER COMERCIO DE COMBUSTIVEIS LTDA;15591357000169;CENTRO;GASOLINA;29/04/2025;6,62;VIBRA;6,52;0,10000000000000053;1,5337423312883518;6,420800000000001;6,42;0,20000000000000018;6,62;0,0;0,0;76;False
LIDER COMERCIO DE COMBUSTIVEIS LTDA;15591357000169;CENTRO;GASOLINA;05/05/2025;6,62;VIBRA;6,62;0,0;0,0;6,428461538461538;6,42;0,20000000000000018;6,62;0,0;0,0;76;False
LIDER COMERCIO DE COMBUSTIVEIS LTDA;15591357000169;CENTRO;GASOLINA;12/05/2025;6,62;VIBRA;6,62;0,0;0,0;6,435555555555555;6,42;0,20000000000000018;6,62;0,0;0,0;76;False
LIDER COMERCIO DE COMBUSTIVEIS LTDA;15591357000169;CENTRO;GASOLINA;19/05/2025;6,62;VIBRA;6,62;0,0;0,0;6,442142857142857;6,47;0,15000000000000036;6,62;0,0;0,0;76;False
LIDER COMERCIO DE COMBUSTIVEIS LTDA;15591357000169;CENTRO;GASOLINA;27/05/2025;6,62;VIBRA;6,62;0,0;0,0;6,448275862068965;6,52;0,10000000000000053;6,62;0,0;0,0;76;False
LIDER COMERCIO DE COMBUSTIVEIS LTDA;15591357000169;CENTRO;GASOLINA;03/06/2025;6,62;VIBRA;6,62;0,0;0,0;6,454;6,52;0,10000000000000053;6,62;0,0;0,0;76;False
LIDER COMERCIO DE COMBUSTIVEIS LTDA;15591357000169;CENTRO;GASOLINA;09/06/2025;6,62;VIBRA;6,62;0,0;0,0;6,459354838709678;6,52;0,10000000000000053;6,62;0,0;0,0;76;False
LIDER COMERCIO DE COMBUSTIVEIS LTDA;15591357000169;CENTRO;GASOLINA;16/06/2025;6,62;VIBRA;6,62;0,0;0,0;6,464375;6,57;0,04999999999999982;6,62;0,0;0,0;76;False
LIDER COMERCIO DE COMBUSTIVEIS LTDA;15591357000169;CENTRO;GASOLINA;24/06/2025;6,62;VIBRA;6,62;0,0;0,0;6,469090909090909;6,62;0,0;6,62;0,0;0,0;76;False
LIDER COMERCIO DE COMBUSTIVEIS LTDA;15591357000169;CENTRO;GASOLINA;30/06/2025;6,62;VIBRA;6,62;0,0;0,0;6,473529411764706;6,62;0,0;6,62;0,0;0,0;76;False
LIDER COMERCIO DE COMBUSTIVEIS LTDA;15591357000169;CENTRO;GASOLINA;08/07/2025;6,62;VIBRA;6,62;0,0;0,0;6,477714285714286;6,62;0,0;6,62;0,0;0,0;76;False
LIDER COMERCIO DE COMBUSTIVEIS LTDA;15591357000169;CENTRO;GASOLINA;15/07/2025;6,62;VIBRA;6,62;0,0;0,0;6,4816666666666665;6,62;0,0;6,62;0,0;0,0;76;False
LIDER COMERCIO DE COMBUSTIVEIS LTDA;15591357000169;CENTRO;GASOLINA;22/07/2025;6,62;VIBRA;6,62;0,0;0,0;6,485405405405405;6,62;0,0;6,62;0,0;0,0;76;False
LIDER COMERCIO DE COMBUSTIVEIS LTDA;15591357000169;CENTRO;GASOLINA;28/07/2025;6,62;VIBRA;6,62;0,0;0,0;6,488947368421053;6,62;0,0;6,62;0,0;0,0;76;False
LIDER COMERCIO DE COMBUSTIVEIS LTDA;15591357000169;CENTRO;GASOLINA;05/08/2025;6,62;VIBRA;6,62;0,0;0,0;6,492307692307692;6,62;0,0;6,62;0,0;0,0;76;False
LIDER COMERCIO DE COMBUSTIVEIS LTDA;15591357000169;CENTRO;GASOLINA;12/08/2025;6,62;VIBRA;6,62;0,0;0,0;6,4955;6,62;0,0;6,62;0,0;0,0;76;False
LIDER COMERCIO DE COMBUSTIVEIS LTDA;15591357000169;CENTRO;GASOLINA;19/08/2025;6,62;VIBRA;6,62;0,0;0,0;6,498536585365853;6,62;0,0;6,62;0,0;0,0;76;False
LIDER COMERCIO DE COMBUSTIVEIS LTDA;15591357000169;CENTRO;GASOLINA;27/08/2025;6,62;VIBRA;6,62;0,0;0,0;6,501428571428572;6,62;0,0;6,62;0,0;0,0;76;False
LIDER COMERCIO DE COMBUSTIVEIS LTDA;15591357000169;CENTRO;GASOLINA;02/09/2025;6,62;VIBRA;6,62;0,0;0,0;6,504186046511628;6,62;0,0;6,62;0,0;0,0;76;False
LIDER COMERCIO DE COMBUSTIVEIS LTDA;15591357000169;CENTRO;GASOLINA;09/09/2025;6,62;VIBRA;6,62;0,0;0,0;6,506818181818182;6,62;0,0;6,62;0,0;0,0;76;False
LIDER COMERCIO DE COMBUSTIVEIS LTDA;15591357000169;CENTRO;GASOLINA;17/09/2025;6,62;VIBRA;6,62;0,0;0,0;6,509333333333334;6,62;0,0;6,62;0,0;0,0;76;False
LIDER COMERCIO DE COMBUSTIVEIS LTDA;15591357000169;CENTRO;GASOLINA;22/09/2025;6,62;VIBRA;6,62;0,0;0,0;6,511739130434783;6,62;0,0;6,62;0,0;0,0;76;False
LIDER COMERCIO DE COMBUSTIVEIS LTDA;15591357000169;CENTRO;GASOLINA;30/09/2025;6,62;VIBRA;6,62;0,0;0,0;6,51404255319149;6,62;0,0;6,62;0,0;0,0;76;False
LIDER COMERCIO DE COMBUSTIVEIS LTDA;15591357000169;CENTRO;GASOLINA;06/10/2025;6,62;VIBRA;6,62;0,0;0,0;6,51625;6,62;0,0;6,62;0,0;0,0;76;False
LIDER COMERCIO DE COMBUSTIVEIS LTDA;15591357000169;CENTRO;GASOLINA;13/10/2025;6,62;VIBRA;6,62;0,0;0,0;6,518367346938775;6,62;0,0;6,62;0,0;0,0;76;False
LIDER COMERCIO DE COMBUSTIVEIS LTDA;15591357000169;CENTRO;GASOLINA;20/10/2025;6,62;VIBRA;6,62;0,0;0,0;6,5203999999999995;6,62;0,0;6,62;0,0;0,0;76;False
LIDER COMERCIO DE COMBUSTIVEIS LTDA;15591357000169;CENTRO;GASOLINA;29/10/2025;6,52;VIBRA;6,62;-0,10000000000000053;-1,5105740181268963;6,522352941176471;6,62;-0,10000000000000053;6,52;0,0;0,0;76;False
LIDER COMERCIO DE COMBUSTIVEIS LTDA;15591357000169;CENTRO;GASOLINA;05/11/2025;6,52;VIBRA;6,52;0,0;0,0;6,522307692307693;6,62;-0,10000000000000053;6,52;0,0;0,0;76;False
LIDER COMERCIO DE COMBUSTIVEIS LTDA;15591357000169;CENTRO;GASOLINA;11/11/2025;6,52;VIBRA;6,52;0,0;0,0;6,522264150943396;6,62;-0,10000000000000053;6,52;0,0;0,0;76;False
LIDER COMERCIO DE COMBUSTIVEIS LTDA;15591357000169;CENTRO;GASOLINA;18/11/2025;6,52;VIBRA;6,52;0,0;0,0;6,522222222222222;6,62;-0,10000000000000053;6,52;0,0;0,0;76;False
LIDER COMERCIO DE COMBUSTIVEIS LTDA;15591357000169;CENTRO;GASOLINA;25/11/2025;6,52;VIBRA;6,52;0,0;0,0;6,522181818181819;6,62;-0,10000000000000053;6,52;0,0;0,0;76;False
LIDER COMERCIO DE COMBUSTIVEIS LTDA;15591357000169;CENTRO;GASOLINA;09/12/2025;6,52;VIBRA;6,52;0,0;0,0;6,522142857142858;6,62;-0,10000000000000053;6,52;0,0;0,0;76;False
LIDER COMERCIO DE COMBUSTIVEIS LTDA;15591357000169;CENTRO;GASOLINA;09/02/2026;6,52;VIBRA;6,52;0,0;0,0;6,522105263157894;6,62;-0,10000000000000053;6,52;0,0;0,0;76;False
LIDER COMERCIO DE COMBUSTIVEIS LTDA;15591357000169;CENTRO;GASOLINA;04/03/2026;6,52;VIBRA;6,52;0,0;0,0;6,522068965517241;6,62;-0,10000000000000053;6,5649999999999995;-0,04499999999999993;-0,6854531607006844;76;False
LIDER COMERCIO DE COMBUSTIVEIS LTDA;15591357000169;CENTRO;GASOLINA;09/03/2026;6,82;VIBRA;6,52;0,3000000000000007;4,601226993865041;6,522033898305085;6,62;0,20000000000000018;6,82;0,0;0,0;76;False
LIDER COMERCIO DE COMBUSTIVEIS LTDA;15591357000169;CENTRO;GASOLINA;20/03/2026;7,62;VIBRA;6,82;0,7999999999999998;11,730205278592372;6,527;6,62;1,0;7,29;0,33000000000000007;4,526748971193417;76;False
LIDER COMERCIO DE COMBUSTIVEIS LTDA;15591357000169;CENTRO;GASOLINA;24/03/2026;7,22;VIBRA;7,62;-0,40000000000000036;-5,249343832021002;6,544918032786885;6,62;0,5999999999999996;7,22;0,0;0,0;76;False
LIDER COMERCIO DE COMBUSTIVEIS LTDA;15591357000169;CENTRO;GASOLINA;31/03/2026;7,22;VIBRA;7,22;0,0;0,0;6,555806451612903;6,62;0,5999999999999996;7,29;-0,07000000000000028;-0,9602194787380012;76;False
LIDER COMERCIO DE COMBUSTIVEIS LTDA;15591357000169;CENTRO;GASOLINA;09/04/2026;7,22;VIBRA;7,22;0,0;0,0;6,566349206349207;6,62;0,5999999999999996;7,29;-0,07000000000000028;-0,9602194787380012;76;False
LIDER COMERCIO DE COMBUSTIVEIS LTDA;15591357000169;CENTRO;GASOLINA;14/04/2026;7,22;VIBRA;7,22;0,0;0,0;6,5765625;6,62;0,5999999999999996;7,22;0,0;0,0;76;False
LIDER COMERCIO DE COMBUSTIVEIS LTDA;15591357000169;CENTRO;GASOLINA;24/04/2026;7,22;VIBRA;7,22;0,0;0,0;6,586461538461538;6,62;0,5999999999999996;7,23;-0,010000000000000675;-0,13831258644537586;76;False
LIDER COMERCIO DE COMBUSTIVEIS LTDA;15591357000169;CENTRO;GASOLINA;29/04/2026;7,22;VIBRA;7,22;0,0;0,0;6,596060606060606;6,62;0,5999999999999996;7,265000000000001;-0,04500000000000082;-0,6194081211287105;76;False
LIDER COMERCIO DE COMBUSTIVEIS LTDA;15591357000169;CENTRO;GASOLINA;04/05/2026;7,22;VIBRA;7,22;0,0;0,0;6,605373134328358;6,62;0,5999999999999996;7,22;0,0;0,0;76;False
LIDER COMERCIO DE COMBUSTIVEIS LTDA;15591357000169;CENTRO;GASOLINA;13/05/2026;7,52;VIBRA;7,22;0,2999999999999998;4,15512465373961;6,614411764705882;6,62;0,8999999999999995;7,59;-0,07000000000000028;-0,9222661396574479;76;False
LIDER COMERCIO DE COMBUSTIVEIS LTDA;15591357000169;CENTRO;GASOLINA;20/05/2026;7,17;VIBRA;7,52;-0,34999999999999964;-4,654255319148932;6,627536231884058;6,62;0,5499999999999998;7,19;-0,020000000000000462;-0,2781641168289355;76;False
LIDER COMERCIO DE COMBUSTIVEIS LTDA;15591357000169;CENTRO;GASOLINA;26/05/2026;7,12;VIBRA;7,17;-0,04999999999999982;-0,6973500697350046;6,635285714285714;6,62;0,5;7,135;-0,01499999999999968;-0,2102312543798133;76;False
LIDER COMERCIO DE COMBUSTIVEIS LTDA;15591357000169;CENTRO;GASOLINA;02/06/2026;7,12;VIBRA;7,12;0,0;0,0;6,642112676056338;6,62;0,5;7,12;0,0;0,0;76;False
LIDER COMERCIO DE COMBUSTIVEIS LTDA;15591357000169;CENTRO;GASOLINA;09/06/2026;7,02;VIBRA;7,12;-0,10000000000000053;-1,4044943820224793;6,64875;6,62;0,39999999999999947;7,155;-0,13500000000000068;-1,886792452830198;76;False
LIDER COMERCIO DE COMBUSTIVEIS LTDA;15591357000169;CENTRO;GASOLINA;16/06/2026;7,12;VIBRA;7,02;0,10000000000000053;1,4245014245014322;6,653835616438356;6,62;0,5;7,12;0,0;0,0;76;False
LIDER COMERCIO DE COMBUSTIVEIS LTDA;15591357000169;CENTRO;GASOLINA;23/06/2026;7,12;VIBRA;7,12;0,0;0,0;6,660135135135135;6,62;0,5;7,12;0,0;0,0;76;False
LIDER COMERCIO DE COMBUSTIVEIS LTDA;15591357000169;CENTRO;GASOLINA;30/06/2026;7,12;VIBRA;7,12;0,0;0,0;6,666266666666666;6,62;0,5;7,12;0,0;0,0;76;False
LIDER COMERCIO DE COMBUSTIVEIS LTDA;15591357000169;CENTRO;GASOLINA ADITIVADA;04/11/2024;5,99;VIBRA;;;;;;;6,09;-0,09999999999999964;-1,6420361247947397;74;False
LIDER COMERCIO DE COMBUSTIVEIS LTDA;15591357000169;CENTRO;GASOLINA ADITIVADA;11/11/2024;5,99;VIBRA;5,99;0,0;0,0;5,99;5,99;0,0;6,08;-0,08999999999999986;-1,4802631578947345;74;False
LIDER COMERCIO DE COMBUSTIVEIS LTDA;15591357000169;CENTRO;GASOLINA ADITIVADA;18/11/2024;6,45;VIBRA;5,99;0,45999999999999996;7,679465776293822;5,99;5,99;0,45999999999999996;6,45;0,0;0,0;74;False
LIDER COMERCIO DE COMBUSTIVEIS LTDA;15591357000169;CENTRO;GASOLINA ADITIVADA;25/11/2024;6,45;VIBRA;6,45;0,0;0,0;6,1433333333333335;5,99;0,45999999999999996;6,45;0,0;0,0;74;False
LIDER COMERCIO DE COMBUSTIVEIS LTDA;15591357000169;CENTRO;GASOLINA ADITIVADA;03/12/2024;6,45;VIBRA;6,45;0,0;0,0;6,220000000000001;6,220000000000001;0,22999999999999954;6,45;0,0;0,0;74;False
LIDER COMERCIO DE COMBUSTIVEIS LTDA;15591357000169;CENTRO;GASOLINA ADITIVADA;09/12/2024;6,45;VIBRA;6,45;0,0;0,0;6,266;6,45;0,0;6,45;0,0;0,0;74;False
LIDER COMERCIO DE COMBUSTIVEIS LTDA;15591357000169;CENTRO;GASOLINA ADITIVADA;16/12/2024;6,45;VIBRA;6,45;0,0;0,0;6,296666666666667;6,45;0,0;6,45;0,0;0,0;74;False
LIDER COMERCIO DE COMBUSTIVEIS LTDA;15591357000169;CENTRO;GASOLINA ADITIVADA;23/12/2024;6,45;VIBRA;6,45;0,0;0,0;6,318571428571429;6,45;0,0;6,45;0,0;0,0;74;False
LIDER COMERCIO DE COMBUSTIVEIS LTDA;15591357000169;CENTRO;GASOLINA ADITIVADA;30/12/2024;6,45;VIBRA;6,45;0,0;0,0;6,335;6,45;0,0;6,45;0,0;0,0;74;False
LIDER COMERCIO DE COMBUSTIVEIS LTDA;15591357000169;CENTRO;GASOLINA ADITIVADA;06/01/2025;6,45;VIBRA;6,45;0,0;0,0;6,347777777777778;6,45;0,0;6,45;0,0;0,0;74;False
LIDER COMERCIO DE COMBUSTIVEIS LTDA;15591357000169;CENTRO;GASOLINA ADITIVADA;13/01/2025;6,55;VIBRA;6,45;0,09999999999999964;1,5503875968992191;6,358;6,45;0,09999999999999964;6,55;0,0;0,0;74;False
LIDER COMERCIO DE COMBUSTIVEIS LTDA;15591357000169;CENTRO;GASOLINA ADITIVADA;20/01/2025;6,55;VIBRA;6,55;0,0;0,0;6,375454545454545;6,45;0,09999999999999964;6,55;0,0;0,0;74;False
LIDER COMERCIO DE COMBUSTIVEIS LTDA;15591357000169;CENTRO;GASOLINA ADITIVADA;28/01/2025;6,55;VIBRA;6,55;0,0;0,0;6,390000000000001;6,45;0,09999999999999964;6,55;0,0;0,0;74;False
LIDER COMERCIO DE COMBUSTIVEIS LTDA;15591357000169;CENTRO;GASOLINA ADITIVADA;03/02/2025;6,55;VIBRA;6,55;0,0;0,0;6,4023076923076925;6,45;0,09999999999999964;6,55;0,0;0,0;74;False
LIDER COMERCIO DE COMBUSTIVEIS LTDA;15591357000169;CENTRO;GASOLINA ADITIVADA;11/02/2025;6,75;VIBRA;6,55;0,20000000000000018;3,0534351145038197;6,412857142857143;6,45;0,2999999999999998;6,75;0,0;0,0;74;False
LIDER COMERCIO DE COMBUSTIVEIS LTDA;15591357000169;CENTRO;GASOLINA ADITIVADA;18/02/2025;6,75;VIBRA;6,75;0,0;0,0;6,435333333333333;6,45;0,2999999999999998;6,75;0,0;0,0;74;False
LIDER COMERCIO DE COMBUSTIVEIS LTDA;15591357000169;CENTRO;GASOLINA ADITIVADA;25/02/2025;6,75;VIBRA;6,75;0,0;0,0;6,455;6,45;0,2999999999999998;6,75;0,0;0,0;74;False
LIDER COMERCIO DE COMBUSTIVEIS LTDA;15591357000169;CENTRO;GASOLINA ADITIVADA;03/03/2025;6,75;VIBRA;6,75;0,0;0,0;6,472352941176471;6,45;0,2999999999999998;6,75;0,0;0,0;74;False
LIDER COMERCIO DE COMBUSTIVEIS LTDA;15591357000169;CENTRO;GASOLINA ADITIVADA;11/03/2025;6,75;VIBRA;6,75;0,0;0,0;6,487777777777778;6,45;0,2999999999999998;6,75;0,0;0,0;74;False
LIDER COMERCIO DE COMBUSTIVEIS LTDA;15591357000169;CENTRO;GASOLINA ADITIVADA;18/03/2025;6,75;VIBRA;6,75;0,0;0,0;6,501578947368421;6,45;0,2999999999999998;6,75;0,0;0,0;74;False
LIDER COMERCIO DE COMBUSTIVEIS LTDA;15591357000169;CENTRO;GASOLINA ADITIVADA;25/03/2025;6,75;VIBRA;6,75;0,0;0,0;6,514;6,5;0,25;6,75;0,0;0,0;74;False
LIDER COMERCIO DE COMBUSTIVEIS LTDA;15591357000169;CENTRO;GASOLINA ADITIVADA;31/03/2025;6,75;VIBRA;6,75;0,0;0,0;6,5252380952380955;6,55;0,20000000000000018;6,75;0,0;0,0;74;False
LIDER COMERCIO DE COMBUSTIVEIS LTDA;15591357000169;CENTRO;GASOLINA ADITIVADA;08/04/2025;6,75;VIBRA;6,75;0,0;0,0;6,535454545454545;6,55;0,20000000000000018;6,75;0,0;0,0;74;False
LIDER COMERCIO DE COMBUSTIVEIS LTDA;15591357000169;CENTRO;GASOLINA ADITIVADA;15/04/2025;6,65;VIBRA;6,75;-0,09999999999999964;-1,481481481481476;6,544782608695653;6,55;0,10000000000000053;6,65;0,0;0,0;74;False
LIDER COMERCIO DE COMBUSTIVEIS LTDA;15591357000169;CENTRO;GASOLINA ADITIVADA;22/04/2025;6,65;VIBRA;6,65;0,0;0,0;6,549166666666667;6,55;0,10000000000000053;6,695;-0,04499999999999993;-0,6721433905899915;74;False
LIDER COMERCIO DE COMBUSTIVEIS LTDA;15591357000169;CENTRO;GASOLINA ADITIVADA;29/04/2025;6,75;VIBRA;6,65;0,09999999999999964;1,5037593984962352;6,5532;6,55;0,20000000000000018;6,75;0,0;0,0;74;False
LIDER COMERCIO DE COMBUSTIVEIS LTDA;15591357000169;CENTRO;GASOLINA ADITIVADA;05/05/2025;6,75;VIBRA;6,75;0,0;0,0;6,560769230769231;6,55;0,20000000000000018;6,75;0,0;0,0;74;False
LIDER COMERCIO DE COMBUSTIVEIS LTDA;15591357000169;CENTRO;GASOLINA ADITIVADA;12/05/2025;6,75;VIBRA;6,75;0,0;0,0;6,567777777777779;6,55;0,20000000000000018;6,734999999999999;0,015000000000000568;0,22271714922049843;74;False
LIDER COMERCIO DE COMBUSTIVEIS LTDA;15591357000169;CENTRO;GASOLINA ADITIVADA;19/05/2025;6,62;VIBRA;6,75;-0,1299999999999999;-1,9259259259259243;6,574285714285715;6,6;0,020000000000000462;6,775;-0,15500000000000025;-2,287822878228786;74;False
LIDER COMERCIO DE COMBUSTIVEIS LTDA;15591357000169;CENTRO;GASOLINA ADITIVADA;27/05/2025;6,8;VIBRA;6,62;0,17999999999999972;2,7190332326283944;6,575862068965517;6,62;0,17999999999999972;6,8;0,0;0,0;74;False
LIDER COMERCIO DE COMBUSTIVEIS LTDA;15591357000169;CENTRO;GASOLINA ADITIVADA;03/06/2025;6,8;VIBRA;6,8;0,0;0,0;6,583333333333333;6,635;0,16500000000000004;6,8;0,0;0,0;74;False
LIDER COMERCIO DE COMBUSTIVEIS LTDA;15591357000169;CENTRO;GASOLINA ADITIVADA;09/06/2025;6,8;VIBRA;6,8;0,0;0,0;6,590322580645162;6,65;0,14999999999999947;6,76;0,040000000000000036;0,5917159763313614;74;False
LIDER COMERCIO DE COMBUSTIVEIS LTDA;15591357000169;CENTRO;GASOLINA ADITIVADA;16/06/2025;6,8;VIBRA;6,8;0,0;0,0;6,596875;6,65;0,14999999999999947;6,8;0,0;0,0;74;False
LIDER COMERCIO DE COMBUSTIVEIS LTDA;15591357000169;CENTRO;GASOLINA ADITIVADA;24/06/2025;6,8;VIBRA;6,8;0,0;0,0;6,6030303030303035;6,65;0,14999999999999947;6,8;0,0;0,0;74;False
LIDER COMERCIO DE COMBUSTIVEIS LTDA;15591357000169;CENTRO;GASOLINA ADITIVADA;30/06/2025;6,8;VIBRA;6,8;0,0;0,0;6,608823529411764;6,7;0,09999999999999964;6,8;0,0;0,0;74;False
LIDER COMERCIO DE COMBUSTIVEIS LTDA;15591357000169;CENTRO;GASOLINA ADITIVADA;08/07/2025;6,8;VIBRA;6,8;0,0;0,0;6,614285714285714;6,75;0,04999999999999982;6,8;0,0;0,0;74;False
LIDER COMERCIO DE COMBUSTIVEIS LTDA;15591357000169;CENTRO;GASOLINA ADITIVADA;15/07/2025;6,8;VIBRA;6,8;0,0;0,0;6,6194444444444445;6,75;0,04999999999999982;6,8;0,0;0,0;74;False
LIDER COMERCIO DE COMBUSTIVEIS LTDA;15591357000169;CENTRO;GASOLINA ADITIVADA;22/07/2025;6,8;VIBRA;6,8;0,0;0,0;6,624324324324324;6,75;0,04999999999999982;6,8;0,0;0,0;74;False
LIDER COMERCIO DE COMBUSTIVEIS LTDA;15591357000169;CENTRO;GASOLINA ADITIVADA;28/07/2025;6,8;VIBRA;6,8;0,0;0,0;6,628947368421053;6,75;0,04999999999999982;6,8;0,0;0,0;74;False
LIDER COMERCIO DE COMBUSTIVEIS LTDA;15591357000169;CENTRO;GASOLINA ADITIVADA;05/08/2025;6,8;VIBRA;6,8;0,0;0,0;6,633333333333333;6,75;0,04999999999999982;6,8;0,0;0,0;74;False
LIDER COMERCIO DE COMBUSTIVEIS LTDA;15591357000169;CENTRO;GASOLINA ADITIVADA;12/08/2025;6,8;VIBRA;6,8;0,0;0,0;6,6375;6,75;0,04999999999999982;6,76;0,040000000000000036;0,5917159763313614;74;False
LIDER COMERCIO DE COMBUSTIVEIS LTDA;15591357000169;CENTRO;GASOLINA ADITIVADA;19/08/2025;6,8;VIBRA;6,8;0,0;0,0;6,6414634146341465;6,75;0,04999999999999982;6,8;0,0;0,0;74;False
LIDER COMERCIO DE COMBUSTIVEIS LTDA;15591357000169;CENTRO;GASOLINA ADITIVADA;27/08/2025;6,8;VIBRA;6,8;0,0;0,0;6,645238095238096;6,75;0,04999999999999982;6,72;0,08000000000000007;1,1904761904761916;74;False
LIDER COMERCIO DE COMBUSTIVEIS LTDA;15591357000169;CENTRO;GASOLINA ADITIVADA;02/09/2025;6,8;VIBRA;6,8;0,0;0,0;6,648837209302325;6,75;0,04999999999999982;6,795;0,004999999999999893;0,07358351729212499;74;False
LIDER COMERCIO DE COMBUSTIVEIS LTDA;15591357000169;CENTRO;GASOLINA ADITIVADA;09/09/2025;6,8;VIBRA;6,8;0,0;0,0;6,652272727272727;6,75;0,04999999999999982;6,795;0,004999999999999893;0,07358351729212499;74;False
LIDER COMERCIO DE COMBUSTIVEIS LTDA;15591357000169;CENTRO;GASOLINA ADITIVADA;17/09/2025;6,8;VIBRA;6,8;0,0;0,0;6,655555555555556;6,75;0,04999999999999982;6,76;0,040000000000000036;0,5917159763313614;74;False
LIDER COMERCIO DE COMBUSTIVEIS LTDA;15591357000169;CENTRO;GASOLINA ADITIVADA;22/09/2025;6,8;VIBRA;6,8;0,0;0,0;6,658695652173913;6,75;0,04999999999999982;6,8149999999999995;-0,01499999999999968;-0,22010271460014205;74;False
LIDER COMERCIO DE COMBUSTIVEIS LTDA;15591357000169;CENTRO;GASOLINA ADITIVADA;30/09/2025;6,8;VIBRA;6,8;0,0;0,0;6,661702127659575;6,75;0,04999999999999982;6,8149999999999995;-0,01499999999999968;-0,22010271460014205;74;False
LIDER COMERCIO DE COMBUSTIVEIS LTDA;15591357000169;CENTRO;GASOLINA ADITIVADA;06/10/2025;6,8;VIBRA;6,8;0,0;0,0;6,664583333333333;6,75;0,04999999999999982;6,8149999999999995;-0,01499999999999968;-0,22010271460014205;74;False
LIDER COMERCIO DE COMBUSTIVEIS LTDA;15591357000169;CENTRO;GASOLINA ADITIVADA;13/10/2025;6,8;VIBRA;6,8;0,0;0,0;6,66734693877551;6,75;0,04999999999999982;6,76;0,040000000000000036;0,5917159763313614;74;False
LIDER COMERCIO DE COMBUSTIVEIS LTDA;15591357000169;CENTRO;GASOLINA ADITIVADA;20/10/2025;6,8;VIBRA;6,8;0,0;0,0;6,67;6,75;0,04999999999999982;6,72;0,08000000000000007;1,1904761904761916;74;False
LIDER COMERCIO DE COMBUSTIVEIS LTDA;15591357000169;CENTRO;GASOLINA ADITIVADA;29/10/2025;6,8;VIBRA;6,8;0,0;0,0;6,672549019607843;6,75;0,04999999999999982;6,52;0,28000000000000025;4,2944785276073665;74;False
LIDER COMERCIO DE COMBUSTIVEIS LTDA;15591357000169;CENTRO;GASOLINA ADITIVADA;05/11/2025;6,68;VIBRA;6,8;-0,1200000000000001;-1,764705882352943;6,675000000000001;6,75;-0,07000000000000028;6,52;0,16000000000000014;2,4539877300613524;74;False
LIDER COMERCIO DE COMBUSTIVEIS LTDA;15591357000169;CENTRO;GASOLINA ADITIVADA;11/11/2025;6,68;VIBRA;6,68;0,0;0,0;6,675094339622641;6,75;-0,07000000000000028;6,65;0,02999999999999936;0,4511278195488626;74;False
LIDER COMERCIO DE COMBUSTIVEIS LTDA;15591357000169;CENTRO;GASOLINA ADITIVADA;18/11/2025;6,68;VIBRA;6,68;0,0;0,0;6,6751851851851844;6,75;-0,07000000000000028;6,71;-0,03000000000000025;-0,4470938897168443;74;False
LIDER COMERCIO DE COMBUSTIVEIS LTDA;15591357000169;CENTRO;GASOLINA ADITIVADA;25/11/2025;6,68;VIBRA;6,68;0,0;0,0;6,675272727272727;6,75;-0,07000000000000028;6,71;-0,03000000000000025;-0,4470938897168443;74;False
LIDER COMERCIO DE COMBUSTIVEIS LTDA;15591357000169;CENTRO;GASOLINA ADITIVADA;09/12/2025;6,68;VIBRA;6,68;0,0;0,0;6,675357142857143;6,75;-0,07000000000000028;6,71;-0,03000000000000025;-0,4470938897168443;74;False
LIDER COMERCIO DE COMBUSTIVEIS LTDA;15591357000169;CENTRO;GASOLINA ADITIVADA;04/03/2026;6,68;VIBRA;6,68;0,0;0,0;6,675438596491228;6,75;-0,07000000000000028;6,74;-0,0600000000000005;-0,8902077151335385;74;False
LIDER COMERCIO DE COMBUSTIVEIS LTDA;15591357000169;CENTRO;GASOLINA ADITIVADA;09/03/2026;6,99;VIBRA;6,68;0,3100000000000005;4,640718562874259;6,6755172413793105;6,75;0,2400000000000002;6,93;0,0600000000000005;0,8658008658008731;74;False
LIDER COMERCIO DE COMBUSTIVEIS LTDA;15591357000169;CENTRO;GASOLINA ADITIVADA;24/03/2026;7,4;VIBRA;6,99;0,41000000000000014;5,865522174535052;6,680847457627119;6,75;0,6500000000000004;7,345000000000001;0,054999999999999716;0,7488087134104794;74;False
LIDER COMERCIO DE COMBUSTIVEIS LTDA;15591357000169;CENTRO;GASOLINA ADITIVADA;31/03/2026;7,39;VIBRA;7,4;-0,010000000000000675;-0,13513513513514425;6,692833333333334;6,75;0,6399999999999997;7,49;-0,10000000000000053;-1,335113484646202;74;False
LIDER COMERCIO DE COMBUSTIVEIS LTDA;15591357000169;CENTRO;GASOLINA ADITIVADA;09/04/2026;7,39;VIBRA;7,39;0,0;0,0;6,704262295081967;6,75;0,6399999999999997;7,4399999999999995;-0,04999999999999982;-0,6720430107526858;74;False
LIDER COMERCIO DE COMBUSTIVEIS LTDA;15591357000169;CENTRO;GASOLINA ADITIVADA;14/04/2026;7,39;VIBRA;7,39;0,0;0,0;6,715322580645162;6,75;0,6399999999999997;7,255;0,1349999999999998;1,8607856650585775;74;False
LIDER COMERCIO DE COMBUSTIVEIS LTDA;15591357000169;CENTRO;GASOLINA ADITIVADA;24/04/2026;7,39;VIBRA;7,39;0,0;0,0;6,7260317460317465;6,75;0,6399999999999997;7,29;0,09999999999999964;1,3717421124828484;74;False
LIDER COMERCIO DE COMBUSTIVEIS LTDA;15591357000169;CENTRO;GASOLINA ADITIVADA;29/04/2026;7,39;VIBRA;7,39;0,0;0,0;6,73640625;6,75;0,6399999999999997;7,39;0,0;0,0;74;False
LIDER COMERCIO DE COMBUSTIVEIS LTDA;15591357000169;CENTRO;GASOLINA ADITIVADA;04/05/2026;7,39;VIBRA;7,39;0,0;0,0;6,7464615384615385;6,75;0,6399999999999997;7,34;0,04999999999999982;0,6811989100817415;74;False
LIDER COMERCIO DE COMBUSTIVEIS LTDA;15591357000169;CENTRO;GASOLINA ADITIVADA;13/05/2026;7,65;VIBRA;7,39;0,2600000000000007;3,5182679296346504;6,756212121212121;6,75;0,9000000000000004;7,79;-0,13999999999999968;-1,7971758664955029;74;False
LIDER COMERCIO DE COMBUSTIVEIS LTDA;15591357000169;CENTRO;GASOLINA ADITIVADA;20/05/2026;7,34;VIBRA;7,65;-0,3100000000000005;-4,052287581699352;6,769552238805971;6,75;0,5899999999999999;7,34;0,0;0,0;74;False
LIDER COMERCIO DE COMBUSTIVEIS LTDA;15591357000169;CENTRO;GASOLINA ADITIVADA;26/05/2026;7,29;VIBRA;7,34;-0,04999999999999982;-0,6811989100817415;6,777941176470588;6,75;0,54;7,28;0,009999999999999787;0,13736263736263443;74;False
LIDER COMERCIO DE COMBUSTIVEIS LTDA;15591357000169;CENTRO;GASOLINA ADITIVADA;02/06/2026;7,29;VIBRA;7,29;0,0;0,0;6,78536231884058;6,75;0,54;7,22;0,07000000000000028;0,9695290858725801;74;False
LIDER COMERCIO DE COMBUSTIVEIS LTDA;15591357000169;CENTRO;GASOLINA ADITIVADA;09/06/2026;7,19;VIBRA;7,29;-0,09999999999999964;-1,3717421124828484;6,792571428571429;6,775;0,41500000000000004;7,19;0,0;0,0;74;False
LIDER COMERCIO DE COMBUSTIVEIS LTDA;15591357000169;CENTRO;GASOLINA ADITIVADA;16/06/2026;7,29;VIBRA;7,19;0,09999999999999964;1,3908205841446404;6,7981690140845075;6,8;0,4900000000000002;7,28;0,009999999999999787;0,13736263736263443;74;False
LIDER COMERCIO DE COMBUSTIVEIS LTDA;15591357000169;CENTRO;GASOLINA ADITIVADA;23/06/2026;7,29;VIBRA;7,29;0,0;0,0;6,805;6,8;0,4900000000000002;7,26;0,03000000000000025;0,4132231404958713;74;False
LIDER COMERCIO DE COMBUSTIVEIS LTDA;15591357000169;CENTRO;GASOLINA ADITIVADA;30/06/2026;7,29;VIBRA;7,29;0,0;0,0;6,811643835616438;6,8;0,4900000000000002;7,17;0,1200000000000001;1,6736401673640184;74;False
REDE DE POSTOS PRESIDENTE LTDA;32864795000172;SANTO ANTONIO;DIESEL;09/02/2026;5,99;VIBRA;;;;;;;5,875;0,11500000000000021;1,957446808510642;5;False
REDE DE POSTOS PRESIDENTE LTDA;32864795000172;SANTO ANTONIO;DIESEL;23/03/2026;7,29;VIBRA;5,99;1,2999999999999998;21,70283806343906;5,99;5,99;1,2999999999999998;7,29;0,0;0,0;5;False
REDE DE POSTOS PRESIDENTE LTDA;32864795000172;SANTO ANTONIO;DIESEL;31/03/2026;7,39;VIBRA;7,29;0,09999999999999964;1,3717421124828484;6,640000000000001;6,640000000000001;0,7499999999999991;7,39;0,0;0,0;5;False
REDE DE POSTOS PRESIDENTE LTDA;32864795000172;SANTO ANTONIO;DIESEL;29/04/2026;7,39;VIBRA;7,39;0,0;0,0;6,890000000000001;7,29;0,09999999999999964;7,39;0,0;0,0;5;False
REDE DE POSTOS PRESIDENTE LTDA;32864795000172;SANTO ANTONIO;DIESEL;26/05/2026;7,29;VIBRA;7,39;-0,09999999999999964;-1,3531799729363958;7,015;7,34;-0,04999999999999982;7,135;0,15500000000000025;2,1723896285914543;5;False
REDE DE POSTOS PRESIDENTE LTDA;32864795000172;SANTO ANTONIO;DIESEL S10;23/03/2026;7,69;VIBRA;;;;;;;7,69;0,0;0,0;2;True
REDE DE POSTOS PRESIDENTE LTDA;32864795000172;SANTO ANTONIO;DIESEL S10;29/04/2026;7,69;VIBRA;7,69;0,0;0,0;7,69;7,69;0,0;7,295;0,39500000000000046;5,414667580534619;2;True
REDE DE POSTOS PRESIDENTE LTDA;32864795000172;SANTO ANTONIO;ETANOL;09/03/2026;5,09;VIBRA;;;;;;;4,970000000000001;0,11999999999999922;2,414486921529159;1;True
REDE DE POSTOS PRESIDENTE LTDA;32864795000172;SANTO ANTONIO;GASOLINA;04/11/2024;5,99;VIBRA;;;;;;;5,92;0,07000000000000028;1,1824324324324371;73;False
REDE DE POSTOS PRESIDENTE LTDA;32864795000172;SANTO ANTONIO;GASOLINA;11/11/2024;5,99;VIBRA;5,99;0,0;0,0;5,99;5,99;0,0;5,9;0,08999999999999986;1,5254237288135568;73;False
REDE DE POSTOS PRESIDENTE LTDA;32864795000172;SANTO ANTONIO;GASOLINA;18/11/2024;6,37;VIBRA;5,99;0,3799999999999999;6,343906510851418;5,99;5,99;0,3799999999999999;6,32;0,04999999999999982;0,7911392405063262;73;False
REDE DE POSTOS PRESIDENTE LTDA;32864795000172;SANTO ANTONIO;GASOLINA;25/11/2024;6,37;VIBRA;6,37;0,0;0,0;6,116666666666667;5,99;0,3799999999999999;6,32;0,04999999999999982;0,7911392405063262;73;False
REDE DE POSTOS PRESIDENTE LTDA;32864795000172;SANTO ANTONIO;GASOLINA;03/12/2024;6,37;VIBRA;6,37;0,0;0,0;6,18;6,18;0,1900000000000004;6,32;0,04999999999999982;0,7911392405063262;73;False
REDE DE POSTOS PRESIDENTE LTDA;32864795000172;SANTO ANTONIO;GASOLINA;09/12/2024;6,37;VIBRA;6,37;0,0;0,0;6,218;6,37;0,0;6,32;0,04999999999999982;0,7911392405063262;73;False
REDE DE POSTOS PRESIDENTE LTDA;32864795000172;SANTO ANTONIO;GASOLINA;16/12/2024;6,37;VIBRA;6,37;0,0;0,0;6,243333333333333;6,37;0,0;6,32;0,04999999999999982;0,7911392405063262;73;False
REDE DE POSTOS PRESIDENTE LTDA;32864795000172;SANTO ANTONIO;GASOLINA;23/12/2024;6,37;VIBRA;6,37;0,0;0,0;6,261428571428572;6,37;0,0;6,32;0,04999999999999982;0,7911392405063262;73;False
REDE DE POSTOS PRESIDENTE LTDA;32864795000172;SANTO ANTONIO;GASOLINA;30/12/2024;6,37;VIBRA;6,37;0,0;0,0;6,275;6,37;0,0;6,32;0,04999999999999982;0,7911392405063262;73;False
REDE DE POSTOS PRESIDENTE LTDA;32864795000172;SANTO ANTONIO;GASOLINA;06/01/2025;6,37;VIBRA;6,37;0,0;0,0;6,285555555555556;6,37;0,0;6,32;0,04999999999999982;0,7911392405063262;73;False
REDE DE POSTOS PRESIDENTE LTDA;32864795000172;SANTO ANTONIO;GASOLINA;13/01/2025;6,49;VIBRA;6,37;0,1200000000000001;1,8838304552590284;6,294;6,37;0,1200000000000001;6,42;0,07000000000000028;1,0903426791277304;73;False
REDE DE POSTOS PRESIDENTE LTDA;32864795000172;SANTO ANTONIO;GASOLINA;20/01/2025;6,49;VIBRA;6,49;0,0;0,0;6,311818181818182;6,37;0,1200000000000001;6,42;0,07000000000000028;1,0903426791277304;73;False
REDE DE POSTOS PRESIDENTE LTDA;32864795000172;SANTO ANTONIO;GASOLINA;28/01/2025;6,49;VIBRA;6,49;0,0;0,0;6,326666666666667;6,37;0,1200000000000001;6,42;0,07000000000000028;1,0903426791277304;73;False
REDE DE POSTOS PRESIDENTE LTDA;32864795000172;SANTO ANTONIO;GASOLINA;03/02/2025;6,59;VIBRA;6,49;0,09999999999999964;1,54083204930662;6,339230769230769;6,37;0,21999999999999975;6,49;0,09999999999999964;1,54083204930662;73;False
REDE DE POSTOS PRESIDENTE LTDA;32864795000172;SANTO ANTONIO;GASOLINA;11/02/2025;6,69;VIBRA;6,59;0,10000000000000053;1,5174506828528156;6,357142857142857;6,37;0,3200000000000003;6,62;0,07000000000000028;1,057401812688826;73;False
REDE DE POSTOS PRESIDENTE LTDA;32864795000172;SANTO ANTONIO;GASOLINA;18/02/2025;6,69;VIBRA;6,69;0,0;0,0;6,379333333333333;6,37;0,3200000000000003;6,62;0,07000000000000028;1,057401812688826;73;False
REDE DE POSTOS PRESIDENTE LTDA;32864795000172;SANTO ANTONIO;GASOLINA;25/02/2025;6,69;VIBRA;6,69;0,0;0,0;6,39875;6,37;0,3200000000000003;6,62;0,07000000000000028;1,057401812688826;73;False
REDE DE POSTOS PRESIDENTE LTDA;32864795000172;SANTO ANTONIO;GASOLINA;03/03/2025;6,69;VIBRA;6,69;0,0;0,0;6,415882352941177;6,37;0,3200000000000003;6,62;0,07000000000000028;1,057401812688826;73;False
REDE DE POSTOS PRESIDENTE LTDA;32864795000172;SANTO ANTONIO;GASOLINA;11/03/2025;6,69;VIBRA;6,69;0,0;0,0;6,431111111111111;6,37;0,3200000000000003;6,62;0,07000000000000028;1,057401812688826;73;False
REDE DE POSTOS PRESIDENTE LTDA;32864795000172;SANTO ANTONIO;GASOLINA;18/03/2025;6,69;VIBRA;6,69;0,0;0,0;6,4447368421052635;6,37;0,3200000000000003;6,62;0,07000000000000028;1,057401812688826;73;False
REDE DE POSTOS PRESIDENTE LTDA;32864795000172;SANTO ANTONIO;GASOLINA;25/03/2025;6,69;VIBRA;6,69;0,0;0,0;6,457000000000001;6,43;0,2600000000000007;6,62;0,07000000000000028;1,057401812688826;73;False
REDE DE POSTOS PRESIDENTE LTDA;32864795000172;SANTO ANTONIO;GASOLINA;31/03/2025;6,69;VIBRA;6,69;0,0;0,0;6,468095238095239;6,49;0,20000000000000018;6,62;0,07000000000000028;1,057401812688826;73;False
REDE DE POSTOS PRESIDENTE LTDA;32864795000172;SANTO ANTONIO;GASOLINA;08/04/2025;6,69;VIBRA;6,69;0,0;0,0;6,4781818181818185;6,49;0,20000000000000018;6,62;0,07000000000000028;1,057401812688826;73;False
REDE DE POSTOS PRESIDENTE LTDA;32864795000172;SANTO ANTONIO;GASOLINA;15/04/2025;6,59;VIBRA;6,69;-0,10000000000000053;-1,4947683109118166;6,487391304347827;6,49;0,09999999999999964;6,52;0,07000000000000028;1,073619631901845;73;False
REDE DE POSTOS PRESIDENTE LTDA;32864795000172;SANTO ANTONIO;GASOLINA;22/04/2025;6,59;VIBRA;6,59;0,0;0,0;6,491666666666667;6,49;0,09999999999999964;6,539999999999999;0,05000000000000071;0,764525993883803;73;False
REDE DE POSTOS PRESIDENTE LTDA;32864795000172;SANTO ANTONIO;GASOLINA;29/04/2025;6,69;VIBRA;6,59;0,10000000000000053;1,5174506828528156;6,4956000000000005;6,49;0,20000000000000018;6,62;0,07000000000000028;1,057401812688826;73;False
REDE DE POSTOS PRESIDENTE LTDA;32864795000172;SANTO ANTONIO;GASOLINA;05/05/2025;6,69;VIBRA;6,69;0,0;0,0;6,503076923076923;6,54;0,15000000000000036;6,62;0,07000000000000028;1,057401812688826;73;False
REDE DE POSTOS PRESIDENTE LTDA;32864795000172;SANTO ANTONIO;GASOLINA;19/05/2025;6,69;VIBRA;6,69;0,0;0,0;6,510000000000001;6,59;0,10000000000000053;6,62;0,07000000000000028;1,057401812688826;73;False
REDE DE POSTOS PRESIDENTE LTDA;32864795000172;SANTO ANTONIO;GASOLINA;27/05/2025;6,69;VIBRA;6,69;0,0;0,0;6,5164285714285715;6,59;0,10000000000000053;6,62;0,07000000000000028;1,057401812688826;73;False
REDE DE POSTOS PRESIDENTE LTDA;32864795000172;SANTO ANTONIO;GASOLINA;03/06/2025;6,69;VIBRA;6,69;0,0;0,0;6,522413793103448;6,59;0,10000000000000053;6,62;0,07000000000000028;1,057401812688826;73;False
REDE DE POSTOS PRESIDENTE LTDA;32864795000172;SANTO ANTONIO;GASOLINA;09/06/2025;6,69;VIBRA;6,69;0,0;0,0;6,5280000000000005;6,59;0,10000000000000053;6,62;0,07000000000000028;1,057401812688826;73;False
REDE DE POSTOS PRESIDENTE LTDA;32864795000172;SANTO ANTONIO;GASOLINA;16/06/2025;6,69;VIBRA;6,69;0,0;0,0;6,533225806451613;6,59;0,10000000000000053;6,62;0,07000000000000028;1,057401812688826;73;False
REDE DE POSTOS PRESIDENTE LTDA;32864795000172;SANTO ANTONIO;GASOLINA;24/06/2025;6,69;VIBRA;6,69;0,0;0,0;6,538125;6,640000000000001;0,04999999999999982;6,62;0,07000000000000028;1,057401812688826;73;False
REDE DE POSTOS PRESIDENTE LTDA;32864795000172;SANTO ANTONIO;GASOLINA;30/06/2025;6,69;VIBRA;6,69;0,0;0,0;6,542727272727273;6,69;0,0;6,62;0,07000000000000028;1,057401812688826;73;False
REDE DE POSTOS PRESIDENTE LTDA;32864795000172;SANTO ANTONIO;GASOLINA;08/07/2025;6,69;VIBRA;6,69;0,0;0,0;6,5470588235294125;6,69;0,0;6,62;0,07000000000000028;1,057401812688826;73;False
REDE DE POSTOS PRESIDENTE LTDA;32864795000172;SANTO ANTONIO;GASOLINA;15/07/2025;6,69;VIBRA;6,69;0,0;0,0;6,551142857142858;6,69;0,0;6,62;0,07000000000000028;1,057401812688826;73;False
REDE DE POSTOS PRESIDENTE LTDA;32864795000172;SANTO ANTONIO;GASOLINA;22/07/2025;6,69;VIBRA;6,69;0,0;0,0;6,555000000000001;6,69;0,0;6,62;0,07000000000000028;1,057401812688826;73;False
REDE DE POSTOS PRESIDENTE LTDA;32864795000172;SANTO ANTONIO;GASOLINA;28/07/2025;6,69;VIBRA;6,69;0,0;0,0;6,558648648648649;6,69;0,0;6,62;0,07000000000000028;1,057401812688826;73;False
REDE DE POSTOS PRESIDENTE LTDA;32864795000172;SANTO ANTONIO;GASOLINA;05/08/2025;6,69;VIBRA;6,69;0,0;0,0;6,562105263157895;6,69;0,0;6,62;0,07000000000000028;1,057401812688826;73;False
REDE DE POSTOS PRESIDENTE LTDA;32864795000172;SANTO ANTONIO;GASOLINA;12/08/2025;6,69;VIBRA;6,69;0,0;0,0;6,565384615384616;6,69;0,0;6,62;0,07000000000000028;1,057401812688826;73;False
REDE DE POSTOS PRESIDENTE LTDA;32864795000172;SANTO ANTONIO;GASOLINA;19/08/2025;6,69;VIBRA;6,69;0,0;0,0;6,5685;6,69;0,0;6,62;0,07000000000000028;1,057401812688826;73;False
REDE DE POSTOS PRESIDENTE LTDA;32864795000172;SANTO ANTONIO;GASOLINA;02/09/2025;6,69;VIBRA;6,69;0,0;0,0;6,571463414634146;6,69;0,0;6,62;0,07000000000000028;1,057401812688826;73;False
REDE DE POSTOS PRESIDENTE LTDA;32864795000172;SANTO ANTONIO;GASOLINA;09/09/2025;6,69;VIBRA;6,69;0,0;0,0;6,574285714285715;6,69;0,0;6,62;0,07000000000000028;1,057401812688826;73;False
REDE DE POSTOS PRESIDENTE LTDA;32864795000172;SANTO ANTONIO;GASOLINA;17/09/2025;6,69;VIBRA;6,69;0,0;0,0;6,576976744186046;6,69;0,0;6,62;0,07000000000000028;1,057401812688826;73;False
REDE DE POSTOS PRESIDENTE LTDA;32864795000172;SANTO ANTONIO;GASOLINA;22/09/2025;6,69;VIBRA;6,69;0,0;0,0;6,579545454545454;6,69;0,0;6,62;0,07000000000000028;1,057401812688826;73;False
REDE DE POSTOS PRESIDENTE LTDA;32864795000172;SANTO ANTONIO;GASOLINA;30/09/2025;6,69;VIBRA;6,69;0,0;0,0;6,582;6,69;0,0;6,62;0,07000000000000028;1,057401812688826;73;False
REDE DE POSTOS PRESIDENTE LTDA;32864795000172;SANTO ANTONIO;GASOLINA;06/10/2025;6,69;VIBRA;6,69;0,0;0,0;6,584347826086956;6,69;0,0;6,62;0,07000000000000028;1,057401812688826;73;False
REDE DE POSTOS PRESIDENTE LTDA;32864795000172;SANTO ANTONIO;GASOLINA;13/10/2025;6,69;VIBRA;6,69;0,0;0,0;6,586595744680851;6,69;0,0;6,62;0,07000000000000028;1,057401812688826;73;False
REDE DE POSTOS PRESIDENTE LTDA;32864795000172;SANTO ANTONIO;GASOLINA;28/10/2025;6,59;VIBRA;6,69;-0,10000000000000053;-1,4947683109118166;6,58875;6,69;-0,10000000000000053;6,545;0,04499999999999993;0,6875477463712747;73;False
REDE DE POSTOS PRESIDENTE LTDA;32864795000172;SANTO ANTONIO;GASOLINA;04/11/2025;6,59;VIBRA;6,59;0,0;0,0;6,588775510204082;6,69;-0,10000000000000053;6,57;0,019999999999999574;0,3044140030441335;73;False
REDE DE POSTOS PRESIDENTE LTDA;32864795000172;SANTO ANTONIO;GASOLINA;11/11/2025;6,59;VIBRA;6,59;0,0;0,0;6,5888;6,69;-0,10000000000000053;6,52;0,07000000000000028;1,073619631901845;73;False
REDE DE POSTOS PRESIDENTE LTDA;32864795000172;SANTO ANTONIO;GASOLINA;18/11/2025;6,59;VIBRA;6,59;0,0;0,0;6,588823529411766;6,69;-0,10000000000000053;6,52;0,07000000000000028;1,073619631901845;73;False
REDE DE POSTOS PRESIDENTE LTDA;32864795000172;SANTO ANTONIO;GASOLINA;25/11/2025;6,59;VIBRA;6,59;0,0;0,0;6,588846153846154;6,69;-0,10000000000000053;6,52;0,07000000000000028;1,073619631901845;73;False
REDE DE POSTOS PRESIDENTE LTDA;32864795000172;SANTO ANTONIO;GASOLINA;23/12/2025;6,59;VIBRA;6,59;0,0;0,0;6,588867924528302;6,69;-0,10000000000000053;6,59;0,0;0,0;73;False
REDE DE POSTOS PRESIDENTE LTDA;32864795000172;SANTO ANTONIO;GASOLINA;09/02/2026;6,59;VIBRA;6,59;0,0;0,0;6,5888888888888895;6,69;-0,10000000000000053;6,52;0,07000000000000028;1,073619631901845;73;False
REDE DE POSTOS PRESIDENTE LTDA;32864795000172;SANTO ANTONIO;GASOLINA;24/02/2026;6,59;VIBRA;6,59;0,0;0,0;6,588909090909091;6,69;-0,10000000000000053;6,539999999999999;0,05000000000000071;0,764525993883803;73;False
REDE DE POSTOS PRESIDENTE LTDA;32864795000172;SANTO ANTONIO;GASOLINA;04/03/2026;6,59;VIBRA;6,59;0,0;0,0;6,588928571428572;6,69;-0,10000000000000053;6,5649999999999995;0,025000000000000355;0,3808073115003862;73;False
REDE DE POSTOS PRESIDENTE LTDA;32864795000172;SANTO ANTONIO;GASOLINA;09/03/2026;6,89;VIBRA;6,59;0,2999999999999998;4,5523520485584195;6,588947368421053;6,69;0,1999999999999993;6,82;0,0699999999999994;1,026392961876824;73;False
REDE DE POSTOS PRESIDENTE LTDA;32864795000172;SANTO ANTONIO;GASOLINA;23/03/2026;7,29;VIBRA;6,89;0,40000000000000036;5,80551523947751;6,594137931034483;6,69;0,5999999999999996;7,29;0,0;0,0;73;False
REDE DE POSTOS PRESIDENTE LTDA;32864795000172;SANTO ANTONIO;GASOLINA;31/03/2026;7,29;VIBRA;7,29;0,0;0,0;6,6059322033898304;6,69;0,5999999999999996;7,29;0,0;0,0;73;False
REDE DE POSTOS PRESIDENTE LTDA;32864795000172;SANTO ANTONIO;GASOLINA;09/04/2026;7,29;VIBRA;7,29;0,0;0,0;6,617333333333334;6,69;0,5999999999999996;7,29;0,0;0,0;73;False
REDE DE POSTOS PRESIDENTE LTDA;32864795000172;SANTO ANTONIO;GASOLINA;15/04/2026;7,29;VIBRA;7,29;0,0;0,0;6,628360655737706;6,69;0,5999999999999996;7,29;0,0;0,0;73;False
REDE DE POSTOS PRESIDENTE LTDA;32864795000172;SANTO ANTONIO;GASOLINA;23/04/2026;7,29;VIBRA;7,29;0,0;0,0;6,639032258064516;6,69;0,5999999999999996;7,22;0,07000000000000028;0,9695290858725801;73;False
REDE DE POSTOS PRESIDENTE LTDA;32864795000172;SANTO ANTONIO;GASOLINA;29/04/2026;7,29;VIBRA;7,29;0,0;0,0;6,649365079365079;6,69;0,5999999999999996;7,265000000000001;0,024999999999999467;0,34411562284927;73;False
REDE DE POSTOS PRESIDENTE LTDA;32864795000172;SANTO ANTONIO;GASOLINA;07/05/2026;7,59;VIBRA;7,29;0,2999999999999998;4,115226337448557;6,659375;6,69;0,8999999999999995;7,58;0,009999999999999787;0,13192612137202883;73;False
REDE DE POSTOS PRESIDENTE LTDA;32864795000172;SANTO ANTONIO;GASOLINA;13/05/2026;7,59;VIBRA;7,59;0,0;0,0;6,673692307692308;6,69;0,8999999999999995;7,59;0,0;0,0;73;False
REDE DE POSTOS PRESIDENTE LTDA;32864795000172;SANTO ANTONIO;GASOLINA;20/05/2026;7,19;VIBRA;7,59;-0,39999999999999947;-5,270092226613959;6,6875757575757575;6,69;0,5;7,19;0,0;0,0;73;False
REDE DE POSTOS PRESIDENTE LTDA;32864795000172;SANTO ANTONIO;GASOLINA;26/05/2026;7,19;VIBRA;7,19;0,0;0,0;6,695074626865671;6,69;0,5;7,135;0,055000000000000604;0,770847932726007;73;False
REDE DE POSTOS PRESIDENTE LTDA;32864795000172;SANTO ANTONIO;GASOLINA;03/06/2026;7,19;VIBRA;7,19;0,0;0,0;6,70235294117647;6,69;0,5;7,19;0,0;0,0;73;False
REDE DE POSTOS PRESIDENTE LTDA;32864795000172;SANTO ANTONIO;GASOLINA;09/06/2026;7,19;VIBRA;7,19;0,0;0,0;6,709420289855072;6,69;0,5;7,155;0,03500000000000014;0,4891684136967176;73;False
REDE DE POSTOS PRESIDENTE LTDA;32864795000172;SANTO ANTONIO;GASOLINA;16/06/2026;7,19;VIBRA;7,19;0,0;0,0;6,716285714285714;6,69;0,5;7,12;0,07000000000000028;0,9831460674157343;73;False
REDE DE POSTOS PRESIDENTE LTDA;32864795000172;SANTO ANTONIO;GASOLINA;23/06/2026;7,19;VIBRA;7,19;0,0;0,0;6,7229577464788735;6,69;0,5;7,12;0,07000000000000028;0,9831460674157343;73;False
REDE DE POSTOS PRESIDENTE LTDA;32864795000172;SANTO ANTONIO;GASOLINA;29/06/2026;7,19;VIBRA;7,19;0,0;0,0;6,729444444444445;6,69;0,5;7,12;0,07000000000000028;0,9831460674157343;73;False
REDE DE POSTOS PRESIDENTE LTDA;32864795000172;SANTO ANTONIO;GASOLINA ADITIVADA;04/11/2024;6,19;VIBRA;;;;;;;6,09;0,10000000000000053;1,6420361247947541;73;False
REDE DE POSTOS PRESIDENTE LTDA;32864795000172;SANTO ANTONIO;GASOLINA ADITIVADA;11/11/2024;6,19;VIBRA;6,19;0,0;0,0;6,19;6,19;0,0;6,08;0,11000000000000032;1,8092105263157947;73;False
REDE DE POSTOS PRESIDENTE LTDA;32864795000172;SANTO ANTONIO;GASOLINA ADITIVADA;18/11/2024;6,57;VIBRA;6,19;0,3799999999999999;6,1389337641357;6,19;6,19;0,3799999999999999;6,45;0,1200000000000001;1,8604651162790715;73;False
REDE DE POSTOS PRESIDENTE LTDA;32864795000172;SANTO ANTONIO;GASOLINA ADITIVADA;25/11/2024;6,57;VIBRA;6,57;0,0;0,0;6,316666666666667;6,19;0,3799999999999999;6,45;0,1200000000000001;1,8604651162790715;73;False
REDE DE POSTOS PRESIDENTE LTDA;32864795000172;SANTO ANTONIO;GASOLINA ADITIVADA;03/12/2024;6,57;VIBRA;6,57;0,0;0,0;6,380000000000001;6,380000000000001;0,1899999999999995;6,45;0,1200000000000001;1,8604651162790715;73;False
REDE DE POSTOS PRESIDENTE LTDA;32864795000172;SANTO ANTONIO;GASOLINA ADITIVADA;09/12/2024;6,57;VIBRA;6,57;0,0;0,0;6,418000000000001;6,57;0,0;6,45;0,1200000000000001;1,8604651162790715;73;False
REDE DE POSTOS PRESIDENTE LTDA;32864795000172;SANTO ANTONIO;GASOLINA ADITIVADA;16/12/2024;6,57;VIBRA;6,57;0,0;0,0;6,443333333333334;6,57;0,0;6,45;0,1200000000000001;1,8604651162790715;73;False
REDE DE POSTOS PRESIDENTE LTDA;32864795000172;SANTO ANTONIO;GASOLINA ADITIVADA;23/12/2024;6,57;VIBRA;6,57;0,0;0,0;6,461428571428572;6,57;0,0;6,45;0,1200000000000001;1,8604651162790715;73;False
REDE DE POSTOS PRESIDENTE LTDA;32864795000172;SANTO ANTONIO;GASOLINA ADITIVADA;30/12/2024;6,57;VIBRA;6,57;0,0;0,0;6,4750000000000005;6,57;0,0;6,45;0,1200000000000001;1,8604651162790715;73;False
REDE DE POSTOS PRESIDENTE LTDA;32864795000172;SANTO ANTONIO;GASOLINA ADITIVADA;06/01/2025;6,57;VIBRA;6,57;0,0;0,0;6,485555555555556;6,57;0,0;6,45;0,1200000000000001;1,8604651162790715;73;False
REDE DE POSTOS PRESIDENTE LTDA;32864795000172;SANTO ANTONIO;GASOLINA ADITIVADA;13/01/2025;6,69;VIBRA;6,57;0,1200000000000001;1,8264840182648419;6,494;6,57;0,1200000000000001;6,55;0,14000000000000057;2,1374045801526806;73;False
REDE DE POSTOS PRESIDENTE LTDA;32864795000172;SANTO ANTONIO;GASOLINA ADITIVADA;20/01/2025;6,69;VIBRA;6,69;0,0;0,0;6,511818181818183;6,57;0,1200000000000001;6,55;0,14000000000000057;2,1374045801526806;73;False
REDE DE POSTOS PRESIDENTE LTDA;32864795000172;SANTO ANTONIO;GASOLINA ADITIVADA;28/01/2025;6,69;VIBRA;6,69;0,0;0,0;6,526666666666667;6,57;0,1200000000000001;6,55;0,14000000000000057;2,1374045801526806;73;False
REDE DE POSTOS PRESIDENTE LTDA;32864795000172;SANTO ANTONIO;GASOLINA ADITIVADA;03/02/2025;6,79;VIBRA;6,69;0,09999999999999964;1,4947683109118033;6,53923076923077;6,57;0,21999999999999975;6,55;0,2400000000000002;3,6641221374045836;73;False
REDE DE POSTOS PRESIDENTE LTDA;32864795000172;SANTO ANTONIO;GASOLINA ADITIVADA;11/02/2025;6,89;VIBRA;6,79;0,09999999999999964;1,4727540500736325;6,557142857142858;6,57;0,3199999999999994;6,75;0,13999999999999968;2,0740740740740695;73;False
REDE DE POSTOS PRESIDENTE LTDA;32864795000172;SANTO ANTONIO;GASOLINA ADITIVADA;18/02/2025;6,89;VIBRA;6,89;0,0;0,0;6,5793333333333335;6,57;0,3199999999999994;6,75;0,13999999999999968;2,0740740740740695;73;False
REDE DE POSTOS PRESIDENTE LTDA;32864795000172;SANTO ANTONIO;GASOLINA ADITIVADA;25/02/2025;6,89;VIBRA;6,89;0,0;0,0;6,59875;6,57;0,3199999999999994;6,75;0,13999999999999968;2,0740740740740695;73;False
REDE DE POSTOS PRESIDENTE LTDA;32864795000172;SANTO ANTONIO;GASOLINA ADITIVADA;03/03/2025;6,89;VIBRA;6,89;0,0;0,0;6,615882352941177;6,57;0,3199999999999994;6,75;0,13999999999999968;2,0740740740740695;73;False
REDE DE POSTOS PRESIDENTE LTDA;32864795000172;SANTO ANTONIO;GASOLINA ADITIVADA;11/03/2025;6,89;VIBRA;6,89;0,0;0,0;6,631111111111111;6,57;0,3199999999999994;6,75;0,13999999999999968;2,0740740740740695;73;False
REDE DE POSTOS PRESIDENTE LTDA;32864795000172;SANTO ANTONIO;GASOLINA ADITIVADA;18/03/2025;6,89;VIBRA;6,89;0,0;0,0;6,644736842105263;6,57;0,3199999999999994;6,75;0,13999999999999968;2,0740740740740695;73;False
REDE DE POSTOS PRESIDENTE LTDA;32864795000172;SANTO ANTONIO;GASOLINA ADITIVADA;25/03/2025;6,89;VIBRA;6,89;0,0;0,0;6,657000000000001;6,630000000000001;0,2599999999999989;6,75;0,13999999999999968;2,0740740740740695;73;False
REDE DE POSTOS PRESIDENTE LTDA;32864795000172;SANTO ANTONIO;GASOLINA ADITIVADA;31/03/2025;6,89;VIBRA;6,89;0,0;0,0;6,668095238095238;6,69;0,1999999999999993;6,75;0,13999999999999968;2,0740740740740695;73;False
REDE DE POSTOS PRESIDENTE LTDA;32864795000172;SANTO ANTONIO;GASOLINA ADITIVADA;08/04/2025;6,89;VIBRA;6,89;0,0;0,0;6,678181818181819;6,69;0,1999999999999993;6,75;0,13999999999999968;2,0740740740740695;73;False
REDE DE POSTOS PRESIDENTE LTDA;32864795000172;SANTO ANTONIO;GASOLINA ADITIVADA;15/04/2025;6,79;VIBRA;6,89;-0,09999999999999964;-1,4513788098693707;6,687391304347826;6,69;0,09999999999999964;6,65;0,13999999999999968;2,105263157894732;73;False
REDE DE POSTOS PRESIDENTE LTDA;32864795000172;SANTO ANTONIO;GASOLINA ADITIVADA;22/04/2025;6,79;VIBRA;6,79;0,0;0,0;6,691666666666666;6,69;0,09999999999999964;6,695;0,09499999999999975;1,418969380134425;73;False
REDE DE POSTOS PRESIDENTE LTDA;32864795000172;SANTO ANTONIO;GASOLINA ADITIVADA;29/04/2025;6,89;VIBRA;6,79;0,09999999999999964;1,4727540500736325;6,695600000000001;6,69;0,1999999999999993;6,75;0,13999999999999968;2,0740740740740695;73;False
REDE DE POSTOS PRESIDENTE LTDA;32864795000172;SANTO ANTONIO;GASOLINA ADITIVADA;05/05/2025;6,89;VIBRA;6,89;0,0;0,0;6,703076923076923;6,74;0,14999999999999947;6,75;0,13999999999999968;2,0740740740740695;73;False
REDE DE POSTOS PRESIDENTE LTDA;32864795000172;SANTO ANTONIO;GASOLINA ADITIVADA;19/05/2025;6,89;VIBRA;6,89;0,0;0,0;6,71;6,79;0,09999999999999964;6,775;0,11499999999999932;1,6974169741697316;73;False
REDE DE POSTOS PRESIDENTE LTDA;32864795000172;SANTO ANTONIO;GASOLINA ADITIVADA;27/05/2025;6,89;VIBRA;6,89;0,0;0,0;6,716428571428572;6,79;0,09999999999999964;6,8;0,08999999999999986;1,3235294117647038;73;False
REDE DE POSTOS PRESIDENTE LTDA;32864795000172;SANTO ANTONIO;GASOLINA ADITIVADA;03/06/2025;6,89;VIBRA;6,89;0,0;0,0;6,722413793103448;6,79;0,09999999999999964;6,8;0,08999999999999986;1,3235294117647038;73;False
REDE DE POSTOS PRESIDENTE LTDA;32864795000172;SANTO ANTONIO;GASOLINA ADITIVADA;09/06/2025;6,89;VIBRA;6,89;0,0;0,0;6,728;6,79;0,09999999999999964;6,76;0,1299999999999999;1,9230769230769214;73;False
REDE DE POSTOS PRESIDENTE LTDA;32864795000172;SANTO ANTONIO;GASOLINA ADITIVADA;16/06/2025;6,89;VIBRA;6,89;0,0;0,0;6,733225806451612;6,79;0,09999999999999964;6,8;0,08999999999999986;1,3235294117647038;73;False
REDE DE POSTOS PRESIDENTE LTDA;32864795000172;SANTO ANTONIO;GASOLINA ADITIVADA;24/06/2025;6,89;VIBRA;6,89;0,0;0,0;6,738125;6,84;0,04999999999999982;6,8;0,08999999999999986;1,3235294117647038;73;False
REDE DE POSTOS PRESIDENTE LTDA;32864795000172;SANTO ANTONIO;GASOLINA ADITIVADA;30/06/2025;6,89;VIBRA;6,89;0,0;0,0;6,742727272727272;6,89;0,0;6,8;0,08999999999999986;1,3235294117647038;73;False
REDE DE POSTOS PRESIDENTE LTDA;32864795000172;SANTO ANTONIO;GASOLINA ADITIVADA;08/07/2025;6,89;VIBRA;6,89;0,0;0,0;6,747058823529412;6,89;0,0;6,8;0,08999999999999986;1,3235294117647038;73;False
REDE DE POSTOS PRESIDENTE LTDA;32864795000172;SANTO ANTONIO;GASOLINA ADITIVADA;15/07/2025;6,89;VIBRA;6,89;0,0;0,0;6,751142857142857;6,89;0,0;6,8;0,08999999999999986;1,3235294117647038;73;False
REDE DE POSTOS PRESIDENTE LTDA;32864795000172;SANTO ANTONIO;GASOLINA ADITIVADA;22/07/2025;6,89;VIBRA;6,89;0,0;0,0;6,755;6,89;0,0;6,8;0,08999999999999986;1,3235294117647038;73;False
REDE DE POSTOS PRESIDENTE LTDA;32864795000172;SANTO ANTONIO;GASOLINA ADITIVADA;28/07/2025;6,89;VIBRA;6,89;0,0;0,0;6,758648648648649;6,89;0,0;6,8;0,08999999999999986;1,3235294117647038;73;False
REDE DE POSTOS PRESIDENTE LTDA;32864795000172;SANTO ANTONIO;GASOLINA ADITIVADA;05/08/2025;6,89;VIBRA;6,89;0,0;0,0;6,762105263157895;6,89;0,0;6,8;0,08999999999999986;1,3235294117647038;73;False
REDE DE POSTOS PRESIDENTE LTDA;32864795000172;SANTO ANTONIO;GASOLINA ADITIVADA;12/08/2025;6,89;VIBRA;6,89;0,0;0,0;6,765384615384616;6,89;0,0;6,76;0,1299999999999999;1,9230769230769214;73;False
REDE DE POSTOS PRESIDENTE LTDA;32864795000172;SANTO ANTONIO;GASOLINA ADITIVADA;19/08/2025;6,89;VIBRA;6,89;0,0;0,0;6,7685;6,89;0,0;6,8;0,08999999999999986;1,3235294117647038;73;False
REDE DE POSTOS PRESIDENTE LTDA;32864795000172;SANTO ANTONIO;GASOLINA ADITIVADA;02/09/2025;6,89;VIBRA;6,89;0,0;0,0;6,771463414634146;6,89;0,0;6,795;0,09499999999999975;1,398086828550401;73;False
REDE DE POSTOS PRESIDENTE LTDA;32864795000172;SANTO ANTONIO;GASOLINA ADITIVADA;09/09/2025;6,89;VIBRA;6,89;0,0;0,0;6,774285714285714;6,89;0,0;6,795;0,09499999999999975;1,398086828550401;73;False
REDE DE POSTOS PRESIDENTE LTDA;32864795000172;SANTO ANTONIO;GASOLINA ADITIVADA;17/09/2025;6,89;VIBRA;6,89;0,0;0,0;6,776976744186046;6,89;0,0;6,76;0,1299999999999999;1,9230769230769214;73;False
REDE DE POSTOS PRESIDENTE LTDA;32864795000172;SANTO ANTONIO;GASOLINA ADITIVADA;22/09/2025;6,89;VIBRA;6,89;0,0;0,0;6,779545454545455;6,89;0,0;6,8149999999999995;0,07500000000000018;1,1005135730007363;73;False
REDE DE POSTOS PRESIDENTE LTDA;32864795000172;SANTO ANTONIO;GASOLINA ADITIVADA;30/09/2025;6,89;VIBRA;6,89;0,0;0,0;6,782;6,89;0,0;6,8149999999999995;0,07500000000000018;1,1005135730007363;73;False
REDE DE POSTOS PRESIDENTE LTDA;32864795000172;SANTO ANTONIO;GASOLINA ADITIVADA;06/10/2025;6,89;VIBRA;6,89;0,0;0,0;6,7843478260869565;6,89;0,0;6,8149999999999995;0,07500000000000018;1,1005135730007363;73;False
REDE DE POSTOS PRESIDENTE LTDA;32864795000172;SANTO ANTONIO;GASOLINA ADITIVADA;13/10/2025;6,89;VIBRA;6,89;0,0;0,0;6,7865957446808505;6,89;0,0;6,76;0,1299999999999999;1,9230769230769214;73;False
REDE DE POSTOS PRESIDENTE LTDA;32864795000172;SANTO ANTONIO;GASOLINA ADITIVADA;28/10/2025;6,79;VIBRA;6,89;-0,09999999999999964;-1,4513788098693707;6,78875;6,89;-0,09999999999999964;6,74;0,04999999999999982;0,7418397626112733;73;False
REDE DE POSTOS PRESIDENTE LTDA;32864795000172;SANTO ANTONIO;GASOLINA ADITIVADA;04/11/2025;6,79;VIBRA;6,79;0,0;0,0;6,788775510204081;6,89;-0,09999999999999964;6,765000000000001;0,024999999999999467;0,369549150036947;73;False
REDE DE POSTOS PRESIDENTE LTDA;32864795000172;SANTO ANTONIO;GASOLINA ADITIVADA;11/11/2025;6,79;VIBRA;6,79;0,0;0,0;6,7888;6,89;-0,09999999999999964;6,65;0,13999999999999968;2,105263157894732;73;False
REDE DE POSTOS PRESIDENTE LTDA;32864795000172;SANTO ANTONIO;GASOLINA ADITIVADA;18/11/2025;6,79;VIBRA;6,79;0,0;0,0;6,788823529411765;6,89;-0,09999999999999964;6,71;0,08000000000000007;1,1922503725782425;73;False
REDE DE POSTOS PRESIDENTE LTDA;32864795000172;SANTO ANTONIO;GASOLINA ADITIVADA;25/11/2025;6,79;VIBRA;6,79;0,0;0,0;6,788846153846153;6,89;-0,09999999999999964;6,71;0,08000000000000007;1,1922503725782425;73;False
REDE DE POSTOS PRESIDENTE LTDA;32864795000172;SANTO ANTONIO;GASOLINA ADITIVADA;23/12/2025;6,79;VIBRA;6,79;0,0;0,0;6,788867924528302;6,89;-0,09999999999999964;6,79;0,0;0,0;73;False
REDE DE POSTOS PRESIDENTE LTDA;32864795000172;SANTO ANTONIO;GASOLINA ADITIVADA;09/02/2026;6,79;VIBRA;6,79;0,0;0,0;6,78888888888889;6,89;-0,09999999999999964;6,62;0,16999999999999993;2,567975830815709;73;False
REDE DE POSTOS PRESIDENTE LTDA;32864795000172;SANTO ANTONIO;GASOLINA ADITIVADA;24/02/2026;6,79;VIBRA;6,79;0,0;0,0;6,78890909090909;6,89;-0,09999999999999964;6,555;0,23500000000000032;3,5850495804729263;73;False
REDE DE POSTOS PRESIDENTE LTDA;32864795000172;SANTO ANTONIO;GASOLINA ADITIVADA;04/03/2026;6,79;VIBRA;6,79;0,0;0,0;6,788928571428571;6,89;-0,09999999999999964;6,74;0,04999999999999982;0,7418397626112733;73;False
REDE DE POSTOS PRESIDENTE LTDA;32864795000172;SANTO ANTONIO;GASOLINA ADITIVADA;09/03/2026;7,09;VIBRA;6,79;0,2999999999999998;4,418262150220911;6,788947368421052;6,89;0,20000000000000018;6,93;0,16000000000000014;2,308802308802311;73;False
REDE DE POSTOS PRESIDENTE LTDA;32864795000172;SANTO ANTONIO;GASOLINA ADITIVADA;23/03/2026;7,49;VIBRA;7,09;0,40000000000000036;5,641748942172079;6,7941379310344825;6,89;0,6000000000000005;7,49;0,0;0,0;73;False
REDE DE POSTOS PRESIDENTE LTDA;32864795000172;SANTO ANTONIO;GASOLINA ADITIVADA;31/03/2026;7,49;VIBRA;7,49;0,0;0,0;6,805932203389831;6,89;0,6000000000000005;7,49;0,0;0,0;73;False
REDE DE POSTOS PRESIDENTE LTDA;32864795000172;SANTO ANTONIO;GASOLINA ADITIVADA;09/04/2026;7,49;VIBRA;7,49;0,0;0,0;6,817333333333334;6,89;0,6000000000000005;7,4399999999999995;0,05000000000000071;0,6720430107526978;73;False
REDE DE POSTOS PRESIDENTE LTDA;32864795000172;SANTO ANTONIO;GASOLINA ADITIVADA;15/04/2026;7,49;VIBRA;7,49;0,0;0,0;6,828360655737704;6,89;0,6000000000000005;7,49;0,0;0,0;73;False
REDE DE POSTOS PRESIDENTE LTDA;32864795000172;SANTO ANTONIO;GASOLINA ADITIVADA;23/04/2026;7,49;VIBRA;7,49;0,0;0,0;6,839032258064516;6,89;0,6000000000000005;7,29;0,20000000000000018;2,7434842249657088;73;False
REDE DE POSTOS PRESIDENTE LTDA;32864795000172;SANTO ANTONIO;GASOLINA ADITIVADA;29/04/2026;7,49;VIBRA;7,49;0,0;0,0;6,8493650793650795;6,89;0,6000000000000005;7,39;0,10000000000000053;1,3531799729364078;73;False
REDE DE POSTOS PRESIDENTE LTDA;32864795000172;SANTO ANTONIO;GASOLINA ADITIVADA;07/05/2026;7,79;VIBRA;7,49;0,2999999999999998;4,005340453938582;6,859375;6,89;0,9000000000000004;7,6899999999999995;0,10000000000000053;1,3003901170351175;73;False
REDE DE POSTOS PRESIDENTE LTDA;32864795000172;SANTO ANTONIO;GASOLINA ADITIVADA;13/05/2026;7,79;VIBRA;7,79;0,0;0,0;6,873692307692308;6,89;0,9000000000000004;7,79;0,0;0,0;73;False
REDE DE POSTOS PRESIDENTE LTDA;32864795000172;SANTO ANTONIO;GASOLINA ADITIVADA;20/05/2026;7,39;VIBRA;7,79;-0,40000000000000036;-5,134788189987168;6,887575757575758;6,89;0,5;7,34;0,04999999999999982;0,6811989100817415;73;False
REDE DE POSTOS PRESIDENTE LTDA;32864795000172;SANTO ANTONIO;GASOLINA ADITIVADA;26/05/2026;7,39;VIBRA;7,39;0,0;0,0;6,8950746268656715;6,89;0,5;7,28;0,10999999999999943;1,5109890109890032;73;False
REDE DE POSTOS PRESIDENTE LTDA;32864795000172;SANTO ANTONIO;GASOLINA ADITIVADA;03/06/2026;7,39;VIBRA;7,39;0,0;0,0;6,902352941176471;6,89;0,5;7,39;0,0;0,0;73;False
REDE DE POSTOS PRESIDENTE LTDA;32864795000172;SANTO ANTONIO;GASOLINA ADITIVADA;09/06/2026;7,39;VIBRA;7,39;0,0;0,0;6,909420289855072;6,89;0,5;7,19;0,1999999999999993;2,7816411682892808;73;False
REDE DE POSTOS PRESIDENTE LTDA;32864795000172;SANTO ANTONIO;GASOLINA ADITIVADA;16/06/2026;7,39;VIBRA;7,39;0,0;0,0;6,916285714285714;6,89;0,5;7,28;0,10999999999999943;1,5109890109890032;73;False
REDE DE POSTOS PRESIDENTE LTDA;32864795000172;SANTO ANTONIO;GASOLINA ADITIVADA;23/06/2026;7,39;VIBRA;7,39;0,0;0,0;6,922957746478873;6,89;0,5;7,26;0,1299999999999999;1,7906336088154258;73;False
REDE DE POSTOS PRESIDENTE LTDA;32864795000172;SANTO ANTONIO;GASOLINA ADITIVADA;29/06/2026;7,39;VIBRA;7,39;0,0;0,0;6,929444444444445;6,89;0,5;7,26;0,1299999999999999;1,7906336088154258;73;False
REDE DE POSTOS PRESIDENTE LTDA;32864795000172;SANTO ANTONIO;GNV;04/11/2024;4,9;VIBRA;;;;;;;4,9;0,0;0,0;73;False
REDE DE POSTOS PRESIDENTE LTDA;32864795000172;SANTO ANTONIO;GNV;11/11/2024;4,9;VIBRA;4,9;0,0;0,0;4,9;4,9;0,0;4,9;0,0;0,0;73;False
REDE DE POSTOS PRESIDENTE LTDA;32864795000172;SANTO ANTONIO;GNV;18/11/2024;4,9;VIBRA;4,9;0,0;0,0;4,9;4,9;0,0;4,9;0,0;0,0;73;False
REDE DE POSTOS PRESIDENTE LTDA;32864795000172;SANTO ANTONIO;GNV;25/11/2024;4,9;VIBRA;4,9;0,0;0,0;4,9;4,9;0,0;4,9;0,0;0,0;73;False
REDE DE POSTOS PRESIDENTE LTDA;32864795000172;SANTO ANTONIO;GNV;03/12/2024;4,9;VIBRA;4,9;0,0;0,0;4,9;4,9;0,0;4,9;0,0;0,0;73;False
REDE DE POSTOS PRESIDENTE LTDA;32864795000172;SANTO ANTONIO;GNV;09/12/2024;4,9;VIBRA;4,9;0,0;0,0;4,9;4,9;0,0;4,9;0,0;0,0;73;False
REDE DE POSTOS PRESIDENTE LTDA;32864795000172;SANTO ANTONIO;GNV;16/12/2024;4,9;VIBRA;4,9;0,0;0,0;4,9;4,9;0,0;4,9;0,0;0,0;73;False
REDE DE POSTOS PRESIDENTE LTDA;32864795000172;SANTO ANTONIO;GNV;23/12/2024;4,9;VIBRA;4,9;0,0;0,0;4,9;4,9;0,0;4,9;0,0;0,0;73;False
REDE DE POSTOS PRESIDENTE LTDA;32864795000172;SANTO ANTONIO;GNV;30/12/2024;4,9;VIBRA;4,9;0,0;0,0;4,9;4,9;0,0;4,9;0,0;0,0;73;False
REDE DE POSTOS PRESIDENTE LTDA;32864795000172;SANTO ANTONIO;GNV;06/01/2025;4,9;VIBRA;4,9;0,0;0,0;4,9;4,9;0,0;4,9;0,0;0,0;73;False
REDE DE POSTOS PRESIDENTE LTDA;32864795000172;SANTO ANTONIO;GNV;13/01/2025;4,9;VIBRA;4,9;0,0;0,0;4,9;4,9;0,0;4,9;0,0;0,0;73;False
REDE DE POSTOS PRESIDENTE LTDA;32864795000172;SANTO ANTONIO;GNV;20/01/2025;4,9;VIBRA;4,9;0,0;0,0;4,9;4,9;0,0;4,9;0,0;0,0;73;False
REDE DE POSTOS PRESIDENTE LTDA;32864795000172;SANTO ANTONIO;GNV;28/01/2025;4,9;VIBRA;4,9;0,0;0,0;4,9;4,9;0,0;4,9;0,0;0,0;73;False
REDE DE POSTOS PRESIDENTE LTDA;32864795000172;SANTO ANTONIO;GNV;03/02/2025;4,9;VIBRA;4,9;0,0;0,0;4,9;4,9;0,0;4,9;0,0;0,0;73;False
REDE DE POSTOS PRESIDENTE LTDA;32864795000172;SANTO ANTONIO;GNV;11/02/2025;4,9;VIBRA;4,9;0,0;0,0;4,9;4,9;0,0;4,9;0,0;0,0;73;False
REDE DE POSTOS PRESIDENTE LTDA;32864795000172;SANTO ANTONIO;GNV;18/02/2025;4,9;VIBRA;4,9;0,0;0,0;4,9;4,9;0,0;4,9;0,0;0,0;73;False
REDE DE POSTOS PRESIDENTE LTDA;32864795000172;SANTO ANTONIO;GNV;25/02/2025;4,9;VIBRA;4,9;0,0;0,0;4,9;4,9;0,0;4,9;0,0;0,0;73;False
REDE DE POSTOS PRESIDENTE LTDA;32864795000172;SANTO ANTONIO;GNV;03/03/2025;4,9;VIBRA;4,9;0,0;0,0;4,9;4,9;0,0;4,9;0,0;0,0;73;False
REDE DE POSTOS PRESIDENTE LTDA;32864795000172;SANTO ANTONIO;GNV;11/03/2025;4,9;VIBRA;4,9;0,0;0,0;4,9;4,9;0,0;4,9;0,0;0,0;73;False
REDE DE POSTOS PRESIDENTE LTDA;32864795000172;SANTO ANTONIO;GNV;18/03/2025;4,9;VIBRA;4,9;0,0;0,0;4,9;4,9;0,0;4,9;0,0;0,0;73;False
REDE DE POSTOS PRESIDENTE LTDA;32864795000172;SANTO ANTONIO;GNV;25/03/2025;4,9;VIBRA;4,9;0,0;0,0;4,9;4,9;0,0;4,9;0,0;0,0;73;False
REDE DE POSTOS PRESIDENTE LTDA;32864795000172;SANTO ANTONIO;GNV;31/03/2025;4,9;VIBRA;4,9;0,0;0,0;4,9;4,9;0,0;4,9;0,0;0,0;73;False
REDE DE POSTOS PRESIDENTE LTDA;32864795000172;SANTO ANTONIO;GNV;08/04/2025;4,9;VIBRA;4,9;0,0;0,0;4,9;4,9;0,0;4,9;0,0;0,0;73;False
REDE DE POSTOS PRESIDENTE LTDA;32864795000172;SANTO ANTONIO;GNV;15/04/2025;4,9;VIBRA;4,9;0,0;0,0;4,9;4,9;0,0;4,9;0,0;0,0;73;False
REDE DE POSTOS PRESIDENTE LTDA;32864795000172;SANTO ANTONIO;GNV;22/04/2025;4,9;VIBRA;4,9;0,0;0,0;4,9;4,9;0,0;4,9;0,0;0,0;73;False
REDE DE POSTOS PRESIDENTE LTDA;32864795000172;SANTO ANTONIO;GNV;29/04/2025;4,9;VIBRA;4,9;0,0;0,0;4,9;4,9;0,0;4,9;0,0;0,0;73;False
REDE DE POSTOS PRESIDENTE LTDA;32864795000172;SANTO ANTONIO;GNV;05/05/2025;4,9;VIBRA;4,9;0,0;0,0;4,9;4,9;0,0;4,9;0,0;0,0;73;False
REDE DE POSTOS PRESIDENTE LTDA;32864795000172;SANTO ANTONIO;GNV;19/05/2025;4,99;VIBRA;4,9;0,08999999999999986;1,8367346938775482;4,9;4,9;0,08999999999999986;4,99;0,0;0,0;73;False
REDE DE POSTOS PRESIDENTE LTDA;32864795000172;SANTO ANTONIO;GNV;27/05/2025;4,99;VIBRA;4,99;0,0;0,0;4,903214285714286;4,9;0,08999999999999986;4,99;0,0;0,0;73;False
REDE DE POSTOS PRESIDENTE LTDA;32864795000172;SANTO ANTONIO;GNV;03/06/2025;4,99;VIBRA;4,99;0,0;0,0;4,9062068965517245;4,9;0,08999999999999986;4,99;0,0;0,0;73;False
REDE DE POSTOS PRESIDENTE LTDA;32864795000172;SANTO ANTONIO;GNV;09/06/2025;4,99;VIBRA;4,99;0,0;0,0;4,909000000000001;4,9;0,08999999999999986;4,99;0,0;0,0;73;False
REDE DE POSTOS PRESIDENTE LTDA;32864795000172;SANTO ANTONIO;GNV;16/06/2025;4,99;VIBRA;4,99;0,0;0,0;4,911612903225807;4,9;0,08999999999999986;4,99;0,0;0,0;73;False
REDE DE POSTOS PRESIDENTE LTDA;32864795000172;SANTO ANTONIO;GNV;24/06/2025;4,99;VIBRA;4,99;0,0;0,0;4,9140625;4,9;0,08999999999999986;4,99;0,0;0,0;73;False
REDE DE POSTOS PRESIDENTE LTDA;32864795000172;SANTO ANTONIO;GNV;30/06/2025;4,99;VIBRA;4,99;0,0;0,0;4,916363636363637;4,9;0,08999999999999986;4,99;0,0;0,0;73;False
REDE DE POSTOS PRESIDENTE LTDA;32864795000172;SANTO ANTONIO;GNV;08/07/2025;4,99;VIBRA;4,99;0,0;0,0;4,918529411764706;4,9;0,08999999999999986;4,99;0,0;0,0;73;False
REDE DE POSTOS PRESIDENTE LTDA;32864795000172;SANTO ANTONIO;GNV;15/07/2025;4,99;VIBRA;4,99;0,0;0,0;4,920571428571429;4,9;0,08999999999999986;4,99;0,0;0,0;73;False
REDE DE POSTOS PRESIDENTE LTDA;32864795000172;SANTO ANTONIO;GNV;22/07/2025;4,99;VIBRA;4,99;0,0;0,0;4,9225;4,9;0,08999999999999986;4,99;0,0;0,0;73;False
REDE DE POSTOS PRESIDENTE LTDA;32864795000172;SANTO ANTONIO;GNV;28/07/2025;4,99;VIBRA;4,99;0,0;0,0;4,924324324324325;4,9;0,08999999999999986;4,99;0,0;0,0;73;False
REDE DE POSTOS PRESIDENTE LTDA;32864795000172;SANTO ANTONIO;GNV;05/08/2025;4,69;VIBRA;4,99;-0,2999999999999998;-6,012024048096189;4,926052631578948;4,9;-0,20999999999999996;4,69;0,0;0,0;73;False
REDE DE POSTOS PRESIDENTE LTDA;32864795000172;SANTO ANTONIO;GNV;12/08/2025;4,69;VIBRA;4,69;0,0;0,0;4,920000000000001;4,9;-0,20999999999999996;4,69;0,0;0,0;73;False
REDE DE POSTOS PRESIDENTE LTDA;32864795000172;SANTO ANTONIO;GNV;19/08/2025;4,69;VIBRA;4,69;0,0;0,0;4,914250000000001;4,9;-0,20999999999999996;4,69;0,0;0,0;73;False
REDE DE POSTOS PRESIDENTE LTDA;32864795000172;SANTO ANTONIO;GNV;02/09/2025;4,69;VIBRA;4,69;0,0;0,0;4,908780487804878;4,9;-0,20999999999999996;4,69;0,0;0,0;73;False
REDE DE POSTOS PRESIDENTE LTDA;32864795000172;SANTO ANTONIO;GNV;09/09/2025;4,69;VIBRA;4,69;0,0;0,0;4,903571428571429;4,9;-0,20999999999999996;4,69;0,0;0,0;73;False
REDE DE POSTOS PRESIDENTE LTDA;32864795000172;SANTO ANTONIO;GNV;17/09/2025;4,69;VIBRA;4,69;0,0;0,0;4,898604651162791;4,9;-0,20999999999999996;4,69;0,0;0,0;73;False
REDE DE POSTOS PRESIDENTE LTDA;32864795000172;SANTO ANTONIO;GNV;22/09/2025;4,69;VIBRA;4,69;0,0;0,0;4,893863636363637;4,9;-0,20999999999999996;4,69;0,0;0,0;73;False
REDE DE POSTOS PRESIDENTE LTDA;32864795000172;SANTO ANTONIO;GNV;30/09/2025;4,69;VIBRA;4,69;0,0;0,0;4,889333333333334;4,9;-0,20999999999999996;4,69;0,0;0,0;73;False
REDE DE POSTOS PRESIDENTE LTDA;32864795000172;SANTO ANTONIO;GNV;06/10/2025;4,69;VIBRA;4,69;0,0;0,0;4,885;4,9;-0,20999999999999996;4,69;0,0;0,0;73;False
REDE DE POSTOS PRESIDENTE LTDA;32864795000172;SANTO ANTONIO;GNV;13/10/2025;4,69;VIBRA;4,69;0,0;0,0;4,8808510638297875;4,9;-0,20999999999999996;4,69;0,0;0,0;73;False
REDE DE POSTOS PRESIDENTE LTDA;32864795000172;SANTO ANTONIO;GNV;28/10/2025;4,69;VIBRA;4,69;0,0;0,0;4,876875;4,9;-0,20999999999999996;4,69;0,0;0,0;73;False
REDE DE POSTOS PRESIDENTE LTDA;32864795000172;SANTO ANTONIO;GNV;04/11/2025;4,69;VIBRA;4,69;0,0;0,0;4,873061224489796;4,9;-0,20999999999999996;4,69;0,0;0,0;73;False
REDE DE POSTOS PRESIDENTE LTDA;32864795000172;SANTO ANTONIO;GNV;11/11/2025;4,69;VIBRA;4,69;0,0;0,0;4,869400000000001;4,9;-0,20999999999999996;4,69;0,0;0,0;73;False
REDE DE POSTOS PRESIDENTE LTDA;32864795000172;SANTO ANTONIO;GNV;18/11/2025;4,69;VIBRA;4,69;0,0;0,0;4,865882352941177;4,9;-0,20999999999999996;4,69;0,0;0,0;73;False
REDE DE POSTOS PRESIDENTE LTDA;32864795000172;SANTO ANTONIO;GNV;25/11/2025;4,69;VIBRA;4,69;0,0;0,0;4,862500000000001;4,9;-0,20999999999999996;4,69;0,0;0,0;73;False
REDE DE POSTOS PRESIDENTE LTDA;32864795000172;SANTO ANTONIO;GNV;23/12/2025;4,69;VIBRA;4,69;0,0;0,0;4,859245283018868;4,9;-0,20999999999999996;4,69;0,0;0,0;73;False
REDE DE POSTOS PRESIDENTE LTDA;32864795000172;SANTO ANTONIO;GNV;09/02/2026;4,61;VIBRA;4,69;-0,08000000000000007;-1,705756929637528;4,856111111111112;4,9;-0,29000000000000004;4,61;0,0;0,0;73;False
REDE DE POSTOS PRESIDENTE LTDA;32864795000172;SANTO ANTONIO;GNV;24/02/2026;4,61;VIBRA;4,61;0,0;0,0;4,851636363636365;4,9;-0,29000000000000004;4,61;0,0;0,0;73;False
REDE DE POSTOS PRESIDENTE LTDA;32864795000172;SANTO ANTONIO;GNV;04/03/2026;4,61;VIBRA;4,61;0,0;0,0;4,847321428571429;4,9;-0,29000000000000004;4,61;0,0;0,0;73;False
REDE DE POSTOS PRESIDENTE LTDA;32864795000172;SANTO ANTONIO;GNV;09/03/2026;4,61;VIBRA;4,61;0,0;0,0;4,8431578947368426;4,9;-0,29000000000000004;4,61;0,0;0,0;73;False
REDE DE POSTOS PRESIDENTE LTDA;32864795000172;SANTO ANTONIO;GNV;23/03/2026;4,61;VIBRA;4,61;0,0;0,0;4,839137931034483;4,9;-0,29000000000000004;4,61;0,0;0,0;73;False
REDE DE POSTOS PRESIDENTE LTDA;32864795000172;SANTO ANTONIO;GNV;31/03/2026;4,61;VIBRA;4,61;0,0;0,0;4,835254237288136;4,9;-0,29000000000000004;4,61;0,0;0,0;73;False
REDE DE POSTOS PRESIDENTE LTDA;32864795000172;SANTO ANTONIO;GNV;09/04/2026;4,61;VIBRA;4,61;0,0;0,0;4,831500000000001;4,9;-0,29000000000000004;4,61;0,0;0,0;73;False
REDE DE POSTOS PRESIDENTE LTDA;32864795000172;SANTO ANTONIO;GNV;15/04/2026;4,61;VIBRA;4,61;0,0;0,0;4,827868852459017;4,9;-0,29000000000000004;4,61;0,0;0,0;73;False
REDE DE POSTOS PRESIDENTE LTDA;32864795000172;SANTO ANTONIO;GNV;23/04/2026;4,61;VIBRA;4,61;0,0;0,0;4,824354838709677;4,9;-0,29000000000000004;4,61;0,0;0,0;73;False
REDE DE POSTOS PRESIDENTE LTDA;32864795000172;SANTO ANTONIO;GNV;29/04/2026;4,61;VIBRA;4,61;0,0;0,0;4,820952380952382;4,9;-0,29000000000000004;4,61;0,0;0,0;73;False
REDE DE POSTOS PRESIDENTE LTDA;32864795000172;SANTO ANTONIO;GNV;07/05/2026;4,61;VIBRA;4,61;0,0;0,0;4,817656250000001;4,9;-0,29000000000000004;4,83;-0,21999999999999975;-4,554865424430637;73;False
REDE DE POSTOS PRESIDENTE LTDA;32864795000172;SANTO ANTONIO;GNV;13/05/2026;4,83;VIBRA;4,61;0,21999999999999975;4,772234273318866;4,814461538461538;4,9;-0,07000000000000028;4,83;0,0;0,0;73;False
REDE DE POSTOS PRESIDENTE LTDA;32864795000172;SANTO ANTONIO;GNV;20/05/2026;4,83;VIBRA;4,83;0,0;0,0;4,81469696969697;4,9;-0,07000000000000028;4,83;0,0;0,0;73;False
REDE DE POSTOS PRESIDENTE LTDA;32864795000172;SANTO ANTONIO;GNV;26/05/2026;4,83;VIBRA;4,83;0,0;0,0;4,8149253731343284;4,9;-0,07000000000000028;4,83;0,0;0,0;73;False
REDE DE POSTOS PRESIDENTE LTDA;32864795000172;SANTO ANTONIO;GNV;03/06/2026;4,83;VIBRA;4,83;0,0;0,0;4,81514705882353;4,9;-0,07000000000000028;4,83;0,0;0,0;73;False
REDE DE POSTOS PRESIDENTE LTDA;32864795000172;SANTO ANTONIO;GNV;09/06/2026;4,83;VIBRA;4,83;0,0;0,0;4,81536231884058;4,9;-0,07000000000000028;4,83;0,0;0,0;73;False
REDE DE POSTOS PRESIDENTE LTDA;32864795000172;SANTO ANTONIO;GNV;16/06/2026;4,83;VIBRA;4,83;0,0;0,0;4,815571428571429;4,9;-0,07000000000000028;4,83;0,0;0,0;73;False
REDE DE POSTOS PRESIDENTE LTDA;32864795000172;SANTO ANTONIO;GNV;23/06/2026;4,83;VIBRA;4,83;0,0;0,0;4,8157746478873245;4,9;-0,07000000000000028;4,83;0,0;0,0;73;False
REDE DE POSTOS PRESIDENTE LTDA;32864795000172;SANTO ANTONIO;GNV;29/06/2026;4,83;VIBRA;4,83;0,0;0,0;4,815972222222222;4,9;-0,07000000000000028;4,83;0,0;0,0;73;False
REDE DE POSTOS PRESIDENTE LTDA;32864795000849;DEZOITO DO FORTE;DIESEL S10;13/05/2026;7,39;VIBRA;;;;;;;7,1899999999999995;0,20000000000000018;2,781641168289293;2;True
REDE DE POSTOS PRESIDENTE LTDA;32864795000849;DEZOITO DO FORTE;DIESEL S10;03/06/2026;7,29;VIBRA;7,39;-0,09999999999999964;-1,3531799729363958;7,39;7,39;-0,09999999999999964;7,135;0,15500000000000025;2,1723896285914543;2;True
REDE DE POSTOS PRESIDENTE LTDA;32864795000849;DEZOITO DO FORTE;ETANOL;13/05/2026;5,69;VIBRA;;;;;;;5,655;0,03500000000000014;0,6189213085764835;4;False
REDE DE POSTOS PRESIDENTE LTDA;32864795000849;DEZOITO DO FORTE;ETANOL;20/05/2026;5,69;VIBRA;5,69;0,0;0,0;5,69;5,69;0,0;5,62;0,07000000000000028;1,2455516014234926;4;False
REDE DE POSTOS PRESIDENTE LTDA;32864795000849;DEZOITO DO FORTE;ETANOL;26/05/2026;5,69;VIBRA;5,69;0,0;0,0;5,69;5,69;0,0;5,5;0,1900000000000004;3,4545454545454617;4;False
REDE DE POSTOS PRESIDENTE LTDA;32864795000849;DEZOITO DO FORTE;ETANOL;03/06/2026;5,69;VIBRA;5,69;0,0;0,0;5,69;5,69;0,0;5,69;0,0;0,0;4;False
REDE DE POSTOS PRESIDENTE LTDA;32864795000849;DEZOITO DO FORTE;GASOLINA;13/05/2026;7,59;VIBRA;;;;;;;7,59;0,0;0,0;4;False
REDE DE POSTOS PRESIDENTE LTDA;32864795000849;DEZOITO DO FORTE;GASOLINA;26/05/2026;7,19;VIBRA;7,59;-0,39999999999999947;-5,270092226613959;7,59;7,59;-0,39999999999999947;7,135;0,055000000000000604;0,770847932726007;4;False
REDE DE POSTOS PRESIDENTE LTDA;32864795000849;DEZOITO DO FORTE;GASOLINA;03/06/2026;7,19;VIBRA;7,19;0,0;0,0;7,390000000000001;7,390000000000001;-0,20000000000000018;7,19;0,0;0,0;4;False
REDE DE POSTOS PRESIDENTE LTDA;32864795000849;DEZOITO DO FORTE;GASOLINA;16/06/2026;7,19;VIBRA;7,19;0,0;0,0;7,323333333333333;7,19;0,0;7,12;0,07000000000000028;0,9831460674157343;4;False
REDE DE POSTOS PRESIDENTE LTDA;32864795000849;DEZOITO DO FORTE;GASOLINA ADITIVADA;20/05/2026;7,19;VIBRA;;;;;;;7,34;-0,14999999999999947;-2,0435967302452243;4;False
REDE DE POSTOS PRESIDENTE LTDA;32864795000849;DEZOITO DO FORTE;GASOLINA ADITIVADA;09/06/2026;7,19;VIBRA;7,19;0,0;0,0;7,19;7,19;0,0;7,19;0,0;0,0;4;False
REDE DE POSTOS PRESIDENTE LTDA;32864795000849;DEZOITO DO FORTE;GASOLINA ADITIVADA;23/06/2026;7,19;VIBRA;7,19;0,0;0,0;7,19;7,19;0,0;7,26;-0,0699999999999994;-0,9641873278236832;4;False
REDE DE POSTOS PRESIDENTE LTDA;32864795000849;DEZOITO DO FORTE;GASOLINA ADITIVADA;29/06/2026;7,19;VIBRA;7,19;0,0;0,0;7,19;7,19;0,0;7,26;-0,0699999999999994;-0,9641873278236832;4;False
REDE DE POSTOS PRESIDENTE LTDA;32864795001063;GETULIO VARGAS;DIESEL S10;04/03/2026;5,99;VIBRA;;;;;;;5,99;0,0;0,0;1;True
REDE DE POSTOS PRESIDENTE LTDA;32864795001063;GETULIO VARGAS;ETANOL;24/02/2026;4,99;VIBRA;;;;;;;4,87;0,1200000000000001;2,4640657084188935;2;True
REDE DE POSTOS PRESIDENTE LTDA;32864795001063;GETULIO VARGAS;ETANOL;04/03/2026;4,99;VIBRA;4,99;0,0;0,0;4,99;4,99;0,0;4,88;0,11000000000000032;2,2540983606557443;2;True
REDE DE POSTOS PRESIDENTE LTDA;32864795001063;GETULIO VARGAS;GASOLINA;04/11/2024;5,95;VIBRA;;;;;;;5,92;0,03000000000000025;0,5067567567567609;82;False
REDE DE POSTOS PRESIDENTE LTDA;32864795001063;GETULIO VARGAS;GASOLINA;11/11/2024;5,95;VIBRA;5,95;0,0;0,0;5,95;5,95;0,0;5,9;0,04999999999999982;0,8474576271186409;82;False
REDE DE POSTOS PRESIDENTE LTDA;32864795001063;GETULIO VARGAS;GASOLINA;18/11/2024;6,37;VIBRA;5,95;0,41999999999999993;7,058823529411764;5,95;5,95;0,41999999999999993;6,32;0,04999999999999982;0,7911392405063262;82;False
REDE DE POSTOS PRESIDENTE LTDA;32864795001063;GETULIO VARGAS;GASOLINA;25/11/2024;6,37;VIBRA;6,37;0,0;0,0;6,09;5,95;0,41999999999999993;6,32;0,04999999999999982;0,7911392405063262;82;False
REDE DE POSTOS PRESIDENTE LTDA;32864795001063;GETULIO VARGAS;GASOLINA;03/12/2024;6,37;VIBRA;6,37;0,0;0,0;6,16;6,16;0,20999999999999996;6,32;0,04999999999999982;0,7911392405063262;82;False
REDE DE POSTOS PRESIDENTE LTDA;32864795001063;GETULIO VARGAS;GASOLINA;09/12/2024;6,37;VIBRA;6,37;0,0;0,0;6,202;6,37;0,0;6,32;0,04999999999999982;0,7911392405063262;82;False
REDE DE POSTOS PRESIDENTE LTDA;32864795001063;GETULIO VARGAS;GASOLINA;16/12/2024;6,37;VIBRA;6,37;0,0;0,0;6,23;6,37;0,0;6,32;0,04999999999999982;0,7911392405063262;82;False
REDE DE POSTOS PRESIDENTE LTDA;32864795001063;GETULIO VARGAS;GASOLINA;23/12/2024;6,37;VIBRA;6,37;0,0;0,0;6,25;6,37;0,0;6,32;0,04999999999999982;0,7911392405063262;82;False
REDE DE POSTOS PRESIDENTE LTDA;32864795001063;GETULIO VARGAS;GASOLINA;30/12/2024;6,37;VIBRA;6,37;0,0;0,0;6,265000000000001;6,37;0,0;6,32;0,04999999999999982;0,7911392405063262;82;False
REDE DE POSTOS PRESIDENTE LTDA;32864795001063;GETULIO VARGAS;GASOLINA;06/01/2025;6,37;VIBRA;6,37;0,0;0,0;6,276666666666667;6,37;0,0;6,32;0,04999999999999982;0,7911392405063262;82;False
REDE DE POSTOS PRESIDENTE LTDA;32864795001063;GETULIO VARGAS;GASOLINA;13/01/2025;6,49;VIBRA;6,37;0,1200000000000001;1,8838304552590284;6,286;6,37;0,1200000000000001;6,42;0,07000000000000028;1,0903426791277304;82;False
REDE DE POSTOS PRESIDENTE LTDA;32864795001063;GETULIO VARGAS;GASOLINA;20/01/2025;6,49;VIBRA;6,49;0,0;0,0;6,304545454545454;6,37;0,1200000000000001;6,42;0,07000000000000028;1,0903426791277304;82;False
REDE DE POSTOS PRESIDENTE LTDA;32864795001063;GETULIO VARGAS;GASOLINA;28/01/2025;6,49;VIBRA;6,49;0,0;0,0;6,32;6,37;0,1200000000000001;6,42;0,07000000000000028;1,0903426791277304;82;False
REDE DE POSTOS PRESIDENTE LTDA;32864795001063;GETULIO VARGAS;GASOLINA;03/02/2025;6,59;VIBRA;6,49;0,09999999999999964;1,54083204930662;6,333076923076923;6,37;0,21999999999999975;6,49;0,09999999999999964;1,54083204930662;82;False
REDE DE POSTOS PRESIDENTE LTDA;32864795001063;GETULIO VARGAS;GASOLINA;11/02/2025;6,69;VIBRA;6,59;0,10000000000000053;1,5174506828528156;6,351428571428571;6,37;0,3200000000000003;6,62;0,07000000000000028;1,057401812688826;82;False
REDE DE POSTOS PRESIDENTE LTDA;32864795001063;GETULIO VARGAS;GASOLINA;18/02/2025;6,69;VIBRA;6,69;0,0;0,0;6,374;6,37;0,3200000000000003;6,62;0,07000000000000028;1,057401812688826;82;False
REDE DE POSTOS PRESIDENTE LTDA;32864795001063;GETULIO VARGAS;GASOLINA;25/02/2025;6,69;VIBRA;6,69;0,0;0,0;6,39375;6,37;0,3200000000000003;6,62;0,07000000000000028;1,057401812688826;82;False
REDE DE POSTOS PRESIDENTE LTDA;32864795001063;GETULIO VARGAS;GASOLINA;03/03/2025;6,69;VIBRA;6,69;0,0;0,0;6,411176470588236;6,37;0,3200000000000003;6,62;0,07000000000000028;1,057401812688826;82;False
REDE DE POSTOS PRESIDENTE LTDA;32864795001063;GETULIO VARGAS;GASOLINA;11/03/2025;6,69;VIBRA;6,69;0,0;0,0;6,426666666666667;6,37;0,3200000000000003;6,62;0,07000000000000028;1,057401812688826;82;False
REDE DE POSTOS PRESIDENTE LTDA;32864795001063;GETULIO VARGAS;GASOLINA;18/03/2025;6,69;VIBRA;6,69;0,0;0,0;6,440526315789474;6,37;0,3200000000000003;6,62;0,07000000000000028;1,057401812688826;82;False
REDE DE POSTOS PRESIDENTE LTDA;32864795001063;GETULIO VARGAS;GASOLINA;25/03/2025;6,69;VIBRA;6,69;0,0;0,0;6,453;6,43;0,2600000000000007;6,62;0,07000000000000028;1,057401812688826;82;False
REDE DE POSTOS PRESIDENTE LTDA;32864795001063;GETULIO VARGAS;GASOLINA;31/03/2025;6,69;VIBRA;6,69;0,0;0,0;6,464285714285714;6,49;0,20000000000000018;6,62;0,07000000000000028;1,057401812688826;82;False
REDE DE POSTOS PRESIDENTE LTDA;32864795001063;GETULIO VARGAS;GASOLINA;08/04/2025;6,69;VIBRA;6,69;0,0;0,0;6,474545454545455;6,49;0,20000000000000018;6,62;0,07000000000000028;1,057401812688826;82;False
REDE DE POSTOS PRESIDENTE LTDA;32864795001063;GETULIO VARGAS;GASOLINA;15/04/2025;6,59;VIBRA;6,69;-0,10000000000000053;-1,4947683109118166;6,48391304347826;6,49;0,09999999999999964;6,52;0,07000000000000028;1,073619631901845;82;False
REDE DE POSTOS PRESIDENTE LTDA;32864795001063;GETULIO VARGAS;GASOLINA;22/04/2025;6,59;VIBRA;6,59;0,0;0,0;6,488333333333333;6,49;0,09999999999999964;6,539999999999999;0,05000000000000071;0,764525993883803;82;False
REDE DE POSTOS PRESIDENTE LTDA;32864795001063;GETULIO VARGAS;GASOLINA;29/04/2025;6,69;VIBRA;6,59;0,10000000000000053;1,5174506828528156;6,4924;6,49;0,20000000000000018;6,62;0,07000000000000028;1,057401812688826;82;False
REDE DE POSTOS PRESIDENTE LTDA;32864795001063;GETULIO VARGAS;GASOLINA;05/05/2025;6,69;VIBRA;6,69;0,0;0,0;6,5;6,54;0,15000000000000036;6,62;0,07000000000000028;1,057401812688826;82;False
REDE DE POSTOS PRESIDENTE LTDA;32864795001063;GETULIO VARGAS;GASOLINA;12/05/2025;6,69;VIBRA;6,69;0,0;0,0;6,507037037037037;6,59;0,10000000000000053;6,62;0,07000000000000028;1,057401812688826;82;False
REDE DE POSTOS PRESIDENTE LTDA;32864795001063;GETULIO VARGAS;GASOLINA;19/05/2025;6,69;VIBRA;6,69;0,0;0,0;6,513571428571429;6,59;0,10000000000000053;6,62;0,07000000000000028;1,057401812688826;82;False
REDE DE POSTOS PRESIDENTE LTDA;32864795001063;GETULIO VARGAS;GASOLINA;27/05/2025;6,69;VIBRA;6,69;0,0;0,0;6,519655172413793;6,59;0,10000000000000053;6,62;0,07000000000000028;1,057401812688826;82;False
REDE DE POSTOS PRESIDENTE LTDA;32864795001063;GETULIO VARGAS;GASOLINA;03/06/2025;6,69;VIBRA;6,69;0,0;0,0;6,525333333333334;6,59;0,10000000000000053;6,62;0,07000000000000028;1,057401812688826;82;False
REDE DE POSTOS PRESIDENTE LTDA;32864795001063;GETULIO VARGAS;GASOLINA;09/06/2025;6,69;VIBRA;6,69;0,0;0,0;6,530645161290323;6,59;0,10000000000000053;6,62;0,07000000000000028;1,057401812688826;82;False
REDE DE POSTOS PRESIDENTE LTDA;32864795001063;GETULIO VARGAS;GASOLINA;16/06/2025;6,69;VIBRA;6,69;0,0;0,0;6,5356250000000005;6,640000000000001;0,04999999999999982;6,62;0,07000000000000028;1,057401812688826;82;False
REDE DE POSTOS PRESIDENTE LTDA;32864795001063;GETULIO VARGAS;GASOLINA;24/06/2025;6,69;VIBRA;6,69;0,0;0,0;6,540303030303031;6,69;0,0;6,62;0,07000000000000028;1,057401812688826;82;False
REDE DE POSTOS PRESIDENTE LTDA;32864795001063;GETULIO VARGAS;GASOLINA;30/06/2025;6,69;VIBRA;6,69;0,0;0,0;6,544705882352941;6,69;0,0;6,62;0,07000000000000028;1,057401812688826;82;False
REDE DE POSTOS PRESIDENTE LTDA;32864795001063;GETULIO VARGAS;GASOLINA;08/07/2025;6,69;VIBRA;6,69;0,0;0,0;6,548857142857143;6,69;0,0;6,62;0,07000000000000028;1,057401812688826;82;False
REDE DE POSTOS PRESIDENTE LTDA;32864795001063;GETULIO VARGAS;GASOLINA;15/07/2025;6,69;VIBRA;6,69;0,0;0,0;6,552777777777778;6,69;0,0;6,62;0,07000000000000028;1,057401812688826;82;False
REDE DE POSTOS PRESIDENTE LTDA;32864795001063;GETULIO VARGAS;GASOLINA;22/07/2025;6,69;VIBRA;6,69;0,0;0,0;6,556486486486486;6,69;0,0;6,62;0,07000000000000028;1,057401812688826;82;False
REDE DE POSTOS PRESIDENTE LTDA;32864795001063;GETULIO VARGAS;GASOLINA;28/07/2025;6,69;VIBRA;6,69;0,0;0,0;6,56;6,69;0,0;6,62;0,07000000000000028;1,057401812688826;82;False
REDE DE POSTOS PRESIDENTE LTDA;32864795001063;GETULIO VARGAS;GASOLINA;05/08/2025;6,69;VIBRA;6,69;0,0;0,0;6,5633333333333335;6,69;0,0;6,62;0,07000000000000028;1,057401812688826;82;False
REDE DE POSTOS PRESIDENTE LTDA;32864795001063;GETULIO VARGAS;GASOLINA;12/08/2025;6,69;VIBRA;6,69;0,0;0,0;6,5665000000000004;6,69;0,0;6,62;0,07000000000000028;1,057401812688826;82;False
REDE DE POSTOS PRESIDENTE LTDA;32864795001063;GETULIO VARGAS;GASOLINA;19/08/2025;6,69;VIBRA;6,69;0,0;0,0;6,569512195121952;6,69;0,0;6,62;0,07000000000000028;1,057401812688826;82;False
REDE DE POSTOS PRESIDENTE LTDA;32864795001063;GETULIO VARGAS;GASOLINA;27/08/2025;6,69;VIBRA;6,69;0,0;0,0;6,572380952380953;6,69;0,0;6,62;0,07000000000000028;1,057401812688826;82;False
REDE DE POSTOS PRESIDENTE LTDA;32864795001063;GETULIO VARGAS;GASOLINA;02/09/2025;6,69;VIBRA;6,69;0,0;0,0;6,575116279069768;6,69;0,0;6,62;0,07000000000000028;1,057401812688826;82;False
REDE DE POSTOS PRESIDENTE LTDA;32864795001063;GETULIO VARGAS;GASOLINA;09/09/2025;6,69;VIBRA;6,69;0,0;0,0;6,577727272727273;6,69;0,0;6,62;0,07000000000000028;1,057401812688826;82;False
REDE DE POSTOS PRESIDENTE LTDA;32864795001063;GETULIO VARGAS;GASOLINA;17/09/2025;6,69;VIBRA;6,69;0,0;0,0;6,580222222222223;6,69;0,0;6,62;0,07000000000000028;1,057401812688826;82;False
REDE DE POSTOS PRESIDENTE LTDA;32864795001063;GETULIO VARGAS;GASOLINA;22/09/2025;6,69;VIBRA;6,69;0,0;0,0;6,5826086956521745;6,69;0,0;6,62;0,07000000000000028;1,057401812688826;82;False
REDE DE POSTOS PRESIDENTE LTDA;32864795001063;GETULIO VARGAS;GASOLINA;30/09/2025;6,69;VIBRA;6,69;0,0;0,0;6,584893617021277;6,69;0,0;6,62;0,07000000000000028;1,057401812688826;82;False
REDE DE POSTOS PRESIDENTE LTDA;32864795001063;GETULIO VARGAS;GASOLINA;06/10/2025;6,69;VIBRA;6,69;0,0;0,0;6,587083333333333;6,69;0,0;6,62;0,07000000000000028;1,057401812688826;82;False
REDE DE POSTOS PRESIDENTE LTDA;32864795001063;GETULIO VARGAS;GASOLINA;13/10/2025;6,69;VIBRA;6,69;0,0;0,0;6,589183673469388;6,69;0,0;6,62;0,07000000000000028;1,057401812688826;82;False
REDE DE POSTOS PRESIDENTE LTDA;32864795001063;GETULIO VARGAS;GASOLINA;20/10/2025;6,69;VIBRA;6,69;0,0;0,0;6,5912;6,69;0,0;6,62;0,07000000000000028;1,057401812688826;82;False
REDE DE POSTOS PRESIDENTE LTDA;32864795001063;GETULIO VARGAS;GASOLINA;28/10/2025;6,59;VIBRA;6,69;-0,10000000000000053;-1,4947683109118166;6,5931372549019605;6,69;-0,10000000000000053;6,545;0,04499999999999993;0,6875477463712747;82;False
REDE DE POSTOS PRESIDENTE LTDA;32864795001063;GETULIO VARGAS;GASOLINA;04/11/2025;6,59;VIBRA;6,59;0,0;0,0;6,593076923076923;6,69;-0,10000000000000053;6,57;0,019999999999999574;0,3044140030441335;82;False
REDE DE POSTOS PRESIDENTE LTDA;32864795001063;GETULIO VARGAS;GASOLINA;11/11/2025;6,59;VIBRA;6,59;0,0;0,0;6,5930188679245285;6,69;-0,10000000000000053;6,52;0,07000000000000028;1,073619631901845;82;False
REDE DE POSTOS PRESIDENTE LTDA;32864795001063;GETULIO VARGAS;GASOLINA;18/11/2025;6,59;VIBRA;6,59;0,0;0,0;6,592962962962964;6,69;-0,10000000000000053;6,52;0,07000000000000028;1,073619631901845;82;False
REDE DE POSTOS PRESIDENTE LTDA;32864795001063;GETULIO VARGAS;GASOLINA;25/11/2025;6,59;VIBRA;6,59;0,0;0,0;6,5929090909090915;6,69;-0,10000000000000053;6,52;0,07000000000000028;1,073619631901845;82;False
REDE DE POSTOS PRESIDENTE LTDA;32864795001063;GETULIO VARGAS;GASOLINA;08/12/2025;6,59;VIBRA;6,59;0,0;0,0;6,5928571428571425;6,69;-0,10000000000000053;6,585;0,004999999999999893;0,07593014426727249;82;False
REDE DE POSTOS PRESIDENTE LTDA;32864795001063;GETULIO VARGAS;GASOLINA;15/12/2025;6,59;VIBRA;6,59;0,0;0,0;6,59280701754386;6,69;-0,10000000000000053;6,585;0,004999999999999893;0,07593014426727249;82;False
REDE DE POSTOS PRESIDENTE LTDA;32864795001063;GETULIO VARGAS;GASOLINA;23/12/2025;6,59;VIBRA;6,59;0,0;0,0;6,592758620689655;6,69;-0,10000000000000053;6,59;0,0;0,0;82;False
REDE DE POSTOS PRESIDENTE LTDA;32864795001063;GETULIO VARGAS;GASOLINA;29/12/2025;6,59;VIBRA;6,59;0,0;0,0;6,59271186440678;6,69;-0,10000000000000053;6,58;0,009999999999999787;0,15197568389057428;82;False
REDE DE POSTOS PRESIDENTE LTDA;32864795001063;GETULIO VARGAS;GASOLINA;05/01/2026;6,59;VIBRA;6,59;0,0;0,0;6,592666666666667;6,69;-0,10000000000000053;6,58;0,009999999999999787;0,15197568389057428;82;False
REDE DE POSTOS PRESIDENTE LTDA;32864795001063;GETULIO VARGAS;GASOLINA;20/01/2026;6,59;VIBRA;6,59;0,0;0,0;6,592622950819672;6,69;-0,10000000000000053;6,58;0,009999999999999787;0,15197568389057428;82;False
REDE DE POSTOS PRESIDENTE LTDA;32864795001063;GETULIO VARGAS;GASOLINA;09/02/2026;6,59;VIBRA;6,59;0,0;0,0;6,5925806451612905;6,69;-0,10000000000000053;6,52;0,07000000000000028;1,073619631901845;82;False
REDE DE POSTOS PRESIDENTE LTDA;32864795001063;GETULIO VARGAS;GASOLINA;24/02/2026;6,59;VIBRA;6,59;0,0;0,0;6,592539682539683;6,69;-0,10000000000000053;6,539999999999999;0,05000000000000071;0,764525993883803;82;False
REDE DE POSTOS PRESIDENTE LTDA;32864795001063;GETULIO VARGAS;GASOLINA;04/03/2026;6,59;VIBRA;6,59;0,0;0,0;6,5925;6,69;-0,10000000000000053;6,5649999999999995;0,025000000000000355;0,3808073115003862;82;False
REDE DE POSTOS PRESIDENTE LTDA;32864795001063;GETULIO VARGAS;GASOLINA;09/03/2026;6,89;VIBRA;6,59;0,2999999999999998;4,5523520485584195;6,592461538461539;6,69;0,1999999999999993;6,82;0,0699999999999994;1,026392961876824;82;False
REDE DE POSTOS PRESIDENTE LTDA;32864795001063;GETULIO VARGAS;GASOLINA;20/03/2026;7,69;VIBRA;6,89;0,8000000000000007;11,61103047895502;6,596969696969698;6,69;1,0;7,29;0,40000000000000036;5,4869684499314175;82;False
REDE DE POSTOS PRESIDENTE LTDA;32864795001063;GETULIO VARGAS;GASOLINA;25/03/2026;7,29;VIBRA;7,69;-0,40000000000000036;-5,201560468140447;6,613283582089553;6,69;0,5999999999999996;7,29;0,0;0,0;82;False
REDE DE POSTOS PRESIDENTE LTDA;32864795001063;GETULIO VARGAS;GASOLINA;31/03/2026;7,29;VIBRA;7,29;0,0;0,0;6,623235294117647;6,69;0,5999999999999996;7,29;0,0;0,0;82;False
REDE DE POSTOS PRESIDENTE LTDA;32864795001063;GETULIO VARGAS;GASOLINA;09/04/2026;7,29;VIBRA;7,29;0,0;0,0;6,632898550724638;6,69;0,5999999999999996;7,29;0,0;0,0;82;False
REDE DE POSTOS PRESIDENTE LTDA;32864795001063;GETULIO VARGAS;GASOLINA;15/04/2026;7,29;VIBRA;7,29;0,0;0,0;6,642285714285715;6,69;0,5999999999999996;7,29;0,0;0,0;82;False
REDE DE POSTOS PRESIDENTE LTDA;32864795001063;GETULIO VARGAS;GASOLINA;24/04/2026;7,29;VIBRA;7,29;0,0;0,0;6,651408450704225;6,69;0,5999999999999996;7,23;0,05999999999999961;0,8298755186721938;82;False
REDE DE POSTOS PRESIDENTE LTDA;32864795001063;GETULIO VARGAS;GASOLINA;29/04/2026;7,29;VIBRA;7,29;0,0;0,0;6,660277777777778;6,69;0,5999999999999996;7,265000000000001;0,024999999999999467;0,34411562284927;82;False
REDE DE POSTOS PRESIDENTE LTDA;32864795001063;GETULIO VARGAS;GASOLINA;07/05/2026;7,59;VIBRA;7,29;0,2999999999999998;4,115226337448557;6,668904109589041;6,69;0,8999999999999995;7,58;0,009999999999999787;0,13192612137202883;82;False
REDE DE POSTOS PRESIDENTE LTDA;32864795001063;GETULIO VARGAS;GASOLINA;13/05/2026;7,59;VIBRA;7,59;0,0;0,0;6,681351351351352;6,69;0,8999999999999995;7,59;0,0;0,0;82;False
REDE DE POSTOS PRESIDENTE LTDA;32864795001063;GETULIO VARGAS;GASOLINA;20/05/2026;7,19;VIBRA;7,59;-0,39999999999999947;-5,270092226613959;6,693466666666667;6,69;0,5;7,19;0,0;0,0;82;False
REDE DE POSTOS PRESIDENTE LTDA;32864795001063;GETULIO VARGAS;GASOLINA;26/05/2026;7,19;VIBRA;7,19;0,0;0,0;6,7;6,69;0,5;7,135;0,055000000000000604;0,770847932726007;82;False
REDE DE POSTOS PRESIDENTE LTDA;32864795001063;GETULIO VARGAS;GASOLINA;03/06/2026;7,19;VIBRA;7,19;0,0;0,0;6,706363636363636;6,69;0,5;7,19;0,0;0,0;82;False
REDE DE POSTOS PRESIDENTE LTDA;32864795001063;GETULIO VARGAS;GASOLINA;09/06/2026;7,19;VIBRA;7,19;0,0;0,0;6,712564102564103;6,69;0,5;7,155;0,03500000000000014;0,4891684136967176;82;False
REDE DE POSTOS PRESIDENTE LTDA;32864795001063;GETULIO VARGAS;GASOLINA;16/06/2026;7,19;VIBRA;7,19;0,0;0,0;6,718607594936708;6,69;0,5;7,12;0,07000000000000028;0,9831460674157343;82;False
REDE DE POSTOS PRESIDENTE LTDA;32864795001063;GETULIO VARGAS;GASOLINA;23/06/2026;7,19;VIBRA;7,19;0,0;0,0;6,724500000000001;6,69;0,5;7,12;0,07000000000000028;0,9831460674157343;82;False
REDE DE POSTOS PRESIDENTE LTDA;32864795001063;GETULIO VARGAS;GASOLINA;30/06/2026;7,19;VIBRA;7,19;0,0;0,0;6,730246913580246;6,69;0,5;7,12;0,07000000000000028;0,9831460674157343;82;False
REDE DE POSTOS PRESIDENTE LTDA;32864795001063;GETULIO VARGAS;GASOLINA ADITIVADA;04/11/2024;6,15;VIBRA;;;;;;;6,09;0,0600000000000005;0,9852216748768554;82;False
REDE DE POSTOS PRESIDENTE LTDA;32864795001063;GETULIO VARGAS;GASOLINA ADITIVADA;11/11/2024;6,15;VIBRA;6,15;0,0;0,0;6,15;6,15;0,0;6,08;0,07000000000000028;1,1513157894736887;82;False
REDE DE POSTOS PRESIDENTE LTDA;32864795001063;GETULIO VARGAS;GASOLINA ADITIVADA;18/11/2024;6,57;VIBRA;6,15;0,41999999999999993;6,829268292682926;6,15;6,15;0,41999999999999993;6,45;0,1200000000000001;1,8604651162790715;82;False
REDE DE POSTOS PRESIDENTE LTDA;32864795001063;GETULIO VARGAS;GASOLINA ADITIVADA;25/11/2024;6,57;VIBRA;6,57;0,0;0,0;6,29;6,15;0,41999999999999993;6,45;0,1200000000000001;1,8604651162790715;82;False
REDE DE POSTOS PRESIDENTE LTDA;32864795001063;GETULIO VARGAS;GASOLINA ADITIVADA;03/12/2024;6,57;VIBRA;6,57;0,0;0,0;6,36;6,36;0,20999999999999996;6,45;0,1200000000000001;1,8604651162790715;82;False
REDE DE POSTOS PRESIDENTE LTDA;32864795001063;GETULIO VARGAS;GASOLINA ADITIVADA;09/12/2024;6,57;VIBRA;6,57;0,0;0,0;6,402000000000001;6,57;0,0;6,45;0,1200000000000001;1,8604651162790715;82;False
REDE DE POSTOS PRESIDENTE LTDA;32864795001063;GETULIO VARGAS;GASOLINA ADITIVADA;16/12/2024;6,57;VIBRA;6,57;0,0;0,0;6,43;6,57;0,0;6,45;0,1200000000000001;1,8604651162790715;82;False
REDE DE POSTOS PRESIDENTE LTDA;32864795001063;GETULIO VARGAS;GASOLINA ADITIVADA;23/12/2024;6,57;VIBRA;6,57;0,0;0,0;6,450000000000001;6,57;0,0;6,45;0,1200000000000001;1,8604651162790715;82;False
REDE DE POSTOS PRESIDENTE LTDA;32864795001063;GETULIO VARGAS;GASOLINA ADITIVADA;30/12/2024;6,57;VIBRA;6,57;0,0;0,0;6,465;6,57;0,0;6,45;0,1200000000000001;1,8604651162790715;82;False
REDE DE POSTOS PRESIDENTE LTDA;32864795001063;GETULIO VARGAS;GASOLINA ADITIVADA;06/01/2025;6,57;VIBRA;6,57;0,0;0,0;6,4766666666666675;6,57;0,0;6,45;0,1200000000000001;1,8604651162790715;82;False
REDE DE POSTOS PRESIDENTE LTDA;32864795001063;GETULIO VARGAS;GASOLINA ADITIVADA;13/01/2025;6,69;VIBRA;6,57;0,1200000000000001;1,8264840182648419;6,486;6,57;0,1200000000000001;6,55;0,14000000000000057;2,1374045801526806;82;False
REDE DE POSTOS PRESIDENTE LTDA;32864795001063;GETULIO VARGAS;GASOLINA ADITIVADA;20/01/2025;6,69;VIBRA;6,69;0,0;0,0;6,504545454545454;6,57;0,1200000000000001;6,55;0,14000000000000057;2,1374045801526806;82;False
REDE DE POSTOS PRESIDENTE LTDA;32864795001063;GETULIO VARGAS;GASOLINA ADITIVADA;28/01/2025;6,69;VIBRA;6,69;0,0;0,0;6,5200000000000005;6,57;0,1200000000000001;6,55;0,14000000000000057;2,1374045801526806;82;False
REDE DE POSTOS PRESIDENTE LTDA;32864795001063;GETULIO VARGAS;GASOLINA ADITIVADA;03/02/2025;6,79;VIBRA;6,69;0,09999999999999964;1,4947683109118033;6,533076923076924;6,57;0,21999999999999975;6,55;0,2400000000000002;3,6641221374045836;82;False
REDE DE POSTOS PRESIDENTE LTDA;32864795001063;GETULIO VARGAS;GASOLINA ADITIVADA;11/02/2025;6,89;VIBRA;6,79;0,09999999999999964;1,4727540500736325;6,551428571428572;6,57;0,3199999999999994;6,75;0,13999999999999968;2,0740740740740695;82;False
REDE DE POSTOS PRESIDENTE LTDA;32864795001063;GETULIO VARGAS;GASOLINA ADITIVADA;18/02/2025;6,89;VIBRA;6,89;0,0;0,0;6,574;6,57;0,3199999999999994;6,75;0,13999999999999968;2,0740740740740695;82;False
REDE DE POSTOS PRESIDENTE LTDA;32864795001063;GETULIO VARGAS;GASOLINA ADITIVADA;25/02/2025;6,89;VIBRA;6,89;0,0;0,0;6,59375;6,57;0,3199999999999994;6,75;0,13999999999999968;2,0740740740740695;82;False
REDE DE POSTOS PRESIDENTE LTDA;32864795001063;GETULIO VARGAS;GASOLINA ADITIVADA;03/03/2025;6,89;VIBRA;6,89;0,0;0,0;6,611176470588235;6,57;0,3199999999999994;6,75;0,13999999999999968;2,0740740740740695;82;False
REDE DE POSTOS PRESIDENTE LTDA;32864795001063;GETULIO VARGAS;GASOLINA ADITIVADA;11/03/2025;6,89;VIBRA;6,89;0,0;0,0;6,626666666666667;6,57;0,3199999999999994;6,75;0,13999999999999968;2,0740740740740695;82;False
REDE DE POSTOS PRESIDENTE LTDA;32864795001063;GETULIO VARGAS;GASOLINA ADITIVADA;18/03/2025;6,89;VIBRA;6,89;0,0;0,0;6,640526315789474;6,57;0,3199999999999994;6,75;0,13999999999999968;2,0740740740740695;82;False
REDE DE POSTOS PRESIDENTE LTDA;32864795001063;GETULIO VARGAS;GASOLINA ADITIVADA;25/03/2025;6,89;VIBRA;6,89;0,0;0,0;6,6530000000000005;6,630000000000001;0,2599999999999989;6,75;0,13999999999999968;2,0740740740740695;82;False
REDE DE POSTOS PRESIDENTE LTDA;32864795001063;GETULIO VARGAS;GASOLINA ADITIVADA;31/03/2025;6,89;VIBRA;6,89;0,0;0,0;6,664285714285714;6,69;0,1999999999999993;6,75;0,13999999999999968;2,0740740740740695;82;False
REDE DE POSTOS PRESIDENTE LTDA;32864795001063;GETULIO VARGAS;GASOLINA ADITIVADA;08/04/2025;6,89;VIBRA;6,89;0,0;0,0;6,674545454545455;6,69;0,1999999999999993;6,75;0,13999999999999968;2,0740740740740695;82;False
REDE DE POSTOS PRESIDENTE LTDA;32864795001063;GETULIO VARGAS;GASOLINA ADITIVADA;15/04/2025;6,79;VIBRA;6,89;-0,09999999999999964;-1,4513788098693707;6,6839130434782605;6,69;0,09999999999999964;6,65;0,13999999999999968;2,105263157894732;82;False
REDE DE POSTOS PRESIDENTE LTDA;32864795001063;GETULIO VARGAS;GASOLINA ADITIVADA;22/04/2025;6,79;VIBRA;6,79;0,0;0,0;6,6883333333333335;6,69;0,09999999999999964;6,695;0,09499999999999975;1,418969380134425;82;False
REDE DE POSTOS PRESIDENTE LTDA;32864795001063;GETULIO VARGAS;GASOLINA ADITIVADA;29/04/2025;6,89;VIBRA;6,79;0,09999999999999964;1,4727540500736325;6,6924;6,69;0,1999999999999993;6,75;0,13999999999999968;2,0740740740740695;82;False
REDE DE POSTOS PRESIDENTE LTDA;32864795001063;GETULIO VARGAS;GASOLINA ADITIVADA;05/05/2025;6,89;VIBRA;6,89;0,0;0,0;6,699999999999999;6,74;0,14999999999999947;6,75;0,13999999999999968;2,0740740740740695;82;False
REDE DE POSTOS PRESIDENTE LTDA;32864795001063;GETULIO VARGAS;GASOLINA ADITIVADA;12/05/2025;6,89;VIBRA;6,89;0,0;0,0;6,707037037037037;6,79;0,09999999999999964;6,734999999999999;0,15500000000000025;2,301410541945067;82;False
REDE DE POSTOS PRESIDENTE LTDA;32864795001063;GETULIO VARGAS;GASOLINA ADITIVADA;19/05/2025;6,89;VIBRA;6,89;0,0;0,0;6,713571428571428;6,79;0,09999999999999964;6,775;0,11499999999999932;1,6974169741697316;82;False
REDE DE POSTOS PRESIDENTE LTDA;32864795001063;GETULIO VARGAS;GASOLINA ADITIVADA;27/05/2025;6,89;VIBRA;6,89;0,0;0,0;6,719655172413793;6,79;0,09999999999999964;6,8;0,08999999999999986;1,3235294117647038;82;False
REDE DE POSTOS PRESIDENTE LTDA;32864795001063;GETULIO VARGAS;GASOLINA ADITIVADA;03/06/2025;6,89;VIBRA;6,89;0,0;0,0;6,725333333333333;6,79;0,09999999999999964;6,8;0,08999999999999986;1,3235294117647038;82;False
REDE DE POSTOS PRESIDENTE LTDA;32864795001063;GETULIO VARGAS;GASOLINA ADITIVADA;09/06/2025;6,89;VIBRA;6,89;0,0;0,0;6,730645161290322;6,79;0,09999999999999964;6,76;0,1299999999999999;1,9230769230769214;82;False
REDE DE POSTOS PRESIDENTE LTDA;32864795001063;GETULIO VARGAS;GASOLINA ADITIVADA;16/06/2025;6,89;VIBRA;6,89;0,0;0,0;6,735625;6,84;0,04999999999999982;6,8;0,08999999999999986;1,3235294117647038;82;False
REDE DE POSTOS PRESIDENTE LTDA;32864795001063;GETULIO VARGAS;GASOLINA ADITIVADA;24/06/2025;6,89;VIBRA;6,89;0,0;0,0;6,74030303030303;6,89;0,0;6,8;0,08999999999999986;1,3235294117647038;82;False
REDE DE POSTOS PRESIDENTE LTDA;32864795001063;GETULIO VARGAS;GASOLINA ADITIVADA;30/06/2025;6,89;VIBRA;6,89;0,0;0,0;6,744705882352941;6,89;0,0;6,8;0,08999999999999986;1,3235294117647038;82;False
REDE DE POSTOS PRESIDENTE LTDA;32864795001063;GETULIO VARGAS;GASOLINA ADITIVADA;08/07/2025;6,89;VIBRA;6,89;0,0;0,0;6,748857142857143;6,89;0,0;6,8;0,08999999999999986;1,3235294117647038;82;False
REDE DE POSTOS PRESIDENTE LTDA;32864795001063;GETULIO VARGAS;GASOLINA ADITIVADA;15/07/2025;6,89;VIBRA;6,89;0,0;0,0;6,752777777777777;6,89;0,0;6,8;0,08999999999999986;1,3235294117647038;82;False
REDE DE POSTOS PRESIDENTE LTDA;32864795001063;GETULIO VARGAS;GASOLINA ADITIVADA;22/07/2025;6,89;VIBRA;6,89;0,0;0,0;6,756486486486486;6,89;0,0;6,8;0,08999999999999986;1,3235294117647038;82;False
REDE DE POSTOS PRESIDENTE LTDA;32864795001063;GETULIO VARGAS;GASOLINA ADITIVADA;28/07/2025;6,89;VIBRA;6,89;0,0;0,0;6,76;6,89;0,0;6,8;0,08999999999999986;1,3235294117647038;82;False
REDE DE POSTOS PRESIDENTE LTDA;32864795001063;GETULIO VARGAS;GASOLINA ADITIVADA;05/08/2025;6,89;VIBRA;6,89;0,0;0,0;6,763333333333333;6,89;0,0;6,8;0,08999999999999986;1,3235294117647038;82;False
REDE DE POSTOS PRESIDENTE LTDA;32864795001063;GETULIO VARGAS;GASOLINA ADITIVADA;12/08/2025;6,89;VIBRA;6,89;0,0;0,0;6,766499999999999;6,89;0,0;6,76;0,1299999999999999;1,9230769230769214;82;False
REDE DE POSTOS PRESIDENTE LTDA;32864795001063;GETULIO VARGAS;GASOLINA ADITIVADA;19/08/2025;6,89;VIBRA;6,89;0,0;0,0;6,769512195121951;6,89;0,0;6,8;0,08999999999999986;1,3235294117647038;82;False
REDE DE POSTOS PRESIDENTE LTDA;32864795001063;GETULIO VARGAS;GASOLINA ADITIVADA;27/08/2025;6,89;VIBRA;6,89;0,0;0,0;6,772380952380952;6,89;0,0;6,72;0,16999999999999993;2,5297619047619038;82;False
REDE DE POSTOS PRESIDENTE LTDA;32864795001063;GETULIO VARGAS;GASOLINA ADITIVADA;02/09/2025;6,89;VIBRA;6,89;0,0;0,0;6,775116279069767;6,89;0,0;6,795;0,09499999999999975;1,398086828550401;82;False
REDE DE POSTOS PRESIDENTE LTDA;32864795001063;GETULIO VARGAS;GASOLINA ADITIVADA;09/09/2025;6,89;VIBRA;6,89;0,0;0,0;6,777727272727272;6,89;0,0;6,795;0,09499999999999975;1,398086828550401;82;False
REDE DE POSTOS PRESIDENTE LTDA;32864795001063;GETULIO VARGAS;GASOLINA ADITIVADA;17/09/2025;6,89;VIBRA;6,89;0,0;0,0;6,780222222222222;6,89;0,0;6,76;0,1299999999999999;1,9230769230769214;82;False
REDE DE POSTOS PRESIDENTE LTDA;32864795001063;GETULIO VARGAS;GASOLINA ADITIVADA;22/09/2025;6,89;VIBRA;6,89;0,0;0,0;6,782608695652174;6,89;0,0;6,8149999999999995;0,07500000000000018;1,1005135730007363;82;False
REDE DE POSTOS PRESIDENTE LTDA;32864795001063;GETULIO VARGAS;GASOLINA ADITIVADA;30/09/2025;6,89;VIBRA;6,89;0,0;0,0;6,784893617021276;6,89;0,0;6,8149999999999995;0,07500000000000018;1,1005135730007363;82;False
REDE DE POSTOS PRESIDENTE LTDA;32864795001063;GETULIO VARGAS;GASOLINA ADITIVADA;06/10/2025;6,89;VIBRA;6,89;0,0;0,0;6,7870833333333325;6,89;0,0;6,8149999999999995;0,07500000000000018;1,1005135730007363;82;False
REDE DE POSTOS PRESIDENTE LTDA;32864795001063;GETULIO VARGAS;GASOLINA ADITIVADA;13/10/2025;6,89;VIBRA;6,89;0,0;0,0;6,789183673469388;6,89;0,0;6,76;0,1299999999999999;1,9230769230769214;82;False
REDE DE POSTOS PRESIDENTE LTDA;32864795001063;GETULIO VARGAS;GASOLINA ADITIVADA;20/10/2025;6,89;VIBRA;6,89;0,0;0,0;6,7912;6,89;0,0;6,72;0,16999999999999993;2,5297619047619038;82;False
REDE DE POSTOS PRESIDENTE LTDA;32864795001063;GETULIO VARGAS;GASOLINA ADITIVADA;28/10/2025;6,79;VIBRA;6,89;-0,09999999999999964;-1,4513788098693707;6,793137254901961;6,89;-0,09999999999999964;6,74;0,04999999999999982;0,7418397626112733;82;False
REDE DE POSTOS PRESIDENTE LTDA;32864795001063;GETULIO VARGAS;GASOLINA ADITIVADA;04/11/2025;6,79;VIBRA;6,79;0,0;0,0;6,7930769230769235;6,89;-0,09999999999999964;6,765000000000001;0,024999999999999467;0,369549150036947;82;False
REDE DE POSTOS PRESIDENTE LTDA;32864795001063;GETULIO VARGAS;GASOLINA ADITIVADA;11/11/2025;6,79;VIBRA;6,79;0,0;0,0;6,793018867924528;6,89;-0,09999999999999964;6,65;0,13999999999999968;2,105263157894732;82;False
REDE DE POSTOS PRESIDENTE LTDA;32864795001063;GETULIO VARGAS;GASOLINA ADITIVADA;18/11/2025;6,79;VIBRA;6,79;0,0;0,0;6,792962962962963;6,89;-0,09999999999999964;6,71;0,08000000000000007;1,1922503725782425;82;False
REDE DE POSTOS PRESIDENTE LTDA;32864795001063;GETULIO VARGAS;GASOLINA ADITIVADA;25/11/2025;6,79;VIBRA;6,79;0,0;0,0;6,792909090909091;6,89;-0,09999999999999964;6,71;0,08000000000000007;1,1922503725782425;82;False
REDE DE POSTOS PRESIDENTE LTDA;32864795001063;GETULIO VARGAS;GASOLINA ADITIVADA;08/12/2025;6,79;VIBRA;6,79;0,0;0,0;6,792857142857143;6,89;-0,09999999999999964;6,79;0,0;0,0;82;False
REDE DE POSTOS PRESIDENTE LTDA;32864795001063;GETULIO VARGAS;GASOLINA ADITIVADA;15/12/2025;6,79;VIBRA;6,79;0,0;0,0;6,7928070175438595;6,89;-0,09999999999999964;6,79;0,0;0,0;82;False
REDE DE POSTOS PRESIDENTE LTDA;32864795001063;GETULIO VARGAS;GASOLINA ADITIVADA;23/12/2025;6,79;VIBRA;6,79;0,0;0,0;6,792758620689655;6,89;-0,09999999999999964;6,79;0,0;0,0;82;False
REDE DE POSTOS PRESIDENTE LTDA;32864795001063;GETULIO VARGAS;GASOLINA ADITIVADA;29/12/2025;6,79;VIBRA;6,79;0,0;0,0;6,79271186440678;6,89;-0,09999999999999964;6,654999999999999;0,13500000000000068;2,0285499624342704;82;False
REDE DE POSTOS PRESIDENTE LTDA;32864795001063;GETULIO VARGAS;GASOLINA ADITIVADA;05/01/2026;6,79;VIBRA;6,79;0,0;0,0;6,792666666666666;6,89;-0,09999999999999964;6,654999999999999;0,13500000000000068;2,0285499624342704;82;False
REDE DE POSTOS PRESIDENTE LTDA;32864795001063;GETULIO VARGAS;GASOLINA ADITIVADA;20/01/2026;6,79;VIBRA;6,79;0,0;0,0;6,792622950819672;6,89;-0,09999999999999964;6,654999999999999;0,13500000000000068;2,0285499624342704;82;False
REDE DE POSTOS PRESIDENTE LTDA;32864795001063;GETULIO VARGAS;GASOLINA ADITIVADA;09/02/2026;6,79;VIBRA;6,79;0,0;0,0;6,79258064516129;6,89;-0,09999999999999964;6,62;0,16999999999999993;2,567975830815709;82;False
REDE DE POSTOS PRESIDENTE LTDA;32864795001063;GETULIO VARGAS;GASOLINA ADITIVADA;24/02/2026;6,79;VIBRA;6,79;0,0;0,0;6,792539682539682;6,89;-0,09999999999999964;6,555;0,23500000000000032;3,5850495804729263;82;False
REDE DE POSTOS PRESIDENTE LTDA;32864795001063;GETULIO VARGAS;GASOLINA ADITIVADA;04/03/2026;6,79;VIBRA;6,79;0,0;0,0;6,7924999999999995;6,89;-0,09999999999999964;6,74;0,04999999999999982;0,7418397626112733;82;False
REDE DE POSTOS PRESIDENTE LTDA;32864795001063;GETULIO VARGAS;GASOLINA ADITIVADA;09/03/2026;7,09;VIBRA;6,79;0,2999999999999998;4,418262150220911;6,792461538461538;6,89;0,20000000000000018;6,93;0,16000000000000014;2,308802308802311;82;False
REDE DE POSTOS PRESIDENTE LTDA;32864795001063;GETULIO VARGAS;GASOLINA ADITIVADA;20/03/2026;7,89;VIBRA;7,09;0,7999999999999998;11,283497884344145;6,796969696969697;6,89;1,0;7,29;0,5999999999999996;8,230452674897114;82;False
REDE DE POSTOS PRESIDENTE LTDA;32864795001063;GETULIO VARGAS;GASOLINA ADITIVADA;25/03/2026;7,49;VIBRA;7,89;-0,39999999999999947;-5,069708491761717;6,813283582089553;6,89;0,6000000000000005;7,49;0,0;0,0;82;False
REDE DE POSTOS PRESIDENTE LTDA;32864795001063;GETULIO VARGAS;GASOLINA ADITIVADA;31/03/2026;7,49;VIBRA;7,49;0,0;0,0;6,823235294117647;6,89;0,6000000000000005;7,49;0,0;0,0;82;False
REDE DE POSTOS PRESIDENTE LTDA;32864795001063;GETULIO VARGAS;GASOLINA ADITIVADA;09/04/2026;7,49;VIBRA;7,49;0,0;0,0;6,832898550724638;6,89;0,6000000000000005;7,4399999999999995;0,05000000000000071;0,6720430107526978;82;False
REDE DE POSTOS PRESIDENTE LTDA;32864795001063;GETULIO VARGAS;GASOLINA ADITIVADA;15/04/2026;7,49;VIBRA;7,49;0,0;0,0;6,842285714285714;6,89;0,6000000000000005;7,49;0,0;0,0;82;False
REDE DE POSTOS PRESIDENTE LTDA;32864795001063;GETULIO VARGAS;GASOLINA ADITIVADA;24/04/2026;7,49;VIBRA;7,49;0,0;0,0;6,851408450704225;6,89;0,6000000000000005;7,29;0,20000000000000018;2,7434842249657088;82;False
REDE DE POSTOS PRESIDENTE LTDA;32864795001063;GETULIO VARGAS;GASOLINA ADITIVADA;29/04/2026;7,49;VIBRA;7,49;0,0;0,0;6,860277777777778;6,89;0,6000000000000005;7,39;0,10000000000000053;1,3531799729364078;82;False
REDE DE POSTOS PRESIDENTE LTDA;32864795001063;GETULIO VARGAS;GASOLINA ADITIVADA;07/05/2026;7,79;VIBRA;7,49;0,2999999999999998;4,005340453938582;6,8689041095890415;6,89;0,9000000000000004;7,6899999999999995;0,10000000000000053;1,3003901170351175;82;False
REDE DE POSTOS PRESIDENTE LTDA;32864795001063;GETULIO VARGAS;GASOLINA ADITIVADA;13/05/2026;7,79;VIBRA;7,79;0,0;0,0;6,881351351351351;6,89;0,9000000000000004;7,79;0,0;0,0;82;False
REDE DE POSTOS PRESIDENTE LTDA;32864795001063;GETULIO VARGAS;GASOLINA ADITIVADA;20/05/2026;7,39;VIBRA;7,79;-0,40000000000000036;-5,134788189987168;6,893466666666667;6,89;0,5;7,34;0,04999999999999982;0,6811989100817415;82;False
REDE DE POSTOS PRESIDENTE LTDA;32864795001063;GETULIO VARGAS;GASOLINA ADITIVADA;26/05/2026;7,39;VIBRA;7,39;0,0;0,0;6,8999999999999995;6,89;0,5;7,28;0,10999999999999943;1,5109890109890032;82;False
REDE DE POSTOS PRESIDENTE LTDA;32864795001063;GETULIO VARGAS;GASOLINA ADITIVADA;03/06/2026;7,39;VIBRA;7,39;0,0;0,0;6,906363636363636;6,89;0,5;7,39;0,0;0,0;82;False
REDE DE POSTOS PRESIDENTE LTDA;32864795001063;GETULIO VARGAS;GASOLINA ADITIVADA;09/06/2026;7,39;VIBRA;7,39;0,0;0,0;6,912564102564102;6,89;0,5;7,19;0,1999999999999993;2,7816411682892808;82;False
REDE DE POSTOS PRESIDENTE LTDA;32864795001063;GETULIO VARGAS;GASOLINA ADITIVADA;16/06/2026;7,39;VIBRA;7,39;0,0;0,0;6,918607594936708;6,89;0,5;7,28;0,10999999999999943;1,5109890109890032;82;False
REDE DE POSTOS PRESIDENTE LTDA;32864795001063;GETULIO VARGAS;GASOLINA ADITIVADA;23/06/2026;7,39;VIBRA;7,39;0,0;0,0;6,9245;6,89;0,5;7,26;0,1299999999999999;1,7906336088154258;82;False
REDE DE POSTOS PRESIDENTE LTDA;32864795001063;GETULIO VARGAS;GASOLINA ADITIVADA;30/06/2026;7,39;VIBRA;7,39;0,0;0,0;6,930246913580247;6,89;0,5;7,17;0,21999999999999975;3,068340306834027;82;False
REDE DE POSTOS PRESIDENTE LTDA;32864795001063;GETULIO VARGAS;GNV;04/11/2024;4,9;VIBRA;;;;;;;4,9;0,0;0,0;79;False
REDE DE POSTOS PRESIDENTE LTDA;32864795001063;GETULIO VARGAS;GNV;11/11/2024;4,9;VIBRA;4,9;0,0;0,0;4,9;4,9;0,0;4,9;0,0;0,0;79;False
REDE DE POSTOS PRESIDENTE LTDA;32864795001063;GETULIO VARGAS;GNV;18/11/2024;4,9;VIBRA;4,9;0,0;0,0;4,9;4,9;0,0;4,9;0,0;0,0;79;False
REDE DE POSTOS PRESIDENTE LTDA;32864795001063;GETULIO VARGAS;GNV;25/11/2024;4,9;VIBRA;4,9;0,0;0,0;4,9;4,9;0,0;4,9;0,0;0,0;79;False
REDE DE POSTOS PRESIDENTE LTDA;32864795001063;GETULIO VARGAS;GNV;03/12/2024;4,9;VIBRA;4,9;0,0;0,0;4,9;4,9;0,0;4,9;0,0;0,0;79;False
REDE DE POSTOS PRESIDENTE LTDA;32864795001063;GETULIO VARGAS;GNV;09/12/2024;4,9;VIBRA;4,9;0,0;0,0;4,9;4,9;0,0;4,9;0,0;0,0;79;False
REDE DE POSTOS PRESIDENTE LTDA;32864795001063;GETULIO VARGAS;GNV;16/12/2024;4,9;VIBRA;4,9;0,0;0,0;4,9;4,9;0,0;4,9;0,0;0,0;79;False
REDE DE POSTOS PRESIDENTE LTDA;32864795001063;GETULIO VARGAS;GNV;23/12/2024;4,9;VIBRA;4,9;0,0;0,0;4,9;4,9;0,0;4,9;0,0;0,0;79;False
REDE DE POSTOS PRESIDENTE LTDA;32864795001063;GETULIO VARGAS;GNV;30/12/2024;4,9;VIBRA;4,9;0,0;0,0;4,9;4,9;0,0;4,9;0,0;0,0;79;False
REDE DE POSTOS PRESIDENTE LTDA;32864795001063;GETULIO VARGAS;GNV;06/01/2025;4,9;VIBRA;4,9;0,0;0,0;4,9;4,9;0,0;4,9;0,0;0,0;79;False
REDE DE POSTOS PRESIDENTE LTDA;32864795001063;GETULIO VARGAS;GNV;13/01/2025;4,9;VIBRA;4,9;0,0;0,0;4,9;4,9;0,0;4,9;0,0;0,0;79;False
REDE DE POSTOS PRESIDENTE LTDA;32864795001063;GETULIO VARGAS;GNV;20/01/2025;4,9;VIBRA;4,9;0,0;0,0;4,9;4,9;0,0;4,9;0,0;0,0;79;False
REDE DE POSTOS PRESIDENTE LTDA;32864795001063;GETULIO VARGAS;GNV;28/01/2025;4,9;VIBRA;4,9;0,0;0,0;4,9;4,9;0,0;4,9;0,0;0,0;79;False
REDE DE POSTOS PRESIDENTE LTDA;32864795001063;GETULIO VARGAS;GNV;03/02/2025;4,9;VIBRA;4,9;0,0;0,0;4,9;4,9;0,0;4,9;0,0;0,0;79;False
REDE DE POSTOS PRESIDENTE LTDA;32864795001063;GETULIO VARGAS;GNV;11/02/2025;4,9;VIBRA;4,9;0,0;0,0;4,9;4,9;0,0;4,9;0,0;0,0;79;False
REDE DE POSTOS PRESIDENTE LTDA;32864795001063;GETULIO VARGAS;GNV;18/02/2025;4,9;VIBRA;4,9;0,0;0,0;4,9;4,9;0,0;4,9;0,0;0,0;79;False
REDE DE POSTOS PRESIDENTE LTDA;32864795001063;GETULIO VARGAS;GNV;25/02/2025;4,9;VIBRA;4,9;0,0;0,0;4,9;4,9;0,0;4,9;0,0;0,0;79;False
REDE DE POSTOS PRESIDENTE LTDA;32864795001063;GETULIO VARGAS;GNV;03/03/2025;4,9;VIBRA;4,9;0,0;0,0;4,9;4,9;0,0;4,9;0,0;0,0;79;False
REDE DE POSTOS PRESIDENTE LTDA;32864795001063;GETULIO VARGAS;GNV;11/03/2025;4,9;VIBRA;4,9;0,0;0,0;4,9;4,9;0,0;4,9;0,0;0,0;79;False
REDE DE POSTOS PRESIDENTE LTDA;32864795001063;GETULIO VARGAS;GNV;18/03/2025;4,9;VIBRA;4,9;0,0;0,0;4,9;4,9;0,0;4,9;0,0;0,0;79;False
REDE DE POSTOS PRESIDENTE LTDA;32864795001063;GETULIO VARGAS;GNV;25/03/2025;4,9;VIBRA;4,9;0,0;0,0;4,9;4,9;0,0;4,9;0,0;0,0;79;False
REDE DE POSTOS PRESIDENTE LTDA;32864795001063;GETULIO VARGAS;GNV;31/03/2025;4,9;VIBRA;4,9;0,0;0,0;4,9;4,9;0,0;4,9;0,0;0,0;79;False
REDE DE POSTOS PRESIDENTE LTDA;32864795001063;GETULIO VARGAS;GNV;08/04/2025;4,9;VIBRA;4,9;0,0;0,0;4,9;4,9;0,0;4,9;0,0;0,0;79;False
REDE DE POSTOS PRESIDENTE LTDA;32864795001063;GETULIO VARGAS;GNV;15/04/2025;4,9;VIBRA;4,9;0,0;0,0;4,9;4,9;0,0;4,9;0,0;0,0;79;False
REDE DE POSTOS PRESIDENTE LTDA;32864795001063;GETULIO VARGAS;GNV;22/04/2025;4,9;VIBRA;4,9;0,0;0,0;4,9;4,9;0,0;4,9;0,0;0,0;79;False
REDE DE POSTOS PRESIDENTE LTDA;32864795001063;GETULIO VARGAS;GNV;29/04/2025;4,9;VIBRA;4,9;0,0;0,0;4,9;4,9;0,0;4,9;0,0;0,0;79;False
REDE DE POSTOS PRESIDENTE LTDA;32864795001063;GETULIO VARGAS;GNV;05/05/2025;4,9;VIBRA;4,9;0,0;0,0;4,9;4,9;0,0;4,9;0,0;0,0;79;False
REDE DE POSTOS PRESIDENTE LTDA;32864795001063;GETULIO VARGAS;GNV;12/05/2025;4,99;VIBRA;4,9;0,08999999999999986;1,8367346938775482;4,9;4,9;0,08999999999999986;4,99;0,0;0,0;79;False
REDE DE POSTOS PRESIDENTE LTDA;32864795001063;GETULIO VARGAS;GNV;19/05/2025;4,99;VIBRA;4,99;0,0;0,0;4,903214285714286;4,9;0,08999999999999986;4,99;0,0;0,0;79;False
REDE DE POSTOS PRESIDENTE LTDA;32864795001063;GETULIO VARGAS;GNV;27/05/2025;4,99;VIBRA;4,99;0,0;0,0;4,9062068965517245;4,9;0,08999999999999986;4,99;0,0;0,0;79;False
REDE DE POSTOS PRESIDENTE LTDA;32864795001063;GETULIO VARGAS;GNV;03/06/2025;4,99;VIBRA;4,99;0,0;0,0;4,909000000000001;4,9;0,08999999999999986;4,99;0,0;0,0;79;False
REDE DE POSTOS PRESIDENTE LTDA;32864795001063;GETULIO VARGAS;GNV;09/06/2025;4,99;VIBRA;4,99;0,0;0,0;4,911612903225807;4,9;0,08999999999999986;4,99;0,0;0,0;79;False
REDE DE POSTOS PRESIDENTE LTDA;32864795001063;GETULIO VARGAS;GNV;16/06/2025;4,99;VIBRA;4,99;0,0;0,0;4,9140625;4,9;0,08999999999999986;4,99;0,0;0,0;79;False
REDE DE POSTOS PRESIDENTE LTDA;32864795001063;GETULIO VARGAS;GNV;24/06/2025;4,99;VIBRA;4,99;0,0;0,0;4,916363636363637;4,9;0,08999999999999986;4,99;0,0;0,0;79;False
REDE DE POSTOS PRESIDENTE LTDA;32864795001063;GETULIO VARGAS;GNV;30/06/2025;4,99;VIBRA;4,99;0,0;0,0;4,918529411764706;4,9;0,08999999999999986;4,99;0,0;0,0;79;False
REDE DE POSTOS PRESIDENTE LTDA;32864795001063;GETULIO VARGAS;GNV;08/07/2025;4,99;VIBRA;4,99;0,0;0,0;4,920571428571429;4,9;0,08999999999999986;4,99;0,0;0,0;79;False
REDE DE POSTOS PRESIDENTE LTDA;32864795001063;GETULIO VARGAS;GNV;15/07/2025;4,99;VIBRA;4,99;0,0;0,0;4,9225;4,9;0,08999999999999986;4,99;0,0;0,0;79;False
REDE DE POSTOS PRESIDENTE LTDA;32864795001063;GETULIO VARGAS;GNV;22/07/2025;4,99;VIBRA;4,99;0,0;0,0;4,924324324324325;4,9;0,08999999999999986;4,99;0,0;0,0;79;False
REDE DE POSTOS PRESIDENTE LTDA;32864795001063;GETULIO VARGAS;GNV;28/07/2025;4,99;VIBRA;4,99;0,0;0,0;4,926052631578948;4,9;0,08999999999999986;4,99;0,0;0,0;79;False
REDE DE POSTOS PRESIDENTE LTDA;32864795001063;GETULIO VARGAS;GNV;05/08/2025;4,69;VIBRA;4,99;-0,2999999999999998;-6,012024048096189;4,927692307692308;4,9;-0,20999999999999996;4,69;0,0;0,0;79;False
REDE DE POSTOS PRESIDENTE LTDA;32864795001063;GETULIO VARGAS;GNV;12/08/2025;4,69;VIBRA;4,69;0,0;0,0;4,92175;4,9;-0,20999999999999996;4,69;0,0;0,0;79;False
REDE DE POSTOS PRESIDENTE LTDA;32864795001063;GETULIO VARGAS;GNV;19/08/2025;4,69;VIBRA;4,69;0,0;0,0;4,91609756097561;4,9;-0,20999999999999996;4,69;0,0;0,0;79;False
REDE DE POSTOS PRESIDENTE LTDA;32864795001063;GETULIO VARGAS;GNV;02/09/2025;4,69;VIBRA;4,69;0,0;0,0;4,910714285714286;4,9;-0,20999999999999996;4,69;0,0;0,0;79;False
REDE DE POSTOS PRESIDENTE LTDA;32864795001063;GETULIO VARGAS;GNV;09/09/2025;4,69;VIBRA;4,69;0,0;0,0;4,905581395348838;4,9;-0,20999999999999996;4,69;0,0;0,0;79;False
REDE DE POSTOS PRESIDENTE LTDA;32864795001063;GETULIO VARGAS;GNV;17/09/2025;4,69;VIBRA;4,69;0,0;0,0;4,900681818181819;4,9;-0,20999999999999996;4,69;0,0;0,0;79;False
REDE DE POSTOS PRESIDENTE LTDA;32864795001063;GETULIO VARGAS;GNV;22/09/2025;4,69;VIBRA;4,69;0,0;0,0;4,896000000000001;4,9;-0,20999999999999996;4,69;0,0;0,0;79;False
REDE DE POSTOS PRESIDENTE LTDA;32864795001063;GETULIO VARGAS;GNV;30/09/2025;4,69;VIBRA;4,69;0,0;0,0;4,891521739130435;4,9;-0,20999999999999996;4,69;0,0;0,0;79;False
REDE DE POSTOS PRESIDENTE LTDA;32864795001063;GETULIO VARGAS;GNV;06/10/2025;4,69;VIBRA;4,69;0,0;0,0;4,8872340425531915;4,9;-0,20999999999999996;4,69;0,0;0,0;79;False
REDE DE POSTOS PRESIDENTE LTDA;32864795001063;GETULIO VARGAS;GNV;13/10/2025;4,69;VIBRA;4,69;0,0;0,0;4,883125000000001;4,9;-0,20999999999999996;4,69;0,0;0,0;79;False
REDE DE POSTOS PRESIDENTE LTDA;32864795001063;GETULIO VARGAS;GNV;20/10/2025;4,69;VIBRA;4,69;0,0;0,0;4,879183673469388;4,9;-0,20999999999999996;4,69;0,0;0,0;79;False
REDE DE POSTOS PRESIDENTE LTDA;32864795001063;GETULIO VARGAS;GNV;28/10/2025;4,69;VIBRA;4,69;0,0;0,0;4,8754;4,9;-0,20999999999999996;4,69;0,0;0,0;79;False
REDE DE POSTOS PRESIDENTE LTDA;32864795001063;GETULIO VARGAS;GNV;04/11/2025;4,69;VIBRA;4,69;0,0;0,0;4,871764705882353;4,9;-0,20999999999999996;4,69;0,0;0,0;79;False
REDE DE POSTOS PRESIDENTE LTDA;32864795001063;GETULIO VARGAS;GNV;11/11/2025;4,69;VIBRA;4,69;0,0;0,0;4,868269230769231;4,9;-0,20999999999999996;4,69;0,0;0,0;79;False
REDE DE POSTOS PRESIDENTE LTDA;32864795001063;GETULIO VARGAS;GNV;18/11/2025;4,69;VIBRA;4,69;0,0;0,0;4,864905660377359;4,9;-0,20999999999999996;4,69;0,0;0,0;79;False
REDE DE POSTOS PRESIDENTE LTDA;32864795001063;GETULIO VARGAS;GNV;25/11/2025;4,69;VIBRA;4,69;0,0;0,0;4,861666666666667;4,9;-0,20999999999999996;4,69;0,0;0,0;79;False
REDE DE POSTOS PRESIDENTE LTDA;32864795001063;GETULIO VARGAS;GNV;08/12/2025;4,69;VIBRA;4,69;0,0;0,0;4,858545454545455;4,9;-0,20999999999999996;4,69;0,0;0,0;79;False
REDE DE POSTOS PRESIDENTE LTDA;32864795001063;GETULIO VARGAS;GNV;15/12/2025;4,69;VIBRA;4,69;0,0;0,0;4,855535714285715;4,9;-0,20999999999999996;4,69;0,0;0,0;79;False
REDE DE POSTOS PRESIDENTE LTDA;32864795001063;GETULIO VARGAS;GNV;23/12/2025;4,69;VIBRA;4,69;0,0;0,0;4,852631578947369;4,9;-0,20999999999999996;4,69;0,0;0,0;79;False
REDE DE POSTOS PRESIDENTE LTDA;32864795001063;GETULIO VARGAS;GNV;29/12/2025;4,69;VIBRA;4,69;0,0;0,0;4,849827586206897;4,9;-0,20999999999999996;4,69;0,0;0,0;79;False
REDE DE POSTOS PRESIDENTE LTDA;32864795001063;GETULIO VARGAS;GNV;05/01/2026;4,69;VIBRA;4,69;0,0;0,0;4,847118644067797;4,9;-0,20999999999999996;4,69;0,0;0,0;79;False
REDE DE POSTOS PRESIDENTE LTDA;32864795001063;GETULIO VARGAS;GNV;20/01/2026;4,69;VIBRA;4,69;0,0;0,0;4,8445;4,9;-0,20999999999999996;4,69;0,0;0,0;79;False
REDE DE POSTOS PRESIDENTE LTDA;32864795001063;GETULIO VARGAS;GNV;09/02/2026;4,61;VIBRA;4,69;-0,08000000000000007;-1,705756929637528;4,841967213114755;4,9;-0,29000000000000004;4,61;0,0;0,0;79;False
REDE DE POSTOS PRESIDENTE LTDA;32864795001063;GETULIO VARGAS;GNV;24/02/2026;4,61;VIBRA;4,61;0,0;0,0;4,8382258064516135;4,9;-0,29000000000000004;4,61;0,0;0,0;79;False
REDE DE POSTOS PRESIDENTE LTDA;32864795001063;GETULIO VARGAS;GNV;04/03/2026;4,61;VIBRA;4,61;0,0;0,0;4,834603174603175;4,9;-0,29000000000000004;4,61;0,0;0,0;79;False
REDE DE POSTOS PRESIDENTE LTDA;32864795001063;GETULIO VARGAS;GNV;09/03/2026;4,61;VIBRA;4,61;0,0;0,0;4,83109375;4,9;-0,29000000000000004;4,61;0,0;0,0;79;False
REDE DE POSTOS PRESIDENTE LTDA;32864795001063;GETULIO VARGAS;GNV;31/03/2026;4,61;VIBRA;4,61;0,0;0,0;4,827692307692308;4,9;-0,29000000000000004;4,61;0,0;0,0;79;False
REDE DE POSTOS PRESIDENTE LTDA;32864795001063;GETULIO VARGAS;GNV;09/04/2026;4,61;VIBRA;4,61;0,0;0,0;4,82439393939394;4,9;-0,29000000000000004;4,61;0,0;0,0;79;False
REDE DE POSTOS PRESIDENTE LTDA;32864795001063;GETULIO VARGAS;GNV;15/04/2026;4,61;VIBRA;4,61;0,0;0,0;4,821194029850747;4,9;-0,29000000000000004;4,61;0,0;0,0;79;False
REDE DE POSTOS PRESIDENTE LTDA;32864795001063;GETULIO VARGAS;GNV;24/04/2026;4,61;VIBRA;4,61;0,0;0,0;4,818088235294118;4,9;-0,29000000000000004;4,61;0,0;0,0;79;False
REDE DE POSTOS PRESIDENTE LTDA;32864795001063;GETULIO VARGAS;GNV;29/04/2026;4,61;VIBRA;4,61;0,0;0,0;4,815072463768116;4,9;-0,29000000000000004;4,61;0,0;0,0;79;False
REDE DE POSTOS PRESIDENTE LTDA;32864795001063;GETULIO VARGAS;GNV;07/05/2026;4,83;VIBRA;4,61;0,21999999999999975;4,772234273318866;4,812142857142858;4,9;-0,07000000000000028;4,83;0,0;0,0;79;False
REDE DE POSTOS PRESIDENTE LTDA;32864795001063;GETULIO VARGAS;GNV;13/05/2026;4,83;VIBRA;4,83;0,0;0,0;4,812394366197183;4,9;-0,07000000000000028;4,83;0,0;0,0;79;False
REDE DE POSTOS PRESIDENTE LTDA;32864795001063;GETULIO VARGAS;GNV;20/05/2026;4,83;VIBRA;4,83;0,0;0,0;4,812638888888889;4,9;-0,07000000000000028;4,83;0,0;0,0;79;False
REDE DE POSTOS PRESIDENTE LTDA;32864795001063;GETULIO VARGAS;GNV;26/05/2026;4,83;VIBRA;4,83;0,0;0,0;4,812876712328768;4,9;-0,07000000000000028;4,83;0,0;0,0;79;False
REDE DE POSTOS PRESIDENTE LTDA;32864795001063;GETULIO VARGAS;GNV;03/06/2026;4,83;VIBRA;4,83;0,0;0,0;4,813108108108108;4,9;-0,07000000000000028;4,83;0,0;0,0;79;False
REDE DE POSTOS PRESIDENTE LTDA;32864795001063;GETULIO VARGAS;GNV;09/06/2026;4,83;VIBRA;4,83;0,0;0,0;4,8133333333333335;4,9;-0,07000000000000028;4,83;0,0;0,0;79;False
REDE DE POSTOS PRESIDENTE LTDA;32864795001063;GETULIO VARGAS;GNV;16/06/2026;4,83;VIBRA;4,83;0,0;0,0;4,813552631578948;4,9;-0,07000000000000028;4,83;0,0;0,0;79;False
REDE DE POSTOS PRESIDENTE LTDA;32864795001063;GETULIO VARGAS;GNV;23/06/2026;4,83;VIBRA;4,83;0,0;0,0;4,813766233766234;4,9;-0,07000000000000028;4,83;0,0;0,0;79;False
REDE DE POSTOS PRESIDENTE LTDA;32864795001063;GETULIO VARGAS;GNV;30/06/2026;4,83;VIBRA;4,83;0,0;0,0;4,813974358974359;4,865;-0,03500000000000014;4,83;0,0;0,0;79;False
REDE DE POSTOS PRESIDENTE LTDA;32864795002701;INDUSTRIAL;ETANOL;24/04/2026;5,62;BRANCA;;;;;;;5,6;0,020000000000000462;0,3571428571428654;11;False
REDE DE POSTOS PRESIDENTE LTDA;32864795002701;INDUSTRIAL;ETANOL;29/04/2026;5,62;BRANCA;5,62;0,0;0,0;5,62;5,62;0,0;5,62;0,0;0,0;11;False
REDE DE POSTOS PRESIDENTE LTDA;32864795002701;INDUSTRIAL;ETANOL;07/05/2026;5,6;BRANCA;5,62;-0,020000000000000462;-0,3558718861210047;5,62;5,62;-0,020000000000000462;5,6;0,0;0,0;11;False
REDE DE POSTOS PRESIDENTE LTDA;32864795002701;INDUSTRIAL;ETANOL;12/05/2026;5,6;BRANCA;5,6;0,0;0,0;5,613333333333333;5,62;-0,020000000000000462;5,6;0,0;0,0;11;False
REDE DE POSTOS PRESIDENTE LTDA;32864795002701;INDUSTRIAL;ETANOL;20/05/2026;5,6;BRANCA;5,6;0,0;0,0;5,609999999999999;5,609999999999999;-0,009999999999999787;5,62;-0,020000000000000462;-0,3558718861210047;11;False
REDE DE POSTOS PRESIDENTE LTDA;32864795002701;INDUSTRIAL;ETANOL;27/05/2026;5,5;BRANCA;5,6;-0,09999999999999964;-1,7857142857142794;5,608;5,6;-0,09999999999999964;5,5;0,0;0,0;11;False
REDE DE POSTOS PRESIDENTE LTDA;32864795002701;INDUSTRIAL;ETANOL;02/06/2026;5,5;BRANCA;5,5;0,0;0,0;5,59;5,6;-0,09999999999999964;5,5;0,0;0,0;11;False
REDE DE POSTOS PRESIDENTE LTDA;32864795002701;INDUSTRIAL;ETANOL;10/06/2026;5,5;BRANCA;5,5;0,0;0,0;5,577142857142857;5,6;-0,09999999999999964;5,5;0,0;0,0;11;False
REDE DE POSTOS PRESIDENTE LTDA;32864795002701;INDUSTRIAL;ETANOL;18/06/2026;5,5;BRANCA;5,5;0,0;0,0;5,5675;5,6;-0,09999999999999964;5,5;0,0;0,0;11;False
REDE DE POSTOS PRESIDENTE LTDA;32864795002701;INDUSTRIAL;ETANOL;25/06/2026;5,5;BRANCA;5,5;0,0;0,0;5,56;5,6;-0,09999999999999964;5,5;0,0;0,0;11;False
REDE DE POSTOS PRESIDENTE LTDA;32864795002701;INDUSTRIAL;ETANOL;30/06/2026;5,5;BRANCA;5,5;0,0;0,0;5,554;5,55;-0,04999999999999982;5,5;0,0;0,0;11;False
REDE DE POSTOS PRESIDENTE LTDA;32864795002701;INDUSTRIAL;GASOLINA;24/04/2026;7,24;BRANCA;;;;;;;7,23;0,009999999999999787;0,13831258644536357;11;False
REDE DE POSTOS PRESIDENTE LTDA;32864795002701;INDUSTRIAL;GASOLINA;29/04/2026;7,24;BRANCA;7,24;0,0;0,0;7,24;7,24;0,0;7,265000000000001;-0,025000000000000355;-0,3441156228492822;11;False
REDE DE POSTOS PRESIDENTE LTDA;32864795002701;INDUSTRIAL;GASOLINA;07/05/2026;7,52;BRANCA;7,24;0,27999999999999936;3,867403314917118;7,24;7,24;0,27999999999999936;7,58;-0,0600000000000005;-0,7915567282321965;11;False
REDE DE POSTOS PRESIDENTE LTDA;32864795002701;INDUSTRIAL;GASOLINA;12/05/2026;7,52;BRANCA;7,52;0,0;0,0;7,333333333333333;7,24;0,27999999999999936;7,52;0,0;0,0;11;False
REDE DE POSTOS PRESIDENTE LTDA;32864795002701;INDUSTRIAL;GASOLINA;20/05/2026;7,17;BRANCA;7,52;-0,34999999999999964;-4,654255319148932;7,38;7,38;-0,20999999999999996;7,19;-0,020000000000000462;-0,2781641168289355;11;False
REDE DE POSTOS PRESIDENTE LTDA;32864795002701;INDUSTRIAL;GASOLINA;27/05/2026;7,17;BRANCA;7,17;0,0;0,0;7,337999999999999;7,24;-0,07000000000000028;7,17;0,0;0,0;11;False
REDE DE POSTOS PRESIDENTE LTDA;32864795002701;INDUSTRIAL;GASOLINA;02/06/2026;7,17;BRANCA;7,17;0,0;0,0;7,31;7,24;-0,07000000000000028;7,12;0,04999999999999982;0,7022471910112335;11;False
REDE DE POSTOS PRESIDENTE LTDA;32864795002701;INDUSTRIAL;GASOLINA;10/06/2026;7,17;BRANCA;7,17;0,0;0,0;7,29;7,24;-0,07000000000000028;7,17;0,0;0,0;11;False
REDE DE POSTOS PRESIDENTE LTDA;32864795002701;INDUSTRIAL;GASOLINA;18/06/2026;7,12;BRANCA;7,17;-0,04999999999999982;-0,6973500697350046;7,275;7,205;-0,08499999999999996;7,12;0,0;0,0;11;False
REDE DE POSTOS PRESIDENTE LTDA;32864795002701;INDUSTRIAL;GASOLINA;25/06/2026;7,12;BRANCA;7,12;0,0;0,0;7,257777777777777;7,17;-0,04999999999999982;7,12;0,0;0,0;11;False
REDE DE POSTOS PRESIDENTE LTDA;32864795002701;INDUSTRIAL;GASOLINA;30/06/2026;7,12;BRANCA;7,12;0,0;0,0;7,244;7,17;-0,04999999999999982;7,12;0,0;0,0;11;False
REDE DE POSTOS PRESIDENTE LTDA;32864795002701;INDUSTRIAL;GASOLINA ADITIVADA;24/04/2026;7,29;BRANCA;;;;;;;7,29;0,0;0,0;11;False
REDE DE POSTOS PRESIDENTE LTDA;32864795002701;INDUSTRIAL;GASOLINA ADITIVADA;29/04/2026;7,29;BRANCA;7,29;0,0;0,0;7,29;7,29;0,0;7,39;-0,09999999999999964;-1,3531799729363958;11;False
REDE DE POSTOS PRESIDENTE LTDA;32864795002701;INDUSTRIAL;GASOLINA ADITIVADA;07/05/2026;7,57;BRANCA;7,29;0,28000000000000025;3,8408779149519923;7,29;7,29;0,28000000000000025;7,6899999999999995;-0,11999999999999922;-1,5604681404421226;11;False
REDE DE POSTOS PRESIDENTE LTDA;32864795002701;INDUSTRIAL;GASOLINA ADITIVADA;12/05/2026;7,57;BRANCA;7,57;0,0;0,0;7,383333333333333;7,29;0,28000000000000025;7,57;0,0;0,0;11;False
REDE DE POSTOS PRESIDENTE LTDA;32864795002701;INDUSTRIAL;GASOLINA ADITIVADA;20/05/2026;7,22;BRANCA;7,57;-0,35000000000000053;-4,623513870541618;7,43;7,43;-0,20999999999999996;7,34;-0,1200000000000001;-1,6348773841961868;11;False
REDE DE POSTOS PRESIDENTE LTDA;32864795002701;INDUSTRIAL;GASOLINA ADITIVADA;27/05/2026;7,22;BRANCA;7,22;0,0;0,0;7,388;7,29;-0,07000000000000028;7,22;0,0;0,0;11;False
REDE DE POSTOS PRESIDENTE LTDA;32864795002701;INDUSTRIAL;GASOLINA ADITIVADA;02/06/2026;7,22;BRANCA;7,22;0,0;0,0;7,359999999999999;7,29;-0,07000000000000028;7,22;0,0;0,0;11;False
REDE DE POSTOS PRESIDENTE LTDA;32864795002701;INDUSTRIAL;GASOLINA ADITIVADA;10/06/2026;7,22;BRANCA;7,22;0,0;0,0;7,340000000000001;7,29;-0,07000000000000028;7,22;0,0;0,0;11;False
REDE DE POSTOS PRESIDENTE LTDA;32864795002701;INDUSTRIAL;GASOLINA ADITIVADA;18/06/2026;7,17;BRANCA;7,22;-0,04999999999999982;-0,6925207756232663;7,325;7,255;-0,08499999999999996;7,17;0,0;0,0;11;False
REDE DE POSTOS PRESIDENTE LTDA;32864795002701;INDUSTRIAL;GASOLINA ADITIVADA;25/06/2026;7,17;BRANCA;7,17;0,0;0,0;7,307777777777777;7,22;-0,04999999999999982;7,17;0,0;0,0;11;False
REDE DE POSTOS PRESIDENTE LTDA;32864795002701;INDUSTRIAL;GASOLINA ADITIVADA;30/06/2026;7,17;BRANCA;7,17;0,0;0,0;7,294;7,22;-0,04999999999999982;7,17;0,0;0,0;11;False
REDE DE POSTOS PRESIDENTE LTDA;32864795002701;INDUSTRIAL;GNV;24/04/2026;4,61;BRANCA;;;;;;;4,61;0,0;0,0;11;False
REDE DE POSTOS PRESIDENTE LTDA;32864795002701;INDUSTRIAL;GNV;29/04/2026;4,61;BRANCA;4,61;0,0;0,0;4,61;4,61;0,0;4,61;0,0;0,0;11;False
REDE DE POSTOS PRESIDENTE LTDA;32864795002701;INDUSTRIAL;GNV;07/05/2026;4,83;BRANCA;4,61;0,21999999999999975;4,772234273318866;4,61;4,61;0,21999999999999975;4,83;0,0;0,0;11;False
REDE DE POSTOS PRESIDENTE LTDA;32864795002701;INDUSTRIAL;GNV;12/05/2026;4,83;BRANCA;4,83;0,0;0,0;4,683333333333334;4,61;0,21999999999999975;4,855;-0,025000000000000355;-0,514933058702376;11;False
REDE DE POSTOS PRESIDENTE LTDA;32864795002701;INDUSTRIAL;GNV;20/05/2026;4,83;BRANCA;4,83;0,0;0,0;4,720000000000001;4,720000000000001;0,10999999999999943;4,83;0,0;0,0;11;False
REDE DE POSTOS PRESIDENTE LTDA;32864795002701;INDUSTRIAL;GNV;27/05/2026;4,83;BRANCA;4,83;0,0;0,0;4,742;4,83;0,0;4,83;0,0;0,0;11;False
REDE DE POSTOS PRESIDENTE LTDA;32864795002701;INDUSTRIAL;GNV;02/06/2026;4,83;BRANCA;4,83;0,0;0,0;4,756666666666667;4,83;0,0;4,83;0,0;0,0;11;False
REDE DE POSTOS PRESIDENTE LTDA;32864795002701;INDUSTRIAL;GNV;10/06/2026;4,83;BRANCA;4,83;0,0;0,0;4,767142857142858;4,83;0,0;4,83;0,0;0,0;11;False
REDE DE POSTOS PRESIDENTE LTDA;32864795002701;INDUSTRIAL;GNV;18/06/2026;4,83;BRANCA;4,83;0,0;0,0;4,775;4,83;0,0;4,83;0,0;0,0;11;False
REDE DE POSTOS PRESIDENTE LTDA;32864795002701;INDUSTRIAL;GNV;25/06/2026;4,83;BRANCA;4,83;0,0;0,0;4,7811111111111115;4,83;0,0;4,83;0,0;0,0;11;False
REDE DE POSTOS PRESIDENTE LTDA;32864795002701;INDUSTRIAL;GNV;30/06/2026;4,83;BRANCA;4,83;0,0;0,0;4,786;4,83;0,0;4,83;0,0;0,0;11;False
CWS COMBUSTIVEIS LTDA;39283181000146;PORTO D ANTAS;GASOLINA;14/04/2026;7,22;VIBRA;;;;;;;7,22;0,0;0,0;12;False
CWS COMBUSTIVEIS LTDA;39283181000146;PORTO D ANTAS;GASOLINA;23/04/2026;7,22;VIBRA;7,22;0,0;0,0;7,22;7,22;0,0;7,22;0,0;0,0;12;False
CWS COMBUSTIVEIS LTDA;39283181000146;PORTO D ANTAS;GASOLINA;27/04/2026;7,22;VIBRA;7,22;0,0;0,0;7,22;7,22;0,0;7,22;0,0;0,0;12;False
CWS COMBUSTIVEIS LTDA;39283181000146;PORTO D ANTAS;GASOLINA;04/05/2026;7,22;VIBRA;7,22;0,0;0,0;7,22;7,22;0,0;7,22;0,0;0,0;12;False
CWS COMBUSTIVEIS LTDA;39283181000146;PORTO D ANTAS;GASOLINA;12/05/2026;7,52;VIBRA;7,22;0,2999999999999998;4,15512465373961;7,22;7,22;0,2999999999999998;7,52;0,0;0,0;12;False
CWS COMBUSTIVEIS LTDA;39283181000146;PORTO D ANTAS;GASOLINA;18/05/2026;7,52;VIBRA;7,52;0,0;0,0;7,279999999999999;7,22;0,2999999999999998;7,52;0,0;0,0;12;False
CWS COMBUSTIVEIS LTDA;39283181000146;PORTO D ANTAS;GASOLINA;26/05/2026;7,12;VIBRA;7,52;-0,39999999999999947;-5,319148936170206;7,32;7,22;-0,09999999999999964;7,135;-0,01499999999999968;-0,2102312543798133;12;False
CWS COMBUSTIVEIS LTDA;39283181000146;PORTO D ANTAS;GASOLINA;03/06/2026;7,12;VIBRA;7,12;0,0;0,0;7,291428571428571;7,22;-0,09999999999999964;7,19;-0,07000000000000028;-0,9735744089012557;12;False
CWS COMBUSTIVEIS LTDA;39283181000146;PORTO D ANTAS;GASOLINA;09/06/2026;7,12;VIBRA;7,12;0,0;0,0;7,27;7,22;-0,09999999999999964;7,155;-0,03500000000000014;-0,4891684136967176;12;False
CWS COMBUSTIVEIS LTDA;39283181000146;PORTO D ANTAS;GASOLINA;16/06/2026;7,12;VIBRA;7,12;0,0;0,0;7,253333333333334;7,22;-0,09999999999999964;7,12;0,0;0,0;12;False
CWS COMBUSTIVEIS LTDA;39283181000146;PORTO D ANTAS;GASOLINA;23/06/2026;7,12;VIBRA;7,12;0,0;0,0;7,24;7,22;-0,09999999999999964;7,12;0,0;0,0;12;False
CWS COMBUSTIVEIS LTDA;39283181000146;PORTO D ANTAS;GASOLINA;29/06/2026;7,12;VIBRA;7,12;0,0;0,0;7,229090909090909;7,22;-0,09999999999999964;7,12;0,0;0,0;12;False
CWS COMBUSTIVEIS LTDA;39283181000146;PORTO D ANTAS;GASOLINA ADITIVADA;14/04/2026;7,22;VIBRA;;;;;;;7,255;-0,03500000000000014;-0,4824259131633376;12;False
CWS COMBUSTIVEIS LTDA;39283181000146;PORTO D ANTAS;GASOLINA ADITIVADA;23/04/2026;7,22;VIBRA;7,22;0,0;0,0;7,22;7,22;0,0;7,29;-0,07000000000000028;-0,9602194787380012;12;False
CWS COMBUSTIVEIS LTDA;39283181000146;PORTO D ANTAS;GASOLINA ADITIVADA;27/04/2026;7,22;VIBRA;7,22;0,0;0,0;7,22;7,22;0,0;7,22;0,0;0,0;12;False
CWS COMBUSTIVEIS LTDA;39283181000146;PORTO D ANTAS;GASOLINA ADITIVADA;04/05/2026;7,22;VIBRA;7,22;0,0;0,0;7,22;7,22;0,0;7,34;-0,1200000000000001;-1,6348773841961868;12;False
CWS COMBUSTIVEIS LTDA;39283181000146;PORTO D ANTAS;GASOLINA ADITIVADA;12/05/2026;7,52;VIBRA;7,22;0,2999999999999998;4,15512465373961;7,22;7,22;0,2999999999999998;7,57;-0,05000000000000071;-0,660501981505954;12;False
CWS COMBUSTIVEIS LTDA;39283181000146;PORTO D ANTAS;GASOLINA ADITIVADA;18/05/2026;7,52;VIBRA;7,52;0,0;0,0;7,279999999999999;7,22;0,2999999999999998;7,555;-0,03500000000000014;-0,4632693580410343;12;False
CWS COMBUSTIVEIS LTDA;39283181000146;PORTO D ANTAS;GASOLINA ADITIVADA;26/05/2026;7,12;VIBRA;7,52;-0,39999999999999947;-5,319148936170206;7,32;7,22;-0,09999999999999964;7,28;-0,16000000000000014;-2,1978021978021998;12;False
CWS COMBUSTIVEIS LTDA;39283181000146;PORTO D ANTAS;GASOLINA ADITIVADA;03/06/2026;7,12;VIBRA;7,12;0,0;0,0;7,291428571428571;7,22;-0,09999999999999964;7,39;-0,2699999999999996;-3,653585926928276;12;False
CWS COMBUSTIVEIS LTDA;39283181000146;PORTO D ANTAS;GASOLINA ADITIVADA;09/06/2026;7,12;VIBRA;7,12;0,0;0,0;7,27;7,22;-0,09999999999999964;7,19;-0,07000000000000028;-0,9735744089012557;12;False
CWS COMBUSTIVEIS LTDA;39283181000146;PORTO D ANTAS;GASOLINA ADITIVADA;16/06/2026;7,12;VIBRA;7,12;0,0;0,0;7,253333333333334;7,22;-0,09999999999999964;7,28;-0,16000000000000014;-2,1978021978021998;12;False
CWS COMBUSTIVEIS LTDA;39283181000146;PORTO D ANTAS;GASOLINA ADITIVADA;23/06/2026;7,12;VIBRA;7,12;0,0;0,0;7,24;7,22;-0,09999999999999964;7,26;-0,13999999999999968;-1,9283746556473784;12;False
CWS COMBUSTIVEIS LTDA;39283181000146;PORTO D ANTAS;GASOLINA ADITIVADA;29/06/2026;7,12;VIBRA;7,12;0,0;0,0;7,229090909090909;7,22;-0,09999999999999964;7,26;-0,13999999999999968;-1,9283746556473784;12;False
VASPETRO COMBUSTIVEL LTDA;4979182000145;CENTRO;ETANOL;08/07/2025;4,99;BRANCA;;;;;;;4,95;0,040000000000000036;0,8080808080808087;21;False
VASPETRO COMBUSTIVEL LTDA;4979182000145;CENTRO;ETANOL;15/07/2025;4,99;BRANCA;4,99;0,0;0,0;4,99;4,99;0,0;4,95;0,040000000000000036;0,8080808080808087;21;False
VASPETRO COMBUSTIVEL LTDA;4979182000145;CENTRO;ETANOL;22/07/2025;4,99;BRANCA;4,99;0,0;0,0;4,99;4,99;0,0;4,95;0,040000000000000036;0,8080808080808087;21;False
VASPETRO COMBUSTIVEL LTDA;4979182000145;CENTRO;ETANOL;28/07/2025;4,99;BRANCA;4,99;0,0;0,0;4,99;4,99;0,0;4,95;0,040000000000000036;0,8080808080808087;21;False
VASPETRO COMBUSTIVEL LTDA;4979182000145;CENTRO;ETANOL;05/08/2025;4,99;BRANCA;4,99;0,0;0,0;4,99;4,99;0,0;4,95;0,040000000000000036;0,8080808080808087;21;False
VASPETRO COMBUSTIVEL LTDA;4979182000145;CENTRO;ETANOL;12/08/2025;4,99;BRANCA;4,99;0,0;0,0;4,99;4,99;0,0;4,95;0,040000000000000036;0,8080808080808087;21;False
VASPETRO COMBUSTIVEL LTDA;4979182000145;CENTRO;ETANOL;19/08/2025;4,99;BRANCA;4,99;0,0;0,0;4,99;4,99;0,0;4,965;0,025000000000000355;0,50352467270897;21;False
VASPETRO COMBUSTIVEL LTDA;4979182000145;CENTRO;ETANOL;27/08/2025;4,99;BRANCA;4,99;0,0;0,0;4,99;4,99;0,0;4,965;0,025000000000000355;0,50352467270897;21;False
VASPETRO COMBUSTIVEL LTDA;4979182000145;CENTRO;ETANOL;02/09/2025;4,99;BRANCA;4,99;0,0;0,0;4,99;4,99;0,0;4,95;0,040000000000000036;0,8080808080808087;21;False
VASPETRO COMBUSTIVEL LTDA;4979182000145;CENTRO;ETANOL;09/09/2025;4,99;BRANCA;4,99;0,0;0,0;4,99;4,99;0,0;4,965;0,025000000000000355;0,50352467270897;21;False
VASPETRO COMBUSTIVEL LTDA;4979182000145;CENTRO;ETANOL;17/09/2025;4,99;BRANCA;4,99;0,0;0,0;4,99;4,99;0,0;4,98;0,009999999999999787;0,20080321285140132;21;False
VASPETRO COMBUSTIVEL LTDA;4979182000145;CENTRO;ETANOL;22/09/2025;4,99;BRANCA;4,99;0,0;0,0;4,99;4,99;0,0;4,965;0,025000000000000355;0,50352467270897;21;False
VASPETRO COMBUSTIVEL LTDA;4979182000145;CENTRO;ETANOL;30/09/2025;4,99;BRANCA;4,99;0,0;0,0;4,99;4,99;0,0;4,965;0,025000000000000355;0,50352467270897;21;False
VASPETRO COMBUSTIVEL LTDA;4979182000145;CENTRO;ETANOL;06/10/2025;4,99;BRANCA;4,99;0,0;0,0;4,99;4,99;0,0;4,965;0,025000000000000355;0,50352467270897;21;False
VASPETRO COMBUSTIVEL LTDA;4979182000145;CENTRO;ETANOL;13/10/2025;4,99;BRANCA;4,99;0,0;0,0;4,99;4,99;0,0;4,965;0,025000000000000355;0,50352467270897;21;False
VASPETRO COMBUSTIVEL LTDA;4979182000145;CENTRO;ETANOL;20/10/2025;4,99;BRANCA;4,99;0,0;0,0;4,99;4,99;0,0;4,95;0,040000000000000036;0,8080808080808087;21;False
VASPETRO COMBUSTIVEL LTDA;4979182000145;CENTRO;ETANOL;29/10/2025;4,99;BRANCA;4,99;0,0;0,0;4,99;4,99;0,0;4,99;0,0;0,0;21;False
VASPETRO COMBUSTIVEL LTDA;4979182000145;CENTRO;ETANOL;05/11/2025;4,99;BRANCA;4,99;0,0;0,0;4,99;4,99;0,0;4,895;0,09500000000000064;1,9407558733401564;21;False
VASPETRO COMBUSTIVEL LTDA;4979182000145;CENTRO;ETANOL;11/11/2025;4,99;BRANCA;4,99;0,0;0,0;4,99;4,99;0,0;4,8;0,1900000000000004;3,9583333333333415;21;False
VASPETRO COMBUSTIVEL LTDA;4979182000145;CENTRO;ETANOL;18/11/2025;4,99;BRANCA;4,99;0,0;0,0;4,99;4,99;0,0;4,8;0,1900000000000004;3,9583333333333415;21;False
VASPETRO COMBUSTIVEL LTDA;4979182000145;CENTRO;ETANOL;25/11/2025;4,8;BRANCA;4,99;-0,1900000000000004;-3,8076152304609296;4,99;4,99;-0,1900000000000004;4,8;0,0;0,0;21;False
VASPETRO COMBUSTIVEL LTDA;4979182000145;CENTRO;GASOLINA;08/07/2025;6,62;BRANCA;;;;;;;6,62;0,0;0,0;21;False
VASPETRO COMBUSTIVEL LTDA;4979182000145;CENTRO;GASOLINA;15/07/2025;6,62;BRANCA;6,62;0,0;0,0;6,62;6,62;0,0;6,62;0,0;0,0;21;False
VASPETRO COMBUSTIVEL LTDA;4979182000145;CENTRO;GASOLINA;22/07/2025;6,62;BRANCA;6,62;0,0;0,0;6,62;6,62;0,0;6,62;0,0;0,0;21;False
VASPETRO COMBUSTIVEL LTDA;4979182000145;CENTRO;GASOLINA;28/07/2025;6,62;BRANCA;6,62;0,0;0,0;6,62;6,62;0,0;6,62;0,0;0,0;21;False
VASPETRO COMBUSTIVEL LTDA;4979182000145;CENTRO;GASOLINA;05/08/2025;6,62;BRANCA;6,62;0,0;0,0;6,62;6,62;0,0;6,62;0,0;0,0;21;False
VASPETRO COMBUSTIVEL LTDA;4979182000145;CENTRO;GASOLINA;12/08/2025;6,62;BRANCA;6,62;0,0;0,0;6,62;6,62;0,0;6,62;0,0;0,0;21;False
VASPETRO COMBUSTIVEL LTDA;4979182000145;CENTRO;GASOLINA;19/08/2025;6,62;BRANCA;6,62;0,0;0,0;6,62;6,62;0,0;6,62;0,0;0,0;21;False
VASPETRO COMBUSTIVEL LTDA;4979182000145;CENTRO;GASOLINA;27/08/2025;6,62;BRANCA;6,62;0,0;0,0;6,62;6,62;0,0;6,62;0,0;0,0;21;False
VASPETRO COMBUSTIVEL LTDA;4979182000145;CENTRO;GASOLINA;02/09/2025;6,62;BRANCA;6,62;0,0;0,0;6,62;6,62;0,0;6,62;0,0;0,0;21;False
VASPETRO COMBUSTIVEL LTDA;4979182000145;CENTRO;GASOLINA;09/09/2025;6,62;BRANCA;6,62;0,0;0,0;6,62;6,62;0,0;6,62;0,0;0,0;21;False
VASPETRO COMBUSTIVEL LTDA;4979182000145;CENTRO;GASOLINA;17/09/2025;6,62;BRANCA;6,62;0,0;0,0;6,62;6,62;0,0;6,62;0,0;0,0;21;False
VASPETRO COMBUSTIVEL LTDA;4979182000145;CENTRO;GASOLINA;22/09/2025;6,62;BRANCA;6,62;0,0;0,0;6,62;6,62;0,0;6,62;0,0;0,0;21;False
VASPETRO COMBUSTIVEL LTDA;4979182000145;CENTRO;GASOLINA;30/09/2025;6,62;BRANCA;6,62;0,0;0,0;6,62;6,62;0,0;6,62;0,0;0,0;21;False
VASPETRO COMBUSTIVEL LTDA;4979182000145;CENTRO;GASOLINA;06/10/2025;6,62;BRANCA;6,62;0,0;0,0;6,62;6,62;0,0;6,62;0,0;0,0;21;False
VASPETRO COMBUSTIVEL LTDA;4979182000145;CENTRO;GASOLINA;13/10/2025;6,62;BRANCA;6,62;0,0;0,0;6,62;6,62;0,0;6,62;0,0;0,0;21;False
VASPETRO COMBUSTIVEL LTDA;4979182000145;CENTRO;GASOLINA;20/10/2025;6,62;BRANCA;6,62;0,0;0,0;6,62;6,62;0,0;6,62;0,0;0,0;21;False
VASPETRO COMBUSTIVEL LTDA;4979182000145;CENTRO;GASOLINA;29/10/2025;6,52;BRANCA;6,62;-0,10000000000000053;-1,5105740181268963;6,62;6,62;-0,10000000000000053;6,52;0,0;0,0;21;False
VASPETRO COMBUSTIVEL LTDA;4979182000145;CENTRO;GASOLINA;05/11/2025;6,52;BRANCA;6,52;0,0;0,0;6,614117647058824;6,62;-0,10000000000000053;6,52;0,0;0,0;21;False
VASPETRO COMBUSTIVEL LTDA;4979182000145;CENTRO;GASOLINA;11/11/2025;6,52;BRANCA;6,52;0,0;0,0;6,608888888888889;6,62;-0,10000000000000053;6,52;0,0;0,0;21;False
VASPETRO COMBUSTIVEL LTDA;4979182000145;CENTRO;GASOLINA;18/11/2025;6,52;BRANCA;6,52;0,0;0,0;6,604210526315789;6,62;-0,10000000000000053;6,52;0,0;0,0;21;False
VASPETRO COMBUSTIVEL LTDA;4979182000145;CENTRO;GASOLINA;25/11/2025;6,52;BRANCA;6,52;0,0;0,0;6,6;6,62;-0,10000000000000053;6,52;0,0;0,0;21;False
VASPETRO COMBUSTIVEL LTDA;4979182000145;CENTRO;GASOLINA ADITIVADA;08/07/2025;6,62;BRANCA;;;;;;;6,8;-0,17999999999999972;-2,6470588235294077;21;False
VASPETRO COMBUSTIVEL LTDA;4979182000145;CENTRO;GASOLINA ADITIVADA;15/07/2025;6,62;BRANCA;6,62;0,0;0,0;6,62;6,62;0,0;6,8;-0,17999999999999972;-2,6470588235294077;21;False
VASPETRO COMBUSTIVEL LTDA;4979182000145;CENTRO;GASOLINA ADITIVADA;22/07/2025;6,62;BRANCA;6,62;0,0;0,0;6,62;6,62;0,0;6,8;-0,17999999999999972;-2,6470588235294077;21;False
VASPETRO COMBUSTIVEL LTDA;4979182000145;CENTRO;GASOLINA ADITIVADA;28/07/2025;6,62;BRANCA;6,62;0,0;0,0;6,62;6,62;0,0;6,8;-0,17999999999999972;-2,6470588235294077;21;False
VASPETRO COMBUSTIVEL LTDA;4979182000145;CENTRO;GASOLINA ADITIVADA;05/08/2025;6,62;BRANCA;6,62;0,0;0,0;6,62;6,62;0,0;6,8;-0,17999999999999972;-2,6470588235294077;21;False
VASPETRO COMBUSTIVEL LTDA;4979182000145;CENTRO;GASOLINA ADITIVADA;12/08/2025;6,62;BRANCA;6,62;0,0;0,0;6,62;6,62;0,0;6,76;-0,13999999999999968;-2,071005917159759;21;False
VASPETRO COMBUSTIVEL LTDA;4979182000145;CENTRO;GASOLINA ADITIVADA;19/08/2025;6,62;BRANCA;6,62;0,0;0,0;6,62;6,62;0,0;6,8;-0,17999999999999972;-2,6470588235294077;21;False
VASPETRO COMBUSTIVEL LTDA;4979182000145;CENTRO;GASOLINA ADITIVADA;27/08/2025;6,62;BRANCA;6,62;0,0;0,0;6,62;6,62;0,0;6,72;-0,09999999999999964;-1,4880952380952328;21;False
VASPETRO COMBUSTIVEL LTDA;4979182000145;CENTRO;GASOLINA ADITIVADA;02/09/2025;6,62;BRANCA;6,62;0,0;0,0;6,62;6,62;0,0;6,795;-0,17499999999999982;-2,575423105224427;21;False
VASPETRO COMBUSTIVEL LTDA;4979182000145;CENTRO;GASOLINA ADITIVADA;09/09/2025;6,62;BRANCA;6,62;0,0;0,0;6,62;6,62;0,0;6,795;-0,17499999999999982;-2,575423105224427;21;False
VASPETRO COMBUSTIVEL LTDA;4979182000145;CENTRO;GASOLINA ADITIVADA;17/09/2025;6,62;BRANCA;6,62;0,0;0,0;6,62;6,62;0,0;6,76;-0,13999999999999968;-2,071005917159759;21;False
VASPETRO COMBUSTIVEL LTDA;4979182000145;CENTRO;GASOLINA ADITIVADA;22/09/2025;6,62;BRANCA;6,62;0,0;0,0;6,62;6,62;0,0;6,8149999999999995;-0,1949999999999994;-2,861335289801899;21;False
VASPETRO COMBUSTIVEL LTDA;4979182000145;CENTRO;GASOLINA ADITIVADA;30/09/2025;6,62;BRANCA;6,62;0,0;0,0;6,62;6,62;0,0;6,8149999999999995;-0,1949999999999994;-2,861335289801899;21;False
VASPETRO COMBUSTIVEL LTDA;4979182000145;CENTRO;GASOLINA ADITIVADA;06/10/2025;6,62;BRANCA;6,62;0,0;0,0;6,62;6,62;0,0;6,8149999999999995;-0,1949999999999994;-2,861335289801899;21;False
VASPETRO COMBUSTIVEL LTDA;4979182000145;CENTRO;GASOLINA ADITIVADA;13/10/2025;6,62;BRANCA;6,62;0,0;0,0;6,62;6,62;0,0;6,76;-0,13999999999999968;-2,071005917159759;21;False
VASPETRO COMBUSTIVEL LTDA;4979182000145;CENTRO;GASOLINA ADITIVADA;20/10/2025;6,62;BRANCA;6,62;0,0;0,0;6,62;6,62;0,0;6,72;-0,09999999999999964;-1,4880952380952328;21;False
VASPETRO COMBUSTIVEL LTDA;4979182000145;CENTRO;GASOLINA ADITIVADA;29/10/2025;6,52;BRANCA;6,62;-0,10000000000000053;-1,5105740181268963;6,62;6,62;-0,10000000000000053;6,52;0,0;0,0;21;False
VASPETRO COMBUSTIVEL LTDA;4979182000145;CENTRO;GASOLINA ADITIVADA;05/11/2025;6,52;BRANCA;6,52;0,0;0,0;6,614117647058824;6,62;-0,10000000000000053;6,52;0,0;0,0;21;False
VASPETRO COMBUSTIVEL LTDA;4979182000145;CENTRO;GASOLINA ADITIVADA;11/11/2025;6,52;BRANCA;6,52;0,0;0,0;6,608888888888889;6,62;-0,10000000000000053;6,65;-0,13000000000000078;-1,9548872180451242;21;False
VASPETRO COMBUSTIVEL LTDA;4979182000145;CENTRO;GASOLINA ADITIVADA;18/11/2025;6,52;BRANCA;6,52;0,0;0,0;6,604210526315789;6,62;-0,10000000000000053;6,71;-0,1900000000000004;-2,8315946348733294;21;False
VASPETRO COMBUSTIVEL LTDA;4979182000145;CENTRO;GASOLINA ADITIVADA;25/11/2025;6,52;BRANCA;6,52;0,0;0,0;6,6;6,62;-0,10000000000000053;6,71;-0,1900000000000004;-2,8315946348733294;21;False
ALPHA COMERCIAL DE COMBUSTIVEIS LTDA;8297710000803;SALGADO FILHO;DIESEL S10;02/09/2025;5,99;VIBRA;;;;;;;6,135;-0,14499999999999957;-2,3634881825590806;6;False
ALPHA COMERCIAL DE COMBUSTIVEIS LTDA;8297710000803;SALGADO FILHO;DIESEL S10;09/09/2025;5,99;VIBRA;5,99;0,0;0,0;5,99;5,99;0,0;6,135;-0,14499999999999957;-2,3634881825590806;6;False
ALPHA COMERCIAL DE COMBUSTIVEIS LTDA;8297710000803;SALGADO FILHO;DIESEL S10;22/09/2025;5,99;VIBRA;5,99;0,0;0,0;5,99;5,99;0,0;6,135;-0,14499999999999957;-2,3634881825590806;6;False
ALPHA COMERCIAL DE COMBUSTIVEIS LTDA;8297710000803;SALGADO FILHO;DIESEL S10;30/09/2025;5,99;VIBRA;5,99;0,0;0,0;5,99;5,99;0,0;6,135;-0,14499999999999957;-2,3634881825590806;6;False
ALPHA COMERCIAL DE COMBUSTIVEIS LTDA;8297710000803;SALGADO FILHO;DIESEL S10;06/10/2025;5,99;VIBRA;5,99;0,0;0,0;5,99;5,99;0,0;6,135;-0,14499999999999957;-2,3634881825590806;6;False
ALPHA COMERCIAL DE COMBUSTIVEIS LTDA;8297710000803;SALGADO FILHO;DIESEL S10;13/10/2025;5,99;VIBRA;5,99;0,0;0,0;5,99;5,99;0,0;6,135;-0,14499999999999957;-2,3634881825590806;6;False
ALPHA COMERCIAL DE COMBUSTIVEIS LTDA;8297710000803;SALGADO FILHO;ETANOL;08/07/2025;4,99;VIBRA;;;;;;;4,95;0,040000000000000036;0,8080808080808087;14;False
ALPHA COMERCIAL DE COMBUSTIVEIS LTDA;8297710000803;SALGADO FILHO;ETANOL;15/07/2025;4,99;VIBRA;4,99;0,0;0,0;4,99;4,99;0,0;4,95;0,040000000000000036;0,8080808080808087;14;False
ALPHA COMERCIAL DE COMBUSTIVEIS LTDA;8297710000803;SALGADO FILHO;ETANOL;22/07/2025;4,99;VIBRA;4,99;0,0;0,0;4,99;4,99;0,0;4,95;0,040000000000000036;0,8080808080808087;14;False
ALPHA COMERCIAL DE COMBUSTIVEIS LTDA;8297710000803;SALGADO FILHO;ETANOL;28/07/2025;4,99;VIBRA;4,99;0,0;0,0;4,99;4,99;0,0;4,95;0,040000000000000036;0,8080808080808087;14;False
ALPHA COMERCIAL DE COMBUSTIVEIS LTDA;8297710000803;SALGADO FILHO;ETANOL;05/08/2025;4,99;VIBRA;4,99;0,0;0,0;4,99;4,99;0,0;4,95;0,040000000000000036;0,8080808080808087;14;False
ALPHA COMERCIAL DE COMBUSTIVEIS LTDA;8297710000803;SALGADO FILHO;ETANOL;12/08/2025;4,99;VIBRA;4,99;0,0;0,0;4,99;4,99;0,0;4,95;0,040000000000000036;0,8080808080808087;14;False
ALPHA COMERCIAL DE COMBUSTIVEIS LTDA;8297710000803;SALGADO FILHO;ETANOL;19/08/2025;4,99;VIBRA;4,99;0,0;0,0;4,99;4,99;0,0;4,965;0,025000000000000355;0,50352467270897;14;False
ALPHA COMERCIAL DE COMBUSTIVEIS LTDA;8297710000803;SALGADO FILHO;ETANOL;27/08/2025;4,99;VIBRA;4,99;0,0;0,0;4,99;4,99;0,0;4,965;0,025000000000000355;0,50352467270897;14;False
ALPHA COMERCIAL DE COMBUSTIVEIS LTDA;8297710000803;SALGADO FILHO;ETANOL;09/09/2025;4,99;VIBRA;4,99;0,0;0,0;4,99;4,99;0,0;4,965;0,025000000000000355;0,50352467270897;14;False
ALPHA COMERCIAL DE COMBUSTIVEIS LTDA;8297710000803;SALGADO FILHO;ETANOL;16/09/2025;4,99;VIBRA;4,99;0,0;0,0;4,99;4,99;0,0;4,95;0,040000000000000036;0,8080808080808087;14;False
ALPHA COMERCIAL DE COMBUSTIVEIS LTDA;8297710000803;SALGADO FILHO;ETANOL;22/09/2025;4,99;VIBRA;4,99;0,0;0,0;4,99;4,99;0,0;4,965;0,025000000000000355;0,50352467270897;14;False
ALPHA COMERCIAL DE COMBUSTIVEIS LTDA;8297710000803;SALGADO FILHO;ETANOL;30/09/2025;4,99;VIBRA;4,99;0,0;0,0;4,99;4,99;0,0;4,965;0,025000000000000355;0,50352467270897;14;False
ALPHA COMERCIAL DE COMBUSTIVEIS LTDA;8297710000803;SALGADO FILHO;ETANOL;06/10/2025;4,99;VIBRA;4,99;0,0;0,0;4,99;4,99;0,0;4,965;0,025000000000000355;0,50352467270897;14;False
ALPHA COMERCIAL DE COMBUSTIVEIS LTDA;8297710000803;SALGADO FILHO;ETANOL;13/10/2025;4,99;VIBRA;4,99;0,0;0,0;4,99;4,99;0,0;4,965;0,025000000000000355;0,50352467270897;14;False
ALPHA COMERCIAL DE COMBUSTIVEIS LTDA;8297710000803;SALGADO FILHO;GASOLINA;08/07/2025;6,69;VIBRA;;;;;;;6,62;0,07000000000000028;1,057401812688826;26;False
ALPHA COMERCIAL DE COMBUSTIVEIS LTDA;8297710000803;SALGADO FILHO;GASOLINA;15/07/2025;6,69;VIBRA;6,69;0,0;0,0;6,69;6,69;0,0;6,62;0,07000000000000028;1,057401812688826;26;False
ALPHA COMERCIAL DE COMBUSTIVEIS LTDA;8297710000803;SALGADO FILHO;GASOLINA;22/07/2025;6,69;VIBRA;6,69;0,0;0,0;6,69;6,69;0,0;6,62;0,07000000000000028;1,057401812688826;26;False
ALPHA COMERCIAL DE COMBUSTIVEIS LTDA;8297710000803;SALGADO FILHO;GASOLINA;28/07/2025;6,69;VIBRA;6,69;0,0;0,0;6,69;6,69;0,0;6,62;0,07000000000000028;1,057401812688826;26;False
ALPHA COMERCIAL DE COMBUSTIVEIS LTDA;8297710000803;SALGADO FILHO;GASOLINA;05/08/2025;6,69;VIBRA;6,69;0,0;0,0;6,69;6,69;0,0;6,62;0,07000000000000028;1,057401812688826;26;False
ALPHA COMERCIAL DE COMBUSTIVEIS LTDA;8297710000803;SALGADO FILHO;GASOLINA;12/08/2025;6,69;VIBRA;6,69;0,0;0,0;6,69;6,69;0,0;6,62;0,07000000000000028;1,057401812688826;26;False
ALPHA COMERCIAL DE COMBUSTIVEIS LTDA;8297710000803;SALGADO FILHO;GASOLINA;19/08/2025;6,69;VIBRA;6,69;0,0;0,0;6,69;6,69;0,0;6,62;0,07000000000000028;1,057401812688826;26;False
ALPHA COMERCIAL DE COMBUSTIVEIS LTDA;8297710000803;SALGADO FILHO;GASOLINA;27/08/2025;6,69;VIBRA;6,69;0,0;0,0;6,69;6,69;0,0;6,62;0,07000000000000028;1,057401812688826;26;False
ALPHA COMERCIAL DE COMBUSTIVEIS LTDA;8297710000803;SALGADO FILHO;GASOLINA;02/09/2025;6,69;VIBRA;6,69;0,0;0,0;6,69;6,69;0,0;6,62;0,07000000000000028;1,057401812688826;26;False
ALPHA COMERCIAL DE COMBUSTIVEIS LTDA;8297710000803;SALGADO FILHO;GASOLINA;09/09/2025;6,69;VIBRA;6,69;0,0;0,0;6,69;6,69;0,0;6,62;0,07000000000000028;1,057401812688826;26;False
ALPHA COMERCIAL DE COMBUSTIVEIS LTDA;8297710000803;SALGADO FILHO;GASOLINA;16/09/2025;6,69;VIBRA;6,69;0,0;0,0;6,69;6,69;0,0;6,645;0,04500000000000082;0,6772009029345496;26;False
ALPHA COMERCIAL DE COMBUSTIVEIS LTDA;8297710000803;SALGADO FILHO;GASOLINA;22/09/2025;6,69;VIBRA;6,69;0,0;0,0;6,69;6,69;0,0;6,62;0,07000000000000028;1,057401812688826;26;False
ALPHA COMERCIAL DE COMBUSTIVEIS LTDA;8297710000803;SALGADO FILHO;GASOLINA;30/09/2025;6,69;VIBRA;6,69;0,0;0,0;6,69;6,69;0,0;6,62;0,07000000000000028;1,057401812688826;26;False
ALPHA COMERCIAL DE COMBUSTIVEIS LTDA;8297710000803;SALGADO FILHO;GASOLINA;06/10/2025;6,69;VIBRA;6,69;0,0;0,0;6,69;6,69;0,0;6,62;0,07000000000000028;1,057401812688826;26;False
ALPHA COMERCIAL DE COMBUSTIVEIS LTDA;8297710000803;SALGADO FILHO;GASOLINA;13/10/2025;6,69;VIBRA;6,69;0,0;0,0;6,69;6,69;0,0;6,62;0,07000000000000028;1,057401812688826;26;False
ALPHA COMERCIAL DE COMBUSTIVEIS LTDA;8297710000803;SALGADO FILHO;GASOLINA;20/10/2025;6,69;VIBRA;6,69;0,0;0,0;6,69;6,69;0,0;6,62;0,07000000000000028;1,057401812688826;26;False
ALPHA COMERCIAL DE COMBUSTIVEIS LTDA;8297710000803;SALGADO FILHO;GASOLINA;28/10/2025;6,59;VIBRA;6,69;-0,10000000000000053;-1,4947683109118166;6,69;6,69;-0,10000000000000053;6,545;0,04499999999999993;0,6875477463712747;26;False
ALPHA COMERCIAL DE COMBUSTIVEIS LTDA;8297710000803;SALGADO FILHO;GASOLINA;04/11/2025;6,59;VIBRA;6,59;0,0;0,0;6,684117647058824;6,69;-0,10000000000000053;6,57;0,019999999999999574;0,3044140030441335;26;False
ALPHA COMERCIAL DE COMBUSTIVEIS LTDA;8297710000803;SALGADO FILHO;GASOLINA;11/11/2025;6,59;VIBRA;6,59;0,0;0,0;6,678888888888888;6,69;-0,10000000000000053;6,52;0,07000000000000028;1,073619631901845;26;False
ALPHA COMERCIAL DE COMBUSTIVEIS LTDA;8297710000803;SALGADO FILHO;GASOLINA;18/11/2025;6,59;VIBRA;6,59;0,0;0,0;6,67421052631579;6,69;-0,10000000000000053;6,52;0,07000000000000028;1,073619631901845;26;False
ALPHA COMERCIAL DE COMBUSTIVEIS LTDA;8297710000803;SALGADO FILHO;GASOLINA;25/11/2025;6,59;VIBRA;6,59;0,0;0,0;6,67;6,69;-0,10000000000000053;6,52;0,07000000000000028;1,073619631901845;26;False
ALPHA COMERCIAL DE COMBUSTIVEIS LTDA;8297710000803;SALGADO FILHO;GASOLINA;02/12/2025;6,59;VIBRA;6,59;0,0;0,0;6,666190476190477;6,69;-0,10000000000000053;6,52;0,07000000000000028;1,073619631901845;26;False
ALPHA COMERCIAL DE COMBUSTIVEIS LTDA;8297710000803;SALGADO FILHO;GASOLINA;09/12/2025;6,59;VIBRA;6,59;0,0;0,0;6,662727272727273;6,69;-0,10000000000000053;6,52;0,07000000000000028;1,073619631901845;26;False
ALPHA COMERCIAL DE COMBUSTIVEIS LTDA;8297710000803;SALGADO FILHO;GASOLINA;17/12/2025;6,59;VIBRA;6,59;0,0;0,0;6,659565217391305;6,69;-0,10000000000000053;6,52;0,07000000000000028;1,073619631901845;26;False
ALPHA COMERCIAL DE COMBUSTIVEIS LTDA;8297710000803;SALGADO FILHO;GASOLINA;24/12/2025;6,59;VIBRA;6,59;0,0;0,0;6,656666666666666;6,69;-0,10000000000000053;6,545;0,04499999999999993;0,6875477463712747;26;False
ALPHA COMERCIAL DE COMBUSTIVEIS LTDA;8297710000803;SALGADO FILHO;GASOLINA;30/12/2025;6,59;VIBRA;6,59;0,0;0,0;6,654;6,69;-0,10000000000000053;6,52;0,07000000000000028;1,073619631901845;26;False
ALPHA COMERCIAL DE COMBUSTIVEIS LTDA;8297710000803;SALGADO FILHO;GASOLINA ADITIVADA;08/07/2025;6,89;VIBRA;;;;;;;6,8;0,08999999999999986;1,3235294117647038;26;False
ALPHA COMERCIAL DE COMBUSTIVEIS LTDA;8297710000803;SALGADO FILHO;GASOLINA ADITIVADA;15/07/2025;6,89;VIBRA;6,89;0,0;0,0;6,89;6,89;0,0;6,8;0,08999999999999986;1,3235294117647038;26;False
ALPHA COMERCIAL DE COMBUSTIVEIS LTDA;8297710000803;SALGADO FILHO;GASOLINA ADITIVADA;22/07/2025;6,89;VIBRA;6,89;0,0;0,0;6,89;6,89;0,0;6,8;0,08999999999999986;1,3235294117647038;26;False
ALPHA COMERCIAL DE COMBUSTIVEIS LTDA;8297710000803;SALGADO FILHO;GASOLINA ADITIVADA;28/07/2025;6,89;VIBRA;6,89;0,0;0,0;6,89;6,89;0,0;6,8;0,08999999999999986;1,3235294117647038;26;False
ALPHA COMERCIAL DE COMBUSTIVEIS LTDA;8297710000803;SALGADO FILHO;GASOLINA ADITIVADA;05/08/2025;6,89;VIBRA;6,89;0,0;0,0;6,89;6,89;0,0;6,8;0,08999999999999986;1,3235294117647038;26;False
ALPHA COMERCIAL DE COMBUSTIVEIS LTDA;8297710000803;SALGADO FILHO;GASOLINA ADITIVADA;12/08/2025;6,89;VIBRA;6,89;0,0;0,0;6,89;6,89;0,0;6,76;0,1299999999999999;1,9230769230769214;26;False
ALPHA COMERCIAL DE COMBUSTIVEIS LTDA;8297710000803;SALGADO FILHO;GASOLINA ADITIVADA;19/08/2025;6,89;VIBRA;6,89;0,0;0,0;6,89;6,89;0,0;6,8;0,08999999999999986;1,3235294117647038;26;False
ALPHA COMERCIAL DE COMBUSTIVEIS LTDA;8297710000803;SALGADO FILHO;GASOLINA ADITIVADA;27/08/2025;6,89;VIBRA;6,89;0,0;0,0;6,89;6,89;0,0;6,72;0,16999999999999993;2,5297619047619038;26;False
ALPHA COMERCIAL DE COMBUSTIVEIS LTDA;8297710000803;SALGADO FILHO;GASOLINA ADITIVADA;02/09/2025;6,89;VIBRA;6,89;0,0;0,0;6,89;6,89;0,0;6,795;0,09499999999999975;1,398086828550401;26;False
ALPHA COMERCIAL DE COMBUSTIVEIS LTDA;8297710000803;SALGADO FILHO;GASOLINA ADITIVADA;09/09/2025;6,89;VIBRA;6,89;0,0;0,0;6,89;6,89;0,0;6,795;0,09499999999999975;1,398086828550401;26;False
ALPHA COMERCIAL DE COMBUSTIVEIS LTDA;8297710000803;SALGADO FILHO;GASOLINA ADITIVADA;16/09/2025;6,89;VIBRA;6,89;0,0;0,0;6,89;6,89;0,0;6,89;0,0;0,0;26;False
ALPHA COMERCIAL DE COMBUSTIVEIS LTDA;8297710000803;SALGADO FILHO;GASOLINA ADITIVADA;22/09/2025;6,89;VIBRA;6,89;0,0;0,0;6,89;6,89;0,0;6,8149999999999995;0,07500000000000018;1,1005135730007363;26;False
ALPHA COMERCIAL DE COMBUSTIVEIS LTDA;8297710000803;SALGADO FILHO;GASOLINA ADITIVADA;30/09/2025;6,89;VIBRA;6,89;0,0;0,0;6,89;6,89;0,0;6,8149999999999995;0,07500000000000018;1,1005135730007363;26;False
ALPHA COMERCIAL DE COMBUSTIVEIS LTDA;8297710000803;SALGADO FILHO;GASOLINA ADITIVADA;06/10/2025;6,89;VIBRA;6,89;0,0;0,0;6,89;6,89;0,0;6,8149999999999995;0,07500000000000018;1,1005135730007363;26;False
ALPHA COMERCIAL DE COMBUSTIVEIS LTDA;8297710000803;SALGADO FILHO;GASOLINA ADITIVADA;13/10/2025;6,69;VIBRA;6,89;-0,1999999999999993;-2,9027576197387415;6,89;6,89;-0,1999999999999993;6,76;-0,0699999999999994;-1,0355029585798727;26;False
ALPHA COMERCIAL DE COMBUSTIVEIS LTDA;8297710000803;SALGADO FILHO;GASOLINA ADITIVADA;20/10/2025;6,69;VIBRA;6,69;0,0;0,0;6,876666666666666;6,89;-0,1999999999999993;6,72;-0,02999999999999936;-0,44642857142856196;26;False
ALPHA COMERCIAL DE COMBUSTIVEIS LTDA;8297710000803;SALGADO FILHO;GASOLINA ADITIVADA;28/10/2025;6,59;VIBRA;6,69;-0,10000000000000053;-1,4947683109118166;6,865;6,89;-0,2999999999999998;6,74;-0,15000000000000036;-2,2255192878338335;26;False
ALPHA COMERCIAL DE COMBUSTIVEIS LTDA;8297710000803;SALGADO FILHO;GASOLINA ADITIVADA;04/11/2025;6,59;VIBRA;6,59;0,0;0,0;6,8488235294117645;6,89;-0,2999999999999998;6,765000000000001;-0,1750000000000007;-2,5868440502586947;26;False
ALPHA COMERCIAL DE COMBUSTIVEIS LTDA;8297710000803;SALGADO FILHO;GASOLINA ADITIVADA;11/11/2025;6,59;VIBRA;6,59;0,0;0,0;6,834444444444444;6,89;-0,2999999999999998;6,65;-0,0600000000000005;-0,9022556390977519;26;False
ALPHA COMERCIAL DE COMBUSTIVEIS LTDA;8297710000803;SALGADO FILHO;GASOLINA ADITIVADA;18/11/2025;6,79;VIBRA;6,59;0,20000000000000018;3,0349013657056174;6,82157894736842;6,89;-0,09999999999999964;6,71;0,08000000000000007;1,1922503725782425;26;False
ALPHA COMERCIAL DE COMBUSTIVEIS LTDA;8297710000803;SALGADO FILHO;GASOLINA ADITIVADA;25/11/2025;6,79;VIBRA;6,79;0,0;0,0;6,82;6,89;-0,09999999999999964;6,71;0,08000000000000007;1,1922503725782425;26;False
ALPHA COMERCIAL DE COMBUSTIVEIS LTDA;8297710000803;SALGADO FILHO;GASOLINA ADITIVADA;02/12/2025;6,79;VIBRA;6,79;0,0;0,0;6,8185714285714285;6,89;-0,09999999999999964;6,68;0,11000000000000032;1,6467065868263524;26;False
ALPHA COMERCIAL DE COMBUSTIVEIS LTDA;8297710000803;SALGADO FILHO;GASOLINA ADITIVADA;09/12/2025;6,79;VIBRA;6,79;0,0;0,0;6,8172727272727265;6,89;-0,09999999999999964;6,71;0,08000000000000007;1,1922503725782425;26;False
ALPHA COMERCIAL DE COMBUSTIVEIS LTDA;8297710000803;SALGADO FILHO;GASOLINA ADITIVADA;17/12/2025;6,79;VIBRA;6,79;0,0;0,0;6,816086956521739;6,89;-0,09999999999999964;6,74;0,04999999999999982;0,7418397626112733;26;False
ALPHA COMERCIAL DE COMBUSTIVEIS LTDA;8297710000803;SALGADO FILHO;GASOLINA ADITIVADA;24/12/2025;6,79;VIBRA;6,79;0,0;0,0;6,815;6,89;-0,09999999999999964;6,74;0,04999999999999982;0,7418397626112733;26;False
ALPHA COMERCIAL DE COMBUSTIVEIS LTDA;8297710000803;SALGADO FILHO;GASOLINA ADITIVADA;30/12/2025;6,79;VIBRA;6,79;0,0;0,0;6,814;6,89;-0,09999999999999964;6,74;0,04999999999999982;0,7418397626112733;26;False
POSTO PIRANEMA LTDA;9258664000391;FAROLANDIA;GASOLINA;08/07/2025;6,69;VIBRA;;;;;;;6,62;0,07000000000000028;1,057401812688826;21;False
POSTO PIRANEMA LTDA;9258664000391;FAROLANDIA;GASOLINA;15/07/2025;6,69;VIBRA;6,69;0,0;0,0;6,69;6,69;0,0;6,62;0,07000000000000028;1,057401812688826;21;False
POSTO PIRANEMA LTDA;9258664000391;FAROLANDIA;GASOLINA;22/07/2025;6,69;VIBRA;6,69;0,0;0,0;6,69;6,69;0,0;6,62;0,07000000000000028;1,057401812688826;21;False
POSTO PIRANEMA LTDA;9258664000391;FAROLANDIA;GASOLINA;28/07/2025;6,69;VIBRA;6,69;0,0;0,0;6,69;6,69;0,0;6,62;0,07000000000000028;1,057401812688826;21;False
POSTO PIRANEMA LTDA;9258664000391;FAROLANDIA;GASOLINA;05/08/2025;6,69;VIBRA;6,69;0,0;0,0;6,69;6,69;0,0;6,62;0,07000000000000028;1,057401812688826;21;False
POSTO PIRANEMA LTDA;9258664000391;FAROLANDIA;GASOLINA;12/08/2025;6,69;VIBRA;6,69;0,0;0,0;6,69;6,69;0,0;6,62;0,07000000000000028;1,057401812688826;21;False
POSTO PIRANEMA LTDA;9258664000391;FAROLANDIA;GASOLINA;19/08/2025;6,69;VIBRA;6,69;0,0;0,0;6,69;6,69;0,0;6,62;0,07000000000000028;1,057401812688826;21;False
POSTO PIRANEMA LTDA;9258664000391;FAROLANDIA;GASOLINA;27/08/2025;6,69;VIBRA;6,69;0,0;0,0;6,69;6,69;0,0;6,62;0,07000000000000028;1,057401812688826;21;False
POSTO PIRANEMA LTDA;9258664000391;FAROLANDIA;GASOLINA;02/09/2025;6,69;VIBRA;6,69;0,0;0,0;6,69;6,69;0,0;6,62;0,07000000000000028;1,057401812688826;21;False
POSTO PIRANEMA LTDA;9258664000391;FAROLANDIA;GASOLINA;09/09/2025;6,69;VIBRA;6,69;0,0;0,0;6,69;6,69;0,0;6,62;0,07000000000000028;1,057401812688826;21;False
POSTO PIRANEMA LTDA;9258664000391;FAROLANDIA;GASOLINA;16/09/2025;6,69;VIBRA;6,69;0,0;0,0;6,69;6,69;0,0;6,645;0,04500000000000082;0,6772009029345496;21;False
POSTO PIRANEMA LTDA;9258664000391;FAROLANDIA;GASOLINA;22/09/2025;6,69;VIBRA;6,69;0,0;0,0;6,69;6,69;0,0;6,62;0,07000000000000028;1,057401812688826;21;False
POSTO PIRANEMA LTDA;9258664000391;FAROLANDIA;GASOLINA;30/09/2025;6,69;VIBRA;6,69;0,0;0,0;6,69;6,69;0,0;6,62;0,07000000000000028;1,057401812688826;21;False
POSTO PIRANEMA LTDA;9258664000391;FAROLANDIA;GASOLINA;06/10/2025;6,69;VIBRA;6,69;0,0;0,0;6,69;6,69;0,0;6,62;0,07000000000000028;1,057401812688826;21;False
POSTO PIRANEMA LTDA;9258664000391;FAROLANDIA;GASOLINA;13/10/2025;6,69;VIBRA;6,69;0,0;0,0;6,69;6,69;0,0;6,62;0,07000000000000028;1,057401812688826;21;False
POSTO PIRANEMA LTDA;9258664000391;FAROLANDIA;GASOLINA;20/10/2025;6,69;VIBRA;6,69;0,0;0,0;6,69;6,69;0,0;6,62;0,07000000000000028;1,057401812688826;21;False
POSTO PIRANEMA LTDA;9258664000391;FAROLANDIA;GASOLINA;28/10/2025;6,59;VIBRA;6,69;-0,10000000000000053;-1,4947683109118166;6,69;6,69;-0,10000000000000053;6,545;0,04499999999999993;0,6875477463712747;21;False
POSTO PIRANEMA LTDA;9258664000391;FAROLANDIA;GASOLINA;04/11/2025;6,59;VIBRA;6,59;0,0;0,0;6,684117647058824;6,69;-0,10000000000000053;6,57;0,019999999999999574;0,3044140030441335;21;False
POSTO PIRANEMA LTDA;9258664000391;FAROLANDIA;GASOLINA;11/11/2025;6,59;VIBRA;6,59;0,0;0,0;6,678888888888888;6,69;-0,10000000000000053;6,52;0,07000000000000028;1,073619631901845;21;False
POSTO PIRANEMA LTDA;9258664000391;FAROLANDIA;GASOLINA;18/11/2025;6,59;VIBRA;6,59;0,0;0,0;6,67421052631579;6,69;-0,10000000000000053;6,52;0,07000000000000028;1,073619631901845;21;False
POSTO PIRANEMA LTDA;9258664000391;FAROLANDIA;GASOLINA;25/11/2025;6,59;VIBRA;6,59;0,0;0,0;6,67;6,69;-0,10000000000000053;6,52;0,07000000000000028;1,073619631901845;21;False
POSTO PIRANEMA LTDA;9258664000391;FAROLANDIA;GASOLINA ADITIVADA;08/07/2025;6,89;VIBRA;;;;;;;6,8;0,08999999999999986;1,3235294117647038;21;False
POSTO PIRANEMA LTDA;9258664000391;FAROLANDIA;GASOLINA ADITIVADA;15/07/2025;6,89;VIBRA;6,89;0,0;0,0;6,89;6,89;0,0;6,8;0,08999999999999986;1,3235294117647038;21;False
POSTO PIRANEMA LTDA;9258664000391;FAROLANDIA;GASOLINA ADITIVADA;22/07/2025;6,89;VIBRA;6,89;0,0;0,0;6,89;6,89;0,0;6,8;0,08999999999999986;1,3235294117647038;21;False
POSTO PIRANEMA LTDA;9258664000391;FAROLANDIA;GASOLINA ADITIVADA;28/07/2025;6,89;VIBRA;6,89;0,0;0,0;6,89;6,89;0,0;6,8;0,08999999999999986;1,3235294117647038;21;False
POSTO PIRANEMA LTDA;9258664000391;FAROLANDIA;GASOLINA ADITIVADA;05/08/2025;6,89;VIBRA;6,89;0,0;0,0;6,89;6,89;0,0;6,8;0,08999999999999986;1,3235294117647038;21;False
POSTO PIRANEMA LTDA;9258664000391;FAROLANDIA;GASOLINA ADITIVADA;12/08/2025;6,89;VIBRA;6,89;0,0;0,0;6,89;6,89;0,0;6,76;0,1299999999999999;1,9230769230769214;21;False
POSTO PIRANEMA LTDA;9258664000391;FAROLANDIA;GASOLINA ADITIVADA;19/08/2025;6,89;VIBRA;6,89;0,0;0,0;6,89;6,89;0,0;6,8;0,08999999999999986;1,3235294117647038;21;False
POSTO PIRANEMA LTDA;9258664000391;FAROLANDIA;GASOLINA ADITIVADA;27/08/2025;6,89;VIBRA;6,89;0,0;0,0;6,89;6,89;0,0;6,72;0,16999999999999993;2,5297619047619038;21;False
POSTO PIRANEMA LTDA;9258664000391;FAROLANDIA;GASOLINA ADITIVADA;02/09/2025;6,89;VIBRA;6,89;0,0;0,0;6,89;6,89;0,0;6,795;0,09499999999999975;1,398086828550401;21;False
POSTO PIRANEMA LTDA;9258664000391;FAROLANDIA;GASOLINA ADITIVADA;09/09/2025;6,89;VIBRA;6,89;0,0;0,0;6,89;6,89;0,0;6,795;0,09499999999999975;1,398086828550401;21;False
POSTO PIRANEMA LTDA;9258664000391;FAROLANDIA;GASOLINA ADITIVADA;16/09/2025;6,89;VIBRA;6,89;0,0;0,0;6,89;6,89;0,0;6,89;0,0;0,0;21;False
POSTO PIRANEMA LTDA;9258664000391;FAROLANDIA;GASOLINA ADITIVADA;22/09/2025;6,89;VIBRA;6,89;0,0;0,0;6,89;6,89;0,0;6,8149999999999995;0,07500000000000018;1,1005135730007363;21;False
POSTO PIRANEMA LTDA;9258664000391;FAROLANDIA;GASOLINA ADITIVADA;30/09/2025;6,89;VIBRA;6,89;0,0;0,0;6,89;6,89;0,0;6,8149999999999995;0,07500000000000018;1,1005135730007363;21;False
POSTO PIRANEMA LTDA;9258664000391;FAROLANDIA;GASOLINA ADITIVADA;06/10/2025;6,89;VIBRA;6,89;0,0;0,0;6,89;6,89;0,0;6,8149999999999995;0,07500000000000018;1,1005135730007363;21;False
POSTO PIRANEMA LTDA;9258664000391;FAROLANDIA;GASOLINA ADITIVADA;13/10/2025;6,89;VIBRA;6,89;0,0;0,0;6,89;6,89;0,0;6,76;0,1299999999999999;1,9230769230769214;21;False
POSTO PIRANEMA LTDA;9258664000391;FAROLANDIA;GASOLINA ADITIVADA;20/10/2025;6,89;VIBRA;6,89;0,0;0,0;6,89;6,89;0,0;6,72;0,16999999999999993;2,5297619047619038;21;False
POSTO PIRANEMA LTDA;9258664000391;FAROLANDIA;GASOLINA ADITIVADA;28/10/2025;6,79;VIBRA;6,89;-0,09999999999999964;-1,4513788098693707;6,89;6,89;-0,09999999999999964;6,74;0,04999999999999982;0,7418397626112733;21;False
POSTO PIRANEMA LTDA;9258664000391;FAROLANDIA;GASOLINA ADITIVADA;04/11/2025;6,79;VIBRA;6,79;0,0;0,0;6,884117647058823;6,89;-0,09999999999999964;6,765000000000001;0,024999999999999467;0,369549150036947;21;False
POSTO PIRANEMA LTDA;9258664000391;FAROLANDIA;GASOLINA ADITIVADA;11/11/2025;6,79;VIBRA;6,79;0,0;0,0;6,878888888888889;6,89;-0,09999999999999964;6,65;0,13999999999999968;2,105263157894732;21;False
POSTO PIRANEMA LTDA;9258664000391;FAROLANDIA;GASOLINA ADITIVADA;18/11/2025;6,79;VIBRA;6,79;0,0;0,0;6,874210526315789;6,89;-0,09999999999999964;6,71;0,08000000000000007;1,1922503725782425;21;False
POSTO PIRANEMA LTDA;9258664000391;FAROLANDIA;GASOLINA ADITIVADA;25/11/2025;6,79;VIBRA;6,79;0,0;0,0;6,87;6,89;-0,09999999999999964;6,71;0,08000000000000007;1,1922503725782425;21;False
